-7.822076082229614258e-01,-5.811578273773193359e+00,-1.755991458892822266e+00,-2.138321638107299805e+00,-7.547979950904846191e-01,-3.187502384185791016e+00,-1.398141264915466309e+00,-3.493236780166625977e+00,-4.490691184997558594e+00,-9.828037619590759277e-01,-3.360582113265991211e+00,-3.438078641891479492e+00,-1.658958315849304199e+00,-2.602019786834716797e+00,-8.406683206558227539e-01,-2.406876802444458008e+00,-4.587649703025817871e-01,-3.109069585800170898e+00,6.100671887397766113e-01,-4.520643711090087891e+00,-3.598013162612915039e+00,-1.698223114013671875e+00,1.390550732612609863e+00,-9.345517028123140335e-04,-3.308118104934692383e+00,-1.937558054924011230e+00,-2.961033582687377930e+00,-7.241806030273437500e+00,-2.393369436264038086e+00,2.335716009140014648e+00,-1.071310997009277344e+00,-2.902421236038208008e+00,-2.812734544277191162e-01,-3.005652904510498047e+00,-4.380813121795654297e+00,-2.009827941656112671e-01,-2.811456918716430664e+00,-1.331014513969421387e+00,-4.768504142761230469e+00,-5.389913558959960938e+00,-7.010641574859619141e+00,1.041773414611816406e+01,-1.238399505615234375e+00,-3.575101494789123535e-01,-1.662330865859985352e+00,-2.000559568405151367e+00,-2.513602972030639648e+00,-3.410878658294677734e+00,-1.982204437255859375e+00,-2.780041694641113281e+00,-3.193375825881958008e+00,-2.847652196884155273e+00,-3.485202550888061523e+00,3.344283998012542725e-01,4.098049104213714600e-01,-3.858124971389770508e+00,-2.150954246520996094e+00,-1.555789113044738770e+00,-4.675867855548858643e-01,-1.052443623542785645e+00,-2.269419193267822266e+00
6.839495301246643066e-01,5.716722488403320312e+00,1.388835310935974121e+00,1.763717651367187500e+00,6.839194297790527344e-01,2.850137948989868164e+00,1.303905963897705078e+00,3.459735155105590820e+00,4.205743789672851562e+00,1.126987695693969727e+00,3.092584848403930664e+00,2.929235935211181641e+00,1.003365874290466309e+00,1.710927009582519531e+00,5.088541507720947266e-01,1.435781121253967285e+00,1.154451727867126465e+00,2.716827869415283203e+00,-3.090522587299346924e-01,4.097266674041748047e+00,3.601689338684082031e+00,1.506414532661437988e+00,-1.332587718963623047e+00,-4.394872486591339111e-01,2.603452682495117188e+00,1.176555871963500977e+00,2.402644157409667969e+00,6.370988368988037109e+00,1.901801347732543945e+00,-1.879510879516601562e+00,8.356589078903198242e-01,2.376516580581665039e+00,-8.324423432350158691e-02,3.367709875106811523e+00,3.869201898574829102e+00,1.275140792131423950e-01,2.522769689559936523e+00,1.021054744720458984e+00,4.496947288513183594e+00,4.086565971374511719e+00,6.020993709564208984e+00,-8.522927284240722656e+00,3.010679185390472412e-01,3.689283430576324463e-01,2.306973934173583984e+00,3.097197055816650391e+00,2.695777654647827148e+00,2.354094028472900391e+00,1.603199720382690430e+00,2.949087142944335938e+00,2.860914945602416992e+00,2.909244298934936523e+00,3.340615987777709961e+00,-1.084341406822204590e-01,2.244423329830169678e-01,3.284143447875976562e+00,1.797226786613464355e+00,2.019046306610107422e+00,3.186493217945098877e-01,1.223170995712280273e+00,2.267354965209960938e+00
5.402031913399696350e-02,1.487857818603515625e+00,1.049688458442687988e+00,7.701226472854614258e-01,6.733587384223937988e-01,5.109049677848815918e-01,5.074076056480407715e-01,1.449803233146667480e+00,7.705118656158447266e-01,1.087449193000793457e+00,1.232542157173156738e+00,1.091893911361694336e+00,4.950001239776611328e-01,7.301682233810424805e-01,3.788624405860900879e-01,-7.938607037067413330e-02,9.915017485618591309e-01,8.350007534027099609e-01,3.901854455471038818e-01,1.105574488639831543e+00,1.124986171722412109e+00,8.151180148124694824e-01,1.350696384906768799e-01,2.609404623508453369e-01,1.107523560523986816e+00,9.917955994606018066e-01,1.012356638908386230e+00,9.447878003120422363e-01,1.028373479843139648e+00,-3.528374433517456055e-02,6.021991968154907227e-01,8.453810214996337891e-01,4.177292287349700928e-01,1.169972777366638184e+00,1.188085794448852539e+00,7.345782518386840820e-01,5.129054188728332520e-01,3.956184685230255127e-01,7.681726217269897461e-01,3.674715161323547363e-01,7.636142373085021973e-01,-1.623072177171707153e-01,1.667906492948532104e-01,2.763803303241729736e-01,6.774159669876098633e-01,1.529570698738098145e+00,1.245951414108276367e+00,2.428428381681442261e-01,5.058052539825439453e-01,1.029494643211364746e+00,8.693780899047851562e-01,1.039272904396057129e+00,5.856843590736389160e-01,6.026410460472106934e-01,1.943767219781875610e-01,9.465100169181823730e-01,8.139130473136901855e-01,8.299840092658996582e-01,3.777565956115722656e-01,7.865411043167114258e-01,7.672793269157409668e-01
3.440791666507720947e-01,2.606056451797485352e+00,1.245175361633300781e+00,1.884561419486999512e+00,3.663892745971679688e-01,2.505083322525024414e+00,4.699095487594604492e-01,1.485074520111083984e+00,2.204874753952026367e+00,6.419112086296081543e-01,1.985330224037170410e+00,2.070409297943115234e+00,-6.570550799369812012e-02,1.667159557342529297e+00,6.457060575485229492e-01,2.749035596847534180e+00,-1.304412484169006348e+00,2.161063432693481445e+00,-8.552953004837036133e-01,2.057389020919799805e+00,1.517869234085083008e+00,8.950573801994323730e-01,-6.523876786231994629e-01,4.614000320434570312e-01,2.329687118530273438e+00,5.740482211112976074e-01,1.956102252006530762e+00,2.836371421813964844e+00,1.169087290763854980e+00,-6.611686944961547852e-01,8.933998942375183105e-01,1.681800365447998047e+00,4.198005199432373047e-01,2.137601375579833984e+00,2.550470113754272461e+00,4.606087207794189453e-01,1.842803835868835449e+00,5.683236122131347656e-01,1.943192481994628906e+00,3.379105091094970703e+00,3.289457082748413086e+00,-5.630003929138183594e+00,1.444148302078247070e+00,1.718175530433654785e+00,7.342697381973266602e-01,1.079933047294616699e+00,1.629355430603027344e+00,2.877657651901245117e+00,3.440037667751312256e-01,1.265926361083984375e+00,2.026802778244018555e+00,1.112428188323974609e+00,3.248894691467285156e+00,4.598407819867134094e-02,1.622397065162658691e+00,1.551201105117797852e+00,1.527817368507385254e+00,1.317715883255004883e+00,6.459559202194213867e-01,1.831092834472656250e-01,1.284204483032226562e+00
-1.364662796258926392e-01,-7.428069710731506348e-01,-3.225192427635192871e-01,-1.296000033617019653e-01,-4.739641249179840088e-01,3.985003232955932617e-01,-3.722188472747802734e-01,-9.075450897216796875e-01,-2.583849132061004639e-01,-6.992043852806091309e-01,-2.301605045795440674e-01,-2.049729973077774048e-01,-8.711679577827453613e-01,-6.824804544448852539e-01,-1.123364716768264771e-01,8.809045553207397461e-01,-1.325664281845092773e+00,-1.887520998716354370e-01,-1.016052365303039551e+00,-6.018505096435546875e-01,-3.703154921531677246e-01,-4.472126662731170654e-01,-3.507176041603088379e-01,-5.433253571391105652e-02,-3.017430901527404785e-01,-9.892556071281433105e-01,-1.330779641866683960e-01,4.632288962602615356e-02,-4.528939425945281982e-01,6.813545525074005127e-02,-2.584805488586425781e-01,-1.068356558680534363e-01,-4.767436683177947998e-01,-1.985679864883422852e-01,-2.370333522558212280e-01,-5.267199873924255371e-01,2.440238893032073975e-01,-3.821081817150115967e-01,-5.018609166145324707e-01,3.568534851074218750e-01,-2.716774642467498779e-01,-1.001775026321411133e+00,1.098799630999565125e-01,7.276633977890014648e-01,-4.131165742874145508e-01,-3.505328893661499023e-01,-7.428434491157531738e-01,3.347347080707550049e-01,-6.125033497810363770e-01,-8.226355314254760742e-01,-1.455381810665130615e-01,-6.267618536949157715e-01,5.917351841926574707e-01,-7.400479316711425781e-01,1.053414106369018555e+00,-6.067234873771667480e-01,-1.513263881206512451e-01,1.592198908329010010e-01,-1.637114584445953369e-01,-7.428112626075744629e-01,-2.069763690233230591e-01
1.816608011722564697e-01,3.222259759902954102e+00,1.738065242767333984e+00,2.216915369033813477e+00,7.786070704460144043e-01,2.954236507415771484e+00,6.385970115661621094e-01,2.167263031005859375e+00,2.398190736770629883e+00,1.290068864822387695e+00,2.824609041213989258e+00,2.564708948135375977e+00,-2.042780667543411255e-01,1.268361926078796387e+00,8.287253975868225098e-01,2.582482337951660156e+00,-3.724381327629089355e-01,2.372597932815551758e+00,-6.920925974845886230e-01,2.414268732070922852e+00,2.341882467269897461e+00,1.390469670295715332e+00,-6.270656585693359375e-01,4.551706612110137939e-01,2.619576215744018555e+00,7.587842941284179688e-01,2.369412660598754883e+00,3.149079322814941406e+00,1.555501580238342285e+00,-2.865594327449798584e-01,1.266886711120605469e+00,2.106094360351562500e+00,3.816731274127960205e-01,3.041837215423583984e+00,2.892200708389282227e+00,7.121047377586364746e-01,2.169831275939941406e+00,6.550049185752868652e-01,2.057891130447387695e+00,2.920358657836914062e+00,2.800898790359497070e+00,-4.325340270996093750e+00,1.211222410202026367e+00,2.289050102233886719e+00,1.494326353073120117e+00,2.814418792724609375e+00,2.429130554199218750e+00,2.506903171539306641e+00,3.276206851005554199e-01,1.669615626335144043e+00,2.454773187637329102e+00,1.700235724449157715e+00,3.732889175415039062e+00,4.508854746818542480e-01,2.784387826919555664e+00,1.605030894279479980e+00,1.975662589073181152e+00,2.341583251953125000e+00,9.999750256538391113e-01,6.493909955024719238e-01,1.828226089477539062e+00
3.063540756702423096e-01,4.147739410400390625e+00,8.873870968818664551e-01,7.051169276237487793e-01,5.591213107109069824e-01,1.424718737602233887e+00,1.132431626319885254e+00,2.462916135787963867e+00,2.632133245468139648e+00,8.118188977241516113e-01,1.867956995964050293e+00,1.876961827278137207e+00,8.568173646926879883e-01,4.191073775291442871e-01,3.443498313426971436e-01,-6.426081806421279907e-02,1.829018354415893555e+00,1.487218022346496582e+00,-1.196264028549194336e-01,2.826227188110351562e+00,2.745958328247070312e+00,9.876728057861328125e-01,-1.025796771049499512e+00,-3.953225612640380859e-01,1.317373275756835938e+00,9.207333922386169434e-01,1.295774698257446289e+00,4.650669097900390625e+00,1.403038382530212402e+00,-1.471391558647155762e+00,2.498618066310882568e-01,1.485237479209899902e+00,-4.515565037727355957e-01,2.001507282257080078e+00,2.395939588546752930e+00,-1.108202487230300903e-01,1.456921100616455078e+00,6.105355620384216309e-01,3.030328035354614258e+00,2.101338624954223633e+00,3.704884290695190430e+00,-5.024442195892333984e+00,-6.008784770965576172e-01,-4.843202829360961914e-01,1.544407606124877930e+00,2.598153352737426758e+00,1.742791771888732910e+00,6.289433240890502930e-01,1.405134677886962891e+00,1.956284403800964355e+00,1.521011471748352051e+00,2.233729600906372070e+00,1.413434028625488281e+00,-1.694861501455307007e-01,-4.821635484695434570e-01,2.500462055206298828e+00,9.663534164428710938e-01,1.274602770805358887e+00,-8.516667038202285767e-02,1.103387594223022461e+00,1.558959484100341797e+00
2.196727097034454346e-01,2.751106023788452148e+00,1.152593612670898438e+00,1.188096046447753906e+00,3.705417513847351074e-01,1.851156711578369141e+00,5.951174497604370117e-01,1.902243375778198242e+00,1.957561850547790527e+00,6.374342441558837891e-01,2.264427900314331055e+00,1.898057222366333008e+00,3.409979399293661118e-03,5.961043834686279297e-01,2.876541018486022949e-01,1.272697925567626953e+00,3.014393150806427002e-01,1.616686224937438965e+00,-6.279324889183044434e-01,1.861337900161743164e+00,1.948558211326599121e+00,9.568219184875488281e-01,-7.074669003486633301e-01,-1.625375896692276001e-01,1.706882476806640625e+00,3.890248537063598633e-01,1.721758008003234863e+00,3.184652328491210938e+00,1.123974800109863281e+00,-6.357986330986022949e-01,5.723282694816589355e-01,1.605437755584716797e+00,-4.480982944369316101e-02,2.136920452117919922e+00,2.239112615585327148e+00,1.531614363193511963e-01,1.559255003929138184e+00,4.115872979164123535e-01,1.773931741714477539e+00,2.047518491744995117e+00,2.576955795288085938e+00,-3.872130393981933594e+00,4.376447498798370361e-01,1.118028759956359863e+00,1.071771740913391113e+00,2.326390027999877930e+00,1.577849626541137695e+00,1.298344016075134277e+00,4.705941379070281982e-01,1.284804821014404297e+00,1.719935655593872070e+00,1.570326566696166992e+00,2.356938362121582031e+00,-8.255303651094436646e-02,1.409990668296813965e+00,1.554262638092041016e+00,1.272904753684997559e+00,1.676398158073425293e+00,4.400678873062133789e-01,5.239221453666687012e-01,1.357352972030639648e+00
9.792777150869369507e-02,3.194618463516235352e+00,1.091732740402221680e+00,2.151691436767578125e+00,2.676272392272949219e-01,3.955649614334106445e+00,3.960618376731872559e-01,1.136605262756347656e+00,2.798818111419677734e+00,3.213891685009002686e-01,2.431656837463378906e+00,2.475591182708740234e+00,-8.309131860733032227e-01,5.320500135421752930e-01,9.269051551818847656e-01,4.033127784729003906e+00,-1.803748369216918945e+00,2.343631029129028320e+00,-1.899666190147399902e+00,2.474018096923828125e+00,2.399314641952514648e+00,9.308976531028747559e-01,-1.464511513710021973e+00,4.079296588897705078e-01,2.281696319580078125e+00,-1.428947448730468750e-01,2.095630407333374023e+00,4.478281021118164062e+00,1.090172886848449707e+00,-7.550805211067199707e-01,9.808083772659301758e-01,2.125449657440185547e+00,-3.769475519657135010e-01,2.835458278656005859e+00,2.810513973236083984e+00,-2.612551152706146240e-01,2.788149356842041016e+00,4.579646289348602295e-01,2.456741094589233398e+00,4.307183265686035156e+00,3.563215970993041992e+00,-7.379747867584228516e+00,1.330095887184143066e+00,2.777080297470092773e+00,1.327086329460144043e+00,2.164218187332153320e+00,1.729062557220458984e+00,3.461335659027099609e+00,5.333197861909866333e-02,9.628802537918090820e-01,2.472545385360717773e+00,1.187562465667724609e+00,4.724197864532470703e+00,-5.335631966590881348e-01,3.659845590591430664e+00,1.370455145835876465e+00,1.828544139862060547e+00,2.369605064392089844e+00,7.794900536537170410e-01,-1.410650312900543213e-01,1.809390068054199219e+00
3.279673159122467041e-01,2.838811874389648438e+00,1.032113909721374512e+00,1.272791981697082520e+00,3.202318549156188965e-01,2.009998321533203125e+00,5.785760879516601562e-01,1.782872080802917480e+00,2.245062828063964844e+00,4.865894913673400879e-01,2.131669044494628906e+00,1.912782788276672363e+00,3.040453195571899414e-01,1.023504495620727539e+00,3.668841123580932617e-01,1.653113365173339844e+00,-6.837914139032363892e-02,1.707037925720214844e+00,-6.468493342399597168e-01,2.102015972137451172e+00,1.907804965972900391e+00,9.191822409629821777e-01,-7.766600251197814941e-01,-8.667682111263275146e-02,1.814126849174499512e+00,5.674799680709838867e-01,1.745373487472534180e+00,3.596370697021484375e+00,1.143365740776062012e+00,-8.990527391433715820e-01,6.324177980422973633e-01,1.646394133567810059e+00,5.269511416554450989e-02,1.963368535041809082e+00,2.343792915344238281e+00,7.754171639680862427e-02,1.671567082405090332e+00,5.458157062530517578e-01,2.151570558547973633e+00,2.687427043914794922e+00,3.237795829772949219e+00,-5.054056644439697266e+00,7.378537654876708984e-01,9.451780915260314941e-01,9.896050095558166504e-01,1.649811983108520508e+00,1.418631196022033691e+00,1.818489551544189453e+00,6.294564008712768555e-01,1.302245974540710449e+00,1.835001826286315918e+00,1.454935669898986816e+00,2.429079532623291016e+00,-2.176328599452972412e-01,9.546945691108703613e-01,1.688200116157531738e+00,1.283423304557800293e+00,1.370212435722351074e+00,4.160641729831695557e-01,4.034606516361236572e-01,1.300728678703308105e+00
5.317395180463790894e-02,2.696948766708374023e+00,1.503924131393432617e-01,8.596522808074951172e-01,2.387524396181106567e-01,2.293447971343994141e+00,3.915658593177795410e-01,9.405540823936462402e-01,2.146312713623046875e+00,2.965000569820404053e-01,1.286444783210754395e+00,1.197643518447875977e+00,-2.830190360546112061e-01,-3.864113390445709229e-01,4.292979538440704346e-01,1.399508595466613770e+00,2.624309957027435303e-01,1.050819039344787598e+00,-6.549842357635498047e-01,1.941098093986511230e+00,2.135725259780883789e+00,5.660214424133300781e-01,-1.121985554695129395e+00,-2.704399228096008301e-01,6.861326098442077637e-01,-2.384472489356994629e-01,7.275393605232238770e-01,3.478707551956176758e+00,4.634428024291992188e-01,-6.368726491928100586e-01,4.472504854202270508e-01,1.023052930831909180e+00,-7.183191180229187012e-01,1.975893020629882812e+00,1.439667940139770508e+00,-5.354806780815124512e-01,1.665159463882446289e+00,3.124464452266693115e-01,2.305197715759277344e+00,2.039198875427246094e+00,2.315244674682617188e+00,-4.136314868927001953e+00,-2.084601074457168579e-01,9.301128387451171875e-01,1.788085103034973145e+00,2.223418951034545898e+00,1.249180316925048828e+00,1.239371895790100098e+00,3.229007422924041748e-01,1.052511572837829590e+00,1.399064302444458008e+00,1.132577538490295410e+00,2.474714040756225586e+00,-2.941733896732330322e-01,1.863911509513854980e+00,8.468108773231506348e-01,8.121232390403747559e-01,1.692972302436828613e+00,2.506373822689056396e-01,3.056338429450988770e-01,1.304208159446716309e+00
4.937518760561943054e-02,1.076064556837081909e-01,1.517487764358520508e-01,5.027957558631896973e-01,-4.950412213802337646e-01,1.216930985450744629e+00,-2.173042595386505127e-01,-1.880106180906295776e-01,3.537372946739196777e-01,-6.689537763595581055e-01,7.680165767669677734e-01,5.664395093917846680e-01,-1.168389439582824707e+00,-2.184728085994720459e-01,-1.429556012153625488e-01,1.908712744712829590e+00,-1.732800722122192383e+00,7.050930857658386230e-01,-1.366432070732116699e+00,-1.456722021102905273e-01,-4.624510928988456726e-02,-9.642589092254638672e-02,-6.138854622840881348e-01,-1.488143652677536011e-01,6.042529940605163574e-01,-1.020713925361633301e+00,6.439754366874694824e-01,7.286555767059326172e-01,-2.159826010465621948e-01,-8.953823894262313843e-02,-9.543017297983169556e-02,5.419421195983886719e-01,-2.832036614418029785e-01,6.419600844383239746e-01,6.551239490509033203e-01,-4.274149537086486816e-01,7.901591658592224121e-01,-2.409519702196121216e-01,-1.563668400049209595e-01,1.363413929939270020e+00,7.190153598785400391e-01,-2.582700490951538086e+00,7.098976969718933105e-01,1.576284885406494141e+00,-3.018274903297424316e-01,2.493781000375747681e-01,4.721016064286231995e-02,1.236585378646850586e+00,-6.330396533012390137e-01,-3.717623651027679443e-01,5.430989265441894531e-01,-6.941787898540496826e-02,1.948685050010681152e+00,-6.117388606071472168e-01,2.052675724029541016e+00,9.237152524292469025e-03,3.918950557708740234e-01,7.027621865272521973e-01,2.032874226570129395e-01,-6.771212220191955566e-01,2.495605796575546265e-01
-2.143007069826126099e-01,-2.366565465927124023e+00,-5.908482074737548828e-01,-8.165781497955322266e-01,-5.651536583900451660e-01,-1.076435923576354980e+00,-5.835405588150024414e-01,-1.645044088363647461e+00,-1.520510792732238770e+00,-9.112788438796997070e-01,-1.279203295707702637e+00,-1.071105003356933594e+00,-4.044647216796875000e-01,-5.681529045104980469e-01,-2.667589485645294189e-01,-1.727223098278045654e-01,-1.241606235504150391e+00,-1.052370548248291016e+00,-5.151126384735107422e-01,-1.646049261093139648e+00,-1.547855734825134277e+00,-8.326959013938903809e-01,2.862529754638671875e-01,1.548105031251907349e-01,-9.608879089355468750e-01,-6.714321970939636230e-01,-7.928128242492675781e-01,-1.762647151947021484e+00,-7.181633710861206055e-01,3.206882774829864502e-01,-5.401298999786376953e-01,-8.196012973785400391e-01,-1.532755345106124878e-01,-1.655967354774475098e+00,-1.293388485908508301e+00,-3.382784128189086914e-01,-8.084557056427001953e-01,-5.114595890045166016e-01,-1.687604069709777832e+00,-8.883754014968872070e-01,-1.645017623901367188e+00,1.446029424667358398e+00,6.942263245582580566e-02,-2.292672693729400635e-01,-1.436508297920227051e+00,-1.919112086296081543e+00,-1.701996207237243652e+00,-5.474059581756591797e-01,-6.236026883125305176e-01,-1.533072471618652344e+00,-1.115610003471374512e+00,-1.386183023452758789e+00,-1.284072756767272949e+00,-6.559574007987976074e-01,-5.314689278602600098e-01,-1.131728172302246094e+00,-7.630126476287841797e-01,-1.059377193450927734e+00,-4.194373488426208496e-01,-9.022701978683471680e-01,-1.048334240913391113e+00
-3.765907287597656250e-01,-4.471848964691162109e+00,-1.019540905952453613e+00,-1.343296408653259277e+00,-7.773293256759643555e-01,-2.375430583953857422e+00,-1.107769966125488281e+00,-2.362429618835449219e+00,-3.346113920211791992e+00,-9.006903767585754395e-01,-2.099213123321533203e+00,-2.313034772872924805e+00,-1.448385238647460938e+00,-1.273313999176025391e+00,-8.677898645401000977e-01,-1.277366280555725098e+00,-1.110331535339355469e+00,-1.878058075904846191e+00,2.177502065896987915e-01,-3.586756467819213867e+00,-3.120235443115234375e+00,-1.261070489883422852e+00,1.132032275199890137e+00,-7.072542607784271240e-02,-1.910111069679260254e+00,-1.575890421867370605e+00,-1.730004429817199707e+00,-5.719999313354492188e+00,-1.772850394248962402e+00,1.711131930351257324e+00,-8.342317342758178711e-01,-1.960770368576049805e+00,1.407918632030487061e-01,-2.122223615646362305e+00,-2.846715450286865234e+00,5.804976075887680054e-02,-2.065221548080444336e+00,-1.027557134628295898e+00,-3.843691587448120117e+00,-3.579830408096313477e+00,-4.752048015594482422e+00,6.972994804382324219e+00,-3.194752931594848633e-01,1.590556949377059937e-01,-1.717434167861938477e+00,-1.874581575393676758e+00,-1.813120722770690918e+00,-2.011883258819580078e+00,-1.661632776260375977e+00,-2.032599687576293945e+00,-2.160649061203002930e+00,-2.114283561706542969e+00,-2.129992246627807617e+00,2.165462523698806763e-01,4.169386625289916992e-01,-2.668683290481567383e+00,-1.430566072463989258e+00,-1.248318314552307129e+00,-2.490475475788116455e-01,-9.781761765480041504e-01,-1.769885420799255371e+00
1.945950984954833984e-01,2.711365461349487305e+00,1.122033119201660156e+00,1.462882757186889648e+00,4.949091374874114990e-01,2.239391326904296875e+00,5.701401829719543457e-01,1.610697031021118164e+00,2.099015951156616211e+00,6.633667349815368652e-01,2.066831827163696289e+00,1.959934711456298828e+00,2.505924701690673828e-01,9.240350127220153809e-01,6.279252767562866211e-01,1.940442681312561035e+00,-1.328212916851043701e-01,1.712827682495117188e+00,-6.379020214080810547e-01,2.115216732025146484e+00,1.957848787307739258e+00,1.009406447410583496e+00,-7.289763689041137695e-01,2.178935408592224121e-01,1.865966081619262695e+00,7.314279675483703613e-01,1.724537849426269531e+00,3.346153020858764648e+00,1.221212983131408691e+00,-6.901487708091735840e-01,8.173680901527404785e-01,1.681749939918518066e+00,1.042083129286766052e-01,1.986436128616333008e+00,2.233504056930541992e+00,1.838342249393463135e-01,1.724468827247619629e+00,5.958131551742553711e-01,2.004095554351806641e+00,2.671933174133300781e+00,2.790011644363403320e+00,-4.476041793823242188e+00,8.632950782775878906e-01,1.221324324607849121e+00,1.029554486274719238e+00,1.727135539054870605e+00,1.560608506202697754e+00,1.967432141304016113e+00,5.764563083648681641e-01,1.195783972740173340e+00,1.837378859519958496e+00,1.355806112289428711e+00,2.568012237548828125e+00,-1.349785085767507553e-02,1.411066770553588867e+00,1.536585569381713867e+00,1.399027585983276367e+00,1.475533485412597656e+00,5.936573147773742676e-01,4.364428818225860596e-01,1.365653038024902344e+00
-5.100245028734207153e-02,8.714306354522705078e-01,-1.811469197273254395e-01,2.527560293674468994e-01,1.406140625476837158e-01,7.734099626541137695e-01,6.997101753950119019e-02,1.136861294507980347e-01,6.751738190650939941e-01,2.921056747436523438e-01,5.651286989450454712e-02,1.134119629859924316e-01,-3.350787758827209473e-01,-3.799381554126739502e-01,1.803558915853500366e-01,2.179234176874160767e-01,1.989803761243820190e-01,1.829166114330291748e-01,-6.168127059936523438e-03,5.987329483032226562e-01,7.346817255020141602e-01,7.777836918830871582e-02,-3.174459636211395264e-01,-7.144297659397125244e-02,-9.624884277582168579e-02,-3.203208446502685547e-01,-1.115135997533798218e-01,6.907609701156616211e-01,-5.190985649824142456e-02,2.861697599291801453e-02,1.732771545648574829e-01,2.079084701836109161e-02,-3.576303124427795410e-01,8.256335258483886719e-01,2.074134051799774170e-01,-1.296379715204238892e-01,4.836094677448272705e-01,1.945479959249496460e-02,8.209774494171142578e-01,2.847412228584289551e-01,3.741759359836578369e-01,-7.070427536964416504e-01,-4.305491149425506592e-01,3.295051157474517822e-01,1.007446289062500000e+00,1.020779013633728027e+00,5.113748311996459961e-01,2.037738561630249023e-01,-4.741553589701652527e-02,4.663268923759460449e-01,3.415587842464447021e-01,2.608923614025115967e-01,8.457311391830444336e-01,9.098574519157409668e-02,8.852019309997558594e-01,-7.726464420557022095e-02,1.224341392517089844e-01,7.088044881820678711e-01,2.700541913509368896e-02,1.685928255319595337e-01,4.357559382915496826e-01
3.096365034580230713e-01,2.370162248611450195e+00,2.669971883296966553e-01,-3.476911187171936035e-01,8.017018437385559082e-02,-5.077367275953292847e-02,7.076235413551330566e-01,1.649225592613220215e+00,1.518691897392272949e+00,7.537735253572463989e-02,1.066145658493041992e+00,8.281559348106384277e-01,1.070592522621154785e+00,7.468686997890472412e-02,-2.560047805309295654e-01,-1.211778759956359863e+00,1.877851366996765137e+00,3.829646110534667969e-01,7.738702744245529175e-02,1.521423339843750000e+00,1.586926698684692383e+00,4.199619889259338379e-01,-6.214628219604492188e-01,-8.317425847053527832e-01,3.037638366222381592e-01,5.509520173072814941e-01,5.906789302825927734e-01,3.396487474441528320e+00,7.642934322357177734e-01,-1.319964408874511719e+00,-2.706767320632934570e-01,7.441984415054321289e-01,-4.777888357639312744e-01,5.989293456077575684e-01,1.245233058929443359e+00,-4.249183833599090576e-01,5.113857984542846680e-01,3.001396656036376953e-01,1.896993637084960938e+00,7.428210973739624023e-01,2.547822237014770508e+00,-3.105932235717773438e+00,-8.516640067100524902e-01,-1.391587734222412109e+00,6.797562241554260254e-01,1.252538084983825684e+00,3.722319006919860840e-01,-5.648196935653686523e-01,1.156129002571105957e+00,1.059481620788574219e+00,5.956922173500061035e-01,1.446667671203613281e+00,-3.470128476619720459e-01,-6.206207871437072754e-01,-1.806609511375427246e+00,1.702407956123352051e+00,1.807887554168701172e-01,3.038716018199920654e-01,-4.859602451324462891e-01,6.648322343826293945e-01,6.497094631195068359e-01
-4.829132854938507080e-01,-1.437012314796447754e+00,-1.465853810310363770e+00,-1.317853093147277832e+00,-5.415037870407104492e-01,-6.550244688987731934e-01,-4.990767240524291992e-01,-1.745279431343078613e+00,-1.190993309020996094e+00,-8.139881491661071777e-01,-1.680235028266906738e+00,-1.603514194488525391e+00,-1.259616374969482422e+00,-2.617468595504760742e+00,-3.898401558399200439e-01,-1.144089341163635254e+00,2.683910131454467773e-01,-1.555502295494079590e+00,-3.045252859592437744e-01,-1.396004438400268555e+00,-5.809086561203002930e-01,-9.865205287933349609e-01,-3.151348829269409180e-01,-5.142665505409240723e-01,-2.215243101119995117e+00,-1.755094408988952637e+00,-1.843820691108703613e+00,-1.317354440689086914e+00,-1.395549297332763672e+00,5.453068614006042480e-01,-8.550906777381896973e-01,-1.365990519523620605e+00,-1.294476866722106934e+00,-8.287436366081237793e-01,-1.954077482223510742e+00,-1.066075325012207031e+00,-6.726809740066528320e-01,-7.827724218368530273e-01,-1.025613188743591309e+00,-2.013650655746459961e+00,-2.426885604858398438e+00,2.716163635253906250e+00,-1.694797515869140625e+00,-3.104514479637145996e-01,2.181464582681655884e-01,2.973847985267639160e-01,-1.122353672981262207e+00,-1.805583000183105469e+00,-8.142746090888977051e-01,-1.127360582351684570e+00,-1.399469017982482910e+00,-9.480648040771484375e-01,-9.325118660926818848e-01,-5.114438533782958984e-01,8.807736635208129883e-01,-1.647008895874023438e+00,-1.203986167907714844e+00,-2.062660455703735352e-02,-6.152599453926086426e-01,-5.146823525428771973e-01,-5.868219733238220215e-01
-5.752661451697349548e-02,-6.875244975090026855e-01,-4.617167413234710693e-01,-5.255143046379089355e-01,-3.645002543926239014e-01,-4.318209290504455566e-01,-2.008551657199859619e-01,-6.533862352371215820e-01,-4.439210891723632812e-01,-5.474733114242553711e-01,-5.961774587631225586e-01,-5.221881270408630371e-01,-2.908576726913452148e-01,-5.399688482284545898e-01,-2.496777176856994629e-01,-2.622472941875457764e-01,-3.458384573459625244e-01,-4.808405339717864990e-01,-3.031424283981323242e-01,-5.955501794815063477e-01,-4.982958436012268066e-01,-4.509995579719543457e-01,-9.960290044546127319e-02,-1.909958422183990479e-01,-6.159107685089111328e-01,-5.642046928405761719e-01,-4.925073981285095215e-01,-3.380074799060821533e-01,-4.482676982879638672e-01,-5.215097218751907349e-02,-4.266231060028076172e-01,-4.200859069824218750e-01,-3.375139534473419189e-01,-6.121037602424621582e-01,-5.417740941047668457e-01,-3.978801965713500977e-01,-2.919196486473083496e-01,-2.851550579071044922e-01,-4.467005133628845215e-01,-3.479839861392974854e-01,-4.041308760643005371e-01,7.071560621261596680e-02,-3.089087605476379395e-01,-2.761653065681457520e-01,-4.249058961868286133e-01,-5.800462365150451660e-01,-7.294642925262451172e-01,-3.997690677642822266e-01,-2.245777547359466553e-01,-5.536386966705322266e-01,-5.167343616485595703e-01,-4.544329047203063965e-01,-4.880655407905578613e-01,-4.492343366146087646e-01,-2.727038264274597168e-01,-3.819624483585357666e-01,-4.581200182437896729e-01,-3.826036751270294189e-01,-3.397139012813568115e-01,-3.784358799457550049e-01,-3.885015547275543213e-01
1.705220192670822144e-01,1.656691193580627441e+00,7.862062454223632812e-01,1.244938969612121582e+00,2.584500908851623535e-01,1.888293027877807617e+00,2.041970640420913696e-01,9.861193299293518066e-01,1.537077546119689941e+00,4.126205146312713623e-01,1.606273770332336426e+00,1.395750284194946289e+00,-9.502963721752166748e-02,8.186212182044982910e-01,4.053963720798492432e-01,1.903690695762634277e+00,-6.843441724777221680e-01,1.310213208198547363e+00,-6.078211665153503418e-01,1.349632859230041504e+00,1.245946645736694336e+00,6.870111227035522461e-01,-4.745239615440368652e-01,1.459176838397979736e-01,1.449687957763671875e+00,2.518220841884613037e-01,1.368293642997741699e+00,2.158336400985717773e+00,7.335350513458251953e-01,-2.849090397357940674e-01,7.283890247344970703e-01,1.227642774581909180e+00,1.714135706424713135e-01,1.618638753890991211e+00,1.633694171905517578e+00,1.717035919427871704e-01,1.388136029243469238e+00,3.792372941970825195e-01,1.320318698883056641e+00,2.089903354644775391e+00,1.965118885040283203e+00,-3.363988637924194336e+00,9.361491203308105469e-01,1.396195292472839355e+00,8.047274351119995117e-01,1.159805536270141602e+00,1.067809581756591797e+00,1.775744915008544922e+00,1.028348803520202637e-01,7.693284153938293457e-01,1.505983591079711914e+00,7.618218064308166504e-01,2.327832460403442383e+00,-4.612164571881294250e-02,1.618595600128173828e+00,7.634539008140563965e-01,1.102691173553466797e+00,1.260159373283386230e+00,5.594501495361328125e-01,9.763073176145553589e-02,9.555234313011169434e-01
2.051688581705093384e-01,3.631107091903686523e+00,2.203184604644775391e+00,2.909102678298950195e+00,8.075184822082519531e-01,4.179354667663574219e+00,5.925911664962768555e-01,2.248278379440307617e+00,3.148602247238159180e+00,1.169361352920532227e+00,3.711636304855346680e+00,3.414402961730957031e+00,-1.084598973393440247e-01,1.776897788047790527e+00,1.202596306800842285e+00,4.275441646575927734e+00,-1.459793090820312500e+00,2.979265689849853516e+00,-1.535072207450866699e+00,3.035259008407592773e+00,2.898743867874145508e+00,1.686854839324951172e+00,-9.771875143051147461e-01,7.476593255996704102e-01,3.498614311218261719e+00,9.817621111869812012e-01,3.300456762313842773e+00,4.818769454956054688e+00,2.060386419296264648e+00,-5.837748050689697266e-01,1.729429244995117188e+00,2.979789972305297852e+00,4.453079402446746826e-01,3.488255977630615234e+00,3.789666891098022461e+00,6.027501821517944336e-01,3.115384817123413086e+00,8.680325746536254883e-01,2.616922140121459961e+00,4.629287719726562500e+00,3.995891571044921875e+00,-7.054333209991455078e+00,2.190616369247436523e+00,3.212532758712768555e+00,1.430389761924743652e+00,2.710378646850585938e+00,2.399599552154541016e+00,3.913939952850341797e+00,3.442143201828002930e-01,1.511409997940063477e+00,3.322138071060180664e+00,1.729954004287719727e+00,4.989378452301025391e+00,-6.892370432615280151e-02,3.620328664779663086e+00,1.904109358787536621e+00,2.660479307174682617e+00,2.841013908386230469e+00,1.297557592391967773e+00,3.007765114307403564e-01,2.198761940002441406e+00
-6.024391576647758484e-02,1.325492620468139648e+00,1.923883706331253052e-01,1.293706744909286499e-01,-2.942478284239768982e-02,7.782072424888610840e-01,3.007517158985137939e-01,4.390567243099212646e-01,7.867292165756225586e-01,-2.169729769229888916e-02,5.458508133888244629e-01,6.315717101097106934e-01,-4.061595201492309570e-01,-6.292901635169982910e-01,9.780090302228927612e-02,2.844544053077697754e-01,1.272628903388977051e-01,4.377052783966064453e-01,-7.603988647460937500e-01,7.331021428108215332e-01,9.926940798759460449e-01,9.394433349370956421e-02,-6.979253888130187988e-01,-1.697553396224975586e-01,2.273511737585067749e-01,-3.635253310203552246e-01,3.419395089149475098e-01,1.845564961433410645e+00,3.003278970718383789e-01,-5.037637352943420410e-01,-1.627567410469055176e-01,4.822784662246704102e-01,-6.637943983078002930e-01,7.638267874717712402e-01,7.782210707664489746e-01,-3.917537033557891846e-01,7.122501134872436523e-01,-9.085494279861450195e-02,8.053181171417236328e-01,8.081880807876586914e-01,1.040012478828430176e+00,-2.294309616088867188e+00,-4.925880432128906250e-01,2.643034458160400391e-01,4.102137684822082520e-01,1.241378664970397949e+00,3.243048191070556641e-01,1.730525195598602295e-01,1.601061373949050903e-01,2.655010521411895752e-01,3.966482579708099365e-01,5.930461883544921875e-01,8.948211073875427246e-01,-5.144250988960266113e-01,6.496391892433166504e-01,6.522700190544128418e-01,2.504076957702636719e-01,7.599630951881408691e-01,-2.186372578144073486e-01,5.999535322189331055e-02,5.661513209342956543e-01
-3.241085410118103027e-01,-2.512721300125122070e+00,-1.871083736419677734e+00,-2.110733509063720703e+00,-1.019477605819702148e+00,-2.170923948287963867e+00,-5.742220282554626465e-01,-2.218679666519165039e+00,-2.179047822952270508e+00,-1.466663122177124023e+00,-2.692857742309570312e+00,-2.390228509902954102e+00,-1.174101233482360840e+00,-2.435019016265869141e+00,-9.315773844718933105e-01,-2.104818105697631836e+00,2.334951050579547882e-02,-2.024793148040771484e+00,-1.194522231817245483e-01,-2.407672166824340820e+00,-1.965864062309265137e+00,-1.574602961540222168e+00,-2.497903071343898773e-02,-6.950027346611022949e-01,-2.750185489654541016e+00,-1.936053991317749023e+00,-2.493535280227661133e+00,-2.846107244491577148e+00,-1.904412508010864258e+00,3.375062644481658936e-01,-1.626853823661804199e+00,-2.104650259017944336e+00,-1.135784864425659180e+00,-2.174849510192871094e+00,-2.677037000656127930e+00,-1.128020286560058594e+00,-1.726270556449890137e+00,-1.043799757957458496e+00,-2.013572692871093750e+00,-2.753761053085327148e+00,-2.848155260086059570e+00,3.445729494094848633e+00,-1.847136974334716797e+00,-1.380971789360046387e+00,-1.073272943496704102e+00,-1.392497420310974121e+00,-1.932642102241516113e+00,-2.469903469085693359e+00,-7.963308095932006836e-01,-1.600877881050109863e+00,-2.414557695388793945e+00,-1.430019497871398926e+00,-2.392999887466430664e+00,-6.350961327552795410e-01,-9.103109240531921387e-01,-1.611378788948059082e+00,-1.971894264221191406e+00,-1.443525075912475586e+00,-1.106964588165283203e+00,-7.703418135643005371e-01,-1.422432184219360352e+00
2.939844429492950439e-01,3.687723875045776367e+00,1.769832849502563477e+00,1.847513079643249512e+00,9.929485917091369629e-01,2.215145587921142578e+00,9.924542903900146484e-01,2.561214447021484375e+00,2.591355562210083008e+00,1.406626105308532715e+00,2.568091154098510742e+00,2.570856571197509766e+00,1.046282649040222168e+00,1.763124942779541016e+00,9.291711449623107910e-01,1.568792581558227539e+00,6.692733168601989746e-01,2.172196388244628906e+00,-1.221123188734054565e-01,2.956402301788330078e+00,2.571196794509887695e+00,1.507578253746032715e+00,-5.223291516304016113e-01,5.033810138702392578e-01,2.558109760284423828e+00,1.772895932197570801e+00,2.269968032836914062e+00,3.963807582855224609e+00,2.003979444503784180e+00,-9.259449243545532227e-01,1.172181963920593262e+00,2.126817226409912109e+00,5.246437191963195801e-01,2.366700410842895508e+00,2.956203699111938477e+00,7.538498640060424805e-01,1.852577567100524902e+00,9.635837078094482422e-01,2.653474330902099609e+00,2.969329595565795898e+00,3.547138929367065430e+00,-4.760416030883789062e+00,9.811314344406127930e-01,8.123907446861267090e-01,1.263822555541992188e+00,2.121544837951660156e+00,2.213767528533935547e+00,2.099483489990234375e+00,1.200937151908874512e+00,1.927183270454406738e+00,2.255496978759765625e+00,1.991686820983886719e+00,2.384556055068969727e+00,4.094192683696746826e-01,5.353448390960693359e-01,2.372872114181518555e+00,1.810524106025695801e+00,1.518333673477172852e+00,7.056016325950622559e-01,1.032987952232360840e+00,1.717476010322570801e+00
5.175200104713439941e-01,3.479571104049682617e+00,8.660502433776855469e-01,2.384089231491088867e+00,-1.010643318295478821e-03,4.113137245178222656e+00,3.431088030338287354e-01,1.316429615020751953e+00,3.373009681701660156e+00,1.550099626183509827e-02,2.437188148498535156e+00,2.472709178924560547e+00,-6.232052445411682129e-01,1.617836475372314453e+00,6.725361943244934082e-01,4.650752067565917969e+00,-2.532201528549194336e+00,2.806091785430908203e+00,-1.718989729881286621e+00,2.718605518341064453e+00,2.012588500976562500e+00,8.597211241722106934e-01,-1.492992281913757324e+00,1.783621311187744141e-01,2.652837276458740234e+00,-1.676237136125564575e-01,2.228289365768432617e+00,4.577184677124023438e+00,8.580372929573059082e-01,-1.115863323211669922e+00,9.678502082824707031e-01,2.109900474548339844e+00,1.850593276321887970e-02,2.890018224716186523e+00,3.139250516891479492e+00,-2.442956417798995972e-01,2.848281383514404297e+00,6.435239315032958984e-01,3.028323173522949219e+00,5.292459487915039062e+00,4.949421405792236328e+00,-9.354355812072753906e+00,1.950557589530944824e+00,2.680223941802978516e+00,1.274924755096435547e+00,1.150675892829895020e+00,1.857959866523742676e+00,4.421147346496582031e+00,1.444738954305648804e-01,1.386767864227294922e+00,2.770400285720825195e+00,1.199663758277893066e+00,5.243664741516113281e+00,-4.809841513633728027e-01,3.089582920074462891e+00,1.682384729385375977e+00,1.824726223945617676e+00,1.890572309494018555e+00,8.323211073875427246e-01,-2.819998860359191895e-01,1.707312941551208496e+00
1.834660768508911133e-01,1.757268905639648438e+00,-1.912113428115844727e-01,3.858729004859924316e-01,-2.668992578983306885e-01,1.616951107978820801e+00,1.376903802156448364e-01,3.237901031970977783e-01,1.712612986564636230e+00,-4.278388321399688721e-01,7.242221832275390625e-01,7.325394749641418457e-01,-2.806600332260131836e-01,-1.593933701515197754e-01,6.317941099405288696e-02,1.348732709884643555e+00,-6.418620347976684570e-01,7.175467610359191895e-01,-9.939709901809692383e-01,1.256784796714782715e+00,1.225763678550720215e+00,5.812811851501464844e-02,-1.063776850700378418e+00,-4.232444763183593750e-01,3.878401815891265869e-01,-5.984670519828796387e-01,4.914435446262359619e-01,3.065852165222167969e+00,9.889563173055648804e-02,-8.911005258560180664e-01,5.888795480132102966e-03,6.751383543014526367e-01,-7.122458219528198242e-01,1.050721883773803711e+00,1.110398530960083008e+00,-7.862429618835449219e-01,1.283113479614257812e+00,9.019233286380767822e-02,1.790843605995178223e+00,2.129291772842407227e+00,2.483407497406005859e+00,-4.941208839416503906e+00,-5.655616521835327148e-03,4.943394958972930908e-01,8.387960791587829590e-01,7.245017886161804199e-01,2.292024940252304077e-01,1.252659082412719727e+00,1.724758744239807129e-01,4.429987072944641113e-01,9.482756257057189941e-01,5.244724154472351074e-01,1.829646468162536621e+00,-8.921436071395874023e-01,8.375307321548461914e-01,6.621082425117492676e-01,3.767208456993103027e-01,8.357800841331481934e-01,-1.405975967645645142e-01,-2.529068291187286377e-01,6.914185881614685059e-01
3.195213973522186279e-01,3.884080886840820312e+00,1.293642640113830566e+00,2.506427764892578125e+00,5.660813450813293457e-01,4.052588939666748047e+00,5.624828934669494629e-01,1.761670470237731934e+00,3.441997528076171875e+00,8.368176221847534180e-01,2.677604913711547852e+00,2.723970651626586914e+00,-1.467319279909133911e-01,1.528693675994873047e+00,1.055686831474304199e+00,3.915757179260253906e+00,-1.428204536437988281e+00,2.679423332214355469e+00,-1.252330064773559570e+00,3.173895835876464844e+00,2.749786138534545898e+00,1.242741227149963379e+00,-1.238310098648071289e+00,4.737516939640045166e-01,2.723658800125122070e+00,5.237436294555664062e-01,2.389715194702148438e+00,4.834990978240966797e+00,1.443242669105529785e+00,-8.940593600273132324e-01,1.368303656578063965e+00,2.297064542770385742e+00,7.634668052196502686e-02,3.223273992538452148e+00,3.276728153228759766e+00,1.650457382202148438e-01,2.916035413742065430e+00,8.083445429801940918e-01,3.275587320327758789e+00,4.703048706054687500e+00,4.476918697357177734e+00,-7.944269657135009766e+00,1.570209741592407227e+00,2.458385705947875977e+00,1.834064602851867676e+00,2.132684707641601562e+00,2.204501152038574219e+00,3.853048324584960938e+00,4.450924396514892578e-01,1.707004904747009277e+00,2.930454969406127930e+00,1.527970671653747559e+00,4.778196811676025391e+00,-1.437351852655410767e-01,2.924594163894653320e+00,1.752124547958374023e+00,2.075986623764038086e+00,2.335395574569702148e+00,9.113425016403198242e-01,2.393208742141723633e-01,2.008023977279663086e+00
4.853952825069427490e-01,5.909637451171875000e+00,2.344480752944946289e+00,2.978329658508300781e+00,1.296109795570373535e+00,4.382599830627441406e+00,1.237272739410400391e+00,3.689608573913574219e+00,4.736391544342041016e+00,1.832918405532836914e+00,4.310963153839111328e+00,4.010310649871826172e+00,1.262924551963806152e+00,2.385054349899291992e+00,1.364644169807434082e+00,3.277722358703613281e+00,4.631646573543548584e-01,3.352447748184204102e+00,-6.831715106964111328e-01,4.825821876525878906e+00,4.468915939331054688e+00,2.259041786193847656e+00,-1.231760263442993164e+00,3.902057707309722900e-01,3.800256967544555664e+00,2.030108690261840820e+00,3.606867790222167969e+00,7.341065883636474609e+00,2.808310747146606445e+00,-1.476143121719360352e+00,1.987843513488769531e+00,3.459568500518798828e+00,3.964669406414031982e-01,4.230860710144042969e+00,4.727071762084960938e+00,6.319331526756286621e-01,3.559528350830078125e+00,1.441128611564636230e+00,4.790856838226318359e+00,5.293334960937500000e+00,6.146131515502929688e+00,-9.031829833984375000e+00,1.581580638885498047e+00,1.899264693260192871e+00,2.701781272888183594e+00,3.691223382949829102e+00,3.207055807113647461e+00,3.772604703903198242e+00,1.525260210037231445e+00,2.915879487991333008e+00,4.013250827789306641e+00,2.952842235565185547e+00,4.734490871429443359e+00,7.244309037923812866e-02,1.940098166465759277e+00,3.188694000244140625e+00,2.924330234527587891e+00,3.063730955123901367e+00,1.142278671264648438e+00,1.216437339782714844e+00,2.879454612731933594e+00
1.163403913378715515e-01,1.017022252082824707e+00,6.789223551750183105e-01,8.291647434234619141e-01,2.232009321451187134e-01,1.134170055389404297e+00,1.961673498153686523e-01,6.766977310180664062e-01,9.552586078643798828e-01,2.368665337562561035e-01,1.109189629554748535e+00,1.051894068717956543e+00,2.801471054553985596e-01,7.837109565734863281e-01,3.695453107357025146e-01,1.323521852493286133e+00,-4.769270122051239014e-01,8.827387094497680664e-01,-4.366502165794372559e-01,9.542142748832702637e-01,7.806397080421447754e-01,5.217171907424926758e-01,-2.676316797733306885e-01,2.559597194194793701e-01,1.127328038215637207e+00,5.392581224441528320e-01,1.054711103439331055e+00,1.637684226036071777e+00,7.015352249145507812e-01,-3.461951911449432373e-01,5.145395994186401367e-01,9.619105458259582520e-01,2.452089190483093262e-01,7.757011055946350098e-01,1.164768099784851074e+00,1.580733656883239746e-01,8.851569294929504395e-01,3.499979674816131592e-01,8.281233906745910645e-01,1.598566293716430664e+00,1.447888374328613281e+00,-2.465579748153686523e+00,8.558920621871948242e-01,7.285870313644409180e-01,1.886257529258728027e-01,3.546256422996520996e-01,5.557858943939208984e-01,1.291366219520568848e+00,2.644791007041931152e-01,3.812982738018035889e-01,9.875236153602600098e-01,4.854820668697357178e-01,1.260783433914184570e+00,-1.070781797170639038e-01,5.934436321258544922e-01,7.281533479690551758e-01,7.953687310218811035e-01,5.665685534477233887e-01,3.773997128009796143e-01,5.367791652679443359e-02,5.705513954162597656e-01
2.295081168413162231e-01,4.087643146514892578e+00,1.235291242599487305e+00,8.740269541740417480e-01,6.378893852233886719e-01,1.523887991905212402e+00,1.176224708557128906e+00,2.638327121734619141e+00,2.427955150604248047e+00,9.112520813941955566e-01,2.251148462295532227e+00,2.152321577072143555e+00,6.815266609191894531e-01,3.343573212623596191e-01,3.990311622619628906e-01,1.372261792421340942e-01,1.825040817260742188e+00,1.658178091049194336e+00,-2.890340387821197510e-01,2.711022853851318359e+00,2.767712354660034180e+00,1.151804804801940918e+00,-9.890640974044799805e-01,-2.801263034343719482e-01,1.605649590492248535e+00,9.978677630424499512e-01,1.591647744178771973e+00,4.487578868865966797e+00,1.577710032463073730e+00,-1.311215639114379883e+00,3.180429637432098389e-01,1.730646848678588867e+00,-3.659834861755371094e-01,2.145089149475097656e+00,2.550122261047363281e+00,2.509012818336486816e-02,1.509736180305480957e+00,5.942198634147644043e-01,2.652142524719238281e+00,2.017726898193359375e+00,3.353438615798950195e+00,-4.501763820648193359e+00,-4.148153960704803467e-01,-7.407272607088088989e-02,1.353031754493713379e+00,2.966787099838256836e+00,1.956338047981262207e+00,6.289854049682617188e-01,1.315838217735290527e+00,1.865233421325683594e+00,1.602683186531066895e+00,2.358608245849609375e+00,1.623727440834045410e+00,-5.794626474380493164e-02,6.297552585601806641e-02,2.588504791259765625e+00,1.180160880088806152e+00,1.514438271522521973e+00,1.008755117654800415e-01,1.145971179008483887e+00,1.667346358299255371e+00
4.860815405845642090e-01,3.359518289566040039e+00,1.737947106361389160e+00,2.203049421310424805e+00,6.295884251594543457e-01,2.818769216537475586e+00,6.762034296989440918e-01,2.260760068893432617e+00,2.921460390090942383e+00,9.302198886871337891e-01,2.853447914123535156e+00,2.737202644348144531e+00,7.563561201095581055e-01,2.390397787094116211e+00,8.094228506088256836e-01,2.908795118331909180e+00,-8.683496117591857910e-01,2.524970769882202148e+00,-7.321054935455322266e-01,2.843422412872314453e+00,2.219878673553466797e+00,1.371537566184997559e+00,-6.513388752937316895e-01,4.583495259284973145e-01,2.992829322814941406e+00,1.357713937759399414e+00,2.701806545257568359e+00,4.265127182006835938e+00,1.831748962402343750e+00,-1.021893739700317383e+00,1.289877057075500488e+00,2.358963251113891602e+00,6.954713463783264160e-01,2.477860212326049805e+00,3.320756435394287109e+00,6.275446414947509766e-01,2.272576093673706055e+00,9.375004172325134277e-01,2.714876890182495117e+00,4.104608535766601562e+00,4.402018070220947266e+00,-6.843816757202148438e+00,1.863221168518066406e+00,1.569286704063415527e+00,9.713425040245056152e-01,1.308072090148925781e+00,1.868993759155273438e+00,3.260214328765869141e+00,8.361923694610595703e-01,1.681390047073364258e+00,2.692520856857299805e+00,1.613198757171630859e+00,3.362482786178588867e+00,-3.723903745412826538e-02,1.083950519561767578e+00,2.184357643127441406e+00,2.013528347015380859e+00,1.539025902748107910e+00,8.215764760971069336e-01,4.411871433258056641e-01,1.620787143707275391e+00
1.973474323749542236e-01,1.937432646751403809e+00,1.185131549835205078e+00,1.727487444877624512e+00,4.941118359565734863e-01,2.245187997817993164e+00,2.560363411903381348e-01,1.486408591270446777e+00,1.662367463111877441e+00,8.647439479827880859e-01,2.193385124206542969e+00,1.751154661178588867e+00,-2.500858008861541748e-01,1.121686577796936035e+00,4.819551706314086914e-01,2.196393251419067383e+00,-5.449769496917724609e-01,1.721729993820190430e+00,-3.781855404376983643e-01,1.504624485969543457e+00,1.440253257751464844e+00,1.035767912864685059e+00,-3.020559251308441162e-01,2.259852588176727295e-01,1.946325302124023438e+00,4.142713844776153564e-01,1.775164604187011719e+00,1.799652099609375000e+00,9.180542230606079102e-01,6.420912593603134155e-02,1.072610974311828613e+00,1.498459696769714355e+00,4.973312914371490479e-01,2.287865638732910156e+00,1.962342619895935059e+00,5.757830142974853516e-01,1.554909825325012207e+00,4.992188811302185059e-01,1.287247061729431152e+00,2.035501241683959961e+00,1.806253910064697266e+00,-2.632106065750122070e+00,1.229953885078430176e+00,2.031755924224853516e+00,1.169545531272888184e+00,1.900212645530700684e+00,1.793300271034240723e+00,2.007897377014160156e+00,-1.521844323724508286e-02,1.171590089797973633e+00,1.902247309684753418e+00,1.076121926307678223e+00,2.970117807388305664e+00,4.771975576877593994e-01,2.484091520309448242e+00,8.039497137069702148e-01,1.485245704650878906e+00,1.782153010368347168e+00,9.621531963348388672e-01,3.594800531864166260e-01,1.250325322151184082e+00
-3.697223067283630371e-01,-3.173077583312988281e+00,-9.997095465660095215e-01,-1.191598296165466309e+00,-4.745771586894989014e-01,-1.876555085182189941e+00,-7.667877674102783203e-01,-1.816455721855163574e+00,-2.522015333175659180e+00,-5.278125405311584473e-01,-1.868335723876953125e+00,-1.966228365898132324e+00,-1.085803985595703125e+00,-1.394106388092041016e+00,-6.087781190872192383e-01,-1.466857552528381348e+00,-2.247216105461120605e-01,-1.644680976867675781e+00,4.452153742313385010e-01,-2.602076053619384766e+00,-2.129090309143066406e+00,-9.734056591987609863e-01,8.138895630836486816e-01,-1.184944733977317810e-01,-1.830608725547790527e+00,-1.227955222129821777e+00,-1.685574412345886230e+00,-4.364512443542480469e+00,-1.447070717811584473e+00,1.355395555496215820e+00,-6.771228313446044922e-01,-1.708981394767761230e+00,-1.060351580381393433e-01,-1.547520756721496582e+00,-2.429282426834106445e+00,-4.192398488521575928e-02,-1.662838578224182129e+00,-7.859151363372802734e-01,-2.717293262481689453e+00,-3.152299165725708008e+00,-3.908072948455810547e+00,5.981928825378417969e+00,-7.570707798004150391e-01,-1.696465611457824707e-01,-8.817171454429626465e-01,-9.976363778114318848e-01,-1.227885365486145020e+00,-1.969794511795043945e+00,-1.173690676689147949e+00,-1.388190150260925293e+00,-1.808690190315246582e+00,-1.503499984741210938e+00,-1.853350043296813965e+00,3.277947306632995605e-01,2.894815504550933838e-01,-2.124130487442016602e+00,-1.247649908065795898e+00,-8.570798039436340332e-01,-2.621059119701385498e-01,-5.299760699272155762e-01,-1.270890235900878906e+00
-2.218436636030673981e-02,9.790454059839248657e-02,-5.326999425888061523e-01,-2.299064844846725464e-01,-1.377106010913848877e-01,1.720550358295440674e-01,-1.449803709983825684e-01,-1.327039748430252075e-01,1.352952271699905396e-01,-1.166863217949867249e-01,-1.251700371503829956e-01,-3.884637057781219482e-01,-4.542113542556762695e-01,-7.309810519218444824e-01,-2.448084503412246704e-01,-2.767331004142761230e-01,3.969916701316833496e-01,-2.651117146015167236e-01,1.521590948104858398e-01,-1.091390997171401978e-01,1.766899973154067993e-01,-1.312985271215438843e-01,-1.773901730775833130e-01,-4.849280416965484619e-01,-5.929378271102905273e-01,-6.945013403892517090e-01,-4.623756408691406250e-01,-8.351399749517440796e-02,-5.268220305442810059e-01,2.188223749399185181e-01,-1.099043190479278564e-01,-3.220474421977996826e-01,-3.853312432765960693e-01,3.723453581333160400e-01,-3.937749862670898438e-01,-3.475013077259063721e-01,2.308682911098003387e-02,-1.412249207496643066e-01,1.958421617746353149e-01,-5.342965722084045410e-01,-3.413881361484527588e-01,6.352869272232055664e-01,-5.744163393974304199e-01,1.237636655569076538e-01,7.666592001914978027e-01,7.527654170989990234e-01,1.431967020034790039e-01,-4.512431025505065918e-01,-2.794972360134124756e-01,1.441367864608764648e-01,-6.262163072824478149e-02,4.335872083902359009e-02,2.842116653919219971e-01,4.822772368788719177e-02,7.718369960784912109e-01,-4.985975623130798340e-01,-2.364256978034973145e-01,4.470790624618530273e-01,-1.146425679326057434e-02,2.507962472736835480e-02,8.667982369661331177e-02
3.462765812873840332e-01,2.810362339019775391e+00,1.117602467536926270e+00,2.019839048385620117e+00,7.119764685630798340e-01,2.720858573913574219e+00,4.228745102882385254e-01,1.841688156127929688e+00,2.468835592269897461e+00,1.115957498550415039e+00,2.306621074676513672e+00,1.966856360435485840e+00,2.977365851402282715e-01,1.648607015609741211e+00,7.017449736595153809e-01,2.424679994583129883e+00,-2.408286333084106445e-01,2.005491495132446289e+00,-4.291745717637240887e-04,2.350327253341674805e+00,1.993217349052429199e+00,1.273461103439331055e+00,-4.198557734489440918e-01,2.519758939743041992e-01,2.174049377441406250e+00,8.753094673156738281e-01,1.865861415863037109e+00,2.724266529083251953e+00,1.120240449905395508e+00,-2.384930700063705444e-01,1.368489384651184082e+00,1.678342461585998535e+00,6.166576147079467773e-01,2.644083023071289062e+00,2.311257839202880859e+00,6.065513491630554199e-01,1.876926183700561523e+00,8.406932353973388672e-01,2.349131107330322266e+00,2.764974117279052734e+00,2.850683689117431641e+00,-3.871792078018188477e+00,1.343062758445739746e+00,1.769851922988891602e+00,1.803802490234375000e+00,1.914028882980346680e+00,2.215093135833740234e+00,2.552821636199951172e+00,3.938756287097930908e-01,1.762526392936706543e+00,2.328226089477539062e+00,1.390628099441528320e+00,3.296904325485229492e+00,6.667531728744506836e-01,2.111710071563720703e+00,1.171651363372802734e+00,1.672525763511657715e+00,1.819810271263122559e+00,1.074644327163696289e+00,6.265041828155517578e-01,1.537440657615661621e+00
4.204090833663940430e-01,2.687364816665649414e+00,1.426289796829223633e+00,1.688599705696105957e+00,5.063274502754211426e-01,1.898478984832763672e+00,6.488405466079711914e-01,1.971774220466613770e+00,2.052219867706298828e+00,8.037350177764892578e-01,2.155211925506591797e+00,2.097759008407592773e+00,4.947825670242309570e-01,1.910516858100891113e+00,5.280375480651855469e-01,1.970778465270996094e+00,-4.289108216762542725e-01,2.082727909088134766e+00,-3.521702587604522705e-01,2.085301637649536133e+00,1.503085255622863770e+00,1.084471583366394043e+00,-4.130861163139343262e-01,3.424712121486663818e-01,2.383193016052246094e+00,1.104900598526000977e+00,2.020522356033325195e+00,2.709581613540649414e+00,1.376727700233459473e+00,-7.464157342910766602e-01,8.557526469230651855e-01,1.725210309028625488e+00,6.692321300506591797e-01,1.906676650047302246e+00,2.536384582519531250e+00,6.494297385215759277e-01,1.496618390083312988e+00,7.127712368965148926e-01,1.864380836486816406e+00,2.884356975555419922e+00,3.214276552200317383e+00,-4.674357891082763672e+00,1.359115600585937500e+00,1.107161164283752441e+00,5.995261669158935547e-01,1.088566184043884277e+00,1.765862464904785156e+00,2.336426734924316406e+00,6.922118067741394043e-01,1.481161355972290039e+00,1.910480737686157227e+00,1.424488663673400879e+00,2.484160423278808594e+00,2.991544902324676514e-01,7.220057249069213867e-01,1.906967759132385254e+00,1.493546724319458008e+00,1.029993414878845215e+00,6.646812558174133301e-01,5.261122584342956543e-01,1.232464790344238281e+00
4.696725308895111084e-01,5.135218143463134766e+00,1.881975889205932617e+00,2.512255907058715820e+00,8.520856499671936035e-01,3.684554100036621094e+00,1.121996283531188965e+00,3.046849012374877930e+00,3.856876373291015625e+00,1.292350411415100098e+00,3.392196655273437500e+00,3.337818622589111328e+00,4.619162678718566895e-01,1.866711258888244629e+00,9.833257198333740234e-01,2.975552797317504883e+00,-6.479042023420333862e-02,3.112211704254150391e+00,-8.520323038101196289e-01,3.863729715347290039e+00,3.390874147415161133e+00,1.687184095382690430e+00,-1.243163347244262695e+00,2.836992144584655762e-01,3.239736557006835938e+00,1.248012542724609375e+00,2.874674797058105469e+00,5.698776721954345703e+00,2.089386463165283203e+00,-1.349293708801269531e+00,1.293162226676940918e+00,2.744139432907104492e+00,2.179867476224899292e-01,3.592859029769897461e+00,4.014918327331542969e+00,4.493995010852813721e-01,2.881637334823608398e+00,1.033766746520996094e+00,3.798460483551025391e+00,4.634048938751220703e+00,5.292858123779296875e+00,-8.172926902770996094e+00,1.241105079650878906e+00,1.769807577133178711e+00,1.942250251770019531e+00,3.013640880584716797e+00,2.921593904495239258e+00,3.362293243408203125e+00,1.136707901954650879e+00,2.488531112670898438e+00,3.150858640670776367e+00,2.531427145004272461e+00,4.390559196472167969e+00,1.231139823794364929e-01,1.919898033142089844e+00,2.923556089401245117e+00,2.309621334075927734e+00,2.408835172653198242e+00,8.535881042480468750e-01,9.298487901687622070e-01,2.384632587432861328e+00
-3.104145228862762451e-01,-2.479734659194946289e+00,-1.852416038513183594e+00,-2.348198413848876953e+00,-5.559420585632324219e-01,-2.811582088470458984e+00,-4.772942662239074707e-01,-1.841980457305908203e+00,-2.072740316390991211e+00,-8.771697282791137695e-01,-2.755331993103027344e+00,-2.585905551910400391e+00,7.336393743753433228e-02,-2.005635023117065430e+00,-7.864274382591247559e-01,-3.350519418716430664e+00,1.457378029823303223e+00,-2.531720876693725586e+00,9.564574956893920898e-01,-2.019849777221679688e+00,-1.558516621589660645e+00,-1.275853991508483887e+00,4.725535213947296143e-01,-6.915048956871032715e-01,-3.000190734863281250e+00,-9.353413581848144531e-01,-2.609732151031494141e+00,-2.657589435577392578e+00,-1.526249408721923828e+00,3.827941715717315674e-01,-1.241527676582336426e+00,-2.187724351882934570e+00,-8.135391473770141602e-01,-2.428871154785156250e+00,-2.912009716033935547e+00,-8.047515153884887695e-01,-2.023634195327758789e+00,-6.979966759681701660e-01,-1.533109307289123535e+00,-3.522706270217895508e+00,-3.008929252624511719e+00,5.025172233581542969e+00,-2.111472606658935547e+00,-2.450215816497802734e+00,-5.334779024124145508e-01,-1.401379823684692383e+00,-2.010697364807128906e+00,-3.231530427932739258e+00,-2.438239455223083496e-01,-1.232034206390380859e+00,-2.398121833801269531e+00,-1.275869727134704590e+00,-3.713973522186279297e+00,-3.124401569366455078e-01,-2.404983043670654297e+00,-1.656320095062255859e+00,-2.012959003448486328e+00,-1.673304557800292969e+00,-1.102388501167297363e+00,-2.481834739446640015e-01,-1.467718958854675293e+00
5.858998298645019531e-01,4.639091014862060547e+00,1.555597186088562012e+00,1.713150024414062500e+00,6.925448775291442871e-01,2.445016622543334961e+00,1.099446535110473633e+00,3.068926095962524414e+00,3.487803936004638672e+00,1.051764845848083496e+00,2.980857133865356445e+00,2.772105216979980469e+00,1.140254735946655273e+00,1.896698117256164551e+00,5.572670698165893555e-01,1.530595421791076660e+00,7.854079604148864746e-01,2.443262577056884766e+00,-3.152331113815307617e-01,3.482239007949829102e+00,3.007541894912719727e+00,1.471683144569396973e+00,-9.560059309005737305e-01,-1.515361517667770386e-01,2.628052234649658203e+00,1.424238324165344238e+00,2.462393999099731445e+00,5.454994678497314453e+00,1.931974530220031738e+00,-1.560131072998046875e+00,9.351056814193725586e-01,2.328213691711425781e+00,2.439073622226715088e-01,2.762696981430053711e+00,3.511598587036132812e+00,3.344830870628356934e-01,2.206604003906250000e+00,9.921537637710571289e-01,3.620463609695434570e+00,3.698345661163330078e+00,5.136070251464843750e+00,-7.201104640960693359e+00,7.730349302291870117e-01,4.933534562587738037e-01,1.634453415870666504e+00,2.362634658813476562e+00,2.240737199783325195e+00,2.276626110076904297e+00,1.424238681793212891e+00,2.381427526473999023e+00,2.622967720031738281e+00,2.444718360900878906e+00,2.803898334503173828e+00,-7.881435751914978027e-02,1.015142872929573059e-01,2.903453350067138672e+00,1.787650346755981445e+00,1.665734052658081055e+00,4.549153447151184082e-01,1.010800600051879883e+00,1.917232990264892578e+00
1.175429150462150574e-01,8.796933293342590332e-02,-5.431986451148986816e-01,3.583908975124359131e-01,-4.200663566589355469e-01,1.015257120132446289e+00,-2.586090862751007080e-01,-7.453870177268981934e-01,5.123623609542846680e-01,-5.697634816169738770e-01,-4.352357685565948486e-01,-1.178790703415870667e-01,-7.790572047233581543e-01,9.841472655534744263e-02,3.682572394609451294e-02,1.592691302299499512e+00,-1.738307237625122070e+00,3.794760406017303467e-01,-6.924037933349609375e-01,8.888714760541915894e-02,-2.761051654815673828e-01,-3.909969627857208252e-01,-4.981582164764404297e-01,4.783366993069648743e-02,2.703932672739028931e-02,-8.635095357894897461e-01,-1.971617788076400757e-01,2.343324720859527588e-01,-5.613242387771606445e-01,-1.750516444444656372e-01,-8.105029910802841187e-02,-1.517076194286346436e-01,-2.387543320655822754e-01,2.360602021217346191e-01,8.563318103551864624e-02,-4.174419045448303223e-01,4.950835704803466797e-01,-1.149140596389770508e-01,4.431320130825042725e-01,1.389513731002807617e+00,9.097388982772827148e-01,-2.708542585372924805e+00,4.256191253662109375e-01,7.705157995223999023e-01,7.905554771423339844e-02,-7.440738081932067871e-01,-1.046999394893646240e-01,1.397261142730712891e+00,-4.241629540920257568e-01,-1.331956237554550171e-01,2.038559019565582275e-01,-4.660342037677764893e-01,1.447778105735778809e+00,-3.343082666397094727e-01,1.013061523437500000e+00,-2.740358710289001465e-01,-4.926294088363647461e-02,-1.259826123714447021e-03,-1.816613413393497467e-02,-6.119672060012817383e-01,-6.012851838022470474e-03
-8.705452084541320801e-02,-4.975050389766693115e-01,-8.863511085510253906e-01,-3.436308503150939941e-01,-4.761071205139160156e-01,3.792931139469146729e-01,-4.065438210964202881e-01,-8.486959934234619141e-01,-1.150257810950279236e-01,-6.595962643623352051e-01,-4.711875617504119873e-01,-6.614288091659545898e-01,-9.905145168304443359e-01,-1.133671283721923828e+00,-3.261185884475708008e-01,3.531902730464935303e-01,-5.071334242820739746e-01,-4.205269217491149902e-01,-3.916037976741790771e-01,-5.679988265037536621e-01,-2.460344433784484863e-01,-4.695770442485809326e-01,-3.905985355377197266e-01,-5.045323371887207031e-01,-8.735131621360778809e-01,-1.318756341934204102e+00,-7.153773307800292969e-01,-3.131901323795318604e-01,-9.579159617424011230e-01,2.680681943893432617e-01,-3.165623843669891357e-01,-5.135669708251953125e-01,-6.388739347457885742e-01,8.324657380580902100e-02,-7.250784039497375488e-01,-7.236389517784118652e-01,6.260769814252853394e-02,-3.579676151275634766e-01,-1.777716577053070068e-01,-3.050805032253265381e-01,-5.907908678054809570e-01,1.316268593072891235e-01,-4.418652057647705078e-01,5.142192840576171875e-01,4.362788498401641846e-01,2.347569167613983154e-01,-3.238157331943511963e-01,-1.662558466196060181e-01,-6.667175889015197754e-01,-4.120873510837554932e-01,-2.704049050807952881e-01,-4.418517053127288818e-01,6.103774905204772949e-01,-3.178438246250152588e-01,1.376020073890686035e+00,-9.319429397583007812e-01,-4.252302348613739014e-01,3.431919217109680176e-01,-7.863982021808624268e-02,-4.689776003360748291e-01,-1.301652044057846069e-01
-1.791226714849472046e-01,-1.845925569534301758e+00,-1.553881168365478516e+00,-2.754169702529907227e+00,-8.083555698394775391e-01,-3.326937675476074219e+00,-7.820849120616912842e-02,-1.275043368339538574e+00,-1.982808947563171387e+00,-1.358166694641113281e+00,-2.400171279907226562e+00,-2.147722005844116211e+00,3.882579207420349121e-01,-2.052797794342041016e+00,-1.056048870086669922e+00,-3.812004804611206055e+00,1.803974509239196777e+00,-2.298895120620727539e+00,4.386954605579376221e-01,-1.842328667640686035e+00,-1.469689249992370605e+00,-1.299597859382629395e+00,9.491788595914840698e-02,-9.682046771049499512e-01,-2.731905221939086914e+00,-7.395824790000915527e-01,-2.272269248962402344e+00,-1.411704182624816895e+00,-1.169782757759094238e+00,-5.020000934600830078e-01,-1.849821805953979492e+00,-1.809266328811645508e+00,-1.051540851593017578e+00,-2.869869947433471680e+00,-2.358207702636718750e+00,-1.126938343048095703e+00,-2.100156784057617188e+00,-7.412341833114624023e-01,-1.458647966384887695e+00,-3.052658557891845703e+00,-1.951918721199035645e+00,3.199760913848876953e+00,-2.297552824020385742e+00,-3.227630615234375000e+00,-1.434207081794738770e+00,-1.605140328407287598e+00,-2.244720220565795898e+00,-3.520595073699951172e+00,3.035287857055664062e-01,-1.296222805976867676e+00,-2.566326618194580078e+00,-7.509501576423645020e-01,-4.256333351135253906e+00,-9.129932522773742676e-01,-3.700967073440551758e+00,-4.693049192428588867e-01,-2.083687782287597656e+00,-2.152981996536254883e+00,-1.517263174057006836e+00,-2.177509367465972900e-01,-1.473197937011718750e+00
-3.841973543167114258e-01,-3.491730928421020508e+00,-1.436731100082397461e+00,-8.912822008132934570e-01,-6.846781969070434570e-01,-1.022557020187377930e+00,-1.082380533218383789e+00,-2.743017196655273438e+00,-2.211177110671997070e+00,-9.248898625373840332e-01,-2.366324186325073242e+00,-2.127052068710327148e+00,-1.393902778625488281e+00,-1.252696275711059570e+00,-3.393227159976959229e-01,-5.619211867451667786e-02,-1.734653711318969727e+00,-1.589839339256286621e+00,-9.918972104787826538e-02,-2.528308868408203125e+00,-2.314836978912353516e+00,-1.268071889877319336e+00,5.334144830703735352e-01,1.816156208515167236e-01,-1.888762831687927246e+00,-1.628394961357116699e+00,-1.859929323196411133e+00,-4.071169853210449219e+00,-1.764455914497375488e+00,1.296000480651855469e+00,-5.191453099250793457e-01,-1.809545159339904785e+00,-2.397797852754592896e-01,-1.642967462539672852e+00,-2.533726215362548828e+00,-3.538191616535186768e-01,-1.223438143730163574e+00,-7.989591360092163086e-01,-2.391879081726074219e+00,-1.996965289115905762e+00,-3.426411390304565430e+00,4.051586151123046875e+00,-2.342890053987503052e-01,3.963866531848907471e-01,-8.710932731628417969e-01,-1.974355697631835938e+00,-1.662545800209045410e+00,-7.630511522293090820e-01,-1.477984666824340820e+00,-1.780512809753417969e+00,-1.643461585044860840e+00,-2.175661563873291016e+00,-9.830300211906433105e-01,-5.064828321337699890e-02,9.287164211273193359e-01,-2.613245725631713867e+00,-1.244844913482666016e+00,-9.551168680191040039e-01,-2.381055206060409546e-01,-1.124188542366027832e+00,-1.369607210159301758e+00
1.473861038684844971e-01,3.468111753463745117e+00,4.147279560565948486e-01,9.263780713081359863e-01,2.853153049945831299e-01,2.135722398757934570e+00,7.162832021713256836e-01,1.464383482933044434e+00,2.361339330673217773e+00,5.124701261520385742e-01,1.340112328529357910e+00,1.474159717559814453e+00,-3.473944067955017090e-01,-1.826355308294296265e-01,3.924530744552612305e-01,1.040868639945983887e+00,4.830174744129180908e-01,1.443091034889221191e+00,-6.545339226722717285e-01,2.262849330902099609e+00,2.287703037261962891e+00,5.988094210624694824e-01,-1.213156700134277344e+00,-2.519788444042205811e-01,9.779109358787536621e-01,-1.487770825624465942e-01,8.644047379493713379e-01,3.648307085037231445e+00,7.007789015769958496e-01,-9.347791671752929688e-01,2.350112944841384888e-01,1.089201569557189941e+00,-7.329420447349548340e-01,2.232871532440185547e+00,1.911494970321655273e+00,-3.399479985237121582e-01,1.642607688903808594e+00,2.893820703029632568e-01,2.558598041534423828e+00,2.213027954101562500e+00,2.917823791503906250e+00,-4.917028427124023438e+00,-4.905285537242889404e-01,6.595807671546936035e-01,1.701911807060241699e+00,2.544526100158691406e+00,1.652010679244995117e+00,1.205114245414733887e+00,5.741251111030578613e-01,1.502311944961547852e+00,1.400469779968261719e+00,1.562098741531372070e+00,2.526644706726074219e+00,-1.861965209245681763e-01,1.386783599853515625e+00,1.530668854713439941e+00,8.394002914428710938e-01,1.634292125701904297e+00,4.198194667696952820e-02,5.661486983299255371e-01,1.464925885200500488e+00
-1.446083933115005493e-01,-4.056461155414581299e-01,5.066230297088623047e-01,8.257145881652832031e-01,1.673437207937240601e-01,9.285112619400024414e-01,-2.059422284364700317e-01,-2.870949506759643555e-01,-8.732362091541290283e-02,2.585523426532745361e-01,4.067940115928649902e-01,4.593234956264495850e-01,-5.100432634353637695e-01,3.643378913402557373e-01,4.369585216045379639e-01,1.536391258239746094e+00,-1.288777351379394531e+00,4.675137698650360107e-01,-5.071942806243896484e-01,-8.021584898233413696e-02,-7.845461368560791016e-02,1.948464363813400269e-01,1.077143251895904541e-01,6.447363495826721191e-01,7.129484415054321289e-01,2.026706188917160034e-02,5.832868814468383789e-01,-4.528936147689819336e-01,2.274801731109619141e-01,5.032077431678771973e-01,5.430783629417419434e-01,4.017553627490997314e-01,3.279253244400024414e-01,4.531891047954559326e-01,3.323299884796142578e-01,3.830761611461639404e-01,4.892396926879882812e-01,2.679157257080078125e-02,-4.264966547489166260e-01,6.853420138359069824e-01,-3.794423043727874756e-01,-1.090670600533485413e-01,9.397042393684387207e-01,1.426495552062988281e+00,-1.384978145360946655e-01,2.082626335322856903e-02,2.401174753904342651e-01,1.117558479309082031e+00,-4.789539575576782227e-01,-2.793486714363098145e-01,4.787200987339019775e-01,-3.369976580142974854e-01,1.205765128135681152e+00,1.716683655977249146e-01,1.639322996139526367e+00,-3.734513521194458008e-01,5.690917372703552246e-01,5.283147692680358887e-01,4.943254292011260986e-01,-2.900056242942810059e-01,1.753220558166503906e-01
6.207109093666076660e-01,5.258032321929931641e+00,1.747391343116760254e+00,2.039118766784667969e+00,7.405381202697753906e-01,3.066182851791381836e+00,1.173402667045593262e+00,3.340989112854003906e+00,4.043867111206054688e+00,1.148234605789184570e+00,3.435319662094116211e+00,3.196683168411254883e+00,1.049273848533630371e+00,2.008111000061035156e+00,6.769564747810363770e-01,2.060190916061401367e+00,5.770074129104614258e-01,2.814232349395751953e+00,-6.070421934127807617e-01,3.953415155410766602e+00,3.498082160949707031e+00,1.630837917327880859e+00,-1.192543268203735352e+00,-1.487814486026763916e-01,2.994759559631347656e+00,1.389328718185424805e+00,2.844582796096801758e+00,6.348721981048583984e+00,2.150734901428222656e+00,-1.718042850494384766e+00,1.103450059890747070e+00,2.691936731338500977e+00,1.552475541830062866e-01,3.302557706832885742e+00,4.045993328094482422e+00,2.992639243602752686e-01,2.699045181274414062e+00,1.061890244483947754e+00,4.138589859008789062e+00,4.383022308349609375e+00,5.847163677215576172e+00,-8.539515495300292969e+00,9.094281196594238281e-01,8.794712424278259277e-01,1.947951793670654297e+00,2.827819347381591797e+00,2.499042510986328125e+00,2.770768880844116211e+00,1.458305478096008301e+00,2.610998392105102539e+00,3.081233024597167969e+00,2.688504934310913086e+00,3.541483402252197266e+00,-2.260944992303848267e-01,5.911599993705749512e-01,3.147770881652832031e+00,2.091638565063476562e+00,2.118628978729248047e+00,5.276417732238769531e-01,1.012912392616271973e+00,2.239101886749267578e+00
6.071792840957641602e-01,3.346213579177856445e+00,6.571769118309020996e-01,1.209501981735229492e+00,1.352089941501617432e-01,1.985676169395446777e+00,6.491960883140563965e-01,1.804280519485473633e+00,2.835672140121459961e+00,2.557820081710815430e-01,1.731957197189331055e+00,1.769704222679138184e+00,6.415885090827941895e-01,1.630937457084655762e+00,2.517653703689575195e-01,1.689791798591613770e+00,-3.510330319404602051e-01,1.864516735076904297e+00,-4.942223429679870605e-01,2.526997566223144531e+00,1.833656311035156250e+00,7.252056598663330078e-01,-9.399366974830627441e-01,-2.496040463447570801e-01,1.786594271659851074e+00,5.790413618087768555e-01,1.554407358169555664e+00,4.147133350372314453e+00,9.990372657775878906e-01,-1.444392085075378418e+00,4.697569012641906738e-01,1.466585636138916016e+00,7.554364204406738281e-02,1.832243084907531738e+00,2.522348403930664062e+00,-7.227610051631927490e-02,1.695206403732299805e+00,6.620932817459106445e-01,2.968511581420898438e+00,3.457198143005371094e+00,4.558753490447998047e+00,-7.101192474365234375e+00,7.474935650825500488e-01,3.154653012752532959e-01,1.059453725814819336e+00,8.115171790122985840e-01,1.307068228721618652e+00,2.314818859100341797e+00,9.297124743461608887e-01,1.664285063743591309e+00,1.882757782936096191e+00,1.466776609420776367e+00,2.431694269180297852e+00,-3.837214708328247070e-01,-1.348755508661270142e-01,2.057283878326416016e+00,1.079190969467163086e+00,8.271677494049072266e-01,1.433411240577697754e-01,3.500024080276489258e-01,1.207363605499267578e+00
-5.557572096586227417e-02,-3.521975874900817871e-01,-6.462975740432739258e-01,1.957567036151885986e-01,-2.904138267040252686e-01,8.008785843849182129e-01,-3.809134364128112793e-01,-8.877023458480834961e-01,8.491609245538711548e-02,-3.416569530963897705e-01,-5.429430603981018066e-01,-4.285679459571838379e-01,-9.762976169586181641e-01,-4.514720439910888672e-01,1.144445315003395081e-02,1.067022204399108887e+00,-1.185883164405822754e+00,-1.679139025509357452e-02,-3.782062828540802002e-01,-2.766961753368377686e-01,-2.866699993610382080e-01,-3.735287785530090332e-01,-2.784801125526428223e-01,-1.016021613031625748e-02,-3.877018392086029053e-01,-1.016317248344421387e+00,-4.899643361568450928e-01,-5.475223660469055176e-01,-7.406952381134033203e-01,3.382512032985687256e-01,3.599407209549099207e-04,-4.032809138298034668e-01,-3.064091205596923828e-01,2.998409867286682129e-01,-4.150442481040954590e-01,-3.410521447658538818e-01,2.674654126167297363e-01,-2.173036932945251465e-01,8.763653226196765900e-03,3.603708148002624512e-01,-2.575417459011077881e-01,-5.514061450958251953e-01,5.927829444408416748e-02,8.907698392868041992e-01,4.239875376224517822e-01,-1.322760879993438721e-01,-4.389233514666557312e-02,6.881756186485290527e-01,-6.679931282997131348e-01,-2.288233786821365356e-01,-5.823773797601461411e-03,-5.606920719146728516e-01,1.146339774131774902e+00,-4.947476461529731750e-02,1.552381873130798340e+00,-8.477496504783630371e-01,-1.610639542341232300e-01,3.019920289516448975e-01,8.905429393053054810e-02,-4.767137467861175537e-01,-3.975965827703475952e-02
1.372834295034408569e-01,1.447664737701416016e+00,-4.528481364250183105e-01,-7.395941615104675293e-01,-6.563726812601089478e-02,-4.200319051742553711e-01,4.015553593635559082e-01,7.054957151412963867e-01,8.327564001083374023e-01,-6.010672450065612793e-02,-4.436915740370750427e-02,-1.088524013757705688e-01,4.926331937313079834e-01,-6.524900794029235840e-01,-3.474869132041931152e-01,-1.624869465827941895e+00,1.724480867385864258e+00,-2.720744907855987549e-01,3.286376893520355225e-01,7.801147699356079102e-01,9.621133804321289062e-01,-5.687146261334419250e-02,-4.730893671512603760e-01,-8.278071284294128418e-01,-6.527936458587646484e-01,-1.233261376619338989e-01,-4.056581854820251465e-01,1.825813531875610352e+00,1.160757988691329956e-02,-7.967963218688964844e-01,-4.913228452205657959e-01,-1.316756308078765869e-01,-7.221494317054748535e-01,2.072848826646804810e-01,1.732027083635330200e-01,-5.669435858726501465e-01,1.219512801617383957e-02,5.417398177087306976e-03,1.305732607841491699e+00,-2.861994504928588867e-01,1.181962847709655762e+00,-1.211904644966125488e+00,-1.397463202476501465e+00,-1.446137666702270508e+00,8.307480216026306152e-01,9.739642143249511719e-01,4.167451336979866028e-02,-1.122637033462524414e+00,6.779062747955322266e-01,6.966381669044494629e-01,-9.609853476285934448e-02,7.962217330932617188e-01,-7.390166521072387695e-01,-4.125272929668426514e-01,-1.429098725318908691e+00,7.108110785484313965e-01,-3.979552686214447021e-01,7.574437558650970459e-02,-6.348859667778015137e-01,4.782547652721405029e-01,2.592491209506988525e-01
3.332834541797637939e-01,2.044609546661376953e+00,4.810868501663208008e-01,8.712705969810485840e-01,2.228320986032485962e-01,1.462783575057983398e+00,3.394685983657836914e-01,1.198900103569030762e+00,1.866554856300354004e+00,3.023284673690795898e-01,1.374441266059875488e+00,1.195532441139221191e+00,5.599976181983947754e-01,1.003600120544433594e+00,2.515632808208465576e-01,1.175577402114868164e+00,-3.039254806935787201e-03,1.105772614479064941e+00,-1.921762526035308838e-01,1.679763913154602051e+00,1.394278764724731445e+00,6.393497586250305176e-01,-5.192220807075500488e-01,-1.589006781578063965e-01,1.164438009262084961e+00,5.197528600692749023e-01,1.116005182266235352e+00,2.794672012329101562e+00,7.200834155082702637e-01,-7.344153523445129395e-01,5.611121058464050293e-01,1.078424215316772461e+00,1.142179518938064575e-01,1.319364905357360840e+00,1.574122428894042969e+00,-1.552405301481485367e-02,1.209357023239135742e+00,5.201145410537719727e-01,1.940980553627014160e+00,2.088804483413696289e+00,2.673181533813476562e+00,-3.964913606643676758e+00,6.000498533248901367e-01,3.998870849609375000e-01,9.643615484237670898e-01,8.027029037475585938e-01,8.941332697868347168e-01,1.447511911392211914e+00,5.600714683532714844e-01,1.051887869834899902e+00,1.395644307136535645e+00,9.514694213867187500e-01,1.621635556221008301e+00,-1.672173440456390381e-01,2.689622342586517334e-01,1.095873951911926270e+00,8.453022837638854980e-01,8.106008172035217285e-01,2.963575422763824463e-01,2.797774076461791992e-01,8.695555925369262695e-01
-3.028261661529541016e-01,-1.612276077270507812e+00,-1.095687627792358398e+00,-9.069810509681701660e-01,-3.917840421199798584e-01,-7.762817144393920898e-01,-5.237274169921875000e-01,-1.452558398246765137e+00,-1.178369045257568359e+00,-4.781942367553710938e-01,-1.486036062240600586e+00,-1.432297110557556152e+00,-9.236702919006347656e-01,-1.493677377700805664e+00,-3.403787910938262939e-01,-8.992637991905212402e-01,-1.067855507135391235e-01,-1.223410964012145996e+00,7.957421988248825073e-02,-1.363878965377807617e+00,-9.164632558822631836e-01,-8.024885654449462891e-01,1.311084479093551636e-01,-2.560773491859436035e-01,-1.626953482627868652e+00,-1.250272750854492188e+00,-1.441430211067199707e+00,-1.991806507110595703e+00,-1.157688260078430176e+00,7.016975283622741699e-01,-5.246058106422424316e-01,-1.251550674438476562e+00,-6.060268878936767578e-01,-7.629800438880920410e-01,-1.658996224403381348e+00,-4.682074487209320068e-01,-7.663930654525756836e-01,-5.891860723495483398e-01,-1.114194989204406738e+00,-1.794166445732116699e+00,-2.176254272460937500e+00,2.858485221862792969e+00,-1.007409334182739258e+00,-1.754177510738372803e-01,2.650226093828678131e-02,-2.661389410495758057e-01,-9.035388231277465820e-01,-1.276898503303527832e+00,-7.826296687126159668e-01,-8.491170406341552734e-01,-1.135109901428222656e+00,-9.936480522155761719e-01,-8.773804306983947754e-01,-1.110798344016075134e-01,4.929924011230468750e-01,-1.548643827438354492e+00,-9.590862989425659180e-01,-2.590409517288208008e-01,-3.832091987133026123e-01,-4.303122162818908691e-01,-6.679295897483825684e-01
-3.195948898792266846e-01,-3.079162836074829102e+00,-1.731891632080078125e+00,-2.824681758880615234e+00,-5.344870090484619141e-01,-4.052428722381591797e+00,-4.818263649940490723e-01,-1.360468626022338867e+00,-3.008857488632202148e+00,-5.659616589546203613e-01,-2.677625179290771484e+00,-3.019279241561889648e+00,-1.936707198619842529e-01,-2.371423006057739258e+00,-1.350594401359558105e+00,-4.998600959777832031e+00,2.673055887222290039e+00,-2.912049293518066406e+00,1.715504407882690430e+00,-2.912845849990844727e+00,-2.084002494812011719e+00,-1.258947968482971191e+00,1.059102892875671387e+00,-1.139615178108215332e+00,-3.376066207885742188e+00,-1.138527154922485352e+00,-2.861882925033569336e+00,-4.572207927703857422e+00,-1.784992098808288574e+00,1.025565743446350098e+00,-1.511054873466491699e+00,-2.630477905273437500e+00,-5.932371616363525391e-01,-2.441574335098266602e+00,-3.444398880004882812e+00,-3.887736499309539795e-01,-2.888701200485229492e+00,-9.404947757720947266e-01,-2.635746002197265625e+00,-5.604027271270751953e+00,-4.587545871734619141e+00,8.762296676635742188e+00,-2.740979909896850586e+00,-2.719168901443481445e+00,-5.592374205589294434e-01,-5.368962287902832031e-01,-1.716508507728576660e+00,-4.829119205474853516e+00,-4.998454153537750244e-01,-1.049509644508361816e+00,-2.925656318664550781e+00,-1.037852644920349121e+00,-4.689545154571533203e+00,3.244369924068450928e-01,-2.501518249511718750e+00,-1.964618682861328125e+00,-2.322010993957519531e+00,-1.612474441528320312e+00,-1.089802980422973633e+00,1.739844679832458496e-01,-1.696908354759216309e+00
1.336643844842910767e-01,1.778594136238098145e+00,2.471655160188674927e-01,6.595738530158996582e-01,1.177960783243179321e-01,1.258816599845886230e+00,2.696756124496459961e-01,9.209417700767517090e-01,1.253164291381835938e+00,3.914020955562591553e-01,9.369527697563171387e-01,7.628736495971679688e-01,-5.552375316619873047e-01,-3.514002263545989990e-02,4.801252111792564392e-02,6.575192809104919434e-01,1.468900144100189209e-01,9.028311967849731445e-01,-2.338908612728118896e-01,1.030350327491760254e+00,1.115671396255493164e+00,3.599472939968109131e-01,-5.293474793434143066e-01,-2.902030348777770996e-01,6.082916259765625000e-01,-3.876697123050689697e-01,5.438327789306640625e-01,1.387063145637512207e+00,1.960457265377044678e-01,-1.763377338647842407e-01,2.174111902713775635e-01,5.356143116950988770e-01,-2.663070261478424072e-01,1.613817334175109863e+00,1.044875025749206543e+00,-2.323674783110618591e-02,8.928146362304687500e-01,9.150640666484832764e-02,1.207905292510986328e+00,9.299463033676147461e-01,1.325053572654724121e+00,-2.034849643707275391e+00,-1.924035102128982544e-01,8.197616934776306152e-01,1.186612248420715332e+00,1.777210593223571777e+00,1.181105732917785645e+00,6.640304327011108398e-01,3.767119720578193665e-03,9.903916716575622559e-01,8.964525461196899414e-01,8.756330013275146484e-01,1.796546578407287598e+00,1.466222256422042847e-01,1.437004804611206055e+00,5.570490956306457520e-01,5.221576690673828125e-01,1.212951898574829102e+00,1.927293837070465088e-01,3.239814043045043945e-01,8.424940109252929688e-01
-1.262028217315673828e-01,-1.627638697624206543e+00,-1.063174486160278320e+00,-1.667154669761657715e+00,-2.059041708707809448e-01,-2.517190217971801758e+00,-1.706951558589935303e-01,-8.412578701972961426e-01,-1.573725104331970215e+00,-2.575230300426483154e-01,-1.912861704826354980e+00,-1.798565745353698730e+00,4.398669898509979248e-01,-9.340691566467285156e-01,-6.050092577934265137e-01,-3.037082433700561523e+00,1.591414093971252441e+00,-1.726103425025939941e+00,1.213636159896850586e+00,-1.369032263755798340e+00,-1.192778587341308594e+00,-7.544245719909667969e-01,6.664852499961853027e-01,-4.461957514286041260e-01,-1.947980165481567383e+00,-1.899041086435317993e-01,-1.765263438224792480e+00,-2.363319396972656250e+00,-8.582963347434997559e-01,2.979480624198913574e-01,-8.380240201950073242e-01,-1.590574264526367188e+00,-2.247207015752792358e-01,-1.757501244544982910e+00,-1.968728899955749512e+00,-1.557894945144653320e-01,-1.747588634490966797e+00,-3.825708627700805664e-01,-1.135488748550415039e+00,-2.905602693557739258e+00,-2.158017396926879883e+00,4.390316486358642578e+00,-1.539066672325134277e+00,-2.172093391418457031e+00,-4.372127056121826172e-01,-9.986687302589416504e-01,-1.162077188491821289e+00,-2.603018522262573242e+00,7.144203037023544312e-02,-5.126953721046447754e-01,-1.756686449050903320e+00,-6.685597300529479980e-01,-3.164881706237792969e+00,1.671313345432281494e-01,-2.490468502044677734e+00,-8.815419673919677734e-01,-1.419084548950195312e+00,-1.427274346351623535e+00,-7.792509198188781738e-01,1.677344739437103271e-01,-1.077612638473510742e+00
-1.251190453767776489e-01,1.282260298728942871e+00,-4.279273152351379395e-01,-3.811030983924865723e-01,1.938576102256774902e-01,9.024982899427413940e-02,3.186696469783782959e-01,3.866926729679107666e-01,5.500053167343139648e-01,3.622957766056060791e-01,-2.224410772323608398e-01,-1.791004389524459839e-01,-1.534807980060577393e-01,-1.162696957588195801e+00,-1.450770907104015350e-02,-1.233267188072204590e+00,1.619449019432067871e+00,-2.511296868324279785e-01,3.812784254550933838e-01,6.472197175025939941e-01,1.049390554428100586e+00,1.533895451575517654e-02,-4.051519632339477539e-01,-4.464070498943328857e-01,-7.434283494949340820e-01,-3.416914045810699463e-01,-6.229779720306396484e-01,8.836117386817932129e-01,-1.194341182708740234e-01,-1.454649418592453003e-01,-2.186754345893859863e-01,-2.810508310794830322e-01,-7.767122387886047363e-01,6.657681465148925781e-01,-1.285862475633621216e-01,-3.550111651420593262e-01,1.051665470004081726e-01,-7.216212153434753418e-02,9.602525830268859863e-01,-7.049009203910827637e-01,3.657025471329689026e-02,3.773671984672546387e-01,-1.499272465705871582e+00,-6.230295896530151367e-01,1.293357133865356445e+00,1.731971859931945801e+00,5.512483716011047363e-01,-1.057170391082763672e+00,2.769707441329956055e-01,6.727543473243713379e-01,-1.181276515126228333e-01,6.475210785865783691e-01,-1.148267164826393127e-01,1.192319914698600769e-01,1.029863953590393066e-01,1.439933776855468750e-01,-2.686258256435394287e-01,6.388359069824218750e-01,-3.209110796451568604e-01,5.710418224334716797e-01,4.529351890087127686e-01
1.562481522560119629e-01,4.993833899497985840e-01,-1.552652478218078613e+00,-2.103530883789062500e+00,-3.902597725391387939e-01,-2.248489141464233398e+00,3.250808119773864746e-01,-4.443788930075243115e-05,-1.066770330071449280e-01,-5.668867230415344238e-01,-1.704956889152526855e+00,-1.556996822357177734e+00,8.815549015998840332e-01,-1.329996943473815918e+00,-8.894816040992736816e-01,-3.772330760955810547e+00,2.814415693283081055e+00,-1.504344940185546875e+00,1.196403026580810547e+00,-8.571708202362060547e-02,1.150032319128513336e-02,-7.517210245132446289e-01,-2.116510421037673950e-01,-1.316421985626220703e+00,-2.228444099426269531e+00,-3.766086995601654053e-01,-1.933116436004638672e+00,4.262243509292602539e-01,-8.239584565162658691e-01,-9.118598103523254395e-01,-1.325032353401184082e+00,-1.416976571083068848e+00,-1.014482975006103516e+00,-1.263106465339660645e+00,-1.323987603187561035e+00,-9.629020094871520996e-01,-1.294035673141479492e+00,-2.443784922361373901e-01,8.035789728164672852e-01,-2.040619611740112305e+00,1.561685800552368164e-01,1.002112865447998047e+00,-2.594567060470581055e+00,-3.368119716644287109e+00,4.668812453746795654e-01,-1.769969761371612549e-01,-8.658793568611145020e-01,-2.851100206375122070e+00,8.800331354141235352e-01,3.853995501995086670e-01,-1.484996318817138672e+00,3.317710757255554199e-01,-3.039216279983520508e+00,-4.106488525867462158e-01,-3.645911216735839844e+00,2.790347635746002197e-01,-1.622829675674438477e+00,-1.294228196144104004e+00,-1.333602309226989746e+00,5.391715168952941895e-01,-5.859826207160949707e-01
-1.400399059057235718e-01,-1.270244717597961426e+00,-1.220057368278503418e+00,-5.402033925056457520e-01,-5.843880772590637207e-01,6.610628217458724976e-02,-5.645626783370971680e-01,-1.669796824455261230e+00,-5.202859044075012207e-01,-9.512717723846435547e-01,-1.360690474510192871e+00,-1.115922331809997559e+00,-7.852533459663391113e-01,-9.692444205284118652e-01,-1.690350770950317383e-01,5.151883959770202637e-01,-1.179068446159362793e+00,-7.762900590896606445e-01,-4.397473633289337158e-01,-8.837121129035949707e-01,-8.519995808601379395e-01,-8.126237988471984863e-01,-2.850932180881500244e-01,-1.414960175752639771e-01,-1.200178027153015137e+00,-1.205075621604919434e+00,-1.162747740745544434e+00,-8.433674573898315430e-01,-1.146414756774902344e+00,1.940332204103469849e-01,-4.234020709991455078e-01,-8.987383246421813965e-01,-5.823971033096313477e-01,-7.899853587150573730e-01,-1.237288236618041992e+00,-8.030580282211303711e-01,-2.332431077957153320e-01,-3.875728547573089600e-01,-4.571687281131744385e-01,-1.537748277187347412e-01,-8.226591348648071289e-01,-2.432872541248798370e-02,-2.481340169906616211e-01,1.218391582369804382e-01,-1.567167788743972778e-01,-1.171412110328674316e+00,-1.013402819633483887e+00,7.084409147500991821e-02,-6.583061218261718750e-01,-9.328920841217041016e-01,-7.167529463768005371e-01,-1.107837200164794922e+00,1.508113089948892593e-02,-4.935398995876312256e-01,6.042677164077758789e-01,-1.220604419708251953e+00,-7.413725852966308594e-01,-4.626585245132446289e-01,-2.698798477649688721e-01,-8.009524941444396973e-01,-5.779660344123840332e-01
3.888197839260101318e-01,3.793426036834716797e+00,1.269016265869140625e+00,1.730328559875488281e+00,7.829675078392028809e-01,2.502080678939819336e+00,8.169072866439819336e-01,2.347690343856811523e+00,2.997503042221069336e+00,1.133721470832824707e+00,2.437081813812255859e+00,2.306664943695068359e+00,9.206876158714294434e-01,1.599275350570678711e+00,7.547531127929687500e-01,1.722295045852661133e+00,5.150898098945617676e-01,2.038124084472656250e+00,-1.335746943950653076e-01,3.050174474716186523e+00,2.680078029632568359e+00,1.342123389244079590e+00,-7.298132181167602539e-01,1.344582438468933105e-01,2.213366746902465820e+00,1.293378949165344238e+00,2.017629861831665039e+00,4.393993854522705078e+00,1.619167327880859375e+00,-1.005597233772277832e+00,1.137126326560974121e+00,1.951236963272094727e+00,2.847052216529846191e-01,2.538407325744628906e+00,2.818956851959228516e+00,3.931822776794433594e-01,2.033180952072143555e+00,9.319878220558166504e-01,3.145394086837768555e+00,3.175074100494384766e+00,3.973791837692260742e+00,-5.568593978881835938e+00,8.251376152038574219e-01,8.142856955528259277e-01,1.769380331039428711e+00,2.111453056335449219e+00,2.058728694915771484e+00,2.227205753326416016e+00,1.066225886344909668e+00,2.009209871292114258e+00,2.370625257492065430e+00,1.885748505592346191e+00,2.715104103088378906e+00,1.800187975168228149e-01,7.435380816459655762e-01,2.059250593185424805e+00,1.652584910392761230e+00,1.660426378250122070e+00,6.291067004203796387e-01,8.634554147720336914e-01,1.720471978187561035e+00
-1.006548553705215454e-01,-8.490085005760192871e-01,-1.843881368637084961e+00,-1.664507865905761719e+00,-5.745913982391357422e-01,-1.193152070045471191e+00,-3.311390578746795654e-01,-1.378637433052062988e+00,-4.465236961841583252e-01,-9.544330835342407227e-01,-1.970329642295837402e+00,-1.793887019157409668e+00,6.867914646863937378e-02,-1.635932326316833496e+00,-5.505110025405883789e-01,-1.874624252319335938e+00,8.936070799827575684e-01,-1.686080098152160645e+00,4.052782058715820312e-01,-6.998404860496520996e-01,-4.447417855262756348e-01,-1.001117587089538574e+00,-2.727819383144378662e-01,-8.470869064331054688e-01,-2.335951089859008789e+00,-1.054302930831909180e+00,-1.997923374176025391e+00,-1.926688998937606812e-01,-1.280065178871154785e+00,-2.578099966049194336e-01,-9.148446321487426758e-01,-1.471978425979614258e+00,-1.078227281570434570e+00,-1.330503582954406738e+00,-1.813220858573913574e+00,-1.190356254577636719e+00,-8.421854972839355469e-01,-4.102977514266967773e-01,1.701835095882415771e-01,-1.469273686408996582e+00,-7.696639299392700195e-01,9.609589576721191406e-01,-1.734038233757019043e+00,-1.844144821166992188e+00,3.663440346717834473e-01,-8.482437729835510254e-01,-1.453766226768493652e+00,-1.748924255371093750e+00,-1.585899665951728821e-02,-5.993891954421997070e-01,-1.331988930702209473e+00,-7.539073228836059570e-01,-1.899552106857299805e+00,-7.049136161804199219e-01,-1.574332952499389648e+00,-1.036811828613281250e+00,-1.461009621620178223e+00,-9.221510887145996094e-01,-9.471380114555358887e-01,-3.106908202171325684e-01,-7.644393444061279297e-01
3.516861796379089355e-02,-3.679489344358444214e-02,-2.881272435188293457e-01,-6.738004684448242188e-01,1.593656837940216064e-01,-1.175562262535095215e+00,1.567703336477279663e-01,2.221294492483139038e-01,-2.654319107532501221e-01,2.548712193965911865e-01,-5.727115273475646973e-01,-5.628272891044616699e-01,7.558624148368835449e-01,-6.836143881082534790e-02,-1.954303085803985596e-01,-1.813480257987976074e+00,1.478095531463623047e+00,-6.356636285781860352e-01,9.663354754447937012e-01,-4.432101547718048096e-02,-3.818356618285179138e-02,-6.508801877498626709e-02,3.576068580150604248e-01,-2.550808191299438477e-01,-6.733551621437072754e-01,4.358331561088562012e-01,-5.986547470092773438e-01,-4.298875331878662109e-01,-3.172352910041809082e-02,-7.040393352508544922e-02,-2.075880616903305054e-01,-5.185875892639160156e-01,2.808236144483089447e-02,-5.309564471244812012e-01,-5.441874265670776367e-01,1.089855283498764038e-01,-7.050997018814086914e-01,5.617469549179077148e-02,1.044709309935569763e-01,-1.240693688392639160e+00,-4.003970623016357422e-01,1.766337156295776367e+00,-8.246673345565795898e-01,-1.415714740753173828e+00,1.975405514240264893e-01,-7.956555485725402832e-02,-1.781713217496871948e-01,-1.289040684700012207e+00,4.486556947231292725e-01,2.884273529052734375e-01,-5.376353859901428223e-01,1.425422728061676025e-01,-1.627945542335510254e+00,2.565647363662719727e-01,-1.757726430892944336e+00,4.455856978893280029e-02,-4.882494509220123291e-01,-5.668620467185974121e-01,-3.391481637954711914e-01,4.670404493808746338e-01,-2.603115737438201904e-01
4.443884193897247314e-01,2.642557621002197266e+00,2.052901387214660645e-01,2.237223833799362183e-01,3.277606964111328125e-01,4.298853874206542969e-01,6.865822672843933105e-01,1.680948138236999512e+00,1.926360130310058594e+00,4.989295005798339844e-01,8.715518116950988770e-01,8.227239251136779785e-01,1.241956472396850586e+00,9.161468148231506348e-01,2.178309299051761627e-02,-6.117210388183593750e-01,1.543581843376159668e+00,7.404126524925231934e-01,6.340788006782531738e-01,1.953187704086303711e+00,1.567568778991699219e+00,5.749182701110839844e-01,-4.190478324890136719e-01,-5.106066465377807617e-01,6.164327263832092285e-01,8.866381049156188965e-01,5.641059279441833496e-01,2.901161909103393555e+00,7.423880696296691895e-01,-1.127048254013061523e+00,1.813900917768478394e-01,6.548581719398498535e-01,-1.139246206730604172e-02,9.803186655044555664e-01,1.335612416267395020e+00,-2.079146169126033783e-02,6.354865431785583496e-01,5.831619501113891602e-01,2.420785188674926758e+00,1.244583845138549805e+00,2.914097785949707031e+00,-3.296537160873413086e+00,-3.909750878810882568e-01,-1.142308950424194336e+00,1.205001711845397949e+00,9.175053834915161133e-01,9.511493444442749023e-01,2.989612519741058350e-01,1.183800816535949707e+00,1.593207001686096191e+00,9.245842695236206055e-01,1.390416502952575684e+00,2.543692290782928467e-01,1.861895993351936340e-02,-1.615875124931335449e+00,1.601191639900207520e+00,3.677191138267517090e-01,2.561007738113403320e-01,-1.619396656751632690e-01,8.338420391082763672e-01,7.691022753715515137e-01
