3.359162807464599609e-02,3.596663475036621094e-03,1.794099807739257812e-03,4.703598096966743469e-03,2.077043056488037109e-03,-1.021173298358917236e-01,1.637178659439086914e-02,-5.423426628112792969e-04,-6.008906289935112000e-03,1.241159439086914062e-02,1.478254795074462891e-03,1.925355941057205200e-02,-5.912899971008300781e-03,4.241984337568283081e-03,-6.247758865356445312e-04,-6.830394268035888672e-03,7.690489292144775391e-04,1.925736665725708008e-03,-9.459155797958374023e-02,5.712175369262695312e-02,4.998072981834411621e-03,1.085264980792999268e-01,1.244544982910156250e-04,3.549546003341674805e-03,-1.261129975318908691e-02,-5.667847394943237305e-02,3.021025657653808594e-01,-2.841997146606445312e-02,1.339308917522430420e-03,-2.473366260528564453e-02,-2.064272761344909668e-03,-3.313243389129638672e-03,1.353707909584045410e-02,8.327335119247436523e-03,1.579493284225463867e-03,8.786730468273162842e-03,-6.407052278518676758e-03,-4.807442426681518555e-03,4.620309472084045410e-01,-3.587841987609863281e-03,-1.236307621002197266e-02,-8.192569017410278320e-03,2.735763788223266602e-03,2.745807170867919922e-03,1.390638947486877441e-02,7.220655679702758789e-03,-3.297341987490653992e-03,-1.282408833503723145e-02,-6.718602180480957031e-01,-2.172908186912536621e-02,1.821637153625488281e-03,-9.385496377944946289e-04,1.490279473364353180e-02,-7.751274108886718750e-02,9.795069694519042969e-03,1.552902907133102417e-02,2.541482448577880859e-03,1.562262326478958130e-02,-1.017252206802368164e-01,5.537182092666625977e-03,-3.817170858383178711e-03,7.529906928539276123e-03,-1.715570688247680664e-03,-3.751516342163085938e-04
-3.095278739929199219e-01,-9.112429618835449219e-01,8.677256107330322266e-02,-8.872544765472412109e-02,-1.874746531248092651e-01,3.345474004745483398e-01,-9.083697795867919922e-01,-9.341547489166259766e-01,7.805039286613464355e-01,-9.414851665496826172e-02,1.624326705932617188e-01,9.335190057754516602e-02,4.190242290496826172e-01,-7.245246171951293945e-01,1.511618494987487793e-01,4.704956531524658203e+00,-6.090902090072631836e-01,-6.588469743728637695e-01,4.991674423217773438e-01,2.998683750629425049e-01,3.643637895584106445e-02,1.867384016513824463e-01,5.365638732910156250e-01,-6.633341312408447266e-01,4.302549362182617188e-01,2.501121759414672852e-01,1.698513031005859375e-01,4.358078241348266602e-01,-3.315213024616241455e-01,-2.024889707565307617e+00,2.651612758636474609e-01,5.870140790939331055e-01,-4.380009770393371582e-01,9.460127353668212891e-02,-7.996635437011718750e-01,1.072985887527465820e+00,-7.619560956954956055e-01,1.088820934295654297e+00,-1.138305425643920898e+00,-3.466429710388183594e-01,-8.939116001129150391e-01,5.279265642166137695e-01,4.278714656829833984e-01,-2.769240140914916992e-01,1.047630310058593750e-01,1.090357184410095215e+00,2.724182233214378357e-02,-2.275062799453735352e-01,3.612338006496429443e-01,2.816680371761322021e-01,-2.731260657310485840e-01,-7.122626900672912598e-02,6.248185876756906509e-03,3.988265097141265869e-01,4.895024299621582031e-01,-2.242275476455688477e-01,1.304135322570800781e-01,-3.553365468978881836e-01,2.070770598948001862e-02,1.930505990982055664e+00,6.599693298339843750e-01,-6.033825278282165527e-01,-8.393019437789916992e-03,3.681744933128356934e-01
-2.567596733570098877e-01,2.784115970134735107e-01,3.830587863922119141e-01,-7.509359717369079590e-02,-2.390401065349578857e-01,-1.535145044326782227e-01,-7.745418548583984375e-01,3.176548480987548828e-01,-6.479233503341674805e-01,-5.784057378768920898e-01,1.930884718894958496e-01,8.463355898857116699e-02,-8.395478725433349609e-01,-8.792250156402587891e-01,4.696458280086517334e-01,4.336766242980957031e+00,2.795333266258239746e-01,-1.109481692314147949e+00,2.489119768142700195e-01,7.400724887847900391e-01,1.854048371315002441e-01,-1.688280701637268066e-02,3.345843553543090820e-01,8.618757724761962891e-01,5.279964208602905273e-02,3.442969322204589844e-01,-4.735006093978881836e-01,-6.866385340690612793e-01,1.705748438835144043e-01,6.894716024398803711e-01,1.549410104751586914e+00,5.575525760650634766e-02,-3.460173904895782471e-01,1.751974225044250488e-01,-1.775332689285278320e-01,-2.383443713188171387e-01,-4.069160521030426025e-01,7.820578813552856445e-01,7.973535060882568359e-01,-1.208399653434753418e+00,-3.756622076034545898e-01,-2.240179628133773804e-01,1.463340640068054199e+00,1.079246401786804199e-01,6.071829795837402344e-01,4.840407073497772217e-01,-7.862722501158714294e-03,6.440812349319458008e-02,-3.627937436103820801e-01,1.779885888099670410e-01,3.478644192218780518e-01,-2.862786948680877686e-01,3.268696134909987450e-03,3.741316795349121094e-01,2.678859233856201172e-01,3.136518597602844238e-01,1.182348132133483887e-01,3.213078379631042480e-01,5.353705957531929016e-02,-7.312923669815063477e-01,5.225617885589599609e-01,-2.739686965942382812e-01,-3.568142652511596680e-01,4.366843700408935547e-01
-1.764823198318481445e-01,5.953422188758850098e-02,6.043404340744018555e-01,2.955240905284881592e-01,-2.608161866664886475e-01,-4.747521877288818359e-02,-9.059003591537475586e-01,7.541613578796386719e-01,5.747979879379272461e-02,1.158106923103332520e-01,1.832813471555709839e-01,8.713538944721221924e-02,-1.533675193786621094e-02,-1.300518751144409180e+00,2.137157022953033447e-01,4.296987056732177734e+00,2.466421425342559814e-01,-1.366596817970275879e+00,1.219954371452331543e+00,4.314817488193511963e-02,3.111196756362915039e-01,1.738294661045074463e-01,-5.153647661209106445e-01,-3.298437595367431641e-02,-4.873768091201782227e-01,-1.416451930999755859e-01,-2.201892137527465820e-01,-2.943758368492126465e-01,1.402353197336196899e-01,-1.866335868835449219e-01,-1.520310044288635254e-01,-1.174431324005126953e+00,-3.033241033554077148e-01,1.368606090545654297e-02,-3.314502239227294922e-01,1.171606063842773438e+00,-4.513604938983917236e-01,4.536696970462799072e-01,8.775161504745483398e-01,5.169415473937988281e-02,-4.027271270751953125e-02,-5.743047595024108887e-01,-2.914291620254516602e-01,-2.739919424057006836e-01,6.499290466308593750e-04,9.276546239852905273e-01,-1.229514926671981812e-02,-3.263096809387207031e-01,1.496495604515075684e-01,1.676640212535858154e-01,2.719816863536834717e-01,-1.189031153917312622e-01,5.907807033509016037e-03,2.498112469911575317e-01,-3.223658800125122070e-01,1.149764537811279297e+00,5.934741497039794922e-01,4.361853003501892090e-01,1.584124192595481873e-02,-7.322201132774353027e-02,-5.968809127807617188e-04,-8.093811273574829102e-01,-2.070657610893249512e-01,7.266792654991149902e-01
-2.424944639205932617e-01,-5.219460725784301758e-01,4.406006932258605957e-01,2.004488408565521240e-01,-1.472927927970886230e-01,-3.869065046310424805e-01,-9.658589363098144531e-01,3.620012998580932617e-01,-1.310889124870300293e-01,-1.886970996856689453e-01,2.831826806068420410e-01,-3.319483995437622070e-02,-4.116827249526977539e-01,9.089804887771606445e-01,4.775785505771636963e-01,4.149996757507324219e+00,1.461452841758728027e-01,2.118728756904602051e-01,6.173516511917114258e-01,8.591701388359069824e-01,4.469394087791442871e-01,7.876808941364288330e-02,3.185146450996398926e-01,9.695966243743896484e-01,-5.470454692840576172e-02,-1.458302140235900879e-01,6.353034377098083496e-01,-7.327447533607482910e-01,9.851033985614776611e-02,7.368611693382263184e-01,4.746398031711578369e-01,-3.410826921463012695e-01,-4.380956292152404785e-03,3.879826664924621582e-01,-5.077086091041564941e-01,7.067238092422485352e-01,-3.489475548267364502e-01,6.555633544921875000e-01,-1.102274656295776367e+00,-2.992621660232543945e-01,9.031167030334472656e-01,5.167077481746673584e-02,-1.638290882110595703e-01,6.406869888305664062e-01,1.687440872192382812e-01,-1.170433163642883301e+00,1.766955852508544922e-02,-9.059752225875854492e-01,-4.945451021194458008e-02,1.248668432235717773e-01,-1.000928759574890137e+00,-1.295467913150787354e-01,2.509739715605974197e-03,1.829563677310943604e-01,3.628067970275878906e-01,-2.542783021926879883e-01,1.875370740890502930e-01,4.212291836738586426e-01,8.061483502388000488e-02,-1.012148141860961914e+00,4.629321694374084473e-01,-3.649168014526367188e-01,-3.516068458557128906e-01,3.308568298816680908e-01
-3.568909764289855957e-01,9.421887993812561035e-02,6.134235858917236328e-02,-7.578486204147338867e-02,-9.802601486444473267e-02,3.824168443679809570e-02,-1.622854471206665039e-01,-3.767561912536621094e-01,4.118414223194122314e-01,5.076545476913452148e-02,-3.053310513496398926e-02,2.089027762413024902e-01,4.004490375518798828e-01,-1.047143816947937012e+00,-2.080160379409790039e-02,3.557784080505371094e+00,-1.582924723625183105e-01,-1.133216381072998047e+00,5.157760381698608398e-01,-5.944437384605407715e-01,-1.852231621742248535e-01,5.076622366905212402e-01,1.291878223419189453e-01,5.605906248092651367e-02,-5.299016237258911133e-01,2.010751366615295410e-01,-3.005925416946411133e-01,-7.081963419914245605e-01,-2.069732546806335449e-02,-1.858888030052185059e+00,1.635416746139526367e-01,-4.241530895233154297e-01,-1.783737540245056152e-01,1.561585962772369385e-01,-1.381822586059570312e+00,1.188177943229675293e+00,-2.678799927234649658e-01,5.334877371788024902e-01,-2.135537862777709961e-01,6.047615408897399902e-01,1.182556152343750000e-03,7.285645604133605957e-02,2.114214301109313965e-01,-1.094714403152465820e-01,6.166533231735229492e-01,1.963902473449707031e+00,1.033718138933181763e-02,-8.034416437149047852e-01,3.243666291236877441e-01,1.890454292297363281e-01,-2.874011099338531494e-01,2.251034528017044067e-01,3.611913882195949554e-03,3.405376374721527100e-01,5.885533094406127930e-01,6.981431841850280762e-01,2.116643190383911133e-01,1.200592756271362305e+00,-2.949733473360538483e-02,1.199141144752502441e+00,6.316167116165161133e-01,-6.596651673316955566e-01,-6.114001870155334473e-01,7.851856350898742676e-01
-2.202942222356796265e-01,-7.678358554840087891e-01,3.277952075004577637e-01,1.553094387054443359e-01,-1.976583451032638550e-01,-2.317089438438415527e-01,-4.949568510055541992e-01,-5.210982561111450195e-01,1.135440766811370850e-01,-4.479271173477172852e-02,3.211725354194641113e-01,-9.646627306938171387e-02,-3.745664358139038086e-01,5.512666702270507812e-02,5.093435645103454590e-01,3.722205162048339844e+00,2.209488749504089355e-01,-3.458505868911743164e-01,-6.740283966064453125e-02,-3.405356407165527344e-02,5.425959825515747070e-01,-1.135081797838211060e-01,-4.270561933517456055e-01,1.008258461952209473e+00,-7.290044426918029785e-01,2.387829422950744629e-01,2.455692887306213379e-01,4.606994688510894775e-01,1.992155164480209351e-01,-2.367232322692871094e+00,3.927131891250610352e-01,3.438794612884521484e-01,-2.380229532718658447e-01,2.952194511890411377e-01,-1.408746957778930664e+00,4.664301276206970215e-01,-7.897218465805053711e-01,2.244991064071655273e-01,-5.929499864578247070e-01,3.963352739810943604e-01,-1.373150348663330078e-01,-8.645593374967575073e-02,7.057410478591918945e-02,-1.029268026351928711e+00,9.523862004280090332e-01,-3.528682589530944824e-01,-2.002395689487457275e-03,-5.406235456466674805e-01,2.789112925529479980e-01,-3.416478633880615234e-03,-1.046933233737945557e-01,1.809087097644805908e-01,4.799775779247283936e-03,4.096093475818634033e-01,6.723146438598632812e-01,9.233232736587524414e-01,-1.458930969238281250e-02,5.400191545486450195e-01,4.830347746610641479e-02,1.223674058914184570e+00,4.502906203269958496e-01,4.541945457458496094e-01,-9.425742030143737793e-01,8.221310377120971680e-01
-2.034280598163604736e-01,1.304244697093963623e-01,4.220426678657531738e-01,1.931861340999603271e-01,-2.072761952877044678e-01,1.804721355438232422e-02,-5.224490165710449219e-01,1.058933854103088379e+00,-3.106517791748046875e-01,2.840479612350463867e-01,3.198537528514862061e-01,-6.928297877311706543e-02,-4.717456102371215820e-01,-2.915755510330200195e-01,2.919804453849792480e-01,4.241436004638671875e+00,-9.201979637145996094e-02,-1.155294060707092285e+00,9.463043212890625000e-01,-2.312098443508148193e-01,4.143170416355133057e-01,2.013085484504699707e-01,-4.074753522872924805e-01,1.853619366884231567e-01,-3.335357904434204102e-01,-1.322108507156372070e-02,-1.663960218429565430e-01,-1.356984376907348633e-01,-8.820730447769165039e-02,7.963802814483642578e-01,1.295591831207275391e+00,-7.735097408294677734e-02,-7.413181662559509277e-02,1.310289800167083740e-01,-4.703351855278015137e-01,9.912205338478088379e-01,-8.968917131423950195e-01,-3.036996126174926758e-01,-6.274101734161376953e-01,-6.192482709884643555e-01,2.405476570129394531e-02,6.497560441493988037e-02,-3.248410224914550781e-01,-1.018379926681518555e+00,8.230169415473937988e-01,8.599807024002075195e-01,3.126197680830955505e-02,2.764399647712707520e-01,-4.111003875732421875e-02,7.932555675506591797e-02,-7.340789437294006348e-01,-5.075127482414245605e-01,6.853602826595306396e-03,2.825538218021392822e-01,-9.269367456436157227e-01,-6.792986392974853516e-02,5.159854888916015625e-02,-6.383168697357177734e-02,2.954235672950744629e-02,8.069282174110412598e-01,-3.887261152267456055e-01,6.198475360870361328e-01,-3.827842473983764648e-01,6.987127065658569336e-01
-2.748023569583892822e-01,-1.218253493309020996e+00,-3.490889072418212891e-02,3.012251853942871094e-01,-1.541910469532012939e-01,-1.726090908050537109e-02,-1.155936956405639648e+00,-8.103609085083007812e-02,4.513427317142486572e-01,2.211896181106567383e-01,5.151593685150146484e-02,1.883030086755752563e-01,5.050051212310791016e-02,1.878581643104553223e-01,2.722962796688079834e-01,3.892097473144531250e+00,4.506301879882812500e-02,-2.046205997467041016e-01,1.798294544219970703e+00,4.571597576141357422e-01,2.777526676654815674e-01,3.677291572093963623e-01,2.045253515243530273e-01,-3.280532360076904297e-02,-6.056021451950073242e-01,2.402204871177673340e-01,1.335585117340087891e-02,-4.640240073204040527e-01,4.387032985687255859e-02,-9.624161720275878906e-01,4.149948954582214355e-01,-1.075381755828857422e+00,-2.582995295524597168e-01,4.065198898315429688e-01,-9.115971922874450684e-01,8.597288727760314941e-01,-1.022332310676574707e+00,5.478541851043701172e-01,-5.060297250747680664e-01,8.387540578842163086e-01,-7.700839042663574219e-01,-1.271013021469116211e-01,-1.670818328857421875e-01,-9.376903772354125977e-01,1.044142961502075195e+00,9.603285789489746094e-01,1.904614642262458801e-02,-5.881243944168090820e-01,7.641392946243286133e-02,-4.517120122909545898e-02,-6.963448524475097656e-01,1.752009987831115723e-02,3.679667599499225616e-03,1.792112290859222412e-01,1.080316066741943359e+00,4.728575944900512695e-01,8.937960863113403320e-02,7.803310155868530273e-01,2.685092017054557800e-02,4.871621727943420410e-01,3.178383708000183105e-01,-3.818113803863525391e-01,-4.036973118782043457e-01,6.209791302680969238e-01
-2.371263802051544189e-01,5.069807171821594238e-03,4.206841588020324707e-01,3.328234255313873291e-01,-1.889156997203826904e-01,5.879461765289306641e-02,-1.054025888442993164e-01,4.356133937835693359e-01,9.784233570098876953e-02,-6.953293085098266602e-02,9.765519201755523682e-02,-6.565120816230773926e-02,-1.086719155311584473e+00,-9.347742795944213867e-01,1.623127758502960205e-01,4.644599437713623047e+00,-1.165215373039245605e-01,-3.433424830436706543e-01,6.069530248641967773e-01,4.645271003246307373e-01,2.553993463516235352e-01,1.088487058877944946e-01,8.709609508514404297e-03,-6.856167316436767578e-02,1.386836171150207520e-01,-4.023953676223754883e-01,5.857002735137939453e-01,-4.775252342224121094e-01,1.435141563415527344e-01,1.017095565795898438e+00,-3.204296827316284180e-01,6.239801049232482910e-01,6.273381412029266357e-02,1.185858249664306641e-02,-9.940330982208251953e-01,7.643210291862487793e-01,-3.956500589847564697e-01,6.505788564682006836e-01,-9.915983676910400391e-01,-5.519676208496093750e-01,9.692179560661315918e-01,1.529825329780578613e-01,4.437450766563415527e-01,4.884821176528930664e-02,3.424205780029296875e-01,4.039262533187866211e-01,-3.563404083251953125e-03,-5.454771518707275391e-01,1.914150714874267578e-01,3.345404565334320068e-01,-1.503268536180257797e-02,-3.612989783287048340e-01,4.392500966787338257e-03,3.362744748592376709e-01,-7.476117610931396484e-01,2.373254299163818359e-02,-1.466315984725952148e-01,-3.336920738220214844e-01,2.224629279226064682e-03,5.507329702377319336e-01,4.562151432037353516e-02,-5.012750625610351562e-02,-3.027540445327758789e-01,6.337356567382812500e-01
-2.513558864593505859e-01,-1.832212358713150024e-01,-1.905912160873413086e-01,1.933217346668243408e-01,-1.476546674966812134e-01,1.509616374969482422e-01,-4.561913013458251953e-01,-1.229771137237548828e+00,4.407722949981689453e-01,4.910765886306762695e-01,6.531549990177154541e-02,2.762683629989624023e-01,7.469737529754638672e-01,-1.238068103790283203e+00,3.377851545810699463e-01,4.654824733734130859e+00,-7.007331848144531250e-01,-1.619539260864257812e+00,9.548478126525878906e-01,6.891337633132934570e-01,1.480021029710769653e-01,5.308762192726135254e-02,-5.968725681304931641e-02,-6.108030080795288086e-01,1.808347702026367188e-01,3.053951859474182129e-01,-1.196101903915405273e-01,-3.713780641555786133e-02,-2.012923061847686768e-01,1.759856939315795898e-01,1.556696295738220215e+00,2.942985296249389648e-01,-1.635690480470657349e-01,2.539444267749786377e-01,-2.049664855003356934e-01,3.037239909172058105e-01,-6.604914665222167969e-01,-7.906692028045654297e-01,-8.946516513824462891e-01,2.324265837669372559e-01,-8.678150177001953125e-01,1.359155625104904175e-01,-8.466354608535766602e-01,-7.279523611068725586e-01,6.956564188003540039e-01,-4.096945524215698242e-01,1.031664572656154633e-02,-2.764713764190673828e-01,-1.360243558883666992e-02,1.173235774040222168e-01,1.735306084156036377e-01,-1.293430328369140625e-01,5.591163411736488342e-03,3.008243143558502197e-01,6.818808317184448242e-01,8.065596818923950195e-01,-7.602524757385253906e-02,4.416446089744567871e-01,1.796120218932628632e-02,1.992320418357849121e-01,3.593444824218750000e-02,6.678984165191650391e-01,-3.051242828369140625e-01,-2.156034111976623535e-02
-1.848800480365753174e-01,7.182146310806274414e-01,5.177229642868041992e-02,4.082016646862030029e-01,-1.905152201652526855e-01,3.000241518020629883e-02,-1.099788546562194824e+00,2.193618535995483398e+00,-6.643788814544677734e-01,2.330148816108703613e-01,2.551080286502838135e-02,7.705047726631164551e-02,-1.680004596710205078e-01,-1.380682229995727539e+00,1.830739080905914307e-01,4.027350902557373047e+00,-1.216045618057250977e-01,1.961597800254821777e-01,5.094672441482543945e-01,-5.558121204376220703e-02,2.262284010648727417e-01,4.585255682468414307e-02,-2.831690907478332520e-01,-2.174572348594665527e-01,-1.034927964210510254e-01,-5.766803026199340820e-02,-9.555288553237915039e-01,-7.671605348587036133e-01,1.736953556537628174e-01,-5.700398683547973633e-01,1.157243728637695312e+00,1.945531368255615234e-02,2.456566691398620605e-02,2.140347510576248169e-01,-3.847365975379943848e-01,1.966081500053405762e+00,-3.616991266608238220e-02,4.297030568122863770e-01,-1.698634624481201172e-01,-6.766439676284790039e-01,5.619245767593383789e-01,-9.073547124862670898e-01,-4.909309744834899902e-01,1.977015137672424316e-01,3.304819464683532715e-01,1.058124661445617676e+00,3.573240712285041809e-03,-3.339769840240478516e-01,1.537094712257385254e-01,1.510517001152038574e-01,-6.597828269004821777e-01,-1.786664128303527832e-03,7.264893036335706711e-03,2.570413947105407715e-01,-4.081758260726928711e-01,7.521170973777770996e-01,1.904741227626800537e-01,4.333756268024444580e-01,3.982975333929061890e-02,-1.216020107269287109e+00,2.203510403633117676e-01,3.849149942398071289e-01,-3.769813776016235352e-01,-1.033946275711059570e-01
-2.382666468620300293e-01,-1.323529481887817383e-01,1.862951517105102539e+00,2.100472599267959595e-01,-2.171079814434051514e-01,-2.457286119461059570e-01,-9.570207595825195312e-01,1.523227453231811523e+00,6.652888655662536621e-02,4.938917458057403564e-01,1.643169969320297241e-01,3.385104238986968994e-01,-3.439291715621948242e-01,6.833355426788330078e-01,5.836528539657592773e-02,2.532622814178466797e+00,8.227673768997192383e-01,-5.078279972076416016e-01,-3.797245025634765625e-02,1.392133235931396484e+00,7.757773995399475098e-02,1.253697127103805542e-01,8.681976795196533203e-02,6.315248012542724609e-01,-1.768617868423461914e+00,4.274178147315979004e-01,5.912915468215942383e-01,-3.886250853538513184e-01,-4.715624451637268066e-02,1.937098264694213867e+00,1.861327886581420898e+00,-1.541576147079467773e+00,-5.906896591186523438e-01,2.533144354820251465e-01,7.670425176620483398e-01,8.808861970901489258e-01,-3.567063212394714355e-01,1.118932366371154785e+00,-2.899038791656494141e-02,2.343513965606689453e-01,-5.770257711410522461e-01,-1.284894466400146484e+00,-3.550844788551330566e-01,-2.520880699157714844e-01,-1.308477520942687988e-01,-1.342523455619812012e+00,-1.323906891047954559e-02,-4.871661067008972168e-01,1.991980671882629395e-01,2.882797420024871826e-01,1.018655300140380859e-01,-1.808244884014129639e-01,6.173217669129371643e-03,2.580156922340393066e-01,2.710681557655334473e-01,5.663694739341735840e-01,4.832844138145446777e-01,3.408837318420410156e-02,1.915571279823780060e-03,-2.431262016296386719e+00,-7.536513805389404297e-01,-4.505769014358520508e-01,-1.104017019271850586e+00,2.637301683425903320e-01
-2.845982611179351807e-01,6.383342742919921875e-01,1.093203067779541016e+00,-1.539455354213714600e-01,-2.433808743953704834e-01,-1.650851964950561523e-01,-2.271289825439453125e-01,6.665815711021423340e-01,-6.160050630569458008e-03,5.545359849929809570e-02,1.172113269567489624e-01,2.381791025400161743e-01,-5.342835187911987305e-01,-2.941822409629821777e-01,5.246259570121765137e-01,3.659034252166748047e+00,-5.288072824478149414e-01,-5.142594575881958008e-01,-8.874273300170898438e-02,9.533178806304931641e-02,1.739926636219024658e-03,4.600965976715087891e-01,-3.370003104209899902e-01,3.718439936637878418e-01,-8.771033287048339844e-01,4.517078399658203125e-02,2.274143099784851074e-01,-7.765647172927856445e-01,1.767498254776000977e-02,1.101329922676086426e+00,1.580355763435363770e+00,-1.169483661651611328e+00,2.757149934768676758e-02,3.178327083587646484e-01,9.086135625839233398e-01,1.294347941875457764e-01,1.690540909767150879e-01,8.319436311721801758e-01,7.140152454376220703e-01,-7.228920459747314453e-01,1.960361242294311523e+00,-9.720908403396606445e-01,5.479090213775634766e-01,4.307211041450500488e-01,3.094506859779357910e-01,-1.594040393829345703e-01,1.336929760873317719e-02,-5.597558021545410156e-01,-1.686773300170898438e-01,2.097639441490173340e-01,3.869754821062088013e-02,-2.282304763793945312e-01,3.555661998689174652e-03,2.241421937942504883e-01,-6.934925317764282227e-01,1.970426440238952637e-01,2.081350088119506836e-01,-3.711189031600952148e-01,9.106074459850788116e-03,-3.251935243606567383e-01,-1.523762345314025879e-01,-3.640759587287902832e-01,-6.987261772155761719e-01,2.409223318099975586e-01
-2.037483751773834229e-01,-3.246844708919525146e-01,2.482903003692626953e-02,-2.227324247360229492e-02,-2.589058578014373779e-01,-7.646651268005371094e-01,-3.671634197235107422e-01,6.153624653816223145e-01,1.121456325054168701e-01,5.709773302078247070e-02,3.792286217212677002e-01,7.029592990875244141e-03,-1.174086332321166992e+00,-3.659248352050781250e-01,5.444185137748718262e-01,3.947165966033935547e+00,2.801301479339599609e-01,-1.092866778373718262e+00,3.317855000495910645e-01,2.089151144027709961e-01,4.775880277156829834e-01,8.085293322801589966e-02,3.476707935333251953e-01,3.375718891620635986e-01,4.533233642578125000e-01,-1.601432561874389648e-01,-5.759456157684326172e-01,-1.066857576370239258e-02,3.465761840343475342e-01,-1.754295825958251953e-01,2.875043153762817383e-01,-8.272899389266967773e-01,-4.494519531726837158e-02,2.856731414794921875e-03,-8.064740300178527832e-01,5.052143335342407227e-01,1.818266957998275757e-01,2.713313102722167969e-01,-4.797794818878173828e-01,-3.177145719528198242e-01,3.970168828964233398e-01,-6.303253173828125000e-01,6.123350262641906738e-01,4.348536729812622070e-01,6.816332340240478516e-01,9.152414798736572266e-01,2.484804950654506683e-02,-6.339095830917358398e-01,2.006475329399108887e-01,3.108333051204681396e-01,-3.176186382770538330e-01,-2.516995072364807129e-01,4.082917701452970505e-03,2.515089213848114014e-01,2.815634012222290039e-01,1.514658927917480469e-01,1.976855397224426270e-01,7.091402411460876465e-01,8.975330740213394165e-02,-6.380481719970703125e-01,2.021298408508300781e-01,3.602479994297027588e-01,-7.947767376899719238e-01,8.936393260955810547e-01
-1.862677633762359619e-01,-3.109995126724243164e-01,6.956756114959716797e-01,4.505594670772552490e-01,-1.655841767787933350e-01,5.642780065536499023e-01,-3.050100803375244141e-02,-2.553058147430419922e+00,5.267764925956726074e-01,3.081810772418975830e-01,1.157075613737106323e-01,4.045454263687133789e-01,1.045359730720520020e+00,-1.642170786857604980e+00,-1.587612032890319824e-01,2.684063911437988281e+00,-4.609799385070800781e-01,-9.882051944732666016e-01,7.075110673904418945e-01,-1.181035757064819336e+00,-2.274879962205886841e-01,-1.780490577220916748e-01,-2.461108565330505371e-01,-1.046818017959594727e+00,-9.140064716339111328e-01,6.096038818359375000e-01,3.820079565048217773e-02,4.310122132301330566e-01,-2.082619071006774902e-01,-5.258623361587524414e-01,-5.641585588455200195e-01,-1.554872155189514160e+00,-5.291761159896850586e-01,8.788034319877624512e-02,6.857920885086059570e-01,1.290700316429138184e+00,4.176388382911682129e-01,-7.770746946334838867e-02,1.882638931274414062e-01,1.264043450355529785e+00,1.262133121490478516e+00,6.082338094711303711e-01,-1.147836089134216309e+00,-7.414170503616333008e-01,-3.929282426834106445e-01,5.206893682479858398e-01,2.506438642740249634e-02,9.609919786453247070e-02,3.576022386550903320e-02,-1.207877993583679199e-01,2.436921596527099609e-01,-2.294249534606933594e-01,7.862904109060764313e-03,2.571685612201690674e-01,4.265742897987365723e-01,1.809370040893554688e+00,5.931433439254760742e-01,2.100834548473358154e-01,3.160164505243301392e-02,9.286801815032958984e-01,8.747195601463317871e-01,-1.442440032958984375e+00,2.257012724876403809e-01,-6.624653935432434082e-03
-3.055841922760009766e-01,-9.322636723518371582e-01,4.093744158744812012e-01,-4.089108109474182129e-02,-8.938701450824737549e-02,-2.109504938125610352e-01,-6.223452091217041016e-01,1.822478532791137695e+00,-1.481582820415496826e-01,3.613769710063934326e-01,1.502270996570587158e-02,-1.488376557826995850e-01,-4.362926483154296875e-01,1.694146752357482910e+00,2.267048358917236328e-01,4.370847225189208984e+00,3.493940830230712891e-02,-7.907682657241821289e-02,3.255404829978942871e-01,6.979112029075622559e-01,1.244802549481391907e-01,6.298540532588958740e-02,3.693563640117645264e-01,8.729995489120483398e-01,-4.078062772750854492e-01,-1.063199043273925781e-01,-8.875727653503417969e-02,7.373374700546264648e-02,-8.057639002799987793e-02,8.735888004302978516e-01,1.522768497467041016e+00,1.076792955398559570e+00,-1.524877101182937622e-01,2.770257294178009033e-01,-9.014891386032104492e-01,-1.886239647865295410e-01,-7.033654451370239258e-01,8.190512657165527344e-01,-1.373700022697448730e+00,-1.248032450675964355e+00,-7.695451974868774414e-01,-5.895299911499023438e-01,6.232435703277587891e-01,-1.673763990402221680e-02,2.335363626480102539e-01,1.530064642429351807e-01,1.047861389815807343e-02,-1.731697320938110352e-01,5.043958425521850586e-01,4.846485555171966553e-01,-5.376158952713012695e-01,-4.880690574645996094e-02,3.863665740936994553e-03,3.011041879653930664e-01,2.109928131103515625e-01,-9.877550601959228516e-01,-1.541615724563598633e-01,3.178207278251647949e-01,1.349344849586486816e-03,-4.774912595748901367e-01,-7.543696761131286621e-01,1.101459026336669922e+00,-7.908219695091247559e-01,5.921118855476379395e-01
-1.835182011127471924e-01,-9.933280944824218750e-01,1.201618075370788574e+00,9.603895545005798340e-01,-1.274266093969345093e-01,5.516754388809204102e-01,-6.818795204162597656e-01,-1.521587371826171875e+00,1.778002679347991943e-01,2.723187208175659180e-01,2.270794212818145752e-01,3.627393245697021484e-01,2.032945156097412109e-01,-1.484599351882934570e+00,-2.500814199447631836e-02,2.988373041152954102e+00,-1.548168063163757324e-01,-7.784112691879272461e-01,7.212480306625366211e-01,-5.630198121070861816e-01,-8.469891548156738281e-02,-1.405790150165557861e-01,2.794802188873291016e-02,-5.507452487945556641e-01,-1.200867652893066406e+00,9.165219664573669434e-01,1.431977391242980957e+00,6.598231792449951172e-01,4.782947897911071777e-02,3.979786634445190430e-01,-4.849034547805786133e-01,-8.670736551284790039e-01,-2.969984412193298340e-01,4.504283964633941650e-01,-4.729920029640197754e-01,9.797007441520690918e-01,-1.184390664100646973e+00,-5.660204887390136719e-01,-8.770098686218261719e-01,9.520064592361450195e-01,1.101004123687744141e+00,5.052282810211181641e-01,-8.376916646957397461e-01,-1.343362092971801758e+00,2.901400923728942871e-01,5.700721740722656250e-01,2.791386842727661133e-02,-3.628104925155639648e-01,-4.229155778884887695e-01,-1.740615963935852051e-01,-4.341516792774200439e-01,-1.114388406276702881e-01,6.591957993805408478e-03,2.307395040988922119e-01,4.470249414443969727e-01,1.250896811485290527e+00,4.534428417682647705e-01,-1.313083171844482422e-01,3.926070407032966614e-02,1.108108043670654297e+00,6.537272930145263672e-01,-1.003925681114196777e+00,5.128502845764160156e-03,-2.802209854125976562e-01
-2.266307473182678223e-01,-4.257535636425018311e-01,2.338515520095825195e-01,-6.222343444824218750e-02,-1.445504575967788696e-01,-5.341484546661376953e-01,-7.040219306945800781e-01,1.968661427497863770e+00,1.201234459877014160e-01,3.013105392456054688e-01,-6.766164302825927734e-02,1.047002971172332764e-01,-7.680869102478027344e-02,1.464830279350280762e+00,1.518621742725372314e-01,4.372689723968505859e+00,8.198201656341552734e-02,-1.093777298927307129e+00,6.782121658325195312e-01,3.676185607910156250e-01,1.929002553224563599e-01,3.483093902468681335e-02,-3.324798345565795898e-01,1.722537428140640259e-01,7.477867603302001953e-02,-6.947799921035766602e-01,2.875266075134277344e-01,-8.073663711547851562e-02,3.971341252326965332e-02,8.413672447204589844e-02,7.451052069664001465e-01,-3.267550468444824219e-02,-2.534222602844238281e-01,1.459715664386749268e-01,-4.498358964920043945e-01,-9.722636938095092773e-01,9.534731507301330566e-02,9.243452548980712891e-01,2.642362117767333984e-01,-1.438118219375610352e-01,-5.330032110214233398e-01,-1.642670929431915283e-01,1.649923324584960938e-01,3.427779674530029297e-01,3.786189556121826172e-01,-5.100550651550292969e-01,-3.188251703977584839e-02,-3.483577966690063477e-01,2.880274057388305664e-01,3.797703385353088379e-01,8.390410989522933960e-02,-2.189441919326782227e-01,2.904088702052831650e-03,1.526080667972564697e-01,7.658818960189819336e-01,-1.382352113723754883e-01,4.843342304229736328e-02,4.073083400726318359e-02,-2.053068578243255615e-02,2.626543045043945312e-01,-3.438019752502441406e-02,6.919130086898803711e-01,-5.017567276954650879e-01,1.036166429519653320e+00
-2.980956435203552246e-01,-1.316304653882980347e-01,3.699346780776977539e-01,3.580754995346069336e-02,-2.505042850971221924e-01,-3.197553157806396484e-01,-6.644139289855957031e-01,3.249766826629638672e-01,-7.959246635437011719e-02,-3.220921754837036133e-01,3.632892668247222900e-01,-1.277367770671844482e-01,-1.298058032989501953e+00,2.114634513854980469e-01,4.412510097026824951e-01,4.237593650817871094e+00,-3.218412399291992188e-03,-7.287493944168090820e-01,3.380359411239624023e-01,4.801412820816040039e-01,2.182516753673553467e-01,5.423028469085693359e-01,1.786176562309265137e-01,5.809518098831176758e-01,2.046919465065002441e-01,3.266189098358154297e-01,-6.938321590423583984e-01,-3.901854753494262695e-01,-1.760071516036987305e-02,5.636796951293945312e-01,5.761134028434753418e-01,-3.762661218643188477e-01,-4.815657809376716614e-02,1.898058354854583740e-01,-1.475828886032104492e-01,8.670561909675598145e-01,-5.513426065444946289e-01,9.231527447700500488e-01,-1.328756809234619141e-01,-5.876461267471313477e-01,3.678381443023681641e-01,-1.250992715358734131e-01,4.828533530235290527e-01,2.514898777008056641e-01,7.952994108200073242e-01,8.684190511703491211e-01,-5.396887660026550293e-03,4.550492763519287109e-02,-1.422473788261413574e-01,7.563096284866333008e-02,-5.873069167137145996e-01,-1.246703267097473145e-01,2.826628740876913071e-03,2.668581008911132812e-01,7.400842905044555664e-01,3.003136813640594482e-01,2.421950697898864746e-01,4.997622966766357422e-02,4.799021780490875244e-02,4.467473030090332031e-01,-3.098052740097045898e-01,-3.383012413978576660e-01,-9.893474578857421875e-01,8.724985122680664062e-01
-2.923641204833984375e-01,-2.730963230133056641e-01,-1.747014522552490234e-01,-2.852376103401184082e-01,-1.752495467662811279e-01,-3.876734972000122070e-01,-1.026225566864013672e+00,6.276884078979492188e-01,2.536916732788085938e-02,-2.301365137100219727e-01,1.784857511520385742e-01,-4.509025812149047852e-02,-7.894873619079589844e-02,-2.877376079559326172e-01,2.828467786312103271e-01,3.891414165496826172e+00,1.739879250526428223e-01,-1.455762386322021484e-01,5.675215125083923340e-01,4.908691346645355225e-01,1.810883879661560059e-01,2.919030785560607910e-01,2.876113057136535645e-01,4.797289967536926270e-01,3.788738846778869629e-01,-6.397014856338500977e-02,2.329839468002319336e-01,-6.618270277976989746e-01,-9.135785698890686035e-02,9.352173805236816406e-01,1.177644968032836914e+00,3.596211671829223633e-01,-2.845174074172973633e-02,2.761242985725402832e-01,-1.017919778823852539e+00,1.394665479660034180e+00,-7.332737445831298828e-01,1.714782714843750000e-01,-1.122534275054931641e+00,-4.823029041290283203e-03,-8.215501308441162109e-01,5.165535956621170044e-02,6.408155560493469238e-01,2.263429760932922363e-01,1.164649367332458496e+00,1.001543879508972168e+00,-5.595941096544265747e-03,-4.134988784790039062e-02,2.851722240447998047e-01,2.095966637134552002e-01,-5.007445216178894043e-01,1.053304970264434814e-01,2.178730908781290054e-03,3.581407666206359863e-01,2.473509311676025391e-01,1.952269971370697021e-01,-1.831146478652954102e-01,4.618657231330871582e-01,-1.060404814779758453e-02,-3.290928602218627930e-01,-7.387316226959228516e-01,1.285867094993591309e-01,-1.279618263244628906e+00,7.891772985458374023e-01
-2.019211053848266602e-01,-4.041599333286285400e-01,2.013643980026245117e-01,7.967553138732910156e-01,-1.344160735607147217e-01,3.671546280384063721e-01,-3.003172874450683594e-01,8.079901933670043945e-01,4.559816718101501465e-01,6.776762008666992188e-01,1.188227534294128418e-02,2.590000927448272705e-01,-3.870160579681396484e-01,-1.745116591453552246e+00,-2.514794468879699707e-01,4.033719062805175781e+00,4.294571578502655029e-01,-1.618223309516906738e+00,7.400585412979125977e-01,-1.455892622470855713e-01,-1.571208238601684570e-02,-9.313929080963134766e-02,-6.503084301948547363e-01,-4.222128689289093018e-01,-7.483112812042236328e-01,-2.560619115829467773e-01,1.040910005569458008e+00,3.055106997489929199e-01,-1.531966626644134521e-01,-7.830250263214111328e-02,2.030398249626159668e-01,3.544039726257324219e-01,-1.999527066946029663e-01,-3.864407539367675781e-03,-7.303553223609924316e-01,1.718231439590454102e+00,-3.290677368640899658e-01,3.603829145431518555e-01,-6.463769674301147461e-01,2.389420270919799805e-01,-4.232662916183471680e-01,3.132199496030807495e-02,-6.372135877609252930e-01,-9.500139951705932617e-01,-4.136426448822021484e-01,4.978599548339843750e-01,3.377201035618782043e-03,7.052528858184814453e-02,1.175252199172973633e-01,-6.799709796905517578e-02,3.130425512790679932e-01,-2.350113689899444580e-01,5.860231351107358932e-03,3.458870351314544678e-01,8.012427687644958496e-01,1.209451794624328613e+00,3.191173076629638672e-02,6.179620027542114258e-01,1.553790085017681122e-02,8.693347573280334473e-01,6.567376852035522461e-02,-1.358011960983276367e-01,-1.540448069572448730e-01,2.831026315689086914e-01
-2.136438488960266113e-01,-2.272474616765975952e-01,5.810816287994384766e-01,2.118235826492309570e-01,-1.144936606287956238e-01,-5.598784685134887695e-01,-7.201418876647949219e-01,1.013797521591186523e+00,5.174875259399414062e-04,5.041800737380981445e-01,-6.632143259048461914e-02,4.879972338676452637e-02,-5.715537071228027344e-01,-5.800796747207641602e-01,5.525320172309875488e-01,3.874328136444091797e+00,-2.403566837310791016e-01,-3.691350221633911133e-01,6.638579368591308594e-01,2.517326176166534424e-02,1.930260062217712402e-01,7.807291299104690552e-02,-6.245977878570556641e-01,3.111318945884704590e-01,-3.751360177993774414e-01,8.733808994293212891e-02,-2.355340719223022461e-01,1.410986185073852539e-01,3.362450003623962402e-01,-4.460449218750000000e-01,7.366339564323425293e-01,1.272471547126770020e+00,1.477077007293701172e-01,6.300995349884033203e-01,-8.908208012580871582e-01,-6.306006312370300293e-01,4.251188039779663086e-02,6.246405243873596191e-01,8.644644021987915039e-01,-2.521443367004394531e-01,1.365788578987121582e+00,-5.956531763076782227e-01,-2.504854202270507812e-01,-9.202647209167480469e-02,-4.365890026092529297e-01,-9.657953977584838867e-01,1.950617879629135132e-03,-9.507730007171630859e-01,-1.108089089393615723e-01,-8.165121078491210938e-03,-7.195299863815307617e-01,3.021774291992187500e-01,2.324369270354509354e-03,1.677107810974121094e-01,9.717673063278198242e-01,5.985270142555236816e-01,-2.304196357727050781e-03,1.089951157569885254e+00,6.028695032000541687e-02,2.224411964416503906e-01,2.237215042114257812e-01,2.984012365341186523e-01,-8.113618493080139160e-01,5.351055264472961426e-01
-1.942119598388671875e-01,-6.021102070808410645e-01,1.030426979064941406e+00,4.091970324516296387e-01,-2.092908918857574463e-01,-3.145499825477600098e-01,-8.837077617645263672e-01,-7.940053939819335938e-02,2.331236004829406738e-01,-1.768007278442382812e-01,2.649994492530822754e-01,-3.458231687545776367e-02,-7.357883453369140625e-01,-8.256556987762451172e-01,4.549673497676849365e-01,3.799516677856445312e+00,4.255140721797943115e-01,-7.101809978485107422e-01,1.699901819229125977e-01,-1.031970977783203125e-02,4.276522696018218994e-01,2.322366833686828613e-01,-1.728739738464355469e-01,6.706315279006958008e-01,-7.060329914093017578e-01,-1.224141716957092285e-01,-1.113086938858032227e-01,-2.019166946411132812e-03,8.207069337368011475e-02,4.889872074127197266e-01,-8.965110778808593750e-02,-1.252905607223510742e+00,-4.644727408885955811e-01,8.168652653694152832e-02,-1.022610902786254883e+00,1.514202356338500977e-02,-1.558156907558441162e-01,4.695065617561340332e-01,5.384766459465026855e-01,-6.687867641448974609e-02,2.620089054107666016e-02,2.558386027812957764e-01,-1.596608161926269531e-01,-6.310708522796630859e-01,6.128879189491271973e-01,1.713847517967224121e-01,-7.415484637022018433e-03,-7.759703397750854492e-01,1.914526224136352539e-01,2.503696084022521973e-01,2.712191343307495117e-01,-9.037238359451293945e-02,5.472565535455942154e-03,2.834086418151855469e-01,-2.010509967803955078e-01,8.432236909866333008e-01,3.536945879459381104e-01,8.530214428901672363e-01,-2.349445130676031113e-03,-5.613129138946533203e-01,4.332266449928283691e-01,-2.112592458724975586e-01,-5.769795775413513184e-01,1.129421472549438477e+00
-2.962546348571777344e-01,2.303830087184906006e-01,3.404933810234069824e-01,-6.473380327224731445e-02,-1.137150526046752930e-01,-3.435896635055541992e-01,-9.725455045700073242e-01,4.205822944641113281e-02,-3.031572103500366211e-01,1.419830322265625000e-02,-1.699778437614440918e-02,-3.144985437393188477e-02,2.280051708221435547e-01,-1.364639520645141602e+00,4.903695583343505859e-01,4.407951831817626953e+00,-7.365139722824096680e-01,-1.024522304534912109e+00,1.377205133438110352e+00,3.408702909946441650e-01,1.872587502002716064e-01,3.232108652591705322e-01,5.521416664123535156e-02,1.952304542064666748e-01,2.210787534713745117e-01,-2.186481356620788574e-01,-1.000881195068359375e-01,-1.192960739135742188e-01,1.279726624488830566e-02,6.388170123100280762e-01,5.545597076416015625e-01,2.711033821105957031e-02,-1.380390524864196777e-01,2.332572340965270996e-01,3.899138867855072021e-01,3.047443628311157227e-01,-2.941446304321289062e-01,-8.363000154495239258e-01,-9.745335578918457031e-02,-2.638585567474365234e-01,8.864976167678833008e-01,3.722242116928100586e-01,3.488845825195312500e-01,-2.325232625007629395e-01,8.391567468643188477e-01,-3.912498950958251953e-01,-6.296351552009582520e-03,1.983169913291931152e-01,3.562302887439727783e-01,-1.351329088211059570e-01,-5.191987752914428711e-01,1.217654794454574585e-01,3.001170698553323746e-03,2.656527459621429443e-01,3.424143791198730469e-02,2.051632702350616455e-01,3.830277919769287109e-02,-7.423590421676635742e-01,-1.612097024917602539e-02,-2.540451288223266602e-01,1.874302625656127930e-01,2.429246902465820312e-03,-4.477784037590026855e-01,5.826435089111328125e-01
-2.546943426132202148e-01,-6.291722655296325684e-01,9.167501926422119141e-01,2.545419037342071533e-01,-1.867799758911132812e-01,-1.176651120185852051e-01,-9.242707490921020508e-01,3.449934720993041992e-01,-2.483405470848083496e-01,-2.089655399322509766e-02,2.130575180053710938e-01,-3.747865557670593262e-02,-6.522729396820068359e-01,-4.090948104858398438e-01,5.336513519287109375e-01,4.369256019592285156e+00,-1.158389449119567871e-01,-2.125468969345092773e+00,8.838831186294555664e-01,6.251220703125000000e-01,4.113517999649047852e-01,1.638936251401901245e-01,4.449176788330078125e-02,4.329299628734588623e-01,-7.156858444213867188e-01,-1.979840993881225586e-01,3.560723662376403809e-01,7.140833139419555664e-02,2.152364999055862427e-01,5.884608030319213867e-01,9.622200131416320801e-01,2.812727689743041992e-01,-8.153378963470458984e-02,1.383461952209472656e-01,-1.439581513404846191e-01,3.061569035053253174e-01,-7.244983911514282227e-01,7.658558487892150879e-01,-6.066019535064697266e-01,-5.494319200515747070e-01,1.175062894821166992e+00,-5.248912572860717773e-01,5.934095382690429688e-02,-3.261108398437500000e-01,6.411631107330322266e-01,6.672839522361755371e-01,1.666532270610332489e-02,-8.186606168746948242e-01,7.683521509170532227e-02,3.429963886737823486e-01,1.238495558500289917e-01,-1.865999102592468262e-01,4.858240485191345215e-03,1.793672144412994385e-01,7.828679084777832031e-01,-5.596059560775756836e-02,-3.641182184219360352e-02,-2.962993383407592773e-01,7.822927087545394897e-02,-5.787060260772705078e-01,2.157214879989624023e-01,8.013492822647094727e-02,-8.216217160224914551e-01,7.001029253005981445e-01
-2.499821186065673828e-01,-4.161391556262969971e-01,1.342650651931762695e-01,2.637664079666137695e-01,-2.432948499917984009e-01,-1.993787884712219238e-01,-1.157030344009399414e+00,-4.011161327362060547e-01,-2.096494734287261963e-01,2.531130909919738770e-01,4.249535202980041504e-01,1.187494397163391113e-02,-2.459235191345214844e-01,-8.633753061294555664e-01,2.718799710273742676e-01,3.936805963516235352e+00,-1.294952630996704102e-01,-6.751808524131774902e-01,1.084986567497253418e+00,1.552209615707397461e+00,4.305118322372436523e-01,1.895518004894256592e-01,-4.540736675262451172e-01,3.159538656473159790e-02,1.962441205978393555e-01,4.599429965019226074e-01,-1.696063280105590820e-01,-2.200953960418701172e-01,-1.568257808685302734e-01,1.220629811286926270e+00,4.448722004890441895e-01,-9.290289878845214844e-01,2.015495300292968750e-02,2.758111059665679932e-01,-2.695797681808471680e-01,2.062612771987915039e-02,-7.649201154708862305e-01,-8.124660253524780273e-01,-2.005181312561035156e-01,-3.365941047668457031e-01,1.280841469764709473e+00,1.536020040512084961e-01,-1.128452897071838379e+00,-5.213986635208129883e-01,2.581892609596252441e-01,-2.938283681869506836e-01,3.457159176468849182e-02,1.886260509490966797e-02,-1.330373883247375488e-01,3.514623641967773438e-02,-3.154979944229125977e-01,-1.158286035060882568e-01,5.897049326449632645e-03,3.519780635833740234e-01,1.048925161361694336e+00,3.220274448394775391e-01,-3.526437282562255859e-02,1.175805091857910156e+00,7.525929808616638184e-02,1.377242803573608398e-01,4.140895307064056396e-01,-6.860589385032653809e-01,-1.191790699958801270e-01,4.050947129726409912e-01
-1.996411681175231934e-01,-4.264374077320098877e-01,4.041253328323364258e-01,4.412930011749267578e-01,-1.819887906312942505e-01,-2.478359341621398926e-01,-5.545450448989868164e-01,4.396179914474487305e-01,-1.454861164093017578e-01,6.228146553039550781e-01,2.360100746154785156e-01,-8.398324251174926758e-03,-1.043734550476074219e+00,4.476603269577026367e-01,2.230393886566162109e-01,4.064578533172607422e+00,5.852419137954711914e-02,-4.463804960250854492e-01,2.066220045089721680e-01,7.044645547866821289e-01,2.850599586963653564e-02,-1.928115636110305786e-01,-3.618741035461425781e-02,4.395844340324401855e-01,-1.157125711441040039e+00,2.655278444290161133e-01,-3.494560718536376953e-01,4.030984044075012207e-01,8.966729044914245605e-02,8.412052989006042480e-01,9.214242100715637207e-01,-1.754218339920043945e-01,-3.854560554027557373e-01,6.049174070358276367e-02,-1.379883289337158203e-01,3.694228231906890869e-01,3.485827445983886719e-01,-7.155179977416992188e-01,-1.705110788345336914e+00,1.052222728729248047e+00,-1.832878589630126953e-01,3.018440008163452148e-01,-7.046045064926147461e-01,-9.502413272857666016e-01,5.079364776611328125e-02,1.021848678588867188e+00,1.537386327981948853e-03,-3.363021612167358398e-01,-1.017545461654663086e-01,2.793988883495330811e-01,2.294482886791229248e-01,-1.834467053413391113e-01,6.244926713407039642e-03,2.711011171340942383e-01,6.600854992866516113e-01,5.183181762695312500e-01,1.214450001716613770e-01,1.903207778930664062e+00,7.055357843637466431e-02,1.470133066177368164e-01,6.110364794731140137e-01,4.872332811355590820e-01,-1.044113159179687500e+00,-3.629317879676818848e-01
-1.598790436983108521e-01,1.129763871431350708e-01,6.090928912162780762e-01,3.341586589813232422e-01,-1.071459800004959106e-01,-3.498476743698120117e-02,-6.431407928466796875e-01,1.552021384239196777e+00,-5.284472703933715820e-01,1.408946514129638672e-02,6.001600623130798340e-02,9.651581943035125732e-02,-1.012594223022460938e+00,-1.384556293487548828e+00,-6.150603294372558594e-04,4.412685871124267578e+00,-1.952910423278808594e-02,-9.361317157745361328e-01,-6.423687934875488281e-02,4.058234691619873047e-01,2.644760012626647949e-01,-8.822692930698394775e-02,-1.266832947731018066e-01,5.503940582275390625e-01,-8.212339878082275391e-02,-6.108003854751586914e-02,-4.425157308578491211e-01,-2.814930081367492676e-01,1.304183453321456909e-01,1.314805626869201660e+00,5.467864274978637695e-01,-3.295898437500000000e-01,-2.675451636314392090e-01,1.470278799533843994e-01,2.018487453460693359e-01,3.634738028049468994e-01,-4.666878283023834229e-02,8.149622678756713867e-01,1.352691650390625000e-01,-2.212619781494140625e-01,-1.172052621841430664e-01,5.330056548118591309e-01,-7.171479463577270508e-01,6.156198978424072266e-01,-4.895361661911010742e-01,5.224972963333129883e-02,6.673308089375495911e-03,-6.032687425613403320e-01,1.759279370307922363e-01,1.724798679351806641e-01,-2.821076288819313049e-02,-5.290413498878479004e-01,7.233380805701017380e-03,1.801332831382751465e-01,-6.202428340911865234e-01,8.794087171554565430e-02,4.050212800502777100e-01,-4.029591083526611328e-01,5.930155143141746521e-02,-5.266213417053222656e-01,6.021502017974853516e-01,-1.169167160987854004e-01,7.199227809906005859e-02,3.551741540431976318e-01
-2.341654300689697266e-01,-1.906374096870422363e-01,2.379285693168640137e-01,6.288826465606689453e-02,-1.915242373943328857e-01,-3.333125114440917969e-01,2.699896097183227539e-01,4.257459640502929688e-01,2.033365666866302490e-01,-1.266885995864868164e-01,2.335395663976669312e-01,-8.260080218315124512e-02,-7.837064266204833984e-01,-1.408929824829101562e-01,4.937340915203094482e-01,4.069644927978515625e+00,-1.550666093826293945e-01,-6.564801931381225586e-02,1.129989743232727051e+00,-7.422062158584594727e-01,3.226426839828491211e-01,2.579452395439147949e-01,-3.197771906852722168e-01,8.075175285339355469e-01,-2.599275112152099609e-01,-1.995078325271606445e-01,3.040277957916259766e-02,-6.112514138221740723e-01,1.402818411588668823e-01,-1.467908143997192383e+00,2.497767806053161621e-01,9.515762329101562500e-02,-1.513618230819702148e-02,1.657658815383911133e-01,-7.845699191093444824e-01,-4.271823763847351074e-01,-6.190483570098876953e-01,5.413416624069213867e-01,-4.619269371032714844e-01,2.625454664230346680e-01,-7.930252552032470703e-01,-4.468713104724884033e-01,1.429140567779541016e-01,-7.254344224929809570e-01,1.298926830291748047e+00,2.522480487823486328e-01,-1.466993987560272217e-02,-2.741780281066894531e-01,2.331336140632629395e-01,2.146521508693695068e-01,-2.621005773544311523e-01,-3.090721368789672852e-02,3.320965915918350220e-03,2.896194756031036377e-01,-3.663667440414428711e-01,5.362612009048461914e-01,4.260003566741943359e-02,1.120868563652038574e+00,-1.593680866062641144e-02,8.859713673591613770e-01,9.412111043930053711e-01,2.466556131839752197e-01,-7.293391227722167969e-01,8.550076484680175781e-01
-2.160084545612335205e-01,3.672263622283935547e-01,-7.012951374053955078e-02,2.128844112157821655e-01,-1.417315900325775146e-01,1.445504724979400635e-01,-6.734230518341064453e-01,4.094370007514953613e-01,5.609474778175354004e-01,4.399073123931884766e-02,7.903259992599487305e-02,-1.891946792602539062e-02,-4.532371759414672852e-01,1.841630935668945312e-01,1.124096214771270752e-01,4.343389034271240234e+00,-1.921430230140686035e-01,-9.645054936408996582e-01,5.703764557838439941e-01,4.439545273780822754e-01,4.129181057214736938e-02,6.452181935310363770e-02,-9.508728981018066406e-04,-2.897608578205108643e-01,-3.823385238647460938e-01,-4.066876173019409180e-01,1.991486549377441406e-02,-1.544530391693115234e-01,-2.323344349861145020e-01,1.600978732109069824e+00,8.400202989578247070e-01,-6.009616851806640625e-01,-3.669776320457458496e-01,-1.579698920249938965e-01,-1.010401248931884766e-01,-2.652584910392761230e-01,5.526919364929199219e-01,2.162767648696899414e-01,6.940162181854248047e-02,1.480619907379150391e-01,-8.902823925018310547e-02,6.403582096099853516e-01,-4.574099779129028320e-01,1.607199907302856445e-01,-2.255109548568725586e-01,-5.578961372375488281e-01,3.586709499359130859e-03,-1.188858747482299805e-01,3.409582078456878662e-01,4.096820056438446045e-01,3.414192497730255127e-01,-5.947284698486328125e-01,7.453304715454578400e-03,3.348193168640136719e-01,-3.893498182296752930e-01,7.679944038391113281e-01,2.532429695129394531e-01,-4.286379814147949219e-01,-1.487967185676097870e-02,-8.679816722869873047e-01,-3.546702861785888672e-02,-5.316722989082336426e-01,-4.628546237945556641e-01,5.788418650627136230e-01
-1.999395191669464111e-01,2.281841635704040527e-02,7.661565542221069336e-01,2.326832115650177002e-01,-2.067117094993591309e-01,-2.568447589874267578e-02,1.467649936676025391e-01,2.614219188690185547e-01,9.280538558959960938e-02,6.528270244598388672e-02,2.081440538167953491e-01,3.470844030380249023e-02,-1.049969911575317383e+00,-3.840738534927368164e-01,1.862529218196868896e-01,4.380673408508300781e+00,-1.654773950576782227e-02,-1.455665230751037598e-01,7.532815933227539062e-01,1.003709621727466583e-02,3.027883768081665039e-01,1.192292869091033936e-01,1.067481040954589844e-01,1.257884502410888672e-01,-3.192200660705566406e-01,-3.307977318763732910e-01,5.049545168876647949e-01,-1.460055708885192871e-01,-7.114127278327941895e-02,1.586873531341552734e-01,1.641318202018737793e-01,-7.603836059570312500e-02,2.678431272506713867e-01,1.209858059883117676e-01,-2.380503416061401367e-01,4.974871873855590820e-02,-7.569535970687866211e-01,-1.417541265487670898e+00,-7.261632680892944336e-01,5.814395546913146973e-01,1.009121656417846680e+00,4.424429237842559814e-01,4.175034165382385254e-01,-2.176332473754882812e-01,-7.878738641738891602e-02,1.013268470764160156e+00,3.229228779673576355e-03,1.766807436943054199e-01,-1.145474314689636230e-01,-4.087309837341308594e-01,1.092543751001358032e-01,-8.776426315307617188e-02,3.406926058232784271e-03,3.359550535678863525e-01,1.957899332046508789e-01,5.110076665878295898e-01,-1.002435088157653809e-01,-4.535073041915893555e-02,4.099956899881362915e-02,-3.202880024909973145e-01,-1.721571087837219238e-01,2.798423469066619873e-01,2.640664577484130859e-03,-4.071974754333496094e-02
-3.166352808475494385e-01,1.729519665241241455e-01,4.185367226600646973e-01,-4.867273569107055664e-02,-1.715829372406005859e-01,-7.366538047790527344e-02,-2.818055152893066406e-01,7.905548214912414551e-01,5.431784391403198242e-01,-6.503343582153320312e-03,1.751013994216918945e-01,9.255760908126831055e-02,-7.409315109252929688e-01,-4.248512983322143555e-01,4.868214726448059082e-01,4.740396022796630859e+00,-2.505564689636230469e-01,-9.307317733764648438e-01,1.436909437179565430e-01,5.948784947395324707e-01,1.443761587142944336e-02,3.646689057350158691e-01,-1.102364063262939453e-01,-1.015369892120361328e-01,-5.612349510192871094e-02,3.334838747978210449e-01,8.222092986106872559e-01,-6.548160910606384277e-01,1.263201832771301270e-01,-1.236998558044433594e+00,1.219288349151611328e+00,-2.499426603317260742e-01,-5.585744976997375488e-02,1.439871191978454590e-01,-4.352048635482788086e-01,-4.175651669502258301e-01,1.706066429615020752e-01,3.059180378913879395e-01,7.365126609802246094e-01,-1.346404552459716797e-01,1.253281831741333008e-01,-5.684423446655273438e-01,7.181471586227416992e-01,2.245438098907470703e-02,-4.142366647720336914e-01,9.908837080001831055e-02,-1.653369888663291931e-02,-2.425347566604614258e-01,-1.092081665992736816e-01,2.562952339649200439e-01,-5.143125355243682861e-02,2.335073649883270264e-01,2.161426004022359848e-03,2.660564184188842773e-01,1.690636873245239258e-01,4.301305711269378662e-01,1.740007400512695312e-01,-6.114544868469238281e-01,2.203576080501079559e-02,-1.116019248962402344e+00,8.050980567932128906e-01,6.047773361206054688e-01,-9.279267191886901855e-01,3.467774987220764160e-01
-2.094667106866836548e-01,4.814833402633666992e-02,-3.448590040206909180e-01,3.996592760086059570e-02,-1.631225347518920898e-01,1.416492462158203125e-01,-3.469444513320922852e-01,-1.130037307739257812e+00,-1.423643231391906738e-01,1.958872079849243164e-01,1.630170494318008423e-01,6.334584951400756836e-02,-2.385336160659790039e-01,-3.860765695571899414e-01,-3.101626038551330566e-02,4.454220771789550781e+00,-3.215839266777038574e-01,-1.623439788818359375e-01,1.110471725463867188e+00,-4.004375338554382324e-01,3.068290352821350098e-01,6.554982066154479980e-02,5.414235591888427734e-02,-4.984947741031646729e-01,3.263473510742187500e-01,2.248906493186950684e-01,-6.619358062744140625e-02,-1.894930601119995117e-01,7.858693599700927734e-02,7.858622074127197266e-02,-6.586004495620727539e-01,8.473180532455444336e-01,4.687558412551879883e-01,4.847415685653686523e-01,-3.289982676506042480e-01,3.640571236610412598e-01,-4.588387906551361084e-01,-2.630453109741210938e-01,-8.158392906188964844e-01,-5.086168050765991211e-01,9.533258676528930664e-01,-1.233597248792648315e-01,8.325352668762207031e-01,5.744272470474243164e-01,4.128599166870117188e-01,5.295578837394714355e-01,2.524343132972717285e-02,-2.494518756866455078e-01,-1.002234220504760742e-01,-2.614915966987609863e-01,-4.358603954315185547e-01,-1.324462592601776123e-01,5.152486264705657959e-03,1.430935561656951904e-01,-7.253104448318481445e-01,8.772641420364379883e-02,-2.240069508552551270e-01,-3.629343509674072266e-01,6.314952671527862549e-02,1.332818984985351562e+00,-4.920902848243713379e-01,3.859326839447021484e-01,8.427979052066802979e-02,4.457497596740722656e-01
-3.113768696784973145e-01,2.790977060794830322e-01,1.496261358261108398e-01,-1.626825332641601562e-01,-2.239189445972442627e-01,1.070435047149658203e-01,-7.407097816467285156e-01,-3.878737688064575195e-01,3.710148632526397705e-01,3.129547834396362305e-02,2.393623292446136475e-01,6.280481815338134766e-02,-1.012301921844482422e+00,-7.312568426132202148e-01,5.154486298561096191e-01,4.649187564849853516e+00,-4.098124504089355469e-01,-2.306010723114013672e-01,5.743341445922851562e-01,5.061217546463012695e-01,2.190174460411071777e-01,3.575535714626312256e-01,2.108147740364074707e-01,-2.629721462726593018e-01,-9.433329105377197266e-02,1.640600562095642090e-01,-3.460370302200317383e-01,-3.351880908012390137e-01,-8.009219169616699219e-02,-2.610299587249755859e-01,1.034526586532592773e+00,-9.409141540527343750e-02,-1.848050653934478760e-01,1.462032496929168701e-01,-2.985858917236328125e-02,-3.886854052543640137e-01,-8.053188323974609375e-01,-2.091612815856933594e-01,1.311589479446411133e-01,1.611270308494567871e-01,9.400956630706787109e-01,3.453553915023803711e-01,5.277314186096191406e-01,-4.555506706237792969e-01,-1.019322872161865234e-02,6.154925227165222168e-01,5.485357716679573059e-03,-1.926970481872558594e-02,-3.805649280548095703e-02,-1.038140058517456055e-01,2.618474066257476807e-01,-3.623282909393310547e-02,4.329579882323741913e-03,4.624279141426086426e-01,-3.154164552688598633e-01,6.387038230895996094e-01,-2.547907829284667969e-02,3.850673437118530273e-01,3.627948090434074402e-02,-2.276750802993774414e-01,1.868348717689514160e-01,8.782503604888916016e-01,-9.003882408142089844e-01,-1.081036329269409180e-01
-2.772181630134582520e-01,7.056701183319091797e-02,2.543364763259887695e-01,4.264777898788452148e-02,-2.371962070465087891e-01,1.024505496025085449e-01,-3.275936841964721680e-01,2.186146974563598633e-01,5.017201304435729980e-01,1.031935214996337891e-03,5.840626358985900879e-02,-3.606730699539184570e-02,-6.541044712066650391e-01,-1.269712209701538086e+00,4.954609274864196777e-01,4.182297229766845703e+00,-1.175010204315185547e-01,-1.509422063827514648e-01,3.742505311965942383e-01,5.592911243438720703e-01,4.044829010963439941e-01,3.518255352973937988e-01,-1.145826578140258789e-01,-1.779495179653167725e-01,7.899737358093261719e-02,-8.116239309310913086e-02,-5.629312992095947266e-02,6.463438272476196289e-02,2.239379286766052246e-02,-4.938900470733642578e-02,5.431685447692871094e-01,-5.104705095291137695e-01,1.858355998992919922e-01,1.125302016735076904e-01,-1.217933654785156250e+00,6.566647291183471680e-01,-4.475865066051483154e-01,4.782338142395019531e-01,6.116809844970703125e-01,-2.642447948455810547e-01,3.464269042015075684e-01,4.215024039149284363e-02,1.706373691558837891e-01,1.586996316909790039e-01,-7.780516743659973145e-01,-4.114074707031250000e-01,1.000442728400230408e-02,-2.165023088455200195e-01,2.094772458076477051e-01,3.936114609241485596e-01,2.252096235752105713e-01,-2.806737720966339111e-01,2.589913085103034973e-03,4.174939095973968506e-01,-9.587972164154052734e-01,6.534253358840942383e-01,-6.995904445648193359e-02,-8.295476436614990234e-01,-9.854826144874095917e-03,-6.776831150054931641e-01,1.408975720405578613e-01,-1.889169216156005859e-02,-2.159182429313659668e-01,9.351277947425842285e-01
-2.731841206550598145e-01,-2.658548057079315186e-01,6.563602685928344727e-01,3.763308823108673096e-01,-2.064150869846343994e-01,-2.683323621749877930e-01,-4.676393270492553711e-01,-7.454054355621337891e-01,4.821881353855133057e-01,1.285916566848754883e-01,3.282269239425659180e-01,3.411062359809875488e-01,1.864497661590576172e-01,-1.081480264663696289e+00,3.443115949630737305e-01,4.410180091857910156e+00,-3.275139331817626953e-01,-5.409368276596069336e-01,6.198055148124694824e-01,3.708640336990356445e-01,3.241857290267944336e-01,1.981693208217620850e-01,-4.197171926498413086e-01,-6.424828767776489258e-01,3.170359730720520020e-01,6.983258128166198730e-01,3.833833932876586914e-01,1.550061106681823730e-01,7.460893690586090088e-02,-4.215189218521118164e-01,-3.852856159210205078e-02,-5.955808162689208984e-01,-2.689735293388366699e-01,3.903438448905944824e-01,-1.113339543342590332e+00,5.033861398696899414e-01,1.398018002510070801e-01,-5.914014577865600586e-01,-6.374506950378417969e-01,1.028949379920959473e+00,-1.108988285064697266e+00,-9.116335213184356689e-02,-7.284108996391296387e-01,-9.591110348701477051e-01,-2.181189060211181641e-01,-9.740763902664184570e-02,1.454930938780307770e-02,-5.709006786346435547e-01,2.903605997562408447e-01,-1.668920516967773438e-01,-1.227280944585800171e-01,4.864790737628936768e-01,3.782964311540126801e-03,3.219148516654968262e-01,2.908524274826049805e-01,8.156584501266479492e-01,3.731414973735809326e-01,3.903179764747619629e-01,5.493632704019546509e-02,2.947955727577209473e-01,4.365799129009246826e-01,-6.221574544906616211e-01,-1.560404002666473389e-01,6.723071634769439697e-02
-3.009734451770782471e-01,-4.747381508350372314e-01,3.033449649810791016e-01,-1.301158666610717773e-01,-2.437771558761596680e-01,-1.695116758346557617e-01,-2.805142402648925781e-01,4.037045240402221680e-01,8.667606115341186523e-02,4.928752183914184570e-01,1.112902015447616577e-01,5.866071581840515137e-02,-5.892121791839599609e-01,6.943383216857910156e-01,2.705014348030090332e-01,4.550720214843750000e+00,2.827817201614379883e-01,-1.743178367614746094e-01,-2.209825515747070312e-01,2.216015607118606567e-01,-3.620888292789459229e-02,4.436769187450408936e-01,3.842866420745849609e-01,5.064429342746734619e-02,-9.308477640151977539e-01,-5.805587768554687500e-02,2.870251536369323730e-01,-5.142614841461181641e-01,-5.612677335739135742e-02,-7.191455364227294922e-01,7.371904253959655762e-01,9.731590747833251953e-02,-9.100029617547988892e-02,9.455525875091552734e-02,6.168162822723388672e-01,-7.719510793685913086e-02,-6.816774606704711914e-02,6.591935157775878906e-01,-7.103761434555053711e-01,8.235138654708862305e-02,9.010198116302490234e-01,-9.267937541007995605e-01,-3.075706958770751953e-02,3.445941209793090820e-02,-4.242368936538696289e-01,-8.286530971527099609e-01,-1.578892767429351807e-02,-2.523977756500244141e-01,4.368980228900909424e-01,5.993885993957519531e-01,1.604653149843215942e-01,-6.285874843597412109e-01,3.971984609961509705e-03,2.829504907131195068e-01,3.933985233306884766e-01,1.145844221115112305e+00,9.200114011764526367e-02,1.011815190315246582e+00,-3.802331537008285522e-02,8.168137073516845703e-02,8.091520071029663086e-01,2.368715405464172363e-01,-1.305936098098754883e+00,5.653427839279174805e-01
-1.715501248836517334e-01,-1.517293602228164673e-01,7.918834686279296875e-01,-2.289354801177978516e-03,-1.095563471317291260e-01,-1.212209463119506836e-01,-4.299911260604858398e-01,-9.994149208068847656e-02,-6.427747011184692383e-02,2.901228070259094238e-01,7.011720538139343262e-02,3.758740425109863281e-02,1.095712184906005859e-02,5.619812607765197754e-01,5.776977539062500000e-02,4.585931301116943359e+00,1.394810080528259277e-01,-1.705296039581298828e-01,5.033635497093200684e-01,-7.437410950660705566e-02,9.438797086477279663e-02,2.295451760292053223e-01,-3.394099473953247070e-01,-1.882472932338714600e-01,-1.003841876983642578e+00,-1.356072425842285156e-01,-4.947572946548461914e-01,-7.554912567138671875e-02,-2.054858207702636719e-02,-3.059375286102294922e-02,4.598432183265686035e-01,-1.955156326293945312e-01,-4.340769648551940918e-01,-2.013486623764038086e-02,-9.358257055282592773e-02,6.026377081871032715e-01,2.398547530174255371e-02,1.014209508895874023e+00,-1.108023166656494141e+00,3.365512490272521973e-01,3.051745891571044922e-02,1.883595287799835205e-01,-6.329200267791748047e-01,-7.899630069732666016e-02,9.080362319946289062e-02,-2.571140527725219727e-01,-8.790686726570129395e-03,5.794692039489746094e-02,-3.221082687377929688e-02,1.569026112556457520e-01,-9.579665958881378174e-02,-2.802710831165313721e-01,7.098282687366008759e-03,2.010563313961029053e-01,5.506846904754638672e-01,4.184937179088592529e-01,1.728834509849548340e-01,2.098878622055053711e-01,-3.155378997325897217e-02,1.232464194297790527e+00,-5.639134645462036133e-01,-4.843806028366088867e-01,-7.282831668853759766e-01,1.046031951904296875e+00
-2.200173586606979370e-01,-1.684913635253906250e-01,1.253322124481201172e+00,1.196006834506988525e-01,-1.108790785074234009e-01,-6.137704849243164062e-02,-5.187048912048339844e-01,-5.491527318954467773e-01,-1.673529744148254395e-01,2.743430733680725098e-01,7.874251902103424072e-02,2.118670493364334106e-01,6.373051404953002930e-01,-2.054562568664550781e+00,-6.335711479187011719e-02,3.724866390228271484e+00,-3.588521480560302734e-02,-8.195564746856689453e-01,1.192398667335510254e-01,2.102651149034500122e-01,-1.529233753681182861e-01,-1.056321114301681519e-01,-3.676736950874328613e-01,-7.909032702445983887e-02,-9.824808239936828613e-01,5.581794977188110352e-01,-5.124711990356445312e-02,1.992973089218139648e-01,3.484070301055908203e-02,-7.616629600524902344e-01,-4.986096620559692383e-01,-1.202232003211975098e+00,-4.214264154434204102e-01,3.223692476749420166e-01,1.158529758453369141e+00,1.588080286979675293e+00,5.478874444961547852e-01,6.831851005554199219e-01,4.313974976539611816e-01,1.334838867187500000e+00,9.647715687751770020e-01,-4.945085644721984863e-01,-9.744557142257690430e-01,-5.336539149284362793e-01,-6.047523021697998047e-01,-8.578003644943237305e-01,1.193719916045665741e-02,-4.298031330108642578e-02,9.125769138336181641e-02,-2.903540730476379395e-01,-7.610528171062469482e-02,1.145925521850585938e-01,6.383975036442279816e-03,1.784465610980987549e-01,5.773715376853942871e-01,1.692008256912231445e+00,5.805382728576660156e-01,2.992280125617980957e-01,3.165736794471740723e-02,6.146012544631958008e-01,2.115515470504760742e-01,-1.031156539916992188e+00,-4.216687679290771484e-01,3.732376694679260254e-01
-9.184957295656204224e-02,-1.002817392349243164e+00,8.974229693412780762e-01,6.207613348960876465e-01,-1.978932619094848633e-01,7.773351669311523438e-02,1.974892616271972656e-02,-9.734251499176025391e-01,-9.412050247192382812e-02,3.720415830612182617e-01,1.580148935317993164e-01,2.915076017379760742e-01,-6.123352050781250000e-02,1.462772488594055176e-01,3.033730685710906982e-01,4.186370849609375000e+00,-7.991904020309448242e-01,1.203297138214111328e+00,6.585704088211059570e-01,8.576896786689758301e-02,2.481092363595962524e-01,-4.444130510091781616e-02,-1.409487128257751465e-01,-9.108420610427856445e-01,-2.472319602966308594e-01,5.174487829208374023e-02,3.151523470878601074e-01,4.393010139465332031e-01,-1.012432873249053955e-01,-6.035360097885131836e-01,2.073293924331665039e-02,-1.265961170196533203e+00,-3.028661012649536133e-01,5.231524705886840820e-01,7.729833722114562988e-01,6.121806502342224121e-01,-2.284667193889617920e-01,-3.286706209182739258e-01,-1.111959815025329590e+00,1.037700533866882324e+00,9.074819087982177734e-01,1.552290841937065125e-02,-5.828500390052795410e-01,-6.292239427566528320e-01,-1.874629259109497070e-01,5.118012428283691406e-02,1.099115796387195587e-02,-6.374878883361816406e-01,-1.676882505416870117e-01,-1.898808479309082031e-01,-4.958731532096862793e-01,-1.695955395698547363e-01,4.644063301384449005e-03,1.542540192604064941e-01,1.563433408737182617e-01,8.743316531181335449e-01,2.539636492729187012e-01,-3.003371953964233398e-01,1.038901135325431824e-02,9.042611122131347656e-01,8.721155524253845215e-01,-2.800322771072387695e-01,1.394295841455459595e-01,-8.119231462478637695e-01
-3.316496014595031738e-01,-5.778262019157409668e-02,-6.007379293441772461e-01,-3.022691905498504639e-01,-1.934427320957183838e-01,-2.829244136810302734e-01,-2.737388610839843750e-01,2.588306427001953125e+00,3.773008584976196289e-01,6.302624940872192383e-02,1.714404523372650146e-01,-2.469020038843154907e-01,-7.698598504066467285e-01,8.215410709381103516e-01,4.633624851703643799e-01,2.739984273910522461e+00,4.313418269157409668e-02,-5.020203590393066406e-01,4.295102953910827637e-01,3.666314482688903809e-01,2.112089246511459351e-01,3.154264986515045166e-01,8.959643244743347168e-01,-9.280953556299209595e-03,6.482086777687072754e-01,-8.224803209304809570e-02,2.776736021041870117e-01,-7.264822721481323242e-02,1.263602674007415771e-01,1.478093028068542480e+00,1.757450342178344727e+00,1.803710460662841797e+00,-8.160315454006195068e-02,6.952062249183654785e-02,-1.511141180992126465e+00,-1.589637517929077148e+00,-6.229064464569091797e-01,6.849755048751831055e-01,4.555941224098205566e-01,-1.314811825752258301e+00,-1.172348976135253906e+00,-6.411501169204711914e-01,4.943452477455139160e-01,9.491835832595825195e-01,-1.680850386619567871e-01,-1.238506317138671875e+00,2.114320173859596252e-03,-5.629998445510864258e-01,9.234041571617126465e-01,8.359221816062927246e-01,-3.117425441741943359e-01,2.244571149349212646e-01,4.601479507982730865e-03,4.309224486351013184e-01,-4.940589666366577148e-01,-1.560668945312500000e-01,-5.130529403686523438e-03,-5.187719464302062988e-01,2.389928884804248810e-02,-1.877615690231323242e+00,-6.726516485214233398e-01,8.118057250976562500e-01,-1.033628463745117188e+00,8.251548409461975098e-01
-1.818077862262725830e-01,3.438941836357116699e-01,-1.808190345764160156e-02,-1.052837073802947998e-01,-2.082431912422180176e-01,-3.311534523963928223e-01,-3.922760486602783203e-01,-5.724921226501464844e-01,9.042501449584960938e-03,3.242483139038085938e-01,9.045103192329406738e-02,-1.697960495948791504e-02,4.873178005218505859e-01,-1.069074988365173340e+00,2.612017691135406494e-01,3.951361656188964844e+00,2.972795069217681885e-01,-1.545008420944213867e+00,-7.599008083343505859e-02,-2.326235473155975342e-01,2.440980970859527588e-01,1.508744955062866211e-01,-6.042379140853881836e-01,4.443667531013488770e-01,-6.877836585044860840e-01,-5.133663415908813477e-01,1.185086965560913086e-01,-1.017004251480102539e-01,9.046876430511474609e-02,-1.760985851287841797e-01,4.903908371925354004e-01,-4.788216352462768555e-01,-1.518992185592651367e-01,6.268748641014099121e-02,3.857846260070800781e-01,1.768448650836944580e-01,3.708357214927673340e-01,-1.355736255645751953e-01,1.651284694671630859e+00,8.673127889633178711e-01,1.058642148971557617e+00,-5.316917896270751953e-01,-5.430545806884765625e-01,-2.090405821800231934e-01,-6.631559133529663086e-02,-7.778631448745727539e-01,-1.812263578176498413e-02,1.727050542831420898e-01,5.914438962936401367e-01,4.219101071357727051e-01,2.359519898891448975e-01,-2.925756573677062988e-01,5.126472096890211105e-03,1.586875617504119873e-01,5.438159108161926270e-01,1.318718194961547852e+00,1.951751112937927246e-01,-2.697104215621948242e-01,2.013739664107561111e-03,6.535178422927856445e-02,-1.333684325218200684e-01,3.008365631103515625e-03,-7.723790407180786133e-01,1.070230484008789062e+00
-2.234671264886856079e-01,-3.888669013977050781e-01,-7.466143369674682617e-02,7.502186894416809082e-01,-1.151977553963661194e-01,7.167263627052307129e-01,-2.170904874801635742e-01,-1.504361629486083984e+00,8.310066461563110352e-01,8.778786659240722656e-02,2.495692670345306396e-02,2.833647429943084717e-01,5.150239467620849609e-01,-1.781045436859130859e+00,8.511829376220703125e-02,3.008562564849853516e+00,-7.718521952629089355e-01,-1.741449713706970215e+00,1.508730173110961914e+00,-6.738643646240234375e-01,-1.846366822719573975e-01,-2.197183668613433838e-01,-4.097992181777954102e-01,-9.508107900619506836e-01,-2.743937969207763672e-01,7.697356343269348145e-01,4.905528426170349121e-01,6.357903480529785156e-01,-3.536751866340637207e-02,-3.547538518905639648e-01,-7.622092962265014648e-01,-5.605614185333251953e-02,-3.260884284973144531e-01,-1.253309845924377441e-02,-2.472715377807617188e-01,4.097740352153778076e-01,2.126063108444213867e-01,-1.009815692901611328e+00,-1.606755256652832031e-01,1.121214628219604492e+00,3.231266438961029053e-01,7.145633101463317871e-01,-3.064372539520263672e-01,-1.412188887596130371e+00,8.152842521667480469e-02,1.127966493368148804e-01,3.075641579926013947e-02,-3.261648416519165039e-01,-1.298464536666870117e-01,-1.314728856086730957e-01,2.077940702438354492e-01,1.884026527404785156e-01,6.652512121945619583e-03,4.165491461753845215e-01,4.757851362228393555e-02,8.861026763916015625e-01,1.779603660106658936e-01,9.676751494407653809e-01,2.535898238420486450e-02,1.201178193092346191e+00,9.309744834899902344e-01,-7.866425514221191406e-01,5.034657120704650879e-01,-5.864556431770324707e-01
-3.211484551429748535e-01,1.500883698463439941e-02,-4.340671300888061523e-01,-3.136125504970550537e-01,-1.796333491802215576e-01,-4.355305433273315430e-02,-1.001370787620544434e+00,1.124469757080078125e+00,4.318838119506835938e-01,9.126794338226318359e-02,1.517459303140640259e-01,-1.028498411178588867e-01,-1.603575944900512695e-01,4.434973001480102539e-01,4.218601882457733154e-01,3.756705284118652344e+00,-1.369636058807373047e-01,-4.131504893302917480e-01,8.235265016555786133e-01,5.289301872253417969e-01,1.324531584978103638e-01,5.023352503776550293e-01,9.579662084579467773e-01,-5.671882629394531250e-02,1.185534596443176270e-01,-1.169414520263671875e-01,-1.592242717742919922e-01,-1.102412104606628418e+00,1.705623120069503784e-01,1.143234729766845703e+00,7.452288866043090820e-01,2.155709266662597656e-01,-1.976623684167861938e-01,1.645218729972839355e-01,-1.251102328300476074e+00,-2.023754119873046875e-01,3.808156251907348633e-01,4.718754887580871582e-01,5.923711061477661133e-01,4.050140976905822754e-01,-1.557181000709533691e+00,-4.825351387262344360e-02,4.057825207710266113e-01,8.654808402061462402e-01,4.582784175872802734e-01,-8.054304122924804688e-02,-5.653470754623413086e-03,-3.085426092147827148e-01,4.186180233955383301e-01,4.612495303153991699e-01,-1.083122730255126953e+00,3.013344109058380127e-02,4.716521594673395157e-03,4.104479253292083740e-01,-1.983463764190673828e-02,-2.718567848205566406e-01,4.006558656692504883e-02,6.999219655990600586e-01,7.054963707923889160e-02,9.156277775764465332e-01,-8.505384325981140137e-01,1.235704421997070312e-01,-1.628734588623046875e+00,6.797612309455871582e-01
-3.079415857791900635e-01,-2.666578888893127441e-01,-1.629256010055541992e-01,1.970477551221847534e-01,-2.537485361099243164e-01,1.951469779014587402e-01,-8.944911956787109375e-01,4.270746707916259766e-01,3.433895111083984375e-01,4.801690578460693359e-03,3.611085116863250732e-01,1.778215616941452026e-01,-4.560173749923706055e-01,3.969725966453552246e-01,3.061951696872711182e-01,4.191738605499267578e+00,-3.531992435455322266e-02,2.892259359359741211e-01,1.380774855613708496e+00,8.370015025138854980e-01,-8.586467802524566650e-02,2.765125036239624023e-01,5.133846402168273926e-01,6.088687181472778320e-01,7.161180973052978516e-01,8.414584398269653320e-01,8.579468727111816406e-02,1.589664816856384277e-01,-1.592063903808593750e-02,1.131322741508483887e+00,-5.271594524383544922e-01,2.722256183624267578e-01,7.781288027763366699e-02,1.848687529563903809e-01,-1.030647754669189453e+00,4.454237222671508789e-01,-1.219525098800659180e+00,-7.307256460189819336e-01,-1.585292100906372070e+00,-5.037837028503417969e-01,-4.748734235763549805e-01,1.425730288028717041e-01,-1.859612464904785156e-01,2.053761482238769531e-02,-5.212951302528381348e-01,4.701240062713623047e-01,3.862764313817024231e-02,-5.884193181991577148e-01,6.310522556304931641e-02,3.110969662666320801e-01,-6.697863340377807617e-01,5.700573325157165527e-02,6.631278432905673981e-03,4.100565612316131592e-01,-1.146387577056884766e+00,-6.393159031867980957e-01,1.910880506038665771e-01,5.615687370300292969e-01,8.597746491432189941e-02,-4.254025220870971680e-02,-3.220095634460449219e-01,-3.947224020957946777e-01,6.883531808853149414e-03,-3.870046734809875488e-01
-3.219435811042785645e-01,6.538578867912292480e-01,6.442213058471679688e-02,2.136453092098236084e-01,-2.618218064308166504e-01,-7.315009832382202148e-02,-1.319438099861145020e+00,9.134943485260009766e-01,1.910111010074615479e-01,1.664802432060241699e-01,3.248880505561828613e-01,-7.897067070007324219e-02,1.631857156753540039e-01,-5.598008632659912109e-02,3.166679739952087402e-01,4.484613418579101562e+00,1.337617039680480957e-01,-5.068887472152709961e-01,7.155085802078247070e-01,1.418988257646560669e-01,-2.676245570182800293e-02,1.155393570661544800e-01,2.990854382514953613e-01,3.241927623748779297e-01,-5.532574653625488281e-01,1.935740113258361816e-01,-5.071523189544677734e-01,-2.529581785202026367e-01,2.913370430469512939e-01,1.971989870071411133e-01,-4.921420812606811523e-01,-3.299657106399536133e-01,-3.305838108062744141e-01,-1.452209353446960449e-01,-8.985002636909484863e-01,7.747310400009155273e-02,2.692311108112335205e-01,1.229349374771118164e-01,-1.239731311798095703e-01,-6.299575567245483398e-01,1.132382869720458984e+00,3.585233092308044434e-01,-1.117843151092529297e+00,2.187911272048950195e-01,-5.187380313873291016e-02,4.284083843231201172e-02,1.274208165705204010e-02,-5.571647882461547852e-01,2.182816267013549805e-01,4.338012635707855225e-01,-2.107385098934173584e-01,5.601403117179870605e-02,3.970151767134666443e-03,4.343544542789459229e-01,4.011381864547729492e-01,-8.548820018768310547e-02,4.838043451309204102e-01,-3.444843292236328125e-01,7.994839549064636230e-02,1.664226770401000977e+00,-1.681420803070068359e-01,2.205246686935424805e-01,-3.636388778686523438e-01,4.437103867530822754e-01
-2.062975019216537476e-01,-2.103472948074340820e-01,5.858055949211120605e-01,2.149721384048461914e-01,-1.316529810428619385e-01,1.882297694683074951e-01,-3.103452920913696289e-01,-1.741411685943603516e+00,1.936195492744445801e-01,7.632434368133544922e-03,-6.133162975311279297e-02,3.140981793403625488e-01,7.529039382934570312e-01,-1.975895404815673828e+00,2.367487549781799316e-02,4.184413433074951172e+00,-4.966156482696533203e-01,-9.829812645912170410e-01,6.895107030868530273e-01,-2.081604450941085815e-01,-2.103808224201202393e-01,3.399927914142608643e-02,-1.844573020935058594e-01,-9.604665040969848633e-01,-4.018114805221557617e-01,7.117663025856018066e-01,2.260603308677673340e-01,1.274759173393249512e-01,5.573999881744384766e-02,-4.162895679473876953e-01,-1.982319355010986328e-01,-1.114941358566284180e+00,5.998894572257995605e-03,3.619034588336944580e-01,8.491848111152648926e-01,9.641450047492980957e-01,6.792416572570800781e-01,4.120234847068786621e-01,3.586410880088806152e-01,4.843266904354095459e-01,1.153781652450561523e+00,1.151826605200767517e-02,-4.138774871826171875e-01,-2.631698846817016602e-01,-4.173065423965454102e-01,-3.127267360687255859e-01,2.341642789542675018e-02,1.187050342559814453e-02,-1.753039956092834473e-01,-3.837497830390930176e-01,2.666945010423660278e-02,1.232182458043098450e-01,4.422806203365325928e-03,2.034562230110168457e-01,2.418169975280761719e-01,1.389418244361877441e+00,2.534435093402862549e-01,-6.447058320045471191e-01,3.810892254114151001e-02,3.166394233703613281e-01,7.158688306808471680e-01,-8.135888576507568359e-01,-4.566453099250793457e-01,4.206155538558959961e-01
-1.623829603195190430e-01,-9.125907421112060547e-01,9.402019977569580078e-01,4.147505760192871094e-01,-2.469034194946289062e-01,-3.130366206169128418e-01,-3.590333461761474609e-02,3.766970634460449219e-01,-3.634465932846069336e-01,2.255511283874511719e-01,2.332952022552490234e-01,-1.293608546257019043e-01,-8.351519107818603516e-01,9.025192260742187500e-01,5.177178978919982910e-01,4.573102474212646484e+00,3.883594870567321777e-01,1.425305008888244629e-01,2.216480970382690430e-01,4.498133361339569092e-01,4.325676560401916504e-01,2.673644572496414185e-03,-4.198749661445617676e-01,-3.104109466075897217e-01,2.453555464744567871e-01,-4.606820344924926758e-01,1.767090559005737305e-01,4.251461923122406006e-01,9.802500903606414795e-02,-1.339628577232360840e+00,-1.580885648727416992e-01,5.930436253547668457e-01,-2.262933850288391113e-01,1.411390304565429688e-02,-4.675993323326110840e-01,-1.090703606605529785e-01,5.002517998218536377e-02,-1.541481018066406250e-01,-9.221577644348144531e-01,6.589633226394653320e-02,7.722406387329101562e-01,-5.696997046470642090e-02,-8.391511440277099609e-01,-3.873652815818786621e-01,5.293923616409301758e-02,-3.557586669921875000e-02,-1.356339454650878906e-02,-1.225986480712890625e-01,7.355058193206787109e-02,1.926619112491607666e-01,2.656866312026977539e-01,-2.558186054229736328e-01,3.185014240443706512e-03,2.684675753116607666e-01,1.128973364830017090e+00,2.169811725616455078e-01,1.014590859413146973e-01,3.843877315521240234e-01,3.672814229503273964e-03,7.195925116539001465e-01,9.535664916038513184e-01,1.147496700286865234e-02,-1.021361947059631348e-01,-1.787536144256591797e-01
-2.645218372344970703e-01,-6.647260487079620361e-02,1.734375953674316406e-03,7.872375845909118652e-02,-7.472012937068939209e-02,8.928942680358886719e-02,-1.286104321479797363e+00,7.511574625968933105e-01,3.136363029479980469e-01,1.756392717361450195e-01,-1.967225372791290283e-01,-8.798003196716308594e-03,2.231531143188476562e-01,4.756127595901489258e-01,1.658733785152435303e-01,4.769145965576171875e+00,-2.354311943054199219e-01,-3.826560974121093750e-01,5.835930109024047852e-01,-2.540137767791748047e-01,9.136946499347686768e-02,2.879652976989746094e-01,-2.792053222656250000e-01,-2.249380946159362793e-02,-4.134296178817749023e-01,-1.245009899139404297e-01,2.028217315673828125e-01,9.885299205780029297e-02,6.211102008819580078e-02,6.007802486419677734e-01,6.003462672233581543e-01,-3.196244239807128906e-01,-1.091453060507774353e-01,1.998788118362426758e-02,-2.679381966590881348e-01,-3.136761188507080078e-01,-2.076981961727142334e-01,4.575437903404235840e-01,-6.486017704010009766e-01,1.192737817764282227e-01,2.245298624038696289e-01,-1.353379189968109131e-01,-4.412149190902709961e-01,-8.097767829895019531e-02,-4.088449478149414062e-01,-1.071168184280395508e-01,-9.050976485013961792e-03,-5.124831199645996094e-02,3.619612455368041992e-01,3.157878816127777100e-01,3.766822516918182373e-01,-4.036857485771179199e-01,5.151893477886915207e-03,1.603517532348632812e-01,-4.015067815780639648e-01,2.012826800346374512e-01,1.127896904945373535e-01,-1.151340007781982422e-01,-2.219880558550357819e-02,4.409584403038024902e-01,-1.110200881958007812e-01,1.033146739006042480e+00,-3.994523882865905762e-01,5.682518482208251953e-01
-1.994552165269851685e-01,-6.317843496799468994e-02,2.579499483108520508e-01,4.116228818893432617e-01,-1.980079114437103271e-01,-8.616811037063598633e-02,-3.795855045318603516e-01,-1.605627536773681641e-01,1.663591861724853516e-01,4.810640811920166016e-01,1.119934916496276855e-01,3.302049636840820312e-02,-2.843523025512695312e-01,-4.478391408920288086e-01,4.823657274246215820e-01,4.918192863464355469e+00,-4.792258739471435547e-01,-1.277586936950683594e+00,9.540249705314636230e-01,1.488181948661804199e-01,-1.250036060810089111e-02,3.666663169860839844e-01,1.697248220443725586e-01,-1.203852295875549316e-01,-4.212877750396728516e-01,-3.010767698287963867e-01,1.689400672912597656e-01,-2.608246803283691406e-01,1.948085427284240723e-02,2.808604240417480469e-01,1.024250984191894531e-01,7.134430408477783203e-01,-3.429753184318542480e-01,-1.352399587631225586e-02,-3.551046848297119141e-01,-1.515913009643554688e-01,3.289697170257568359e-01,-1.507476568222045898e-01,1.461791992187500000e-01,2.180570363998413086e-01,1.978617906570434570e-01,6.585331261157989502e-02,2.328915596008300781e-01,-5.857968330383300781e-02,3.100869655609130859e-01,1.465519666671752930e-01,-1.727324351668357849e-02,-5.541828870773315430e-01,-3.307389020919799805e-01,4.932526350021362305e-01,-2.822397947311401367e-01,-4.813996553421020508e-01,4.220570903271436691e-03,2.669688165187835693e-01,2.978242635726928711e-01,2.175940871238708496e-01,3.317450284957885742e-01,8.351315259933471680e-01,4.343008995056152344e-02,7.370109558105468750e-01,9.770197272300720215e-01,-2.424246072769165039e-01,-9.160230755805969238e-01,4.869991540908813477e-01
-1.997871696949005127e-01,-2.233364060521125793e-02,8.481113910675048828e-01,2.062044441699981689e-01,-2.256325483322143555e-01,-7.640713453292846680e-02,-2.320982217788696289e-01,7.379164099693298340e-01,-4.066915512084960938e-01,1.235013604164123535e-01,1.885951310396194458e-01,3.168526291847229004e-02,-6.944613456726074219e-01,5.423303842544555664e-01,2.082378268241882324e-01,5.363638877868652344e+00,-3.582763671875000000e-02,1.079248785972595215e-01,-2.713048458099365234e-02,-6.233043074607849121e-01,1.574710011482238770e-01,-1.276287157088518143e-02,4.527741670608520508e-01,3.527951836585998535e-01,-3.800495862960815430e-01,1.578462123870849609e-01,-2.074596881866455078e-01,-2.195081114768981934e-01,2.442168295383453369e-01,-8.840886354446411133e-01,5.339624881744384766e-01,9.848349094390869141e-01,-5.424054712057113647e-02,2.108761072158813477e-01,2.189712524414062500e-01,-2.809022068977355957e-01,-5.640864372253417969e-01,2.301229238510131836e-01,-1.980072259902954102e-01,-8.061629533767700195e-01,4.978482723236083984e-01,-5.690032243728637695e-01,6.201229095458984375e-01,2.396289706230163574e-01,2.039913535118103027e-01,5.966724157333374023e-01,7.736746221780776978e-03,-1.836594343185424805e-01,-4.851083755493164062e-01,-2.767378091812133789e-02,1.894590705633163452e-01,-2.171948552131652832e-01,3.663789015263319016e-03,2.701043188571929932e-01,-6.204617023468017578e-02,1.591019034385681152e-01,1.602584123611450195e-01,4.672533869743347168e-01,7.631716132164001465e-02,8.287758827209472656e-01,-2.736225128173828125e-01,4.100579917430877686e-01,-7.068836092948913574e-01,1.407996416091918945e-01
-2.724953293800354004e-01,1.483746170997619629e-01,4.139725565910339355e-01,4.158206880092620850e-01,-1.187452375888824463e-01,7.017468810081481934e-01,-5.115346908569335938e-01,-1.254564046859741211e+00,4.049453735351562500e-01,1.924754977226257324e-01,-6.497761607170104980e-02,2.929327785968780518e-01,7.990242242813110352e-01,-6.322568655014038086e-01,-6.757721304893493652e-02,4.155001640319824219e+00,-1.859899163246154785e-01,-8.552151918411254883e-01,1.423803567886352539e+00,-1.306522369384765625e+00,-3.184506297111511230e-01,-1.165025830268859863e-01,-8.880853652954101562e-03,-8.025917410850524902e-01,-8.790786266326904297e-01,6.190031766891479492e-01,4.459394216537475586e-01,-3.115808963775634766e-01,-2.364575862884521484e-02,-1.959967494010925293e+00,-8.902844190597534180e-01,-3.449850082397460938e-01,-1.763751208782196045e-01,5.094712972640991211e-02,-7.766741514205932617e-02,5.921599268913269043e-01,2.827875912189483643e-01,-7.733808755874633789e-01,-3.597923517227172852e-01,1.355843305587768555e+00,8.614104986190795898e-01,4.688745141029357910e-01,-1.086826324462890625e-01,-7.984764575958251953e-01,2.373796701431274414e-01,1.029809236526489258e+00,3.429647535085678101e-02,1.936779618263244629e-01,2.047687768936157227e-02,-1.528193950653076172e-01,-1.390371322631835938e-01,-2.268552780151367188e-02,4.056875593960285187e-03,3.637981414794921875e-01,-2.748954296112060547e-01,7.614067792892456055e-01,2.180204391479492188e-01,1.128450036048889160e-01,2.927443012595176697e-02,1.307645320892333984e+00,3.308394551277160645e-01,-4.895637929439544678e-01,3.818533718585968018e-01,-2.090171873569488525e-01
-3.048750758171081543e-01,-3.263435363769531250e-01,2.848970890045166016e-02,-1.093837320804595947e-01,-2.564322948455810547e-01,-2.215166091918945312e-01,-6.828844547271728516e-01,4.068965911865234375e-01,3.496669530868530273e-01,-1.966202259063720703e-02,2.135825604200363159e-01,-1.106535494327545166e-01,-4.926345348358154297e-01,1.006698846817016602e+00,4.371610581874847412e-01,4.789769649505615234e+00,2.629802525043487549e-01,-3.369953632354736328e-01,8.079105615615844727e-02,-4.609648883342742920e-02,2.048461884260177612e-01,3.267392516136169434e-01,3.826602697372436523e-01,4.769278764724731445e-01,-2.210668921470642090e-01,-4.309403896331787109e-02,-1.764568090438842773e-01,-6.308821439743041992e-01,1.195223778486251831e-01,-1.885826587677001953e-01,-4.582369327545166016e-02,-1.753281354904174805e-01,-1.175986677408218384e-01,-8.793061971664428711e-02,-4.528161883354187012e-01,-4.386447668075561523e-01,4.555030465126037598e-01,1.335034966468811035e-01,5.095121860504150391e-01,-1.085693001747131348e+00,8.033149242401123047e-01,-4.259287416934967041e-01,3.865254521369934082e-01,6.084777116775512695e-01,3.815147280693054199e-01,-8.373805284500122070e-01,1.478146389126777649e-02,-3.144671916961669922e-01,5.239105820655822754e-01,2.893141508102416992e-01,5.748007446527481079e-02,-5.075499415397644043e-01,3.014958463609218597e-03,3.693898320198059082e-01,2.232675552368164062e-01,1.951973736286163330e-01,8.021962642669677734e-02,6.576955318450927734e-02,2.131151035428047180e-02,1.145709514617919922e+00,-1.739374399185180664e-01,6.034992933273315430e-01,-9.537495970726013184e-01,8.959286212921142578e-01
-2.157198637723922729e-01,-2.722401022911071777e-01,-2.978808879852294922e-01,5.962914824485778809e-01,-2.137838304042816162e-02,6.010788083076477051e-01,-2.663203477859497070e-01,-2.052406549453735352e+00,6.033076047897338867e-01,1.271138191223144531e-01,-9.687671065330505371e-02,5.033859610557556152e-02,7.948675751686096191e-01,-9.552630186080932617e-01,9.298920631408691406e-02,3.520188808441162109e+00,-3.785898685455322266e-01,-8.055540919303894043e-01,1.425087332725524902e+00,-1.496514320373535156e+00,-1.664889454841613770e-01,-1.503629386425018311e-01,2.551676034927368164e-01,-4.528919756412506104e-01,-4.071255326271057129e-01,7.562552690505981445e-01,2.629492878913879395e-01,1.428648829460144043e-01,1.002069860696792603e-01,4.901444911956787109e-02,-1.765022635459899902e+00,-7.306051254272460938e-02,-5.454584956169128418e-02,4.314127564430236816e-02,-3.906071782112121582e-01,4.047570824623107910e-01,-1.117555052042007446e-01,-1.266171693801879883e+00,-3.105461597442626953e-01,7.425300478935241699e-01,-3.407972455024719238e-01,3.222467005252838135e-01,-2.347350716590881348e-01,-9.164885878562927246e-01,4.995911121368408203e-01,5.106080770492553711e-01,1.446974556893110275e-02,-1.543474197387695312e-01,-2.496516704559326172e-02,2.295559644699096680e-02,-2.866780012845993042e-02,2.192406803369522095e-01,4.728782922029495239e-03,1.993263065814971924e-01,-4.862347841262817383e-01,1.325248479843139648e+00,2.441810965538024902e-01,1.375995635986328125e+00,1.574844308197498322e-02,1.411336660385131836e+00,3.426778912544250488e-01,-5.484435558319091797e-01,2.372836321592330933e-01,-9.007522463798522949e-02
-1.380520313978195190e-01,-7.374226450920104980e-01,1.173422336578369141e+00,8.379966020584106445e-02,-1.882823705673217773e-01,-1.373487710952758789e-02,-3.624523878097534180e-01,-4.526672363281250000e-01,-5.801660418510437012e-01,4.053826928138732910e-01,3.172788321971893311e-01,-1.618298590183258057e-01,-6.345613002777099609e-01,8.387138247489929199e-01,4.328827857971191406e-01,5.042166233062744141e+00,3.206926584243774414e-01,-2.637535333633422852e-01,-2.760419845581054688e-01,4.244136214256286621e-01,1.635659486055374146e-01,-4.368495643138885498e-01,-2.116097211837768555e-01,5.263885855674743652e-02,-6.479300260543823242e-01,-5.477023124694824219e-02,-4.539077281951904297e-01,5.220030546188354492e-01,-9.523144364356994629e-02,-1.868193864822387695e+00,1.107687950134277344e-01,1.260925531387329102e-01,-3.814746439456939697e-01,-9.109097719192504883e-02,5.338124632835388184e-01,1.268935203552246094e-02,-1.808648705482482910e-01,1.422322988510131836e-01,-4.729952812194824219e-01,-4.529762268066406250e-02,7.092628479003906250e-01,4.681521654129028320e-02,9.580647945404052734e-02,-4.646229743957519531e-01,1.404666304588317871e-01,-1.387056112289428711e+00,1.325108483433723450e-02,2.512055039405822754e-01,1.580818295478820801e-01,2.975728809833526611e-01,4.151228815317153931e-02,-7.376762628555297852e-01,6.124435458332300186e-03,2.699525654315948486e-01,1.003136277198791504e+00,2.773830592632293701e-01,3.434963226318359375e-01,-8.577108383178710938e-03,5.607460439205169678e-02,8.368211984634399414e-01,1.072701215744018555e+00,3.786530196666717529e-01,1.488697826862335205e-01,-1.893363595008850098e-01
-2.542086541652679443e-01,7.976152896881103516e-01,-4.517779350280761719e-01,-3.996067941188812256e-01,-1.591299772262573242e-01,-2.613084316253662109e-01,-1.138067007064819336e+00,6.351425647735595703e-01,-1.053950786590576172e-01,2.453106045722961426e-01,5.893558263778686523e-02,1.411212980747222900e-01,-4.855973720550537109e-01,-5.359817743301391602e-01,1.572160720825195312e-01,4.283296585083007812e+00,3.405514061450958252e-01,-6.911210417747497559e-01,2.004661560058593750e-01,3.772707581520080566e-01,2.444589436054229736e-01,2.121108472347259521e-01,-1.207726597785949707e-01,2.577768564224243164e-01,-3.991616964340209961e-01,-1.178604364395141602e-01,-8.588616847991943359e-01,-8.362241983413696289e-01,1.411143541336059570e-01,-4.866143465042114258e-01,2.033492326736450195e-01,9.852460622787475586e-01,1.262602508068084717e-01,1.133476793766021729e-01,-1.246838569641113281e-01,-2.809397578239440918e-01,3.370675146579742432e-01,3.167725205421447754e-01,4.593672752380371094e-01,7.729935646057128906e-02,7.623888254165649414e-01,-3.485034406185150146e-01,-5.590152740478515625e-02,2.905309200286865234e-01,4.821884334087371826e-01,-1.013882994651794434e+00,-2.087227627635002136e-02,2.569733858108520508e-01,3.231931924819946289e-01,2.656913995742797852e-01,-3.635081052780151367e-01,-1.291748583316802979e-01,4.246778786182403564e-03,2.432599961757659912e-01,1.072249889373779297e+00,2.295801937580108643e-01,4.757642745971679688e-02,9.319436550140380859e-02,2.259213849902153015e-02,1.961739659309387207e-01,2.466682791709899902e-01,8.601430058479309082e-01,-8.881423473358154297e-01,6.480031013488769531e-01
-3.109120726585388184e-01,-1.856939941644668579e-01,-3.893990516662597656e-01,9.776219725608825684e-02,-1.902720332145690918e-01,4.391002655029296875e-02,-4.582859277725219727e-01,-3.812484741210937500e-01,5.374842286109924316e-01,1.788375377655029297e-01,3.020759224891662598e-01,3.688386082649230957e-02,-3.147876262664794922e-01,-8.876754045486450195e-01,-1.242905855178833008e-02,4.628962039947509766e+00,-1.565856933593750000e-01,2.215085029602050781e-01,7.786597609519958496e-01,5.979255437850952148e-01,1.804007887840270996e-01,2.852641344070434570e-01,5.495554208755493164e-01,-1.871773898601531982e-01,5.352342128753662109e-02,4.106056094169616699e-01,4.075315594673156738e-01,-3.028310537338256836e-01,-3.956729173660278320e-02,5.117835998535156250e-01,-2.382712364196777344e-01,5.470809936523437500e-01,-9.679165482521057129e-02,-5.153238773345947266e-02,-9.536886811256408691e-01,-5.169547796249389648e-01,8.725070953369140625e-02,-4.866783618927001953e-01,-4.380769729614257812e-01,1.937444210052490234e-01,-4.869716167449951172e-01,2.728859186172485352e-01,-6.696690320968627930e-01,-5.880519151687622070e-01,7.909262180328369141e-02,4.037206470966339111e-01,2.004049718379974365e-03,-8.784737586975097656e-01,5.356984734535217285e-01,2.438438236713409424e-01,1.112434640526771545e-01,2.195814251899719238e-02,6.761778146028518677e-03,4.629696011543273926e-01,-1.039857625961303711e+00,1.093261241912841797e+00,3.631258010864257812e-02,6.427009701728820801e-01,2.140014618635177612e-02,4.576989412307739258e-01,7.238221168518066406e-02,-1.250154972076416016e-01,-6.030870676040649414e-01,-1.711491942405700684e-01
-2.424794733524322510e-01,-3.459123373031616211e-01,1.075972318649291992e-01,3.894249796867370605e-01,-1.475532054901123047e-01,-1.915022730827331543e-01,-6.208869218826293945e-01,-1.043936014175415039e+00,5.603474378585815430e-02,4.311612248420715332e-01,1.082078069448471069e-01,1.380774378776550293e-02,-1.479303836822509766e-02,1.097547054290771484e+00,4.447041153907775879e-01,5.051244258880615234e+00,9.079569578170776367e-02,-5.131280422210693359e-02,6.622259616851806641e-01,4.284033775329589844e-01,3.845170140266418457e-01,-2.226709015667438507e-02,-1.212507486343383789e-01,-1.040833890438079834e-01,-1.266503334045410156e-02,-5.767691135406494141e-02,5.462329983711242676e-01,-1.101524233818054199e-01,1.249482631683349609e-01,-8.849632740020751953e-02,-1.035593509674072266e+00,-4.676008224487304688e-01,-1.705565303564071655e-01,3.182747960090637207e-01,2.576156258583068848e-01,-7.873947620391845703e-01,4.887707233428955078e-01,-5.370981693267822266e-01,-1.047020792961120605e+00,-2.243995666503906250e-01,4.991995692253112793e-01,-3.704523444175720215e-01,-1.089738726615905762e+00,2.541661262512207031e-03,-3.504050970077514648e-01,-1.205225229263305664e+00,8.952941745519638062e-03,-5.984549522399902344e-01,3.610968589782714844e-01,3.635761737823486328e-01,-3.230932056903839111e-01,-2.592687904834747314e-01,3.547838889062404633e-03,1.338433027267456055e-01,6.105541586875915527e-01,6.609323024749755859e-01,2.552703320980072021e-01,-3.148717880249023438e-01,4.072674363851547241e-02,-1.285412311553955078e-01,1.178366303443908691e+00,5.427209734916687012e-01,1.400479674339294434e-02,8.179679512977600098e-02
-1.911746412515640259e-01,-1.995601654052734375e-01,7.332977056503295898e-01,1.258930861949920654e-01,-2.529869377613067627e-01,-4.314390420913696289e-01,-5.584423542022705078e-01,5.992125272750854492e-01,-2.966492176055908203e-01,-3.102916479110717773e-02,3.272801637649536133e-01,-1.224142313003540039e-02,-9.528847932815551758e-01,6.430128216743469238e-01,4.749443233013153076e-01,5.074172973632812500e+00,1.217225790023803711e-01,3.007673621177673340e-01,4.656144380569458008e-01,3.419463038444519043e-01,4.358656406402587891e-01,-8.528566360473632812e-02,4.526333808898925781e-01,3.955241441726684570e-01,4.841800332069396973e-01,-3.364628553390502930e-02,-1.879600286483764648e-01,-3.189057111740112305e-01,5.804938077926635742e-02,8.132355213165283203e-01,-3.274736404418945312e-01,5.820274353027343750e-03,-1.215106770396232605e-01,4.026691317558288574e-01,-5.865191221237182617e-01,-5.294501781463623047e-01,1.637996882200241089e-01,2.533785104751586914e-01,1.273425817489624023e-01,-7.813154458999633789e-01,-2.865697145462036133e-01,-2.120268493890762329e-01,2.355897426605224609e-01,6.497672796249389648e-01,-3.541766405105590820e-01,-7.801514863967895508e-01,-1.823950558900833130e-03,3.242492675781250000e-02,-1.125047206878662109e-01,1.547981500625610352e-01,-2.426420897245407104e-01,-3.161697983741760254e-01,3.731493372470140457e-03,2.276631891727447510e-01,-9.508752822875976562e-02,-4.587469100952148438e-01,9.126836061477661133e-02,-1.105120182037353516e-01,6.551212072372436523e-02,6.386741399765014648e-01,4.837349355220794678e-01,3.743869364261627197e-01,-5.482960343360900879e-01,4.125131070613861084e-01
-2.014480829238891602e-01,1.694008708000183105e-01,3.366609215736389160e-01,2.614647150039672852e-03,-2.525984942913055420e-01,-1.438397765159606934e-01,-7.545545101165771484e-01,4.144573807716369629e-01,1.294749975204467773e-01,1.991344690322875977e-01,2.918112576007843018e-01,7.632201910018920898e-02,-4.533451795578002930e-01,1.616542339324951172e-01,1.665498614311218262e-01,5.498057365417480469e+00,2.424403429031372070e-01,2.235567569732666016e-01,2.444258928298950195e-01,1.035482883453369141e-01,2.086167037487030029e-01,-2.876079082489013672e-02,-1.449494361877441406e-01,-4.637270271778106689e-01,-3.534413576126098633e-01,-5.070030689239501953e-03,-4.532285928726196289e-01,-2.690297365188598633e-02,-4.710352420806884766e-02,-7.081326246261596680e-01,-1.223227977752685547e-01,7.349196672439575195e-01,-8.152252435684204102e-02,-2.174147963523864746e-02,-3.703340888023376465e-01,-4.998891353607177734e-01,6.043242216110229492e-01,-1.608917713165283203e-01,-3.501075506210327148e-01,-4.069209098815917969e-04,3.798316121101379395e-01,-3.373233079910278320e-01,-1.799934506416320801e-01,1.100157499313354492e-01,-3.730779290199279785e-01,-4.591839909553527832e-01,-4.743326455354690552e-03,3.000081181526184082e-01,4.154672920703887939e-01,1.641339361667633057e-01,1.022382825613021851e-01,-3.552728891372680664e-01,5.182810127735137939e-03,3.293517231941223145e-01,8.286905288696289062e-02,6.921409964561462402e-01,9.244537353515625000e-02,2.623438835144042969e-01,1.224508602172136307e-02,2.706251740455627441e-01,2.529944181442260742e-01,5.230830311775207520e-01,-5.646848678588867188e-01,5.707800388336181641e-03
