2.694787979125976562e+00,3.424092864990234375e+01,-1.855278015136718750e+00,1.161459922790527344e+00,3.723727703094482422e+00,3.573650121688842773e-01,3.749695968627929688e+01,1.619583010673522949e+00,-2.191736030578613281e+01,-2.179286479949951172e+00,1.632880210876464844e+00,7.080931663513183594e+00,-3.821012115478515625e+01,3.651870727539062500e+01,-7.892446041107177734e+00,6.389688253402709961e-01,-2.582542228698730469e+01,3.401415252685546875e+01,-4.142829418182373047e+00,3.495495319366455078e+00,9.354075789451599121e-02,5.509795665740966797e+00,-3.359218835830688477e+00,5.236389160156250000e+00,-5.987619400024414062e+00,-8.113337516784667969e+00,-9.693349838256835938e+00,-3.620178222656250000e+00,3.585749435424804688e+01,-2.048192977905273438e+00,-8.189613342285156250e+00,-2.254490375518798828e+00,6.456657409667968750e+00,-7.713608145713806152e-01,-1.370471954345703125e+00,6.069241046905517578e+00,-5.062338829040527344e+00,-7.962797164916992188e+00,1.428898692131042480e+00,3.807052230834960938e+01,-3.432688951492309570e+00,2.963509368896484375e+01,8.966258049011230469e+00,2.103803157806396484e+00,7.837073802947998047e+00,-5.106396675109863281e+00,3.997268378734588623e-01,-2.328243255615234375e+01,-3.825508499145507812e+01,-3.859046173095703125e+01,-3.658171081542968750e+01,1.055773925781250000e+01,8.046692848205566406e+00,-2.945933532714843750e+01,1.573646783828735352e+00,1.095364332199096680e+00,7.866854190826416016e+00,7.129452705383300781e+00,2.937786102294921875e+00,3.209922027587890625e+01,-2.545697689056396484e+00,-3.516008377075195312e+01,-1.957071304321289062e+00,8.644243478775024414e-01
4.078507423400878906e-01,-1.345118045806884766e+00,5.246951103210449219e+00,-4.521305561065673828e+00,2.353585720062255859e+00,4.751751899719238281e+00,-1.081212615966796875e+01,2.118408679962158203e-01,1.007461833953857422e+01,5.996971130371093750e-01,-2.187563657760620117e+00,1.193989753723144531e+01,1.145905685424804688e+01,-3.213882446289062500e-01,-9.109479904174804688e+00,4.207450866699218750e+00,-8.073982238769531250e+00,-2.650771617889404297e+00,-8.287557601928710938e+00,-6.838583469390869141e+00,2.598766803741455078e+00,2.424740314483642578e+00,-4.828109264373779297e+00,1.614931869506835938e+01,-6.916304111480712891e+00,-1.644000434875488281e+01,8.392138481140136719e+00,-9.175633430480957031e+00,-7.341855049133300781e+00,5.760045647621154785e-01,-1.531161403656005859e+01,1.496551275253295898e+00,6.427162647247314453e+00,-9.351489543914794922e-01,7.736182689666748047e+00,1.267429447174072266e+01,-9.146587371826171875e+00,-9.452768325805664062e+00,-2.983899593353271484e+00,-1.194236564636230469e+01,-9.739318847656250000e+00,-1.438751411437988281e+01,-9.906848907470703125e+00,-6.985053062438964844e+00,-1.040921974182128906e+01,4.138846397399902344e+00,-1.658566117286682129e+00,-9.758758544921875000e-02,9.777751922607421875e+00,4.299688339233398438e-02,2.192893743515014648e+00,-4.012818336486816406e+00,4.880488872528076172e+00,-9.164567947387695312e+00,-7.786526679992675781e+00,1.863403558731079102e+00,1.165636920928955078e+01,-4.302440166473388672e+00,-1.297645568847656250e+00,-1.420073890686035156e+01,-2.123770952224731445e+00,3.569764137268066406e+00,7.796786308288574219e+00,-6.550055503845214844e+00
5.900506019592285156e+00,7.479192733764648438e+00,3.299994945526123047e+00,-5.263846397399902344e+00,-3.000759363174438477e+00,-6.667435169219970703e+00,5.538532257080078125e+00,-6.276000738143920898e-01,-5.732161521911621094e+00,1.256251037120819092e-01,-3.193996906280517578e+00,9.728431701660156250e+00,-3.476709842681884766e+00,6.572109222412109375e+00,-1.314874267578125000e+01,-4.592038631439208984e+00,-7.150901794433593750e+00,7.094835281372070312e+00,-4.208375453948974609e+00,-4.836713671684265137e-01,1.337350606918334961e+00,8.049073219299316406e+00,-2.180296659469604492e+00,5.079755783081054688e+00,-9.178245544433593750e+00,-1.093606662750244141e+01,-4.179164886474609375e+00,-6.263600826263427734e+00,7.235651969909667969e+00,2.470760822296142578e+00,-1.083216190338134766e+01,1.022178530693054199e-01,1.108342075347900391e+01,6.927819252014160156e-01,4.864563465118408203e+00,8.433597564697265625e+00,-3.853760719299316406e+00,-1.351991176605224609e+01,-6.019133925437927246e-01,3.515076637268066406e+00,-5.192338943481445312e+00,6.785826683044433594e-01,8.165285587310791016e-01,-7.697882652282714844e-01,4.504859447479248047e+00,-4.450252532958984375e+00,-9.546514749526977539e-01,-1.708444595336914062e+00,-5.355242252349853516e+00,-9.242710113525390625e+00,-1.112001323699951172e+01,-7.582962512969970703e-01,1.219630622863769531e+01,-9.790904045104980469e+00,1.277981162071228027e+00,6.095150947570800781e+00,7.562908172607421875e+00,2.847418785095214844e-01,8.453229904174804688e+00,8.426022529602050781e-02,-3.715814113616943359e+00,-6.598714351654052734e+00,4.222147941589355469e+00,1.854673027992248535e-01
3.583977222442626953e-01,-7.696536064147949219e+00,1.364356899261474609e+01,-1.216167831420898438e+01,-7.473382949829101562e+00,1.710531234741210938e+01,-1.958559513092041016e+00,-5.765820503234863281e+00,2.032500505447387695e+00,4.761084556579589844e+00,1.020859003067016602e+00,1.314208221435546875e+01,3.653676986694335938e+00,-1.196830272674560547e+00,-8.259430885314941406e+00,-9.269474983215332031e+00,-6.559261322021484375e+00,-2.860970497131347656e-01,1.321409034729003906e+01,-1.531770515441894531e+01,9.713253021240234375e+00,1.774511337280273438e+00,-1.516811943054199219e+01,1.484106540679931641e+00,-6.266718864440917969e+00,-1.179762935638427734e+01,-9.750176429748535156e+00,1.841878890991210938e-01,-4.282080650329589844e+00,7.736795425415039062e+00,-1.127580356597900391e+01,7.735442161560058594e+00,5.873194694519042969e+00,4.726307868957519531e+00,1.114468860626220703e+01,1.156414794921875000e+01,-1.570567417144775391e+01,-4.270368099212646484e+00,-6.030332088470458984e+00,-1.680935859680175781e+00,-2.336042213439941406e+01,1.400039672851562500e+00,-4.644197463989257812e+00,-9.076383590698242188e+00,3.640452623367309570e+00,-1.448922538757324219e+01,-7.861827850341796875e+00,-1.697855234146118164e+00,4.233411312103271484e+00,2.878609657287597656e+00,2.832008838653564453e+00,9.307271003723144531e+00,3.002735614776611328e+00,-1.067415237426757812e+00,4.315993785858154297e+00,2.621153354644775391e+00,2.549522399902343750e+00,1.429949569702148438e+01,4.560513496398925781e+00,1.301966190338134766e+00,9.489706039428710938e+00,2.966502666473388672e+00,1.134352493286132812e+01,-1.365854263305664062e+01
2.471648216247558594e+00,-1.541509151458740234e+00,8.899962425231933594e+00,-8.413318634033203125e+00,-5.946857452392578125e+00,6.363317489624023438e+00,1.567550897598266602e+00,-3.099874258041381836e+00,-2.811307430267333984e+00,2.318600416183471680e+00,-8.598436117172241211e-01,1.252031517028808594e+01,1.116459131240844727e+00,2.453461170196533203e+00,-1.173440456390380859e+01,-7.607598304748535156e+00,-7.703531742095947266e+00,2.341375350952148438e+00,5.195466995239257812e+00,-7.545985221862792969e+00,5.636171817779541016e+00,5.369396209716796875e+00,-1.088043403625488281e+01,3.288457870483398438e+00,-7.784326553344726562e+00,-1.182996082305908203e+01,-8.554552078247070312e+00,-3.527722120285034180e+00,3.212285041809082031e-02,6.199562072753906250e+00,-1.224404811859130859e+01,3.070666551589965820e+00,8.989930152893066406e+00,2.620837211608886719e+00,7.749670028686523438e+00,1.052696800231933594e+01,-1.153209495544433594e+01,-8.981288909912109375e+00,-3.365474224090576172e+00,2.895981669425964355e-01,-1.511364078521728516e+01,7.839882373809814453e-01,-7.510987520217895508e-01,-4.352638244628906250e+00,4.206278324127197266e+00,-1.012593364715576172e+01,-4.362663745880126953e+00,-2.182652235031127930e+00,6.059457063674926758e-01,-3.385984420776367188e+00,-3.601327419281005859e+00,5.588465213775634766e+00,7.202859401702880859e+00,-6.065251827239990234e+00,2.737849712371826172e+00,4.177544116973876953e+00,5.118374347686767578e+00,8.954957008361816406e+00,6.818825244903564453e+00,7.467339038848876953e-01,3.690670013427734375e+00,-1.382639884948730469e+00,7.778400421142578125e+00,-8.004627227783203125e+00
4.753911972045898438e+00,-7.975240707397460938e+00,1.907303428649902344e+01,-1.507621955871582031e+01,-1.038488769531250000e+01,1.268972587585449219e+01,2.903892993927001953e-01,-7.644172668457031250e+00,-2.884706258773803711e+00,4.787463188171386719e+00,-8.280684947967529297e-01,1.253533840179443359e+01,-2.070735931396484375e+00,-2.665949821472167969e+00,-1.079587459564208984e+01,-1.550544357299804688e+01,-6.129271507263183594e+00,9.527144432067871094e-01,1.854013442993164062e+01,-1.901891517639160156e+01,9.467993736267089844e+00,2.738739967346191406e+00,-2.107356452941894531e+01,-2.015706062316894531e+00,-7.147884368896484375e+00,-9.929549217224121094e+00,-1.700654029846191406e+01,1.709753513336181641e+00,-3.043762683868408203e+00,1.066952228546142578e+01,-1.221228885650634766e+01,9.444963455200195312e+00,8.073918342590332031e+00,5.949532508850097656e+00,1.636431884765625000e+01,9.224503517150878906e+00,-1.926668357849121094e+01,-6.715526580810546875e+00,-6.384659767150878906e+00,4.115440368652343750e+00,-2.862729263305664062e+01,7.348073482513427734e+00,-2.764198780059814453e+00,-1.085887718200683594e+01,1.530543231964111328e+01,-2.072403717041015625e+01,-8.583429336547851562e+00,-2.486496925354003906e+00,8.592627644538879395e-01,1.573060035705566406e+00,1.432616233825683594e+00,1.453773117065429688e+01,6.237106323242187500e+00,-7.041454315185546875e-01,8.472900390625000000e+00,5.557527542114257812e+00,-1.113944053649902344e+00,2.059817504882812500e+01,1.263588333129882812e+01,6.636574268341064453e+00,1.211886215209960938e+01,5.881905555725097656e-01,1.466081428527832031e+01,-1.327422428131103516e+01
-3.331937789916992188e-01,-1.120357704162597656e+01,1.241868877410888672e+01,-9.367144584655761719e+00,-5.603248596191406250e+00,1.930908966064453125e+01,-5.283686637878417969e+00,-4.898054599761962891e+00,3.577795028686523438e+00,3.542871952056884766e+00,1.866568326950073242e-01,9.896210670471191406e+00,2.735519170761108398e+00,-4.147881984710693359e+00,-3.149175643920898438e+00,-7.688924789428710938e+00,-3.257054090499877930e+00,-3.182297229766845703e+00,1.399318504333496094e+01,-1.437879943847656250e+01,7.287844657897949219e+00,-6.202707290649414062e-01,-1.372457027435302734e+01,7.741570472717285156e-01,-3.601091861724853516e+00,-9.384291648864746094e+00,-8.392289161682128906e+00,1.613286495208740234e+00,-6.518159389495849609e+00,7.150897026062011719e+00,-8.476105690002441406e+00,6.895570278167724609e+00,2.564353466033935547e+00,4.018544673919677734e+00,1.149316215515136719e+01,8.617077827453613281e+00,-1.297111511230468750e+01,-3.274965286254882812e-02,-5.371859550476074219e+00,-1.463473916053771973e+00,-2.097207260131835938e+01,1.702493667602539062e+00,-5.263436317443847656e+00,-8.149986267089843750e+00,2.723704099655151367e+00,-1.278996658325195312e+01,-6.038261413574218750e+00,-1.875859379768371582e+00,4.378576278686523438e+00,5.398708343505859375e+00,6.327403068542480469e+00,8.593689918518066406e+00,-8.682045936584472656e-01,1.987567424774169922e+00,3.222180366516113281e+00,1.310194015502929688e+00,7.584190368652343750e-01,1.373152542114257812e+01,1.709368109703063965e+00,7.551312446594238281e-01,9.524182319641113281e+00,4.111138820648193359e+00,1.107802391052246094e+01,-1.371470165252685547e+01
9.157602787017822266e-01,-5.600021362304687500e+00,1.385287284851074219e+01,-9.314014434814453125e+00,-5.711080551147460938e+00,9.320478439331054688e+00,-2.454134464263916016e+00,-6.283233165740966797e+00,2.070708751678466797e+00,4.420022964477539062e+00,1.014370441436767578e+00,1.441613769531250000e+01,4.434665679931640625e+00,-1.183599948883056641e+00,-1.124292087554931641e+01,-8.360466003417968750e+00,-7.011506080627441406e+00,-1.263256072998046875e+00,7.061704635620117188e+00,-1.190917205810546875e+01,7.423663139343261719e+00,2.740274906158447266e+00,-1.339491558074951172e+01,3.368021011352539062e+00,-7.882372856140136719e+00,-1.078836631774902344e+01,-6.723759651184082031e+00,-2.676515579223632812e+00,-4.136389255523681641e+00,6.918583869934082031e+00,-1.293125152587890625e+01,5.995099067687988281e+00,8.641565322875976562e+00,3.251659631729125977e+00,9.080064773559570312e+00,1.054855918884277344e+01,-1.378585433959960938e+01,-7.936397075653076172e+00,-6.074656963348388672e+00,-2.488329887390136719e+00,-1.994942665100097656e+01,-6.515388488769531250e-01,-4.115388870239257812e+00,-8.321495056152343750e+00,4.042630672454833984e+00,-9.591352462768554688e+00,-5.902616500854492188e+00,-9.569433927536010742e-01,4.188910484313964844e+00,-2.206230163574218750e-02,3.714489936828613281e-01,7.262339591979980469e+00,6.328693389892578125e+00,-3.970188617706298828e+00,5.258967876434326172e-01,3.750494480133056641e+00,4.631252765655517578e+00,1.097022628784179688e+01,5.470856666564941406e+00,-5.507054328918457031e-01,6.596370220184326172e+00,2.241145372390747070e+00,9.383649826049804688e+00,-1.052293014526367188e+01
-3.768427133560180664e+00,-9.510780334472656250e+00,1.550407886505126953e+01,-9.386366844177246094e+00,-4.386551380157470703e+00,1.996463584899902344e+01,-4.750673770904541016e+00,-7.607228279113769531e+00,6.791046142578125000e+00,5.954690456390380859e+00,2.691282749176025391e+00,1.493817043304443359e+01,4.925920486450195312e+00,-1.979659795761108398e+00,-6.740633010864257812e+00,-6.338254451751708984e+00,-8.002716064453125000e+00,-2.443793296813964844e+00,9.919044494628906250e+00,-1.620731163024902344e+01,1.028609848022460938e+01,-6.881098747253417969e-01,-1.659664916992187500e+01,4.611774921417236328e+00,-6.376100540161132812e+00,-1.024706554412841797e+01,-6.380802154541015625e+00,-8.724975585937500000e-01,-7.455626487731933594e+00,6.299730300903320312e+00,-1.220110797882080078e+01,8.962093353271484375e+00,5.224009990692138672e+00,5.255525588989257812e+00,9.553516387939453125e+00,1.055528640747070312e+01,-1.700146484375000000e+01,-3.520501136779785156e+00,-7.756361007690429688e+00,-3.484010696411132812e+00,-2.482200622558593750e+01,-1.400088310241699219e+00,-6.135224342346191406e+00,-1.072263145446777344e+01,1.509740352630615234e+00,-1.057245922088623047e+01,-8.005699157714843750e+00,-2.935429573059082031e+00,6.544799327850341797e+00,3.390264034271240234e+00,5.215343475341796875e+00,9.335363388061523438e+00,9.109258651733398438e-01,-2.710787773132324219e+00,-2.552533149719238281e-02,2.052658319473266602e+00,4.119051933288574219e+00,1.455286693572998047e+01,1.635217666625976562e-01,-5.203580856323242188e-01,9.615844726562500000e+00,4.472330093383789062e+00,9.583469390869140625e+00,-1.508508872985839844e+01
-2.090668678283691406e-01,-7.279814243316650391e+00,1.422577285766601562e+01,-9.934429168701171875e+00,-5.367131233215332031e+00,1.300342273712158203e+01,-4.446345329284667969e+00,-6.712738990783691406e+00,4.739868640899658203e+00,4.904271125793457031e+00,1.106836557388305664e+00,1.435207939147949219e+01,6.176006317138671875e+00,-2.207547664642333984e+00,-9.747092247009277344e+00,-7.455233097076416016e+00,-6.535574436187744141e+00,-2.210111379623413086e+00,8.217679977416992188e+00,-1.334378623962402344e+01,8.204436302185058594e+00,1.770367145538330078e+00,-1.356399345397949219e+01,3.766755580902099609e+00,-7.143904209136962891e+00,-1.180906295776367188e+01,-5.183566570281982422e+00,-2.330586910247802734e+00,-5.720441818237304688e+00,6.641751289367675781e+00,-1.259975147247314453e+01,7.042289733886718750e+00,7.347932338714599609e+00,3.751710653305053711e+00,9.267128944396972656e+00,1.139562892913818359e+01,-1.387705421447753906e+01,-5.908864974975585938e+00,-6.876041412353515625e+00,-4.523151874542236328e+00,-2.058238410949707031e+01,-1.960124015808105469e+00,-5.413525581359863281e+00,-9.057783126831054688e+00,1.478761911392211914e+00,-9.475309371948242188e+00,-6.912594795227050781e+00,-6.925396919250488281e-01,6.124939441680908203e+00,2.360756397247314453e+00,2.793573617935180664e+00,6.929958820343017578e+00,4.119901657104492188e+00,-2.839162826538085938e+00,6.326341629028320312e-02,2.767780065536499023e+00,4.518701076507568359e+00,1.089515209197998047e+01,3.415330648422241211e+00,-2.090670108795166016e+00,7.493906974792480469e+00,3.914472818374633789e+00,9.717326164245605469e+00,-1.241674709320068359e+01
-5.079667568206787109e-01,-4.051935672760009766e+00,1.064278411865234375e+01,-6.314424514770507812e+00,-2.658468723297119141e+00,6.590374469757080078e+00,-4.099121570587158203e+00,-5.766734123229980469e+00,4.316284179687500000e+00,4.305976390838623047e+00,9.374933242797851562e-01,1.584422683715820312e+01,7.367778778076171875e+00,-1.152302980422973633e+00,-1.218405914306640625e+01,-4.294950962066650391e+00,-7.354032039642333984e+00,-2.137411117553710938e+00,-4.684085845947265625e-01,-8.779318809509277344e+00,6.291664123535156250e+00,3.477774143218994141e+00,-9.681888580322265625e+00,7.856114864349365234e+00,-8.990858078002929688e+00,-1.240816688537597656e+01,-2.206849336624145508e+00,-5.838949203491210938e+00,-5.265392780303955078e+00,4.121485710144042969e+00,-1.428686904907226562e+01,4.932559967041015625e+00,9.684729576110839844e+00,2.492504596710205078e+00,6.292852401733398438e+00,1.147230148315429688e+01,-1.128377628326416016e+01,-1.015316772460937500e+01,-5.859333992004394531e+00,-5.681716442108154297e+00,-1.613408851623535156e+01,-5.364178180694580078e+00,-4.924516677856445312e+00,-6.817804336547851562e+00,-4.400653839111328125e-01,-5.186592102050781250e+00,-4.894067287445068359e+00,1.005359888076782227e-01,6.326903820037841797e+00,-7.719020843505859375e-01,7.204880714416503906e-01,3.531575202941894531e+00,7.166861534118652344e+00,-5.697629451751708984e+00,-2.749526977539062500e+00,4.132135868072509766e+00,7.581026077270507812e+00,6.316118717193603516e+00,3.283714771270751953e+00,-5.045788764953613281e+00,2.470916748046875000e+00,3.170523643493652344e+00,7.009422302246093750e+00,-8.968118667602539062e+00
1.981875658035278320e+00,-3.525429248809814453e+00,1.364861106872558594e+01,-1.069122314453125000e+01,-7.527984619140625000e+00,1.135724639892578125e+01,1.252278447151184082e+00,-5.425694942474365234e+00,-1.957905292510986328e+00,4.062992572784423828e+00,2.731235027313232422e-01,1.400074100494384766e+01,-2.294642925262451172e-01,9.637665748596191406e-01,-1.156345653533935547e+01,-1.026239013671875000e+01,-8.644651412963867188e+00,2.334329128265380859e+00,1.028203582763671875e+01,-1.292385292053222656e+01,8.485582351684570312e+00,3.529411792755126953e+00,-1.599845027923583984e+01,1.950143814086914062e+00,-7.653450489044189453e+00,-1.110909175872802734e+01,-1.220794296264648438e+01,-1.300102710723876953e+00,-1.102124691009521484e+00,7.958311080932617188e+00,-1.289939785003662109e+01,6.490136146545410156e+00,8.985486984252929688e+00,4.494136333465576172e+00,1.079620361328125000e+01,1.052067470550537109e+01,-1.576593208312988281e+01,-8.163678169250488281e+00,-5.176778793334960938e+00,1.967118263244628906e+00,-2.262220382690429688e+01,3.450797080993652344e+00,-2.288013458251953125e+00,-7.659024238586425781e+00,7.865980148315429688e+00,-1.457278633117675781e+01,-6.934692859649658203e+00,-3.213415622711181641e+00,7.256124019622802734e-01,-1.978292465209960938e+00,-1.505899906158447266e+00,1.014966201782226562e+01,6.718827247619628906e+00,-5.127181053161621094e+00,4.607692718505859375e+00,4.477139949798583984e+00,3.301174163818359375e+00,1.492588996887207031e+01,7.858487606048583984e+00,4.141974449157714844e+00,7.898346900939941406e+00,-4.163050651550292969e-01,1.036095714569091797e+01,-1.103948402404785156e+01
2.703753709793090820e+00,8.728287696838378906e+00,2.030729770660400391e+00,-4.386019706726074219e+00,-3.506200551986694336e+00,1.208651065826416016e-02,9.549527168273925781e+00,-1.778092980384826660e-01,-9.003965377807617188e+00,4.292986094951629639e-01,-1.081177592277526855e+00,8.783101081848144531e+00,-6.984544754028320312e+00,1.039146327972412109e+01,-1.062601470947265625e+01,-3.218564510345458984e+00,-8.760398864746093750e+00,1.018702220916748047e+01,-1.443126797676086426e+00,-1.537792682647705078e+00,1.865759968757629395e+00,6.737902641296386719e+00,-2.027265310287475586e+00,6.466749191284179688e+00,-8.037922859191894531e+00,-1.334701061248779297e+01,-4.132523059844970703e+00,-5.641654014587402344e+00,9.667375564575195312e+00,2.837136030197143555e+00,-9.341994285583496094e+00,-1.670376956462860107e-01,7.540615558624267578e+00,-2.349716126918792725e-01,2.721014976501464844e+00,1.064649391174316406e+01,-5.020514011383056641e+00,-8.811309814453125000e+00,-1.052882194519042969e+00,7.595937252044677734e+00,-4.589721202850341797e+00,4.410212516784667969e+00,1.729690551757812500e+00,-8.453547358512878418e-01,1.846952438354492188e+00,-5.867945671081542969e+00,-1.380694031715393066e+00,-4.895963668823242188e+00,-7.687876701354980469e+00,-1.221459102630615234e+01,-1.254761886596679688e+01,3.216506242752075195e+00,7.856259822845458984e+00,-1.018817234039306641e+01,1.668176770210266113e+00,2.959553956985473633e+00,7.064985752105712891e+00,2.100840568542480469e+00,4.001109600067138672e+00,3.751590251922607422e+00,-1.625545263290405273e+00,-1.000377082824707031e+01,2.650388479232788086e+00,-3.239936113357543945e+00
1.526688575744628906e+00,3.035368919372558594e+01,1.014027357101440430e+00,-2.818895578384399414e+00,-1.096823692321777344e+00,-1.293401718139648438e-01,3.415535736083984375e+01,6.535657644271850586e-01,-2.280962181091308594e+01,-7.101833820343017578e-01,9.541245698928833008e-01,8.662713050842285156e+00,-3.163794898986816406e+01,3.240836334228515625e+01,-9.810197830200195312e+00,-9.863507151603698730e-01,-2.352528381347656250e+01,2.991107177734375000e+01,-2.752324819564819336e+00,1.647557020187377930e-01,1.416370391845703125e+00,7.076300621032714844e+00,-4.864452362060546875e+00,5.683594226837158203e+00,-7.767511844635009766e+00,-1.088221549987792969e+01,-9.835401535034179688e+00,-4.747237682342529297e+00,3.102411270141601562e+01,-6.428340673446655273e-01,-9.248378753662109375e+00,-9.778973460197448730e-01,7.049972534179687500e+00,8.504567742347717285e-01,2.239004373550415039e-01,9.236885070800781250e+00,-7.881843566894531250e+00,-9.153872489929199219e+00,9.065747261047363281e-02,3.168209648132324219e+01,-4.081049919128417969e+00,2.331003761291503906e+01,9.239710807800292969e+00,9.564372897148132324e-01,8.138496398925781250e+00,-7.390499591827392578e+00,-7.034391760826110840e-01,-1.799472045898437500e+01,-3.050384330749511719e+01,-3.383775711059570312e+01,-3.349474716186523438e+01,9.865162849426269531e+00,6.217502593994140625e+00,-2.580165672302246094e+01,1.453374743461608887e+00,1.713288187980651855e+00,8.875757217407226562e+00,6.041990280151367188e+00,3.229403972625732422e+00,2.589466094970703125e+01,-2.650413513183593750e+00,-3.047966194152832031e+01,-4.895092248916625977e-01,-1.850819826126098633e+00
-1.808977127075195312e-02,-5.479203224182128906e+00,1.306191635131835938e+01,-8.065948486328125000e+00,-4.185250759124755859e+00,9.276485443115234375e+00,-4.138653755187988281e+00,-6.188675403594970703e+00,4.277530670166015625e+00,4.413959026336669922e+00,1.124185800552368164e+00,1.451157093048095703e+01,6.259433746337890625e+00,-1.232112407684326172e+00,-1.035908699035644531e+01,-6.035821437835693359e+00,-7.232134342193603516e+00,-2.300034284591674805e+00,4.745501041412353516e+00,-1.142202377319335938e+01,7.249059200286865234e+00,2.116031646728515625e+00,-1.248994922637939453e+01,4.999169349670410156e+00,-7.376942157745361328e+00,-1.147585678100585938e+01,-3.554617404937744141e+00,-3.689546585083007812e+00,-5.092450618743896484e+00,5.381137847900390625e+00,-1.294544792175292969e+01,5.778469562530517578e+00,7.902439117431640625e+00,2.803546905517578125e+00,8.168774604797363281e+00,1.091547679901123047e+01,-1.273524665832519531e+01,-7.107213497161865234e+00,-6.527381896972656250e+00,-5.006441116333007812e+00,-1.835937309265136719e+01,-3.581133365631103516e+00,-5.127370834350585938e+00,-7.974060535430908203e+00,8.294620513916015625e-01,-6.966001510620117188e+00,-5.632759094238281250e+00,-7.083320617675781250e-01,5.638722419738769531e+00,4.384872913360595703e-01,1.416840314865112305e+00,5.460830688476562500e+00,5.080729007720947266e+00,-4.577739238739013672e+00,-1.727938890457153320e+00,2.954473018646240234e+00,6.181383609771728516e+00,8.601792335510253906e+00,2.817879438400268555e+00,-3.545529842376708984e+00,5.813539028167724609e+00,3.405175924301147461e+00,8.387516021728515625e+00,-1.052780342102050781e+01
5.394188880920410156e+00,1.115027427673339844e+00,5.697567939758300781e+00,-7.128786563873291016e+00,-5.490898132324218750e+00,1.130697652697563171e-01,1.647778511047363281e+00,-1.624331712722778320e+00,-5.751328945159912109e+00,3.473003804683685303e-01,-3.598985433578491211e+00,9.009634017944335938e+00,-1.573307514190673828e-01,2.282844066619873047e+00,-1.153482246398925781e+01,-6.858889579772949219e+00,-5.047230243682861328e+00,2.262322425842285156e+00,2.027822732925415039e+00,-4.351459026336669922e+00,1.998963952064514160e+00,7.447711944580078125e+00,-6.193286895751953125e+00,4.180712699890136719e+00,-8.210867881774902344e+00,-1.233067607879638672e+01,-5.927627086639404297e+00,-4.468258857727050781e+00,1.543211936950683594e+00,5.156237602233886719e+00,-1.031754589080810547e+01,6.475269794464111328e-01,8.771726608276367188e+00,8.577077388763427734e-01,7.201513290405273438e+00,1.035705375671386719e+01,-5.968534469604492188e+00,-9.858843803405761719e+00,-1.412093162536621094e+00,3.018312454223632812e-01,-6.620188236236572266e+00,-7.773700952529907227e-01,3.178881406784057617e-01,-2.403890132904052734e+00,3.843465805053710938e+00,-7.724802970886230469e+00,-1.467533826828002930e+00,8.343310356140136719e-01,-8.391513824462890625e-01,-4.830040931701660156e+00,-5.010652542114257812e+00,1.782932162284851074e+00,9.120877265930175781e+00,-6.418762683868408203e+00,2.052595615386962891e+00,5.238162994384765625e+00,5.376275062561035156e+00,3.465994834899902344e+00,7.618900775909423828e+00,-2.236115694046020508e+00,2.723639607429504395e-01,-3.131629467010498047e+00,7.013286590576171875e+00,-4.299771308898925781e+00
-1.546639442443847656e+00,-5.509148120880126953e+00,8.390298843383789062e+00,-3.047279834747314453e+00,1.708873152732849121e+00,7.896578788757324219e+00,-8.719279289245605469e+00,-3.394510030746459961e+00,7.982505798339843750e+00,3.214119434356689453e+00,1.718761920928955078e-01,1.430338001251220703e+01,1.075789070129394531e+01,-2.082506418228149414e+00,-8.992805480957031250e+00,2.003094911575317383e+00,-5.856578826904296875e+00,-5.134656906127929688e+00,-4.303459644317626953e+00,-6.608188152313232422e+00,3.684384107589721680e+00,2.663300037384033203e+00,-6.922322273254394531e+00,1.124206733703613281e+01,-7.686503887176513672e+00,-1.355313205718994141e+01,4.051448822021484375e+00,-7.414325714111328125e+00,-8.072242736816406250e+00,1.548907399177551270e+00,-1.343149852752685547e+01,3.397446155548095703e+00,7.174877166748046875e+00,6.790586709976196289e-01,5.222999572753906250e+00,1.192102813720703125e+01,-9.149204254150390625e+00,-7.410626888275146484e+00,-5.206216812133789062e+00,-9.642388343811035156e+00,-1.214384365081787109e+01,-1.001161193847656250e+01,-6.536889076232910156e+00,-5.586387157440185547e+00,-6.696887493133544922e+00,1.163612961769104004e+00,-2.882514238357543945e+00,5.859808921813964844e-01,8.947300910949707031e+00,1.602422595024108887e+00,3.254717350006103516e+00,-2.537918090820312500e-02,4.377152442932128906e+00,-5.738447189331054688e+00,-7.714811325073242188e+00,2.284082412719726562e+00,1.056451892852783203e+01,1.650760889053344727e+00,-1.484901905059814453e+00,-1.001976776123046875e+01,7.830333709716796875e-02,5.511052131652832031e+00,5.450693130493164062e+00,-9.520954132080078125e+00
4.669477939605712891e+00,8.882162094116210938e+00,4.194932937622070312e+00,-7.372359275817871094e+00,-6.109596252441406250e+00,4.245424270629882812e-01,1.178376007080078125e+01,-2.130527257919311523e+00,-1.560618114471435547e+01,5.413708686828613281e-01,-1.969140172004699707e+00,8.625033378601074219e+00,-9.853509902954101562e+00,9.865653038024902344e+00,-1.113451766967773438e+01,-6.662966728210449219e+00,-7.646285057067871094e+00,1.054870796203613281e+01,2.624454021453857422e+00,-4.948578357696533203e+00,3.155721187591552734e+00,7.895812988281250000e+00,-5.340979576110839844e+00,6.512387752532958984e+00,-7.957372188568115234e+00,-1.517813205718994141e+01,-7.598263740539550781e+00,-4.845780372619628906e+00,9.911378860473632812e+00,3.986515045166015625e+00,-1.041006565093994141e+01,1.859105110168457031e+00,7.887305259704589844e+00,1.505367040634155273e+00,4.347199440002441406e+00,1.202709007263183594e+01,-7.236686229705810547e+00,-8.662900924682617188e+00,-2.561490535736083984e+00,1.040825271606445312e+01,-5.552402973175048828e+00,6.891557216644287109e+00,4.155231952667236328e+00,-1.888393282890319824e+00,6.164276123046875000e+00,-1.158281040191650391e+01,-2.297904968261718750e+00,-2.776600837707519531e+00,-9.741411209106445312e+00,-1.357944679260253906e+01,-1.309865760803222656e+01,6.645895481109619141e+00,6.950034141540527344e+00,-9.366049766540527344e+00,2.248445034027099609e+00,3.222126007080078125e+00,5.524435043334960938e+00,4.504618167877197266e+00,6.043192386627197266e+00,5.930005550384521484e+00,1.119786500930786133e-02,-1.050156307220458984e+01,5.597589492797851562e+00,-5.378884315490722656e+00
7.301542162895202637e-01,-1.223383903503417969e+00,4.921240806579589844e+00,-6.471673965454101562e+00,-4.241212368011474609e+00,8.254445075988769531e+00,1.172695636749267578e+00,-1.143629789352416992e+00,-1.559102296829223633e+00,1.836600303649902344e+00,-1.444890499114990234e+00,1.088004302978515625e+01,1.976498365402221680e+00,3.756235122680664062e+00,-9.287960052490234375e+00,-4.289999008178710938e+00,-7.290082931518554688e+00,2.159246444702148438e+00,2.909637928009033203e+00,-5.463981151580810547e+00,4.550018310546875000e+00,4.780282974243164062e+00,-7.504301071166992188e+00,4.131353855133056641e+00,-6.544892311096191406e+00,-1.271368694305419922e+01,-5.186935424804687500e+00,-3.902891397476196289e+00,2.621212005615234375e-01,4.333567619323730469e+00,-1.039117622375488281e+01,1.560700654983520508e+00,6.188326835632324219e+00,1.299297332763671875e+00,5.468401908874511719e+00,1.048767089843750000e+01,-8.671712875366210938e+00,-6.427426815032958984e+00,-2.332039833068847656e+00,-1.258554697036743164e+00,-1.052253723144531250e+01,-1.280169725418090820e+00,-1.255908966064453125e+00,-2.871716022491455078e+00,-1.246199488639831543e+00,-6.460576534271240234e+00,-3.605433464050292969e+00,-1.872271537780761719e+00,1.088795065879821777e+00,-3.036701679229736328e+00,-3.409647464752197266e+00,2.823020935058593750e+00,4.495484352111816406e+00,-5.231196403503417969e+00,1.080043792724609375e+00,1.996258020401000977e+00,6.189813137054443359e+00,5.337633609771728516e+00,3.016415357589721680e+00,-1.553240895271301270e+00,2.003780364990234375e+00,-9.156298637390136719e-01,5.618471622467041016e+00,-7.438192367553710938e+00
6.944998264312744141e+00,1.485630035400390625e+00,8.647925376892089844e+00,-7.415987014770507812e+00,-5.434311866760253906e+00,-6.752163887023925781e+00,1.718655347824096680e+00,-3.119101285934448242e+00,-5.631027698516845703e+00,1.630891799926757812e+00,-2.283579587936401367e+00,1.268056011199951172e+01,1.438332557678222656e+00,1.397290706634521484e+00,-1.650694656372070312e+01,-8.156587600708007812e+00,-6.000165939331054688e+00,2.309391498565673828e+00,-7.965297698974609375e-01,-4.471971511840820312e+00,3.000127315521240234e+00,8.673059463500976562e+00,-7.333647727966308594e+00,4.439964771270751953e+00,-1.020627784729003906e+01,-1.219880771636962891e+01,-6.871785163879394531e+00,-6.581891059875488281e+00,1.450911045074462891e+00,4.455330848693847656e+00,-1.392798233032226562e+01,1.963326930999755859e+00,1.341109275817871094e+01,1.519186258316040039e+00,7.372335433959960938e+00,9.948556900024414062e+00,-8.549118041992187500e+00,-1.494525146484375000e+01,-2.853504180908203125e+00,-1.708445549011230469e-01,-1.077230453491210938e+01,-1.521516323089599609e+00,-8.646249771118164062e-03,-3.236504077911376953e+00,7.779951095581054688e+00,-7.598591804504394531e+00,-2.669156551361083984e+00,9.716842174530029297e-01,-2.244114875793457031e-01,-5.908564567565917969e+00,-6.445393085479736328e+00,2.673453807830810547e+00,1.372128295898437500e+01,-6.879537582397460938e+00,1.034638166427612305e+00,7.495069503784179688e+00,6.805521011352539062e+00,3.822288751602172852e+00,1.202218246459960938e+01,-2.179682970046997070e+00,-1.183562755584716797e+00,-2.171326160430908203e+00,6.937684059143066406e+00,-2.295232057571411133e+00
1.084144592285156250e+00,-5.909097671508789062e+00,1.660607337951660156e+01,-1.030256366729736328e+01,-4.710648059844970703e+00,8.771385192871093750e+00,-4.454134941101074219e+00,-7.214970588684082031e+00,4.021900653839111328e+00,4.987459182739257812e+00,6.777391433715820312e-01,1.544781494140625000e+01,5.252192020416259766e+00,-2.141815662384033203e+00,-1.234997081756591797e+01,-8.171124458312988281e+00,-7.779346466064453125e+00,-1.684451580047607422e+00,6.839830398559570312e+00,-1.460528373718261719e+01,8.138288497924804688e+00,2.114068031311035156e+00,-1.638902282714843750e+01,5.370912075042724609e+00,-8.288343429565429688e+00,-1.218482589721679688e+01,-5.040449619293212891e+00,-4.135520935058593750e+00,-5.766297340393066406e+00,6.335139274597167969e+00,-1.452698993682861328e+01,7.885899543762207031e+00,9.217232704162597656e+00,3.958605051040649414e+00,1.143866539001464844e+01,1.142509651184082031e+01,-1.638487815856933594e+01,-8.941514968872070312e+00,-7.645381927490234375e+00,-3.854290962219238281e+00,-2.327756500244140625e+01,-2.141924858093261719e+00,-5.953342437744140625e+00,-1.028455734252929688e+01,5.111467838287353516e+00,-1.029528045654296875e+01,-7.010453224182128906e+00,-1.007228374481201172e+00,5.495692253112792969e+00,6.291732788085937500e-01,1.885247468948364258e+00,7.676201343536376953e+00,6.311118125915527344e+00,-4.357471942901611328e+00,-9.080309867858886719e-01,4.295726776123046875e+00,5.229903221130371094e+00,1.138261985778808594e+01,6.180284500122070312e+00,-2.511731147766113281e+00,7.136480808258056641e+00,3.369547843933105469e+00,1.086177158355712891e+01,-1.121533870697021484e+01
-1.141964554786682129e+00,-7.987062454223632812e+00,9.969783782958984375e+00,-9.466255187988281250e+00,-5.600594997406005859e+00,1.696460342407226562e+01,-3.719609498977661133e+00,-4.742488861083984375e+00,3.175388336181640625e+00,4.217298984527587891e+00,3.811850547790527344e-01,1.302979087829589844e+01,5.064369678497314453e+00,-1.813080310821533203e+00,-7.609189510345458984e+00,-6.565382957458496094e+00,-5.037498474121093750e+00,-1.558599710464477539e+00,8.507027626037597656e+00,-1.221627902984619141e+01,8.330005645751953125e+00,2.096464633941650391e+00,-1.176164722442626953e+01,4.863521575927734375e+00,-6.260542392730712891e+00,-1.328241539001464844e+01,-6.473448753356933594e+00,-1.524656295776367188e+00,-5.672332286834716797e+00,6.208478927612304688e+00,-1.133536624908447266e+01,6.367411613464355469e+00,5.562152862548828125e+00,3.879566669464111328e+00,8.493731498718261719e+00,1.176131057739257812e+01,-1.218493270874023438e+01,-4.263388633728027344e+00,-5.571767330169677734e+00,-4.359760284423828125e+00,-1.867211914062500000e+01,-2.128015518188476562e+00,-4.840407371520996094e+00,-7.037506103515625000e+00,-9.825466871261596680e-01,-1.137072086334228516e+01,-6.771320343017578125e+00,-6.435742974281311035e-02,5.676638603210449219e+00,2.873661994934082031e+00,3.686649322509765625e+00,6.394972324371337891e+00,1.934447765350341797e+00,-8.090844154357910156e-01,2.230984210968017578e+00,1.845947027206420898e+00,4.021737098693847656e+00,1.076786518096923828e+01,1.540050268173217773e+00,-1.818024158477783203e+00,6.289302825927734375e+00,4.382925510406494141e+00,9.132255554199218750e+00,-1.264903259277343750e+01
2.455058574676513672e+00,1.414331436157226562e+01,3.359635114669799805e+00,-5.554006576538085938e+00,-4.825860023498535156e+00,3.129198074340820312e+00,1.939534759521484375e+01,-8.605499267578125000e-01,-1.922545623779296875e+01,2.206460833549499512e-01,1.354062557220458984e-01,9.491689682006835938e+00,-1.503106498718261719e+01,1.699800872802734375e+01,-1.018628215789794922e+01,-3.449614763259887695e+00,-1.392557525634765625e+01,1.567117500305175781e+01,1.955302000045776367e+00,-3.381272077560424805e+00,2.944374561309814453e+00,7.961906433105468750e+00,-6.905095100402832031e+00,5.992210388183593750e+00,-7.389581203460693359e+00,-1.486292266845703125e+01,-9.700291633605957031e+00,-4.806406021118164062e+00,1.515069389343261719e+01,1.964282751083374023e+00,-1.038282299041748047e+01,7.382149696350097656e-01,7.097510814666748047e+00,9.630864858627319336e-01,1.271368265151977539e+00,1.153527832031250000e+01,-9.707355499267578125e+00,-7.341738224029541016e+00,-1.587544918060302734e+00,1.598301601409912109e+01,-6.255273342132568359e+00,1.092500495910644531e+01,6.647836685180664062e+00,7.906115055084228516e-02,5.023263931274414062e+00,-9.123399734497070312e+00,-2.074164152145385742e+00,-7.909946918487548828e+00,-1.523931884765625000e+01,-1.988241577148437500e+01,-1.864576911926269531e+01,1.038801288604736328e+01,5.194031238555908203e+00,-1.394044303894042969e+01,1.270828008651733398e+00,2.028592824935913086e+00,7.967869758605957031e+00,6.469629764556884766e+00,3.604997158050537109e+00,1.226509475708007812e+01,-2.299980521202087402e-01,-1.540307331085205078e+01,1.911177873611450195e+00,-6.159365653991699219e+00
2.328920602798461914e+00,-5.191853523254394531e+00,1.232657814025878906e+01,-1.109471321105957031e+01,-7.378077507019042969e+00,1.066522407531738281e+01,-1.333458185195922852e+00,-5.004710197448730469e+00,2.467989921569824219e-02,3.751480102539062500e+00,-7.960534095764160156e-02,1.267003345489501953e+01,3.387209415435791016e+00,-8.505311012268066406e-01,-1.029269599914550781e+01,-9.873962402343750000e+00,-6.122126579284667969e+00,3.010485172271728516e-01,9.470479965209960938e+00,-1.233273315429687500e+01,7.561101913452148438e+00,3.623189449310302734e+00,-1.288747978210449219e+01,1.702199459075927734e+00,-7.390949726104736328e+00,-1.190203952789306641e+01,-9.221035957336425781e+00,-1.320021152496337891e+00,-2.714231491088867188e+00,7.435882091522216797e+00,-1.190557098388671875e+01,5.635068893432617188e+00,7.474353790283203125e+00,3.579121589660644531e+00,1.009141731262207031e+01,1.092766857147216797e+01,-1.333429622650146484e+01,-6.883298873901367188e+00,-4.955953598022460938e+00,-1.321981549263000488e+00,-1.975400733947753906e+01,1.073961257934570312e+00,-3.515113353729248047e+00,-7.594550132751464844e+00,4.644049167633056641e+00,-1.298008346557617188e+01,-6.372365474700927734e+00,-7.692668437957763672e-01,3.472205638885498047e+00,6.634588241577148438e-01,1.885490417480468750e-01,7.500884056091308594e+00,5.924104690551757812e+00,-2.755053997039794922e+00,4.201593399047851562e+00,3.786810159683227539e+00,3.294958114624023438e+00,1.179164028167724609e+01,6.913860321044921875e+00,3.415865898132324219e-01,6.728042602539062500e+00,1.329823493957519531e+00,1.019680500030517578e+01,-1.069693374633789062e+01
-2.127904891967773438e+00,-5.679533481597900391e+00,1.292269515991210938e+01,-7.210729598999023438e+00,-7.157793641090393066e-01,1.198964691162109375e+01,-8.067209243774414062e+00,-5.637184143066406250e+00,8.074821472167968750e+00,4.870095252990722656e+00,6.622352600097656250e-01,1.568804073333740234e+01,1.037117767333984375e+01,-2.024600982666015625e+00,-9.801322937011718750e+00,-1.389169454574584961e+00,-8.575353622436523438e+00,-4.346786499023437500e+00,9.935054779052734375e-01,-1.287645149230957031e+01,7.902612209320068359e+00,1.724049568176269531e+00,-1.340429115295410156e+01,1.051032066345214844e+01,-7.944087982177734375e+00,-1.438742637634277344e+01,1.526555776596069336e+00,-6.129803657531738281e+00,-8.935170173645019531e+00,2.980800628662109375e+00,-1.469223880767822266e+01,7.045108795166015625e+00,7.011682033538818359e+00,2.984968185424804688e+00,8.608497619628906250e+00,1.297460651397705078e+01,-1.474361991882324219e+01,-7.656508445739746094e+00,-7.460344314575195312e+00,-9.511554718017578125e+00,-1.908010292053222656e+01,-8.740981101989746094e+00,-7.788336277008056641e+00,-9.223232269287109375e+00,-3.973003864288330078e+00,-4.773285865783691406e+00,-6.100490093231201172e+00,-3.493022918701171875e-02,9.389070510864257812e+00,2.138346672058105469e+00,4.372283458709716797e+00,2.967019081115722656e+00,3.606688499450683594e+00,-5.837237834930419922e+00,-5.669553756713867188e+00,2.504034042358398438e+00,9.119734764099121094e+00,5.885077476501464844e+00,-3.480434417724609375e-01,-8.646978378295898438e+00,4.178708553314208984e+00,6.309825897216796875e+00,8.550522804260253906e+00,-1.241873741149902344e+01
-2.190704822540283203e+00,-5.860106468200683594e+00,1.045831871032714844e+01,-6.806704998016357422e+00,-2.573699235916137695e+00,1.136902618408203125e+01,-5.984090328216552734e+00,-5.550708770751953125e+00,6.633695602416992188e+00,4.500002861022949219e+00,1.356707334518432617e+00,1.488267421722412109e+01,9.388686180114746094e+00,-1.500371336936950684e+00,-9.475456237792968750e+00,-3.036539077758789062e+00,-6.680736541748046875e+00,-3.598363161087036133e+00,1.241718769073486328e+00,-9.774428367614746094e+00,7.256808757781982422e+00,2.330963134765625000e+00,-9.478208541870117188e+00,8.066411972045898438e+00,-7.798587322235107422e+00,-1.319014358520507812e+01,-3.324791193008422852e-01,-4.832306861877441406e+00,-6.549361228942871094e+00,3.855388641357421875e+00,-1.297008895874023438e+01,5.339332580566406250e+00,7.321474075317382812e+00,2.619407653808593750e+00,5.815183162689208984e+00,1.214502048492431641e+01,-1.092531585693359375e+01,-6.645729541778564453e+00,-6.237478256225585938e+00,-7.886745452880859375e+00,-1.552686882019042969e+01,-6.799748897552490234e+00,-5.855114459991455078e+00,-7.059748649597167969e+00,-4.342313766479492188e+00,-4.443357467651367188e+00,-5.468247413635253906e+00,3.021392822265625000e-01,8.093894004821777344e+00,1.550132989883422852e+00,2.793479442596435547e+00,2.745749473571777344e+00,4.104383945465087891e+00,-4.717748165130615234e+00,-3.075810432434082031e+00,2.207236766815185547e+00,7.783289432525634766e+00,5.748420238494873047e+00,-3.951926231384277344e-01,-6.436342239379882812e+00,3.532645702362060547e+00,4.782668113708496094e+00,6.625542640686035156e+00,-1.110912704467773438e+01
-1.078794479370117188e+00,-5.652003288269042969e+00,1.418243026733398438e+01,-9.340804100036621094e+00,-3.965721368789672852e+00,1.200775814056396484e+01,-5.430969238281250000e+00,-7.077034950256347656e+00,5.873137950897216797e+00,5.635186195373535156e+00,1.686739444732666016e+00,1.653920173645019531e+01,8.594988822937011719e+00,-1.564420938491821289e+00,-1.145392894744873047e+01,-5.789124011993408203e+00,-8.317320823669433594e+00,-2.399013757705688477e+00,3.838001251220703125e+00,-1.338474559783935547e+01,9.319095611572265625e+00,2.339526653289794922e+00,-1.420137691497802734e+01,7.433298587799072266e+00,-8.557333946228027344e+00,-1.329810810089111328e+01,-3.109733581542968750e+00,-4.634764194488525391e+00,-7.035769939422607422e+00,5.325127601623535156e+00,-1.465657711029052734e+01,7.613323211669921875e+00,8.768856048583984375e+00,4.215524196624755859e+00,8.873977661132812500e+00,1.284379959106445312e+01,-1.511294555664062500e+01,-8.364116668701171875e+00,-7.457436561584472656e+00,-6.872789859771728516e+00,-2.117936325073242188e+01,-5.269554138183593750e+00,-6.469345092773437500e+00,-9.452437400817871094e+00,-1.365282535552978516e-01,-8.668390274047851562e+00,-7.088729858398437500e+00,4.049563407897949219e-02,8.035625457763671875e+00,1.395890951156616211e+00,2.796975374221801758e+00,5.413867473602294922e+00,5.521026134490966797e+00,-5.223395347595214844e+00,-1.598858118057250977e+00,3.506236314773559570e+00,7.039718151092529297e+00,9.695657730102539062e+00,2.659864425659179688e+00,-4.885594367980957031e+00,5.810669898986816406e+00,4.736690998077392578e+00,9.345573425292968750e+00,-1.271249008178710938e+01
2.882597923278808594e+00,-3.554104566574096680e-01,7.606109619140625000e+00,-5.950307369232177734e+00,1.912276864051818848e+00,3.962678909301757812e-01,-1.004357528686523438e+01,-1.329503655433654785e+00,7.922133922576904297e+00,1.384823203086853027e+00,-2.463317155838012695e+00,1.477062988281250000e+01,1.133807754516601562e+01,-4.685475826263427734e-01,-1.403552341461181641e+01,1.441281080245971680e+00,-8.418954849243164062e+00,-1.874675273895263672e+00,-9.672345161437988281e+00,-7.417468070983886719e+00,3.495684623718261719e+00,4.562282562255859375e+00,-5.895308494567871094e+00,1.663513565063476562e+01,-9.595678329467773438e+00,-1.811764335632324219e+01,6.669961452484130859e+00,-1.135264587402343750e+01,-6.598523616790771484e+00,8.766941428184509277e-01,-1.757323455810546875e+01,2.135471820831298828e+00,1.068560218811035156e+01,4.743540287017822266e-01,9.342736244201660156e+00,1.425627803802490234e+01,-9.195112228393554688e+00,-1.373777103424072266e+01,-3.639983892440795898e+00,-1.135462951660156250e+01,-1.239333534240722656e+01,-1.361917114257812500e+01,-9.832926750183105469e+00,-7.159927368164062500e+00,-6.816741943359375000e+00,1.413623094558715820e+00,-2.961719512939453125e+00,1.266310214996337891e+00,9.445721626281738281e+00,-1.728015184402465820e+00,8.647787570953369141e-01,-4.260264396667480469e+00,9.132516860961914062e+00,-1.112480926513671875e+01,-6.733331680297851562e+00,4.429203987121582031e+00,1.205268573760986328e+01,-2.880330801010131836e+00,3.493417978286743164e+00,-1.403258800506591797e+01,-3.347521066665649414e+00,3.748777389526367188e+00,8.862342834472656250e+00,-6.417534828186035156e+00
4.315247535705566406e+00,7.969479560852050781e-01,8.455698013305664062e+00,-7.571526527404785156e+00,-5.500500679016113281e+00,4.802711009979248047e-01,1.249628424644470215e+00,-2.960241794586181641e+00,-3.513057708740234375e+00,2.192257642745971680e+00,-1.466631770133972168e+00,1.259613609313964844e+01,2.588143348693847656e+00,1.881200313568115234e+00,-1.395393466949462891e+01,-7.772202014923095703e+00,-7.369161605834960938e+00,2.200131416320800781e+00,1.652967929840087891e+00,-6.055210590362548828e+00,4.245339393615722656e+00,6.687027931213378906e+00,-8.733081817626953125e+00,3.813111305236816406e+00,-8.970447540283203125e+00,-1.206003570556640625e+01,-6.832324981689453125e+00,-5.028989315032958984e+00,4.772887229919433594e-01,5.601303100585937500e+00,-1.288643646240234375e+01,2.281594753265380859e+00,1.077359390258789062e+01,1.564297676086425781e+00,7.221312522888183594e+00,1.064309120178222656e+01,-9.647453308105468750e+00,-1.150436973571777344e+01,-3.097708225250244141e+00,-1.376484870910644531e+00,-1.224658966064453125e+01,-1.365345954895019531e+00,-1.087302207946777344e+00,-3.970759868621826172e+00,4.129052162170410156e+00,-7.900139808654785156e+00,-3.383420228958129883e+00,-5.189633369445800781e-02,1.399004220962524414e+00,-4.414124011993408203e+00,-4.810364723205566406e+00,3.517577171325683594e+00,1.048130512237548828e+01,-6.838235378265380859e+00,1.487271428108215332e+00,5.366172790527343750e+00,6.321708679199218750e+00,5.494872093200683594e+00,8.555540084838867188e+00,-2.011782407760620117e+00,1.494110584259033203e+00,-1.402853012084960938e+00,7.247488021850585938e+00,-5.427073478698730469e+00
-2.579699039459228516e+00,-1.639210891723632812e+01,1.622432136535644531e+01,-1.325650310516357422e+01,-7.812620162963867188e+00,2.952695083618164062e+01,-5.508265972137451172e+00,-6.685038089752197266e+00,4.770741462707519531e+00,4.938353061676025391e+00,2.067105770111083984e+00,9.779010772705078125e+00,2.071735858917236328e-01,-6.276220321655273438e+00,7.523293495178222656e-01,-9.709640502929687500e+00,-2.465892314910888672e+00,-3.805713653564453125e+00,2.521061706542968750e+01,-2.235091209411621094e+01,1.048630714416503906e+01,-3.269163370132446289e+00,-2.018331909179687500e+01,-2.931849002838134766e+00,-1.941604614257812500e+00,-8.684821128845214844e+00,-1.502575588226318359e+01,5.937037467956542969e+00,-9.592654228210449219e+00,1.041827201843261719e+01,-7.626679897308349609e+00,1.144561481475830078e+01,1.126332283020019531e-01,6.513505458831787109e+00,1.712500190734863281e+01,7.490547180175781250e+00,-1.918277359008789062e+01,4.596206665039062500e+00,-7.053798675537109375e+00,8.067152500152587891e-01,-3.148100662231445312e+01,6.246778964996337891e+00,-5.810755729675292969e+00,-1.104074764251708984e+01,8.440676689147949219e+00,-1.969644927978515625e+01,-8.845185279846191406e+00,-5.389650344848632812e+00,4.717453002929687500e+00,9.892607688903808594e+00,1.049083709716796875e+01,1.550226688385009766e+01,-5.947396755218505859e+00,8.013748168945312500e+00,7.208230972290039062e+00,-1.886293888092041016e-01,-3.035069465637207031e+00,2.222409439086914062e+01,1.421613693237304688e+00,5.789237976074218750e+00,1.636867713928222656e+01,6.356791496276855469e+00,1.478783798217773438e+01,-1.948989868164062500e+01
-2.267003059387207031e-01,-3.127134084701538086e+00,8.588813781738281250e+00,-5.580110549926757812e+00,-1.182604312896728516e+00,6.158519744873046875e+00,-5.424285888671875000e+00,-3.902115345001220703e+00,5.955100059509277344e+00,3.549070358276367188e+00,6.308181285858154297e-01,1.424393653869628906e+01,9.475307464599609375e+00,-3.634003996849060059e-01,-1.134439754486083984e+01,-2.125293254852294922e+00,-7.254062175750732422e+00,-2.374644756317138672e+00,-1.389676570892333984e+00,-7.430867671966552734e+00,4.908541679382324219e+00,3.351918220520019531e+00,-7.395280838012695312e+00,8.013834953308105469e+00,-8.130624771118164062e+00,-1.327955341339111328e+01,1.493723154067993164e+00,-6.523976802825927734e+00,-5.220222949981689453e+00,2.822115659713745117e+00,-1.300111961364746094e+01,3.872832298278808594e+00,8.274666786193847656e+00,1.295309901237487793e+00,5.414830207824707031e+00,1.203284835815429688e+01,-9.164582252502441406e+00,-8.899814605712890625e+00,-5.387985706329345703e+00,-8.438423156738281250e+00,-1.255650043487548828e+01,-7.816742897033691406e+00,-5.474877834320068359e+00,-6.079692840576171875e+00,-4.366459846496582031e+00,-2.182987213134765625e+00,-4.007989883422851562e+00,6.608622074127197266e-01,7.257261753082275391e+00,2.050870656967163086e-01,6.051844358444213867e-01,7.078356742858886719e-01,6.461587905883789062e+00,-5.305371284484863281e+00,-4.723157405853271484e+00,2.911421298980712891e+00,9.047487258911132812e+00,2.250324964523315430e+00,1.219990968704223633e+00,-8.663117408752441406e+00,1.725666046142578125e+00,3.723240137100219727e+00,5.871182918548583984e+00,-7.702359676361083984e+00
3.989411354064941406e+00,-3.141981601715087891e+00,1.236290359497070312e+01,-1.101170158386230469e+01,-7.968548774719238281e+00,6.737658977508544922e+00,1.255185842514038086e+00,-4.679865837097167969e+00,-3.075849533081054688e+00,3.163975000381469727e+00,-9.012180566787719727e-01,1.313281440734863281e+01,5.273941755294799805e-01,7.331213951110839844e-01,-1.296438694000244141e+01,-1.053376007080078125e+01,-7.048926353454589844e+00,2.035878181457519531e+00,8.624995231628417969e+00,-1.081296062469482422e+01,7.102750778198242188e+00,5.396288871765136719e+00,-1.359841156005859375e+01,2.045444011688232422e+00,-8.385100364685058594e+00,-1.211510372161865234e+01,-1.103358650207519531e+01,-2.296812057495117188e+00,-7.925071716308593750e-01,7.802585124969482422e+00,-1.296003246307373047e+01,5.129106044769287109e+00,1.015911483764648438e+01,3.678629875183105469e+00,1.043245697021484375e+01,1.059525299072265625e+01,-1.385459804534912109e+01,-1.011261081695556641e+01,-4.302655696868896484e+00,1.112565875053405762e+00,-1.914592933654785156e+01,2.368599176406860352e+00,-1.282183051109313965e+00,-6.607169151306152344e+00,7.768813133239746094e+00,-1.355508327484130859e+01,-5.809494018554687500e+00,-1.296226620674133301e+00,9.079383611679077148e-01,-2.446469306945800781e+00,-2.341589927673339844e+00,7.991374492645263672e+00,8.342040061950683594e+00,-4.740069866180419922e+00,4.665734291076660156e+00,5.271829605102539062e+00,3.399886131286621094e+00,1.203321838378906250e+01,9.752876281738281250e+00,2.075092554092407227e+00,5.737003326416015625e+00,-5.376305580139160156e-01,1.026483058929443359e+01,-9.230003356933593750e+00
1.289348363876342773e+00,2.603455543518066406e+01,1.228890419006347656e+00,-3.169310092926025391e+00,-2.035979986190795898e+00,8.869569301605224609e-01,3.105800628662109375e+01,4.192024767398834229e-01,-2.201033020019531250e+01,-6.510707139968872070e-01,1.398852109909057617e+00,9.023252487182617188e+00,-2.740526580810546875e+01,2.868271636962890625e+01,-1.020753860473632812e+01,-1.218324899673461914e+00,-2.148281478881835938e+01,2.639706230163574219e+01,-1.766002416610717773e+00,-2.089409828186035156e-01,1.618214249610900879e+00,7.424055576324462891e+00,-5.182563304901123047e+00,5.930684089660644531e+00,-7.689175605773925781e+00,-1.190015411376953125e+01,-9.874632835388183594e+00,-4.893152236938476562e+00,2.706879615783691406e+01,-4.625590443611145020e-01,-9.805500984191894531e+00,-7.361429333686828613e-01,7.172920227050781250e+00,3.213280737400054932e-01,-6.096112728118896484e-01,9.744894027709960938e+00,-8.619230270385742188e+00,-9.053377151489257812e+00,-2.136397063732147217e-01,2.768415641784667969e+01,-4.853805065155029297e+00,2.015314674377441406e+01,9.133394241333007812e+00,1.120640873908996582e+00,6.933419704437255859e+00,-7.348177909851074219e+00,-1.103360652923583984e+00,-1.556189346313476562e+01,-2.663694000244140625e+01,-3.053175354003906250e+01,-2.992698097229003906e+01,1.079570293426513672e+01,6.076670646667480469e+00,-2.256164360046386719e+01,1.406266331672668457e+00,1.845651149749755859e+00,8.971330642700195312e+00,6.198165893554687500e+00,3.084887027740478516e+00,2.258360099792480469e+01,-1.872361660003662109e+00,-2.650656127929687500e+01,-7.190840244293212891e-01,-2.797302246093750000e+00
8.103364944458007812e+00,-2.329163551330566406e-01,8.298548698425292969e+00,-7.207585811614990234e+00,-6.175167083740234375e+00,-4.017320632934570312e+00,1.658783435821533203e+00,-1.906652331352233887e+00,-7.869222164154052734e+00,-5.491805076599121094e-02,-4.729377269744873047e+00,8.404066085815429688e+00,-1.822190999984741211e+00,2.189521789550781250e-01,-1.232649517059326172e+01,-8.015626907348632812e+00,-4.127948760986328125e+00,1.036463737487792969e+00,4.122756481170654297e+00,-4.476968765258789062e+00,1.549635887145996094e+00,8.166313171386718750e+00,-9.769473075866699219e+00,1.931998252868652344e+00,-8.027334213256835938e+00,-9.916545867919921875e+00,-9.156255722045898438e+00,-4.059490203857421875e+00,6.496133804321289062e-01,5.979576587677001953e+00,-1.071868133544921875e+01,8.390880227088928223e-01,1.060956382751464844e+01,1.211126804351806641e+00,9.073238372802734375e+00,7.672382354736328125e+00,-8.262187957763671875e+00,-1.123367404937744141e+01,-1.173972845077514648e+00,1.672334671020507812e+00,-8.576536178588867188e+00,2.502905130386352539e-01,2.148689270019531250e+00,-2.138624906539916992e+00,9.656065940856933594e+00,-8.214468002319335938e+00,-1.030253410339355469e+00,7.353367805480957031e-01,-1.946098327636718750e+00,-4.511050224304199219e+00,-4.592289447784423828e+00,3.725675344467163086e+00,1.078921413421630859e+01,-5.851070880889892578e+00,1.881522655487060547e+00,7.035671234130859375e+00,4.118160724639892578e+00,5.500220298767089844e+00,1.183507251739501953e+01,-8.184158802032470703e-01,3.414283990859985352e-01,-2.362111091613769531e+00,7.583817958831787109e+00,-3.586900949478149414e+00
5.085660934448242188e+00,-9.516258239746093750e-01,1.047440624237060547e+01,-9.755661010742187500e+00,-7.289240837097167969e+00,6.654415130615234375e-01,1.207639455795288086e+00,-3.962531089782714844e+00,-4.071973323822021484e+00,2.507634639739990234e+00,-1.604605197906494141e+00,1.269712352752685547e+01,1.584847092628479004e+00,8.563661575317382812e-01,-1.464760303497314453e+01,-9.864978790283203125e+00,-6.661260128021240234e+00,1.969424247741699219e+00,4.581255912780761719e+00,-7.856908798217773438e+00,5.220603466033935547e+00,7.035950660705566406e+00,-1.077561187744140625e+01,2.431233882904052734e+00,-9.257614135742187500e+00,-1.209398460388183594e+01,-9.272570610046386719e+00,-4.188879489898681641e+00,1.735019683837890625e-01,6.586669921875000000e+00,-1.310366058349609375e+01,3.440822601318359375e+00,1.133227729797363281e+01,2.487440109252929688e+00,8.964817047119140625e+00,1.050295352935791016e+01,-1.161462783813476562e+01,-1.214529037475585938e+01,-3.338028907775878906e+00,3.965801000595092773e-02,-1.498580741882324219e+01,3.149421215057373047e-01,-5.620589256286621094e-01,-5.372778892517089844e+00,7.357664585113525391e+00,-1.094214439392089844e+01,-4.254845142364501953e+00,7.502460479736328125e-02,9.909365773200988770e-01,-3.653682231903076172e+00,-4.260000705718994141e+00,5.415478706359863281e+00,1.095532608032226562e+01,-5.558785915374755859e+00,3.182495594024658203e+00,6.218260765075683594e+00,4.852579116821289062e+00,8.142954826354980469e+00,1.100241374969482422e+01,-5.134155750274658203e-01,3.009803295135498047e+00,-1.255512237548828125e+00,8.713276863098144531e+00,-6.517535209655761719e+00
1.070963025093078613e+00,-4.031306266784667969e+00,1.001096248626708984e+01,-9.219939231872558594e+00,-5.960211753845214844e+00,1.048369693756103516e+01,-1.402656674385070801e+00,-3.886377096176147461e+00,1.397190570831298828e+00,3.287595987319946289e+00,-2.089482545852661133e-01,1.225745105743408203e+01,3.967879772186279297e+00,2.301182746887207031e-01,-9.724288940429687500e+00,-7.566537857055664062e+00,-6.815603256225585938e+00,4.510931968688964844e-01,7.122708320617675781e+00,-1.004887104034423828e+01,6.553921699523925781e+00,3.764099121093750000e+00,-1.093482398986816406e+01,2.689675807952880859e+00,-6.915933132171630859e+00,-1.183825492858886719e+01,-6.670536041259765625e+00,-2.215410709381103516e+00,-2.495591640472412109e+00,6.152560234069824219e+00,-1.120030403137207031e+01,4.481606483459472656e+00,7.278220176696777344e+00,2.804859161376953125e+00,8.224781990051269531e+00,1.114338302612304688e+01,-1.159112930297851562e+01,-6.625928878784179688e+00,-4.394193649291992188e+00,-2.917412281036376953e+00,-1.631336021423339844e+01,-1.087567806243896484e+00,-3.360180616378784180e+00,-6.411359310150146484e+00,1.216489911079406738e+00,-9.662611961364746094e+00,-5.202152252197265625e+00,-7.145586609840393066e-01,3.691664218902587891e+00,3.221864700317382812e-01,-3.088579177856445312e-01,5.359581947326660156e+00,5.104681968688964844e+00,-3.374904155731201172e+00,2.038567543029785156e+00,3.034797906875610352e+00,4.396991252899169922e+00,8.662153244018554688e+00,4.653327941894531250e+00,-1.825085163116455078e+00,5.406370162963867188e+00,1.391455173492431641e+00,8.564870834350585938e+00,-9.535177230834960938e+00
-1.264270305633544922e+00,-6.974697113037109375e+00,1.296065521240234375e+01,-9.319442749023437500e+00,-3.929581165313720703e+00,1.362599945068359375e+01,-6.646794795989990234e+00,-6.340002059936523438e+00,7.148386001586914062e+00,5.135594367980957031e+00,1.259641408920288086e+00,1.445315647125244141e+01,8.838330268859863281e+00,-2.270125389099121094e+00,-8.780948638916015625e+00,-5.385654926300048828e+00,-6.615729808807373047e+00,-3.053077220916748047e+00,5.519146442413330078e+00,-1.298981571197509766e+01,8.368810653686523438e+00,1.407650947570800781e+00,-1.206031322479248047e+01,5.843198776245117188e+00,-6.944052696228027344e+00,-1.251510047912597656e+01,-2.057914018630981445e+00,-3.157375812530517578e+00,-7.113567352294921875e+00,5.150163650512695312e+00,-1.232532215118408203e+01,7.110713958740234375e+00,6.432684898376464844e+00,4.004001617431640625e+00,8.326789855957031250e+00,1.217447757720947266e+01,-1.250997924804687500e+01,-5.657166957855224609e+00,-7.119324684143066406e+00,-7.007843971252441406e+00,-1.915178871154785156e+01,-5.103275775909423828e+00,-6.704648017883300781e+00,-9.117488861083984375e+00,-2.173888683319091797e+00,-7.785698890686035156e+00,-6.738466262817382812e+00,3.220462799072265625e-02,7.998232841491699219e+00,3.005816936492919922e+00,3.776479959487915039e+00,4.799808979034423828e+00,3.061546325683593750e+00,-3.336531639099121094e+00,-1.343338012695312500e+00,2.182221174240112305e+00,5.830538272857666016e+00,8.717049598693847656e+00,8.675162792205810547e-01,-5.387730598449707031e+00,6.346096992492675781e+00,5.074163913726806641e+00,8.923224449157714844e+00,-1.251809215545654297e+01
2.272331476211547852e+00,1.765905189514160156e+01,4.509923458099365234e+00,-6.549128532409667969e+00,-5.032374858856201172e+00,4.119761466979980469e+00,2.378703308105468750e+01,-1.288367509841918945e+00,-2.250844764709472656e+01,2.953492105007171631e-01,4.183900356292724609e-01,1.060440635681152344e+01,-1.887969017028808594e+01,2.153580284118652344e+01,-1.115642929077148438e+01,-2.844979286193847656e+00,-1.701647567749023438e+01,1.904085540771484375e+01,1.875403881072998047e+00,-3.494642257690429688e+00,3.255602359771728516e+00,8.976185798645019531e+00,-8.568437576293945312e+00,5.596910476684570312e+00,-7.973032951354980469e+00,-1.520960235595703125e+01,-1.143163776397705078e+01,-5.426760196685791016e+00,1.836091613769531250e+01,1.818974494934082031e+00,-1.122269058227539062e+01,3.366189599037170410e-01,7.646684169769287109e+00,1.324284553527832031e+00,1.585610151290893555e+00,1.250266933441162109e+01,-1.193067455291748047e+01,-7.799023628234863281e+00,-1.820760607719421387e+00,2.043467903137207031e+01,-7.531502723693847656e+00,1.413992691040039062e+01,8.607283592224121094e+00,1.059162616729736328e-01,6.684494972229003906e+00,-9.400542259216308594e+00,-2.739011764526367188e+00,-1.042082214355468750e+01,-1.909991836547851562e+01,-2.393307685852050781e+01,-2.223871040344238281e+01,1.189944934844970703e+01,5.265077590942382812e+00,-1.804057312011718750e+01,8.027307987213134766e-01,2.351809978485107422e+00,9.193796157836914062e+00,8.388680458068847656e+00,4.390628814697265625e+00,1.626757621765136719e+01,6.929516792297363281e-02,-1.900684928894042969e+01,1.575633525848388672e+00,-7.480615139007568359e+00
2.987710237503051758e+00,-2.153069019317626953e+00,8.171257019042968750e+00,-5.273011684417724609e+00,-1.152884960174560547e-02,1.192007064819335938e-01,-5.994802474975585938e+00,-2.876209735870361328e+00,4.063310623168945312e+00,2.056776523590087891e+00,-1.148689985275268555e+00,1.333290290832519531e+01,8.171559333801269531e+00,-5.754091739654541016e-01,-1.285748958587646484e+01,-1.749034523963928223e+00,-6.343422889709472656e+00,-1.853500604629516602e+00,-4.188243865966796875e+00,-5.937818527221679688e+00,2.756781578063964844e+00,4.382212638854980469e+00,-5.174489974975585938e+00,9.397215843200683594e+00,-8.385724067687988281e+00,-1.389285850524902344e+01,2.197954893112182617e+00,-8.191065788269042969e+00,-3.886947154998779297e+00,2.101501703262329102e+00,-1.404958438873291016e+01,2.290070533752441406e+00,1.006280899047851562e+01,5.378845930099487305e-01,7.038567543029785156e+00,1.134029769897460938e+01,-7.365994930267333984e+00,-1.098942470550537109e+01,-3.985816955566406250e+00,-6.871495723724365234e+00,-1.059605121612548828e+01,-7.816669940948486328e+00,-5.715788841247558594e+00,-5.451157569885253906e+00,-2.132121562957763672e+00,-7.822802662849426270e-01,-2.649155616760253906e+00,3.993641734123229980e-01,5.532122611999511719e+00,-2.051356315612792969e+00,-9.203705787658691406e-01,-9.552173614501953125e-01,8.890640258789062500e+00,-7.104052543640136719e+00,-4.740380287170410156e+00,4.286794662475585938e+00,9.539499282836914062e+00,-2.445728778839111328e-01,4.167602062225341797e+00,-8.831953048706054688e+00,-1.176181554794311523e+00,2.076203346252441406e+00,6.695336341857910156e+00,-4.748605728149414062e+00
2.904952049255371094e+00,6.815956115722656250e+00,2.187963485717773438e+00,-3.964696884155273438e+00,-2.538594484329223633e+00,-2.369942665100097656e+00,5.447601318359375000e+00,-5.075976252555847168e-01,-4.689379215240478516e+00,4.400062561035156250e-01,-1.633221268653869629e+00,9.308141708374023438e+00,-2.790169239044189453e+00,6.900373458862304688e+00,-1.195860195159912109e+01,-3.606804847717285156e+00,-8.006124496459960938e+00,6.862937450408935547e+00,-4.076084613800048828e+00,-7.066940069198608398e-01,1.161473155021667480e+00,6.762621879577636719e+00,-1.710144996643066406e+00,6.390955924987792969e+00,-8.737320899963378906e+00,-1.158687019348144531e+01,-3.370844364166259766e+00,-5.748027801513671875e+00,6.657173633575439453e+00,2.475012302398681641e+00,-1.064153003692626953e+01,-1.940182447433471680e-01,9.546099662780761719e+00,3.830400109291076660e-02,3.202291011810302734e+00,9.381153106689453125e+00,-3.595809459686279297e+00,-1.155580043792724609e+01,-5.972608327865600586e-01,3.376434326171875000e+00,-4.192792892456054688e+00,5.402810573577880859e-01,5.183390974998474121e-01,-9.217218160629272461e-01,1.671352386474609375e+00,-4.408101558685302734e+00,-8.239604234695434570e-01,-2.897474765777587891e+00,-4.061299324035644531e+00,-9.466078758239746094e+00,-1.025615119934082031e+01,4.574037790298461914e-01,1.038362884521484375e+01,-1.011084842681884766e+01,1.498936653137207031e+00,4.823727607727050781e+00,7.509594440460205078e+00,9.648301601409912109e-01,4.918791770935058594e+00,2.678205966949462891e-01,-2.622509479522705078e+00,-7.163140296936035156e+00,2.747930049896240234e+00,-8.056751489639282227e-01
2.329673767089843750e+00,8.602480888366699219e-01,5.708853721618652344e+00,-5.694720268249511719e+00,-4.692114830017089844e+00,3.957259654998779297e+00,2.870305538177490234e+00,-1.858853340148925781e+00,-3.940424442291259766e+00,1.287654995918273926e+00,-1.599318027496337891e+00,1.154594135284423828e+01,-4.080404043197631836e-01,4.331994056701660156e+00,-1.140717506408691406e+01,-5.453173637390136719e+00,-8.080254554748535156e+00,3.782717227935791016e+00,9.271211624145507812e-01,-4.028808116912841797e+00,3.819618701934814453e+00,6.146553516387939453e+00,-7.601050376892089844e+00,4.961592674255371094e+00,-7.913623809814453125e+00,-1.170459938049316406e+01,-6.734522342681884766e+00,-4.571541786193847656e+00,1.574599266052246094e+00,4.929759502410888672e+00,-1.175597000122070312e+01,9.965112805366516113e-01,9.028743743896484375e+00,1.574632763862609863e+00,5.780674934387207031e+00,9.905397415161132812e+00,-8.382017135620117188e+00,-9.878204345703125000e+00,-1.902487516403198242e+00,1.134233236312866211e+00,-1.004381942749023438e+01,-5.608922243118286133e-02,3.140491545200347900e-01,-2.315279006958007812e+00,2.358625411987304688e+00,-7.017868041992187500e+00,-2.659649848937988281e+00,-2.474171400070190430e+00,-9.887957572937011719e-01,-5.998366832733154297e+00,-5.478872776031494141e+00,3.265905141830444336e+00,7.681481838226318359e+00,-8.008739471435546875e+00,1.473291039466857910e+00,4.290757656097412109e+00,6.101909637451171875e+00,5.974613189697265625e+00,5.706665992736816406e+00,3.254895210266113281e-01,1.112081646919250488e+00,-3.108005523681640625e+00,5.765483856201171875e+00,-5.727533340454101562e+00
1.372809410095214844e-01,-1.173995971679687500e+00,3.616079807281494141e+00,-3.356977939605712891e+00,-4.977697372436523438e+00,1.230770397186279297e+01,9.696576118469238281e+00,-7.002298831939697266e-01,-1.779115486145019531e+01,7.737644314765930176e-01,1.430505752563476562e+00,7.131691455841064453e+00,-8.674347877502441406e+00,3.432425498962402344e+00,-2.174159765243530273e+00,-2.815805673599243164e+00,-4.917819976806640625e+00,4.252191066741943359e+00,1.036476039886474609e+01,-8.281044006347656250e+00,3.607910871505737305e+00,4.375955104827880859e+00,-9.448165893554687500e+00,1.942723512649536133e+00,-3.262940883636474609e+00,-1.141356372833251953e+01,-1.236178016662597656e+01,-1.468021869659423828e+00,2.135068416595458984e+00,2.516455411911010742e+00,-6.776157379150390625e+00,2.708637475967407227e+00,5.971839427947998047e-01,7.234869003295898438e-01,9.847373962402343750e-01,8.241039276123046875e+00,-1.183496379852294922e+01,5.505273342132568359e-01,-3.904439926147460938e+00,9.339019775390625000e+00,-8.838675498962402344e+00,6.743096351623535156e+00,5.833058357238769531e+00,-3.638503551483154297e-01,4.289971351623535156e+00,-1.104902076721191406e+01,-2.305248260498046875e+00,-3.393432140350341797e+00,-7.078498363494873047e+00,-4.814084053039550781e+00,-3.798735618591308594e+00,1.540669441223144531e+01,-2.211221456527709961e+00,2.540287971496582031e+00,-9.831062555313110352e-01,4.089572429656982422e-01,4.105878353118896484e+00,1.021792030334472656e+01,-2.973155975341796875e-01,5.055558681488037109e+00,3.257828235626220703e+00,-3.806622028350830078e+00,1.982590675354003906e+00,-9.707406997680664062e+00
2.854629516601562500e+00,1.846182632446289062e+01,2.494562387466430664e+00,-5.889249324798583984e+00,-4.639631271362304688e+00,1.343527555465698242e+00,2.226437377929687500e+01,-7.061433196067810059e-01,-1.962286758422851562e+01,3.749673366546630859e-01,2.781381607055664062e-01,9.088007926940917969e+00,-1.737631416320800781e+01,1.971687126159667969e+01,-1.086283683776855469e+01,-3.347887754440307617e+00,-1.558666992187500000e+01,1.850171279907226562e+01,3.564723730087280273e-01,-3.256880283355712891e+00,2.872356891632080078e+00,8.459446907043457031e+00,-6.210689544677734375e+00,5.892658233642578125e+00,-8.396800994873046875e+00,-1.497889137268066406e+01,-9.769773483276367188e+00,-5.002960205078125000e+00,1.840779495239257812e+01,1.361490249633789062e+00,-1.042149925231933594e+01,3.380270004272460938e-01,7.563075065612792969e+00,5.534981489181518555e-01,1.492148637771606445e+00,1.198299217224121094e+01,-9.468944549560546875e+00,-8.899112701416015625e+00,-1.185933828353881836e+00,1.846635818481445312e+01,-5.617711067199707031e+00,1.278391361236572266e+01,6.798797130584716797e+00,-4.450286030769348145e-01,6.002266883850097656e+00,-9.310504913330078125e+00,-2.102989196777343750e+00,-8.777795791625976562e+00,-1.689885902404785156e+01,-2.200328636169433594e+01,-2.154021263122558594e+01,9.498404502868652344e+00,6.815202713012695312e+00,-1.643852233886718750e+01,2.039690971374511719e+00,2.755264759063720703e+00,7.948311328887939453e+00,5.541228294372558594e+00,4.689030647277832031e+00,1.371835708618164062e+01,-1.389113187789916992e+00,-1.853665542602539062e+01,1.644343614578247070e+00,-4.911246299743652344e+00
-1.717968821525573730e+00,-1.154018020629882812e+01,1.315785312652587891e+01,-8.897538185119628906e+00,-4.831162929534912109e+00,2.283655357360839844e+01,-4.341242313385009766e+00,-4.985443115234375000e+00,4.857291698455810547e+00,3.287925720214843750e+00,7.454651594161987305e-01,9.962566375732421875e+00,1.012173652648925781e+00,-2.982644081115722656e+00,-1.793212413787841797e+00,-7.079541206359863281e+00,-5.679267406463623047e+00,-2.804224729537963867e+00,1.574913311004638672e+01,-1.518976020812988281e+01,7.380597591400146484e+00,-2.073674440383911133e+00,-1.525964450836181641e+01,2.612800598144531250e-01,-2.892992019653320312e+00,-7.487918853759765625e+00,-8.361596107482910156e+00,2.807311534881591797e+00,-6.548155784606933594e+00,7.621739387512207031e+00,-7.897455215454101562e+00,7.349231719970703125e+00,1.279549121856689453e+00,4.189197540283203125e+00,1.159033203125000000e+01,7.881745338439941406e+00,-1.370253944396972656e+01,1.013432979583740234e+00,-5.516026496887207031e+00,-6.992167234420776367e-01,-2.205139732360839844e+01,2.465139865875244141e+00,-5.259743213653564453e+00,-8.857838630676269531e+00,2.151779413223266602e+00,-1.222593688964843750e+01,-5.717743396759033203e+00,-3.299488544464111328e+00,3.239791393280029297e+00,5.298800468444824219e+00,6.651493072509765625e+00,9.800201416015625000e+00,-2.473937988281250000e+00,1.177537918090820312e+00,2.244781970977783203e+00,6.737384796142578125e-01,1.842608451843261719e-01,1.502363967895507812e+01,-6.334519386291503906e-02,1.903296947479248047e+00,1.141194057464599609e+01,3.747953414916992188e+00,1.152899265289306641e+01,-1.461935520172119141e+01
4.396261215209960938e+00,4.462172985076904297e+00,3.284811735153198242e+00,-4.686079978942871094e+00,-3.336522102355957031e+00,-3.262628078460693359e+00,3.878839969635009766e+00,-1.129677891731262207e-01,-4.839839935302734375e+00,4.502737224102020264e-01,-2.569373130798339844e+00,8.850582122802734375e+00,-1.750575304031372070e+00,4.771346569061279297e+00,-1.168764305114746094e+01,-4.402472972869873047e+00,-6.795709133148193359e+00,4.802328109741210938e+00,-1.774237871170043945e+00,-1.580731868743896484e+00,1.226038336753845215e+00,7.781456947326660156e+00,-3.939062118530273438e+00,4.528841495513916016e+00,-8.577080726623535156e+00,-1.080403995513916016e+01,-5.047550201416015625e+00,-5.701672554016113281e+00,4.174655914306640625e+00,3.076095104217529297e+00,-1.020076942443847656e+01,1.933688521385192871e-01,9.731090545654296875e+00,3.376680910587310791e-01,4.331455230712890625e+00,8.544913291931152344e+00,-5.381879806518554688e+00,-1.184461212158203125e+01,-5.022336840629577637e-01,1.644552230834960938e+00,-5.663949012756347656e+00,-6.319401264190673828e-01,1.344075441360473633e+00,-1.015164017677307129e+00,3.836372852325439453e+00,-4.551026821136474609e+00,-9.182806015014648438e-01,-1.516020298004150391e+00,-2.420193195343017578e+00,-6.225562095642089844e+00,-8.296278953552246094e+00,9.178680181503295898e-01,1.055950641632080078e+01,-7.582160949707031250e+00,8.345208168029785156e-01,5.264444828033447266e+00,6.773693084716796875e+00,1.835895895957946777e+00,7.149158000946044922e+00,-1.222152471542358398e+00,-2.272513151168823242e+00,-4.764361381530761719e+00,3.234024047851562500e+00,-1.167377591133117676e+00
7.822284698486328125e-01,-7.451152801513671875e-02,4.643935203552246094e+00,-4.032748699188232422e+00,3.384166240692138672e+00,5.058688163757324219e+00,-1.100819206237792969e+01,1.726822257041931152e+00,1.033457565307617188e+01,-3.758308887481689453e-01,-3.136037349700927734e+00,1.024904632568359375e+01,9.511007308959960938e+00,8.978643417358398438e-01,-6.695009231567382812e+00,5.672104835510253906e+00,-8.714496612548828125e+00,-1.631990432739257812e+00,-7.722876548767089844e+00,-7.380939960479736328e+00,1.760148763656616211e+00,1.276796340942382812e+00,-5.226677894592285156e+00,1.674217987060546875e+01,-5.653453826904296875e+00,-1.500930976867675781e+01,9.866651535034179688e+00,-8.688822746276855469e+00,-6.875057220458984375e+00,1.120708584785461426e+00,-1.462767791748046875e+01,7.468261718750000000e-01,4.839318752288818359e+00,-1.486306428909301758e+00,9.249938964843750000e+00,1.130304908752441406e+01,-9.593804359436035156e+00,-8.461635589599609375e+00,-2.161805629730224609e+00,-1.080003547668457031e+01,-9.103216171264648438e+00,-1.438296222686767578e+01,-1.124489307403564453e+01,-7.866616249084472656e+00,-1.102152252197265625e+01,6.307555198669433594e+00,-6.949295997619628906e-01,-2.059588432312011719e+00,8.562423706054687500e+00,-1.843757629394531250e-01,2.193807601928710938e+00,-4.634795188903808594e+00,3.094968795776367188e+00,-1.050529098510742188e+01,-8.901014328002929688e+00,1.060742616653442383e+00,1.113280296325683594e+01,-5.262670993804931641e+00,-2.372478961944580078e+00,-1.424601745605468750e+01,-2.043399333953857422e+00,2.702632427215576172e+00,8.843666076660156250e+00,-6.407385826110839844e+00
-8.320217132568359375e-01,-4.308289527893066406e+00,9.418121337890625000e+00,-4.773811817169189453e+00,-1.864969968795776367e+00,7.305346488952636719e+00,-5.300208091735839844e+00,-4.297235488891601562e+00,4.622804641723632812e+00,3.348576545715332031e+00,7.466516494750976562e-01,1.203908538818359375e+01,6.976199626922607422e+00,-1.345224857330322266e+00,-8.351667404174804688e+00,-3.046820640563964844e+00,-5.836146354675292969e+00,-3.110034465789794922e+00,1.337510585784912109e+00,-7.870998382568359375e+00,4.093917846679687500e+00,1.789379596710205078e+00,-8.076192855834960938e+00,5.550136089324951172e+00,-6.465530395507812500e+00,-1.016270542144775391e+01,-8.209753036499023438e-02,-4.455898284912109375e+00,-4.700609207153320312e+00,3.694919586181640625e+00,-1.101775932312011719e+01,3.809837579727172852e+00,6.379359245300292969e+00,1.197211861610412598e+00,5.728497505187988281e+00,9.496887207031250000e+00,-8.714145660400390625e+00,-6.105854511260986328e+00,-5.199057102203369141e+00,-5.807771682739257812e+00,-1.193220138549804688e+01,-5.169974327087402344e+00,-4.816706657409667969e+00,-6.110485076904296875e+00,-2.034469366073608398e+00,-2.602514266967773438e+00,-3.395582199096679688e+00,-4.307896494865417480e-01,5.488217830657958984e+00,4.290456771850585938e-01,1.304767370223999023e+00,2.386452674865722656e+00,4.397945404052734375e+00,-4.231953620910644531e+00,-3.974237918853759766e+00,2.232909440994262695e+00,7.148838996887207031e+00,3.999333858489990234e+00,3.328647613525390625e-01,-6.171974658966064453e+00,3.142062425613403320e+00,2.717657089233398438e+00,5.934931278228759766e+00,-7.702459812164306641e+00
4.022540092468261719e+00,6.909894466400146484e+00,2.581419467926025391e+00,-4.345490932464599609e+00,-2.613145589828491211e+00,-3.963227033615112305e+00,5.852611541748046875e+00,-6.307410001754760742e-01,-4.650505065917968750e+00,2.853670418262481689e-01,-2.274546861648559570e+00,9.671027183532714844e+00,-3.244873523712158203e+00,6.914109230041503906e+00,-1.265597248077392578e+01,-4.024374485015869141e+00,-7.903712272644042969e+00,6.910633563995361328e+00,-3.969251632690429688e+00,-4.920429289340972900e-01,1.086322546005249023e+00,7.388337135314941406e+00,-1.927064895629882812e+00,6.120176315307617188e+00,-8.947902679443359375e+00,-1.117794704437255859e+01,-3.549809455871582031e+00,-5.833905220031738281e+00,6.914958953857421875e+00,2.349434137344360352e+00,-1.092017841339111328e+01,-3.612935543060302734e-02,1.055911827087402344e+01,4.471580088138580322e-01,3.731656074523925781e+00,8.851383209228515625e+00,-3.394014120101928711e+00,-1.268155574798583984e+01,-5.677093267440795898e-01,3.477347373962402344e+00,-4.325230598449707031e+00,6.649053096771240234e-01,8.978732824325561523e-01,-6.196730732917785645e-01,2.736165285110473633e+00,-4.444754123687744141e+00,-6.641393899917602539e-01,-2.449026107788085938e+00,-4.690294265747070312e+00,-9.549062728881835938e+00,-1.065038394927978516e+01,1.428902149200439453e-01,1.111236476898193359e+01,-9.989155769348144531e+00,1.249670386314392090e+00,5.413888931274414062e+00,7.467103481292724609e+00,5.065479278564453125e-01,6.145179748535156250e+00,5.217213630676269531e-01,-2.960806846618652344e+00,-6.864406585693359375e+00,3.183441400527954102e+00,-4.556596279144287109e-02
-3.381198406219482422e+00,-4.820747375488281250e+00,6.913493156433105469e+00,-5.346846103668212891e+00,-2.761816978454589844e+00,1.583318710327148438e+01,-2.380800962448120117e+00,-3.352730751037597656e+00,3.811373233795166016e+00,3.238372564315795898e+00,1.174239397048950195e+00,1.356727886199951172e+01,5.049539089202880859e+00,2.078029632568359375e+00,-7.048391819000244141e+00,-1.892560601234436035e+00,-7.954502105712890625e+00,-3.101666867733001709e-01,1.945895195007324219e+00,-7.587453365325927734e+00,6.527358055114746094e+00,1.941392421722412109e+00,-8.965738296508789062e+00,6.290165424346923828e+00,-5.794560432434082031e+00,-1.252576160430908203e+01,-3.107364416122436523e+00,-3.474777936935424805e+00,-3.582606315612792969e+00,3.971029758453369141e+00,-1.163651561737060547e+01,3.318425416946411133e+00,4.933391571044921875e+00,2.056574583053588867e+00,4.635777473449707031e+00,1.094109439849853516e+01,-1.019041442871093750e+01,-4.323356628417968750e+00,-4.261175155639648438e+00,-3.579043865203857422e+00,-1.436800956726074219e+01,-3.185146808624267578e+00,-4.267851829528808594e+00,-4.635291099548339844e+00,-5.084915161132812500e+00,-4.470472335815429688e+00,-4.957540512084960938e+00,-2.774403095245361328e+00,4.392629623413085938e+00,-9.113698005676269531e-01,4.651737213134765625e-01,4.020063877105712891e+00,1.452780246734619141e+00,-5.167591094970703125e+00,-1.172551274299621582e+00,7.537560462951660156e-01,7.470009803771972656e+00,7.769765853881835938e+00,-1.948300361633300781e+00,-2.484143495559692383e+00,3.785842657089233398e+00,1.766735792160034180e+00,5.191124916076660156e+00,-1.105197715759277344e+01
-3.958721160888671875e-01,-3.138810157775878906e+00,8.224706649780273438e+00,-5.218069076538085938e+00,-1.917455673217773438e+00,5.981683254241943359e+00,-3.414518594741821289e+00,-4.020588397979736328e+00,3.642411708831787109e+00,3.259598255157470703e+00,5.248270034790039062e-01,1.366889190673828125e+01,7.178588867187500000e+00,4.011204242706298828e-01,-1.075714969635009766e+01,-3.121645689010620117e+00,-7.035409450531005859e+00,-1.529573082923889160e+00,-1.611385345458984375e-01,-6.485752582550048828e+00,4.463576316833496094e+00,3.365171909332275391e+00,-7.199488639831542969e+00,5.955622673034667969e+00,-7.590673446655273438e+00,-1.149991130828857422e+01,-7.832592725753784180e-01,-5.353216648101806641e+00,-3.441222190856933594e+00,3.580220699310302734e+00,-1.221255779266357422e+01,3.157578945159912109e+00,8.226039886474609375e+00,1.212110161781311035e+00,4.764194965362548828e+00,1.056508731842041016e+01,-8.713587760925292969e+00,-8.106273651123046875e+00,-4.864290237426757812e+00,-5.533196449279785156e+00,-1.193665504455566406e+01,-5.212129592895507812e+00,-3.892847776412963867e+00,-5.190770149230957031e+00,-2.523976087570190430e+00,-2.741594076156616211e+00,-3.720270156860351562e+00,-4.943883419036865234e-01,4.951024055480957031e+00,-1.257277965545654297e+00,-6.512467861175537109e-01,2.040156841278076172e+00,6.113762855529785156e+00,-5.298945426940917969e+00,-3.531346559524536133e+00,2.768199443817138672e+00,8.040529251098632812e+00,3.631000041961669922e+00,1.664716720581054688e+00,-5.456109046936035156e+00,2.165293216705322266e+00,2.322909355163574219e+00,5.395061969757080078e+00,-7.132652282714843750e+00
3.661316871643066406e+00,1.194304466247558594e+01,3.409708976745605469e+00,-5.793632507324218750e+00,-3.777867794036865234e+00,8.663828670978546143e-02,1.347961235046386719e+01,-4.347404837608337402e-01,-1.146671485900878906e+01,2.224108576774597168e-01,-1.747285127639770508e+00,9.839057922363281250e+00,-9.961238861083984375e+00,1.420171165466308594e+01,-1.202790355682373047e+01,-3.476307868957519531e+00,-1.290494918823242188e+01,1.257203960418701172e+01,-1.339013576507568359e+00,-2.434347152709960938e+00,2.285024881362915039e+00,8.043928146362304688e+00,-5.237951278686523438e+00,6.675516128540039062e+00,-8.596019744873046875e+00,-1.415510749816894531e+01,-6.343770027160644531e+00,-5.946392059326171875e+00,1.195667552947998047e+01,2.562368392944335938e+00,-1.139594841003417969e+01,2.920403182506561279e-01,8.699647903442382812e+00,5.096331834793090820e-01,3.671199560165405273e+00,1.135480308532714844e+01,-7.648611545562744141e+00,-1.047263336181640625e+01,-9.024277925491333008e-01,1.019891166687011719e+01,-6.163872718811035156e+00,6.187366485595703125e+00,3.627460241317749023e+00,-9.832634329795837402e-01,3.466934204101562500e+00,-6.611233711242675781e+00,-1.737120151519775391e+00,-6.172413825988769531e+00,-1.060483360290527344e+01,-1.567497730255126953e+01,-1.598226928710937500e+01,4.252137184143066406e+00,8.318490982055664062e+00,-1.444776821136474609e+01,1.096083760261535645e+00,3.396811008453369141e+00,8.195158958435058594e+00,3.539914131164550781e+00,5.422619819641113281e+00,7.006633281707763672e+00,-1.230585813522338867e+00,-1.225706481933593750e+01,3.677559375762939453e+00,-4.446592330932617188e+00
1.394556760787963867e-01,2.816471481323242188e+01,-8.245635032653808594e-02,2.011568546295166016e-01,1.738694608211517334e-01,1.632394194602966309e+00,3.425727081298828125e+01,1.276762127876281738e+00,-2.216823005676269531e+01,-1.738546252250671387e+00,2.290588140487670898e+00,8.929700851440429688e+00,-3.196535110473632812e+01,3.241525650024414062e+01,-9.409018516540527344e+00,1.615314126014709473e+00,-2.378433990478515625e+01,2.936511802673339844e+01,-3.013478279113769531e+00,2.584135532379150391e+00,8.652231097221374512e-02,5.970229625701904297e+00,-3.747198104858398438e+00,5.768730163574218750e+00,-6.691214561462402344e+00,-9.648233413696289062e+00,-9.727202415466308594e+00,-4.328457832336425781e+00,3.082774543762207031e+01,-1.617785453796386719e+00,-9.557314872741699219e+00,-2.194960832595825195e+00,6.508645057678222656e+00,-5.813964605331420898e-01,-2.110674858093261719e+00,7.561235427856445312e+00,-7.682759761810302734e+00,-8.352498054504394531e+00,1.050731182098388672e+00,3.298923873901367188e+01,-4.887293338775634766e+00,2.501473999023437500e+01,9.352118492126464844e+00,2.945049762725830078e+00,6.537113189697265625e+00,-4.715319633483886719e+00,2.968078255653381348e-01,-2.046397018432617188e+01,-3.196794509887695312e+01,-3.460099411010742188e+01,-3.299698257446289062e+01,1.109420967102050781e+01,5.301970958709716797e+00,-2.550979614257812500e+01,7.224962115287780762e-01,1.216964960098266602e+00,9.577327728271484375e+00,7.456466674804687500e+00,1.162474632263183594e+00,2.875004196166992188e+01,-2.103324651718139648e+00,-3.051963996887207031e+01,-2.491239070892333984e+00,-1.666685819625854492e+00
6.504959106445312500e+00,-4.206102848052978516e+00,9.160927772521972656e+00,-9.401603698730468750e+00,-7.316255569458007812e+00,3.638087749481201172e+00,-7.833492755889892578e-01,-2.194199323654174805e+00,-5.888930320739746094e+00,7.835713624954223633e-01,-4.352851390838623047e+00,8.238757133483886719e+00,2.248501777648925781e-02,-1.979549407958984375e+00,-9.998582839965820312e+00,-9.415334701538085938e+00,-2.476945400238037109e+00,-6.689243316650390625e-01,8.774596214294433594e+00,-8.308372497558593750e+00,3.234947681427001953e+00,6.508547306060791016e+00,-1.087143802642822266e+01,1.167119979858398438e+00,-7.027736663818359375e+00,-1.116244316101074219e+01,-1.027447414398193359e+01,-2.125192165374755859e+00,-2.024391174316406250e+00,7.025425910949707031e+00,-9.758264541625976562e+00,2.771719932556152344e+00,7.851133823394775391e+00,2.237630367279052734e+00,1.095702743530273438e+01,9.339302062988281250e+00,-9.522068977355957031e+00,-7.968421459197998047e+00,-2.150244235992431641e+00,3.086383342742919922e-01,-1.202993297576904297e+01,5.236753225326538086e-01,3.749347329139709473e-01,-4.221963405609130859e+00,8.148927688598632812e+00,-1.230189228057861328e+01,-2.522370338439941406e+00,1.776706695556640625e+00,7.318904399871826172e-01,-2.193946838378906250e-01,-3.782777786254882812e-01,5.113043785095214844e+00,7.243771076202392578e+00,-2.062354564666748047e+00,3.958518505096435547e+00,5.437702178955078125e+00,2.028066635131835938e+00,8.193428993225097656e+00,1.035988521575927734e+01,-1.453719854354858398e+00,3.550881624221801758e+00,2.305603027343750000e-02,1.037173843383789062e+01,-7.305717945098876953e+00
1.972892880439758301e+00,1.685062217712402344e+01,2.872539997100830078e+00,-4.116642951965332031e+00,-2.983744621276855469e+00,2.772447586059570312e+00,2.114603805541992188e+01,2.358606457710266113e-02,-1.693815612792968750e+01,-2.031002342700958252e-01,2.911972999572753906e-01,1.011105537414550781e+01,-1.659371757507324219e+01,2.054199600219726562e+01,-1.068759727478027344e+01,-6.496989130973815918e-01,-1.674310684204101562e+01,1.775536537170410156e+01,-8.204910755157470703e-01,-1.816765785217285156e+00,2.035420894622802734e+00,8.160449981689453125e+00,-6.245736122131347656e+00,6.256318092346191406e+00,-8.010957717895507812e+00,-1.372912025451660156e+01,-8.365671157836914062e+00,-5.598083019256591797e+00,1.744692039489746094e+01,6.707217693328857422e-01,-1.102512454986572266e+01,-7.384453415870666504e-01,7.325864791870117188e+00,-2.144032716751098633e-02,1.084730625152587891e+00,1.128972816467285156e+01,-9.831669807434082031e+00,-8.589633941650390625e+00,-5.105120539665222168e-01,1.774415206909179688e+01,-6.421272277832031250e+00,1.239081287384033203e+01,6.309907913208007812e+00,5.039322376251220703e-01,4.068562984466552734e+00,-5.652224063873291016e+00,-1.238802552223205566e+00,-1.062996101379394531e+01,-1.683840179443359375e+01,-2.196884155273437500e+01,-2.104599380493164062e+01,8.626872062683105469e+00,6.256218433380126953e+00,-1.754870796203613281e+01,2.197901904582977295e-01,2.330464839935302734e+00,9.641396522521972656e+00,5.774488449096679688e+00,3.519502639770507812e+00,1.444288444519042969e+01,-1.360774993896484375e+00,-1.791707229614257812e+01,8.615684509277343750e-01,-5.670127868652343750e+00
7.879127502441406250e+00,-2.194519042968750000e+00,7.439847946166992188e+00,-8.095690727233886719e+00,-6.147227287292480469e+00,7.374703288078308105e-01,-4.386186599731445312e-01,-1.687450528144836426e+00,-8.964447021484375000e+00,-3.999821543693542480e-01,-5.946724891662597656e+00,5.458092689514160156e+00,-2.232636928558349609e+00,-1.946119308471679688e+00,-8.045716285705566406e+00,-8.184741973876953125e+00,-8.517827987670898438e-01,-4.896154403686523438e-01,7.239315509796142578e+00,-7.422933578491210938e+00,1.371622562408447266e+00,6.872122764587402344e+00,-9.005821228027343750e+00,2.706744194030761719e+00,-6.396195411682128906e+00,-1.143939781188964844e+01,-8.221838951110839844e+00,-2.651969671249389648e+00,-1.107330322265625000e+00,6.442179203033447266e+00,-8.383027076721191406e+00,2.027457714080810547e+00,6.331650733947753906e+00,1.436012029647827148e+00,1.040456771850585938e+01,9.270687103271484375e+00,-7.373992919921875000e+00,-6.763922691345214844e+00,-1.903739213943481445e+00,1.319398403167724609e+00,-7.496589183807373047e+00,1.061506271362304688e-01,1.268515467643737793e+00,-3.592734336853027344e+00,8.349549293518066406e+00,-1.150839328765869141e+01,-1.022849082946777344e+00,3.024402618408203125e+00,-8.804316520690917969e-01,-1.281182289123535156e+00,-1.065441131591796875e+00,4.090055465698242188e+00,6.287457942962646484e+00,-2.923660755157470703e+00,1.827631831169128418e+00,5.147634506225585938e+00,2.071676969528198242e+00,5.211012363433837891e+00,9.375790596008300781e+00,-3.078218221664428711e+00,1.784299850463867188e+00,-1.128049373626708984e+00,1.001248550415039062e+01,-6.644109249114990234e+00
-1.402729272842407227e+00,2.826712846755981445e+00,2.848412036895751953e+00,-2.546612501144409180e+00,-2.041174411773681641e+00,8.266961097717285156e+00,4.984526634216308594e+00,-1.104099750518798828e+00,-3.465440273284912109e+00,1.150231599807739258e+00,3.372366428375244141e-01,1.191631889343261719e+01,-1.701905965805053711e+00,8.177918434143066406e+00,-9.367080688476562500e+00,-9.043663740158081055e-01,-1.052766227722167969e+01,5.551203727722167969e+00,-2.638381004333496094e+00,-2.098415136337280273e+00,3.066994428634643555e+00,4.099206447601318359e+00,-5.117136001586914062e+00,6.045736789703369141e+00,-6.748019695281982422e+00,-1.167755699157714844e+01,-4.463498592376708984e+00,-5.235430240631103516e+00,4.095858097076416016e+00,2.834283828735351562e+00,-1.142933559417724609e+01,-3.942182958126068115e-01,6.339113235473632812e+00,-2.456370592117309570e-01,1.944086670875549316e+00,9.800507545471191406e+00,-7.674333095550537109e+00,-7.127111911773681641e+00,-1.401906490325927734e+00,3.282588958740234375e+00,-8.635671615600585938e+00,1.352168560028076172e+00,1.798577308654785156e-01,-1.012590169906616211e+00,-2.613198757171630859e+00,-2.972645998001098633e+00,-1.987447619438171387e+00,-5.706481933593750000e+00,-3.057796716690063477e+00,-8.818911552429199219e+00,-8.192907333374023438e+00,3.451263904571533203e+00,5.016948699951171875e+00,-9.585226058959960938e+00,-5.489974021911621094e-01,1.683023929595947266e+00,8.767719268798828125e+00,5.264972686767578125e+00,9.574723243713378906e-02,1.944258809089660645e+00,4.547709226608276367e-01,-5.756357192993164062e+00,2.220305442810058594e+00,-6.290474414825439453e+00
3.338165521621704102e+00,6.528604984283447266e+00,3.188264846801757812e+00,-5.390125274658203125e+00,-3.925985813140869141e+00,-4.791209101676940918e-01,5.890642642974853516e+00,-4.426733553409576416e-01,-6.262973785400390625e+00,7.592364549636840820e-01,-1.864768505096435547e+00,9.877657890319824219e+00,-2.899876594543457031e+00,7.219914436340332031e+00,-1.210959529876708984e+01,-4.291276931762695312e+00,-8.675811767578125000e+00,6.770236968994140625e+00,-1.717437744140625000e+00,-2.312836408615112305e+00,2.247954130172729492e+00,7.480412483215332031e+00,-4.382945060729980469e+00,5.555409908294677734e+00,-8.410518646240234375e+00,-1.302708435058593750e+01,-5.519262313842773438e+00,-5.787759304046630859e+00,6.256221771240234375e+00,3.314378738403320312e+00,-1.115055942535400391e+01,4.617601037025451660e-01,9.561265945434570312e+00,4.598380327224731445e-01,4.348693847656250000e+00,1.025976181030273438e+01,-6.301341533660888672e+00,-1.083030986785888672e+01,-8.011980056762695312e-01,3.366522312164306641e+00,-6.354361057281494141e+00,1.004499197006225586e+00,1.129056215286254883e+00,-1.432622194290161133e+00,2.467061042785644531e+00,-6.128353118896484375e+00,-1.678657531738281250e+00,-2.669018745422363281e+00,-3.618720293045043945e+00,-9.139549255371093750e+00,-9.805557250976562500e+00,1.944224834442138672e+00,9.530652046203613281e+00,-1.005695819854736328e+01,1.942655920982360840e+00,4.261993408203125000e+00,7.539729118347167969e+00,2.439794540405273438e+00,5.989327430725097656e+00,9.524385929107666016e-01,-1.367453932762145996e+00,-6.559500694274902344e+00,4.082545757293701172e+00,-3.244062423706054688e+00
-2.435575008392333984e+00,-8.855805397033691406e+00,1.211182594299316406e+01,-8.935523986816406250e+00,-3.841624498367309570e+00,1.803690528869628906e+01,-5.760865688323974609e+00,-5.784210205078125000e+00,7.035884857177734375e+00,4.862662315368652344e+00,1.385879278182983398e+00,1.260948562622070312e+01,6.216655731201171875e+00,-2.254067659378051758e+00,-5.644915580749511719e+00,-5.247540473937988281e+00,-5.761620521545410156e+00,-2.819087266921997070e+00,9.137662887573242188e+00,-1.336926364898681641e+01,7.864251136779785156e+00,7.899284362792968750e-03,-1.203565692901611328e+01,3.361593246459960938e+00,-5.284914493560791016e+00,-1.032582569122314453e+01,-3.808357477188110352e+00,-9.643664360046386719e-01,-6.731858730316162109e+00,5.769303321838378906e+00,-1.021544170379638672e+01,6.930811882019042969e+00,3.979009628295898438e+00,3.733787536621093750e+00,8.546165466308593750e+00,1.062043952941894531e+01,-1.260923004150390625e+01,-2.483310699462890625e+00,-6.492738246917724609e+00,-4.748522281646728516e+00,-1.937045288085937500e+01,-2.155043601989746094e+00,-6.229400634765625000e+00,-9.052054405212402344e+00,-1.989883899688720703e+00,-7.897209644317626953e+00,-6.609050750732421875e+00,-1.726657032966613770e+00,6.416940689086914062e+00,4.579049110412597656e+00,4.591782569885253906e+00,6.182403564453125000e+00,4.811758995056152344e-01,-1.204877376556396484e+00,-8.531947135925292969e-01,1.122269392013549805e+00,4.004697799682617188e+00,1.070200157165527344e+01,-6.214296817779541016e-01,-2.787171840667724609e+00,8.100593566894531250e+00,4.570688247680664062e+00,8.698034286499023438e+00,-1.371940040588378906e+01
-2.370736598968505859e+00,-1.900212764739990234e+00,6.199403762817382812e+00,-5.244174957275390625e+00,-2.970957040786743164e+00,1.423427867889404297e+01,1.996873617172241211e+00,-2.414040088653564453e+00,-2.993421554565429688e-01,2.439524173736572266e+00,4.518038630485534668e-01,1.320877838134765625e+01,1.013401985168457031e+00,5.101411819458007812e+00,-7.887686729431152344e+00,-2.308082103729248047e+00,-9.944942474365234375e+00,2.668236494064331055e+00,2.917664527893066406e+00,-6.373119354248046875e+00,5.670013427734375000e+00,3.158970355987548828e+00,-1.003438568115234375e+01,4.879161357879638672e+00,-6.161480903625488281e+00,-1.142286777496337891e+01,-5.795970916748046875e+00,-3.456764459609985352e+00,-2.752727270126342773e-01,4.282366275787353516e+00,-1.169437503814697266e+01,1.998223543167114258e+00,5.459882259368896484e+00,1.865783810615539551e+00,4.990458488464355469e+00,1.031089496612548828e+01,-1.117432689666748047e+01,-5.206283092498779297e+00,-3.108034133911132812e+00,3.939610719680786133e-01,-1.421678733825683594e+01,-7.104873657226562500e-05,-1.732961416244506836e+00,-3.336518287658691406e+00,-2.367856025695800781e+00,-5.483252525329589844e+00,-4.128113746643066406e+00,-4.934290885925292969e+00,4.934771656990051270e-01,-3.832191944122314453e+00,-3.012792110443115234e+00,5.305843830108642578e+00,2.291232585906982422e+00,-6.872832298278808594e+00,-3.625884056091308594e-01,1.483927965164184570e+00,7.399795532226562500e+00,8.832882881164550781e+00,1.737236976623535156e-02,1.223902583122253418e+00,3.750138044357299805e+00,-1.262840270996093750e+00,4.995267868041992188e+00,-1.024093055725097656e+01
1.299164772033691406e+00,8.176331520080566406e+00,2.055476903915405273e-01,-1.006106019020080566e+00,-4.308234453201293945e-01,-3.263203501701354980e-01,8.039651870727539062e+00,7.961146235466003418e-01,-3.910449743270874023e+00,-2.296869158744812012e-01,-2.048413455486297607e-01,9.940801620483398438e+00,-4.478337287902832031e+00,1.084612274169921875e+01,-1.010786151885986328e+01,8.053658604621887207e-01,-1.089764022827148438e+01,9.212933540344238281e+00,-6.002144813537597656e+00,1.495421290397644043e+00,5.111840367317199707e-01,5.840121269226074219e+00,-1.966272592544555664e-01,7.120699405670166016e+00,-7.629961490631103516e+00,-1.086217784881591797e+01,-1.451441884040832520e+00,-6.289545059204101562e+00,8.357948303222656250e+00,7.989647984504699707e-01,-1.040573978424072266e+01,-1.436239957809448242e+00,8.323529243469238281e+00,-1.123951911926269531e+00,4.567838311195373535e-01,8.492609977722167969e+00,-3.634467124938964844e+00,-1.010321044921875000e+01,3.329650759696960449e-01,5.065378189086914062e+00,-3.827776193618774414e+00,1.949038743972778320e+00,7.927027344703674316e-01,8.487459421157836914e-01,-1.784125804901123047e+00,2.473921775817871094e-01,9.255018830299377441e-02,-6.504267692565917969e+00,-6.520738601684570312e+00,-1.157961273193359375e+01,-1.244495010375976562e+01,5.543617010116577148e-01,8.354334831237792969e+00,-1.158608245849609375e+01,-1.032498598098754883e+00,2.929258823394775391e+00,9.637767791748046875e+00,2.171301841735839844e-01,1.540322780609130859e+00,3.135297536849975586e+00,-3.079614400863647461e+00,-8.512948989868164062e+00,1.025125384330749512e-01,-1.103891372680664062e+00
-1.607307434082031250e+00,-2.703707695007324219e+00,6.165623664855957031e+00,-4.570525169372558594e+00,-2.233670473098754883e+00,9.305600166320800781e+00,-2.714374542236328125e+00,-2.938618183135986328e+00,3.641216993331909180e+00,2.835708618164062500e+00,7.924437522888183594e-01,1.271855545043945312e+01,6.024426937103271484e+00,1.567829370498657227e+00,-8.691802024841308594e+00,-1.884593248367309570e+00,-7.002811908721923828e+00,-7.139992713928222656e-01,3.415250778198242188e-02,-5.501029968261718750e+00,4.466430664062500000e+00,2.712452411651611328e+00,-6.467696189880371094e+00,5.171006679534912109e+00,-6.402210235595703125e+00,-1.115257453918457031e+01,-1.328578472137451172e+00,-4.417093276977539062e+00,-2.547829389572143555e+00,3.610734939575195312e+00,-1.106655979156494141e+01,2.344515323638916016e+00,6.323493957519531250e+00,1.036368846893310547e+00,3.973739624023437500e+00,1.021512031555175781e+01,-7.764083862304687500e+00,-6.126865386962890625e+00,-3.743223905563354492e+00,-4.319034576416015625e+00,-1.093638229370117188e+01,-4.201100826263427734e+00,-3.538203716278076172e+00,-4.180254936218261719e+00,-4.386701583862304688e+00,-2.524340391159057617e+00,-3.446864128112792969e+00,-1.577096819877624512e+00,4.154202461242675781e+00,-1.427298069000244141e+00,-1.184548139572143555e+00,1.847666025161743164e+00,4.108944416046142578e+00,-5.479722976684570312e+00,-2.416397809982299805e+00,1.609132051467895508e+00,7.979738712310791016e+00,4.168874740600585938e+00,-4.116637706756591797e-01,-4.408865451812744141e+00,2.363497972488403320e+00,1.122153520584106445e+00,4.480829715728759766e+00,-7.780313968658447266e+00
