-1.787794530391693115e-01,4.165577888488769531e-02,-9.557127207517623901e-02,-2.918411493301391602e-01,8.969190716743469238e-02,8.406548202037811279e-02,-9.489717334508895874e-02,6.080823391675949097e-02,8.449853658676147461e-01,6.793140172958374023e-01,-4.506958127021789551e-01,-7.353130578994750977e-01,5.633746981620788574e-01,4.824078381061553955e-01,-6.097089052200317383e-01,-1.800265610218048096e-01,3.674125373363494873e-01,-2.166130542755126953e-01,7.212692499160766602e-01,3.360092639923095703e-03,4.344636499881744385e-01,-4.817243814468383789e-01,4.824497699737548828e-01,-6.001383066177368164e-01,4.521290063858032227e-01,-5.607970058917999268e-02,4.532308280467987061e-01,2.649626135826110840e-01,-8.752995729446411133e-02,4.662425816059112549e-02,-4.566224813461303711e-01,1.505237817764282227e-02,5.646364390850067139e-02,8.432950824499130249e-02,7.600508630275726318e-02,2.912710309028625488e-01,-1.522135585546493530e-01,-3.679399192333221436e-02,-1.189107671380043030e-01,-1.239506155252456665e-01,-1.727708280086517334e-01,4.207664728164672852e-01,-3.929249197244644165e-02,1.263987869024276733e-01,-1.917663812637329102e-01,3.200377821922302246e-01,1.585018634796142578e-01,5.061372518539428711e-01,-2.060043811798095703e-01,6.917873024940490723e-02,2.498733997344970703e-02,1.314498856663703918e-02,-2.325468510389328003e-02,3.018856048583984375e-01,-1.512634307146072388e-01,8.970038592815399170e-02,1.557013988494873047e-01,1.585568785667419434e-01,1.935978606343269348e-02,-5.973824858665466309e-02,4.185272753238677979e-02,-1.815777122974395752e-01,-8.834215253591537476e-02,1.579985022544860840e-01
-1.218652963638305664e+00,5.047598361968994141e+00,-8.134332895278930664e-01,4.467613220214843750e+00,-2.559043467044830322e-02,1.097731828689575195e+00,-2.377598285675048828e-01,1.583631634712219238e-01,8.079530000686645508e-01,2.459640979766845703e+00,-2.828401327133178711e+00,-3.167646884918212891e+00,2.091549158096313477e+00,2.320909738540649414e+00,-2.591866970062255859e+00,-4.049510955810546875e+00,2.367492914199829102e+00,-3.204313039779663086e+00,1.973852038383483887e+00,4.238592624664306641e+00,6.062810420989990234e-01,-2.032025814056396484e+00,3.670597076416015625e-02,-1.439205288887023926e+00,-1.844095945358276367e+00,-9.243248701095581055e-01,-5.064951896667480469e+00,-3.951085567474365234e+00,-1.808667778968811035e+00,5.429374575614929199e-01,5.404397964477539062e+00,-1.522605419158935547e+00,6.150432586669921875e+00,-2.645803987979888916e-01,-6.908779621124267578e+00,1.428032398223876953e+00,6.033455848693847656e+00,-5.003886818885803223e-01,-2.854127287864685059e-01,-5.222998619079589844e+00,-2.071682065725326538e-01,-5.573112487792968750e+00,-9.490375220775604248e-02,5.157761275768280029e-02,6.097553372383117676e-01,-4.561648368835449219e+00,-1.087227091193199158e-02,-5.069249629974365234e+00,5.356075763702392578e+00,2.655120372772216797e+00,-4.155240535736083984e+00,5.127889156341552734e+00,1.532305717468261719e+00,-4.985579490661621094e+00,6.111388683319091797e+00,4.248595714569091797e+00,-1.860773190855979919e-02,-2.932554006576538086e+00,1.791088134050369263e-01,4.538751840591430664e-01,-5.316885188221931458e-02,1.059558510780334473e+00,8.415021896362304688e-01,2.101278305053710938e-02
-1.008802890777587891e+00,4.802100181579589844e+00,-9.225339293479919434e-01,3.618317842483520508e+00,8.950632810592651367e-02,7.704533338546752930e-01,2.651459276676177979e-01,-1.283317655324935913e-01,-1.376961171627044678e-01,1.275141239166259766e+00,-1.805666327476501465e+00,-2.232034206390380859e+00,3.053598165512084961e+00,1.559998154640197754e+00,-6.365166902542114258e-01,-5.107387304306030273e-01,1.462125539779663086e+00,-1.245871543884277344e+00,2.968621850013732910e-01,1.957192897796630859e+00,-1.524888426065444946e-01,-2.176129966974258423e-01,-1.523844003677368164e+00,-1.124005198478698730e+00,-1.831054449081420898e+00,-1.017163515090942383e+00,-4.521493911743164062e+00,-4.802448272705078125e+00,-1.028151512145996094e+00,-1.874843478202819824e+00,4.930040359497070312e+00,-2.570313930511474609e+00,7.138381958007812500e+00,5.820788741111755371e-01,-5.605950832366943359e+00,1.754436492919921875e+00,6.503910064697265625e+00,-3.102373778820037842e-01,-3.908828198909759521e-01,-6.448218345642089844e+00,-3.132320880889892578e+00,-5.419535636901855469e+00,1.986541748046875000e-01,1.741881012916564941e+00,1.752353310585021973e+00,-4.446797370910644531e+00,2.203714132308959961e+00,-6.032152175903320312e+00,4.022350311279296875e+00,2.774207830429077148e+00,-4.896243572235107422e+00,3.602065324783325195e+00,1.168941140174865723e+00,-4.103194713592529297e+00,5.977406024932861328e+00,3.983171463012695312e+00,9.006350636482238770e-01,-1.247398138046264648e+00,7.437207102775573730e-01,-1.183591485023498535e-01,2.431002557277679443e-01,1.266205012798309326e-01,8.054109811782836914e-01,2.802712917327880859e-01
-8.924528360366821289e-01,2.503611326217651367e+00,-9.300080537796020508e-01,6.887928247451782227e-01,-2.567568421363830566e-01,1.477769762277603149e-01,2.476206123828887939e-01,-1.541021913290023804e-01,9.150227904319763184e-01,2.005103111267089844e+00,-2.576360940933227539e+00,-1.039392948150634766e+00,1.799784064292907715e+00,1.640931487083435059e+00,-1.541213631629943848e+00,-1.575575470924377441e+00,2.839234113693237305e+00,-5.259899497032165527e-01,1.877170681953430176e+00,2.039661645889282227e+00,9.995746612548828125e-01,-2.278883695602416992e+00,-9.041256308555603027e-01,-6.505064964294433594e-01,-3.089473009109497070e+00,-6.051447391510009766e-01,-5.370162010192871094e+00,-5.383458137512207031e+00,-7.732338309288024902e-01,-2.483499526977539062e+00,5.942650318145751953e+00,-3.231760740280151367e+00,6.963639259338378906e+00,7.058015465736389160e-02,-6.507161617279052734e+00,2.211897850036621094e+00,5.724327564239501953e+00,-4.119505584239959717e-01,-5.353165268898010254e-01,-5.683267116546630859e+00,-2.647405624389648438e+00,-4.790081977844238281e+00,1.780536174774169922e-01,1.085359930992126465e+00,2.118931055068969727e+00,-4.002788066864013672e+00,1.856627225875854492e+00,-5.162557601928710938e+00,4.442954063415527344e+00,3.116204977035522461e+00,-3.795655727386474609e+00,4.647980213165283203e+00,2.028455734252929688e+00,-5.211415290832519531e+00,4.357592582702636719e+00,4.233626842498779297e+00,3.386487960815429688e-01,-3.479725599288940430e+00,-6.066476106643676758e-01,3.182170391082763672e-01,3.635282218456268311e-01,3.480885624885559082e-01,7.786530852317810059e-01,1.755213141441345215e-01
-7.915658950805664062e-01,3.689333677291870117e+00,-6.302755475044250488e-01,2.915941238403320312e+00,-3.456629067659378052e-02,6.248781681060791016e-01,3.017729520797729492e-01,3.013856112957000732e-01,2.313540935516357422e+00,1.665831327438354492e+00,-1.446109533309936523e+00,-5.142060279846191406e+00,5.178580284118652344e+00,3.239871740341186523e+00,-1.192884087562561035e+00,-1.947628855705261230e+00,3.536558151245117188e-01,-1.915019154548645020e-01,-3.288545012474060059e-01,1.837302923202514648e+00,-1.029127955436706543e+00,1.151620149612426758e-01,-8.518551588058471680e-01,-5.108745098114013672e-01,-1.322896122932434082e+00,-8.699758052825927734e-01,-3.519377231597900391e+00,-3.336525917053222656e+00,-9.224562644958496094e-01,3.957861661911010742e-01,2.773827791213989258e+00,-1.353641629219055176e+00,5.595699310302734375e+00,1.174819022417068481e-01,-6.138027667999267578e+00,2.254049301147460938e+00,6.793281555175781250e+00,-3.066807985305786133e-02,-4.538959562778472900e-01,-4.620812416076660156e+00,-2.131958961486816406e+00,-2.866147279739379883e+00,-1.111340373754501343e-01,1.168761700391769409e-01,1.503577113151550293e+00,-3.200222015380859375e+00,7.739470601081848145e-01,-3.601581096649169922e+00,4.566097259521484375e+00,3.056891441345214844e+00,-5.385610103607177734e+00,4.865894317626953125e+00,1.430211901664733887e+00,-6.933161735534667969e+00,7.259073734283447266e+00,4.842180252075195312e+00,1.602900624275207520e+00,-1.609565734863281250e+00,8.774918913841247559e-01,-1.179047465324401855e+00,1.096075534820556641e+00,1.303485274314880371e+00,1.486925482749938965e-01,3.876052498817443848e-01
-1.128160119056701660e+00,2.722205400466918945e+00,-7.689292430877685547e-01,1.896724581718444824e+00,-1.733996570110321045e-01,1.877731531858444214e-01,-8.727701008319854736e-02,1.170789636671543121e-02,2.121091365814208984e+00,1.442967295646667480e+00,-2.491029977798461914e+00,-2.600659370422363281e+00,1.929094433784484863e+00,1.880849123001098633e+00,-1.425840973854064941e+00,-2.255520105361938477e+00,3.772238254547119141e+00,-8.695607781410217285e-01,3.244337081909179688e+00,2.625410318374633789e+00,2.447436571121215820e+00,-3.691345930099487305e+00,-5.217899084091186523e-01,5.372225642204284668e-01,-2.390386104583740234e+00,-3.918061554431915283e-01,-5.220393657684326172e+00,-5.440933704376220703e+00,-1.032415747642517090e+00,-7.961631417274475098e-01,5.621685981750488281e+00,-1.959097862243652344e+00,4.939441680908203125e+00,2.660509645938873291e-01,-4.973376750946044922e+00,1.505210518836975098e+00,4.786681175231933594e+00,-1.599897444248199463e-01,-2.819900214672088623e-01,-4.204994678497314453e+00,-2.004788219928741455e-01,-3.029200315475463867e+00,-1.945231854915618896e-01,-3.176870942115783691e-01,-7.169662415981292725e-02,-3.367719173431396484e+00,-1.982235163450241089e-02,-3.377037763595581055e+00,3.862830162048339844e+00,2.395757913589477539e+00,-1.878368616104125977e+00,3.480007648468017578e+00,1.490141987800598145e+00,-3.101973533630371094e+00,2.832917928695678711e+00,2.556783676147460938e+00,-5.996127799153327942e-02,1.018732905387878418e+00,1.216108679771423340e+00,3.199941515922546387e-01,-8.913144469261169434e-02,5.852648019790649414e-01,4.180196523666381836e-01,-6.507168710231781006e-02
-8.883101940155029297e-01,3.771572589874267578e+00,-4.535477459430694580e-01,3.890517473220825195e+00,2.745933830738067627e-02,-5.059810727834701538e-02,-2.141722477972507477e-02,1.516795903444290161e-02,1.604734182357788086e+00,1.719994068145751953e+00,-2.526630401611328125e+00,-3.213867187500000000e+00,3.009523391723632812e+00,2.657546758651733398e+00,-1.713879108428955078e+00,-2.200878858566284180e+00,3.654146790504455566e-01,-1.028357028961181641e+00,-7.892172783613204956e-02,1.151569604873657227e+00,-4.819211959838867188e-01,1.463274657726287842e-01,-1.152203232049942017e-01,-5.729796886444091797e-01,-1.537763953208923340e+00,-5.946491956710815430e-01,-4.347697734832763672e+00,-4.443212509155273438e+00,-1.179527282714843750e+00,-6.580026447772979736e-02,4.636330604553222656e+00,-1.292015910148620605e+00,5.323353290557861328e+00,-1.076906323432922363e-01,-5.176140308380126953e+00,2.074822902679443359e+00,5.973712444305419922e+00,-1.060542836785316467e-01,-5.421728491783142090e-01,-4.553270816802978516e+00,-1.975435376167297363e+00,-3.297078609466552734e+00,-3.927983939647674561e-01,2.732887268066406250e-01,1.448370337486267090e+00,-3.911809682846069336e+00,-3.701112270355224609e-01,-3.806924104690551758e+00,2.981554031372070312e+00,2.841040849685668945e+00,-1.863888740539550781e+00,2.782625198364257812e+00,1.159121751785278320e+00,-3.577845811843872070e+00,3.994003772735595703e+00,2.520960807800292969e+00,-2.184159159660339355e-01,8.828189969062805176e-02,1.371845960617065430e+00,5.805160999298095703e-01,8.386614918708801270e-02,5.916162133216857910e-01,-6.559047102928161621e-02,-4.517520666122436523e-01
-1.154773592948913574e+00,2.485138416290283203e+00,-7.805069684982299805e-01,1.504209041595458984e+00,-1.781980097293853760e-01,2.656769454479217529e-01,4.520763456821441650e-02,-3.454287648200988770e-01,9.218825101852416992e-01,1.624788761138916016e+00,-2.025297164916992188e+00,-3.319594383239746094e+00,3.712541580200195312e+00,8.880378007888793945e-01,-1.876711726188659668e+00,-1.968010783195495605e+00,8.262753486633300781e-01,-2.265633106231689453e+00,9.056947827339172363e-01,2.849828004837036133e+00,-6.435583829879760742e-01,-2.104835063219070435e-01,-8.965070247650146484e-01,-2.026945829391479492e+00,-2.902174949645996094e+00,-6.672073602676391602e-01,-4.924756526947021484e+00,-5.115723609924316406e+00,-1.442461490631103516e+00,-1.142076611518859863e+00,5.587175846099853516e+00,-2.165460109710693359e+00,4.967478275299072266e+00,1.855950951576232910e-01,-4.708057403564453125e+00,2.315857410430908203e+00,4.923487186431884766e+00,3.648934960365295410e-01,-5.195879936218261719e-01,-4.321851253509521484e+00,-2.393949747085571289e+00,-3.889129400253295898e+00,1.974772512912750244e-01,6.125532984733581543e-01,1.521423339843750000e+00,-3.424529314041137695e+00,7.101898789405822754e-01,-4.854834079742431641e+00,4.125863075256347656e+00,2.191703796386718750e+00,-4.671221733093261719e+00,3.482017993927001953e+00,1.142173290252685547e+00,-5.376666069030761719e+00,6.405821323394775391e+00,3.612338304519653320e+00,3.566446602344512939e-01,-3.190495729446411133e+00,-1.379353523254394531e+00,7.040196657180786133e-01,8.686010241508483887e-01,3.360539972782135010e-01,1.330532908439636230e+00,2.444131672382354736e-02
-1.149360537528991699e+00,2.693769454956054688e+00,-8.649532198905944824e-01,1.843453764915466309e+00,-6.048809289932250977e-01,3.146696984767913818e-01,-1.216132566332817078e-02,1.293649524450302124e-02,4.146653175354003906e+00,2.723015785217285156e+00,-3.334067106246948242e+00,-5.453534603118896484e+00,5.964356899261474609e+00,4.182774066925048828e+00,-1.766791820526123047e+00,-3.434377670288085938e+00,2.379481554031372070e+00,-1.589006662368774414e+00,2.618773460388183594e+00,3.068273782730102539e+00,1.753316998481750488e+00,-2.623594522476196289e+00,5.819087028503417969e-01,-9.784550666809082031e-01,-1.114945411682128906e+00,-7.512048482894897461e-01,-4.621489524841308594e+00,-4.435189247131347656e+00,-1.468787312507629395e+00,-2.768021523952484131e-01,5.651041030883789062e+00,-2.307693719863891602e+00,4.870240211486816406e+00,-1.797608584165573120e-01,-5.246344089508056641e+00,1.680283308029174805e+00,5.455302238464355469e+00,-1.501360535621643066e-01,-3.625368773937225342e-01,-3.535320758819580078e+00,-1.068652868270874023e+00,-4.489841461181640625e+00,-7.048793882131576538e-02,-1.096696481108665466e-01,1.463771104812622070e+00,-4.130401611328125000e+00,7.473369240760803223e-01,-4.785115242004394531e+00,4.361501693725585938e+00,3.244759082794189453e+00,-2.827659845352172852e+00,3.950007438659667969e+00,2.300884246826171875e+00,-4.689126014709472656e+00,4.262026786804199219e+00,2.730087518692016602e+00,4.624228179454803467e-01,-1.500259041786193848e+00,7.778942584991455078e-02,1.892659515142440796e-01,2.731023430824279785e-01,1.954410076141357422e-01,3.869963884353637695e-01,4.402615129947662354e-03
-8.774716854095458984e-01,2.462123632431030273e+00,-7.170890569686889648e-01,1.574875593185424805e+00,2.180451899766921997e-02,7.063943147659301758e-01,3.711432218551635742e-01,3.219232261180877686e-01,6.611797213554382324e-02,1.668314576148986816e+00,-2.278624296188354492e+00,-3.157021999359130859e+00,2.969390869140625000e+00,1.303437471389770508e+00,-2.636291265487670898e+00,-2.574900627136230469e+00,2.812778651714324951e-01,-3.894912004470825195e-01,-6.560876965522766113e-01,2.388484716415405273e+00,-1.413589239120483398e+00,3.179852664470672607e-02,-1.451592206954956055e+00,-1.039924025535583496e+00,-3.645946979522705078e+00,-6.219041347503662109e-01,-6.029696464538574219e+00,-5.436803817749023438e+00,-1.363381743431091309e+00,-9.092227816581726074e-01,5.367678165435791016e+00,-2.455526828765869141e+00,5.927695274353027344e+00,4.974234104156494141e-02,-6.336375236511230469e+00,2.586031913757324219e+00,6.374744892120361328e+00,-2.816307544708251953e-01,-4.444515407085418701e-01,-5.043047904968261719e+00,-1.927937626838684082e+00,-3.066614151000976562e+00,-2.410507798194885254e-01,2.239153161644935608e-02,1.552647709846496582e+00,-2.866688251495361328e+00,3.210979700088500977e-01,-2.926244020462036133e+00,5.704567432403564453e+00,2.707736253738403320e+00,-6.297492504119873047e+00,5.215240955352783203e+00,1.058601140975952148e+00,-6.301152229309082031e+00,8.413725852966308594e+00,6.014305114746093750e+00,-1.838840544223785400e-04,-2.755499839782714844e+00,-2.513923943042755127e-01,2.355691492557525635e-01,3.821659982204437256e-01,7.474276423454284668e-01,9.501947164535522461e-01,-1.884973496198654175e-01
-6.529102325439453125e-01,3.417889356613159180e+00,-3.136702477931976318e-01,2.515029191970825195e+00,-1.606633365154266357e-01,4.894502758979797363e-01,-2.756437063217163086e-01,3.843366801738739014e-01,-8.691549301147460938e-01,2.384271144866943359e+00,-2.685935735702514648e+00,-1.542632699012756348e+00,8.998849391937255859e-01,1.695105671882629395e+00,-2.235955238342285156e+00,-2.861239671707153320e+00,1.976234912872314453e+00,-1.992061376571655273e+00,2.196451187133789062e+00,2.817380666732788086e+00,8.282181024551391602e-01,-1.212108612060546875e+00,-1.525203227996826172e+00,-1.128863692283630371e+00,-2.521808862686157227e+00,-9.573718309402465820e-01,-4.994135379791259766e+00,-5.606051445007324219e+00,-1.999903678894042969e+00,-4.689013361930847168e-01,6.049523353576660156e+00,-2.138374090194702148e+00,6.782645702362060547e+00,1.544668078422546387e-01,-6.092087268829345703e+00,2.122882366180419922e+00,6.062541007995605469e+00,-3.677554130554199219e-01,-9.562708735466003418e-01,-5.512533664703369141e+00,-2.297142982482910156e+00,-4.820101737976074219e+00,2.697972655296325684e-01,6.733589768409729004e-01,1.845442891120910645e+00,-4.370440483093261719e+00,1.164704442024230957e+00,-5.044067382812500000e+00,4.316818714141845703e+00,3.231300830841064453e+00,-5.332170009613037109e+00,3.433920621871948242e+00,1.020434737205505371e+00,-6.521201610565185547e+00,6.366986751556396484e+00,4.334076881408691406e+00,7.754547595977783203e-01,-3.142444133758544922e+00,3.704108297824859619e-01,3.798053562641143799e-01,2.176297754049301147e-01,1.478587985038757324e+00,7.801344394683837891e-01,6.499916911125183105e-01
-1.048362731933593750e+00,4.318100929260253906e+00,-9.309581518173217773e-01,2.944519519805908203e+00,-4.644391536712646484e-01,-4.893888235092163086e-01,3.257057964801788330e-01,-2.308858186006546021e-01,1.308618068695068359e+00,1.540775895118713379e+00,-2.610338449478149414e+00,-3.018130302429199219e+00,2.994109630584716797e+00,2.036625862121582031e+00,-1.260971426963806152e+00,-1.037586569786071777e+00,2.589643716812133789e+00,-1.897478342056274414e+00,1.685403227806091309e+00,2.775670289993286133e+00,9.228765964508056641e-01,-1.456258177757263184e+00,-9.979199767112731934e-01,-9.643864631652832031e-01,-3.425060272216796875e+00,-6.168335676193237305e-01,-5.681489944458007812e+00,-4.455993652343750000e+00,-6.368962526321411133e-01,-2.492505550384521484e+00,4.849117755889892578e+00,-2.702130556106567383e+00,5.337246894836425781e+00,4.857823550701141357e-01,-5.097076416015625000e+00,2.053870916366577148e+00,5.613436222076416016e+00,-4.864415526390075684e-02,-3.949671089649200439e-01,-5.471930503845214844e+00,-2.701790571212768555e+00,-3.426988124847412109e+00,-4.036952927708625793e-02,1.334137082099914551e+00,4.864116907119750977e-01,-3.356121778488159180e+00,1.257289528846740723e+00,-4.132442951202392578e+00,4.672223567962646484e+00,2.728431463241577148e+00,-4.950477123260498047e+00,4.612648963928222656e+00,1.610757827758789062e+00,-5.231017589569091797e+00,5.179556846618652344e+00,4.555515766143798828e+00,1.037141323089599609e+00,-4.051946640014648438e+00,-1.695870280265808105e+00,1.506963521242141724e-01,5.901415348052978516e-01,-6.394583582878112793e-01,1.052737116813659668e+00,4.587633609771728516e-01
-4.062630534172058105e-01,1.949211359024047852e+00,-3.253088593482971191e-01,7.488638162612915039e-01,-1.984121501445770264e-01,4.287020266056060791e-01,2.075786516070365906e-02,3.014532327651977539e-01,3.332215785980224609e+00,2.159646749496459961e+00,-1.945487976074218750e+00,-3.546789169311523438e+00,5.761185169219970703e+00,3.837745428085327148e+00,-3.093041181564331055e-01,-3.398450016975402832e-01,-1.341933459043502808e-01,4.826039075851440430e-03,-1.095230877399444580e-01,2.119170427322387695e+00,-1.145060777664184570e+00,9.150522947311401367e-01,6.302499771118164062e-01,-1.501812696456909180e+00,7.156184315681457520e-01,-1.011713147163391113e+00,2.193256855010986328e+00,1.177800297737121582e+00,2.005960196256637573e-01,-5.172191858291625977e-01,-1.776402473449707031e+00,-1.060929656028747559e+00,4.316925048828125000e+00,6.161858141422271729e-02,-4.098181724548339844e+00,2.240557193756103516e+00,5.369930744171142578e+00,2.610264718532562256e-02,-2.610871195793151855e-01,-3.593190908432006836e+00,-4.111417293548583984e+00,-3.716393470764160156e+00,2.345760464668273926e-01,2.382420778274536133e+00,3.601852893829345703e+00,-3.619348764419555664e+00,3.953489542007446289e+00,-4.808545589447021484e+00,5.182129144668579102e-01,2.838325500488281250e+00,-1.209134459495544434e+00,2.967283010482788086e+00,1.105125784873962402e+00,-2.975205659866333008e+00,2.057267665863037109e+00,1.503991842269897461e+00,1.613029718399047852e+00,-3.333438873291015625e+00,-4.154168665409088135e-01,-4.339348077774047852e-01,7.124301791191101074e-01,1.153321623802185059e+00,-1.150188371539115906e-01,7.679336667060852051e-01
-9.198745489120483398e-01,2.488486289978027344e+00,-9.493876099586486816e-01,1.164060950279235840e+00,-3.874909132719039917e-02,6.065718531608581543e-01,-1.940757036209106445e-03,2.235258072614669800e-01,5.709460973739624023e-01,1.653939843177795410e+00,-1.648617029190063477e+00,-1.922046065330505371e+00,2.223208665847778320e+00,1.120639920234680176e+00,-1.808709621429443359e+00,-3.319844007492065430e-01,2.584818363189697266e+00,-5.492368340492248535e-02,1.950697779655456543e+00,1.570355892181396484e+00,9.415905475616455078e-01,-1.826656103134155273e+00,3.880074322223663330e-01,-2.530995845794677734e+00,-2.771433591842651367e+00,-6.952064037322998047e-01,-2.786832571029663086e+00,-3.332134246826171875e+00,-2.773353457450866699e-01,-2.174303054809570312e+00,2.827593564987182617e+00,-2.121321916580200195e+00,4.849679470062255859e+00,3.164893686771392822e-01,-4.580363750457763672e+00,1.889261245727539062e+00,5.543474674224853516e+00,-1.963074207305908203e-01,-3.673905730247497559e-01,-4.654529571533203125e+00,-3.322937965393066406e+00,-1.832398772239685059e+00,9.662217646837234497e-02,1.372075796127319336e+00,1.610225915908813477e+00,-2.436833143234252930e+00,1.686442375183105469e+00,-3.006839990615844727e+00,2.878389835357666016e+00,1.800185680389404297e+00,-4.194770812988281250e+00,3.939724683761596680e+00,5.085471868515014648e-01,-4.259356021881103516e+00,5.115527629852294922e+00,3.941100120544433594e+00,2.609120309352874756e-01,-3.711224555969238281e+00,-1.983909904956817627e-01,6.798498332500457764e-02,9.901627302169799805e-01,2.463108301162719727e-01,4.840088486671447754e-01,1.284771114587783813e-01
-6.597790718078613281e-01,3.998755455017089844e+00,-4.920816421508789062e-01,3.297870874404907227e+00,9.861887991428375244e-02,7.579611539840698242e-01,2.818934321403503418e-01,4.558187350630760193e-02,1.157658815383911133e+00,5.319781899452209473e-01,-1.668171405792236328e+00,-3.713529586791992188e+00,4.003902435302734375e+00,2.393799304962158203e+00,-1.116638422012329102e+00,-1.131429791450500488e+00,1.285679340362548828e+00,8.441030979156494141e-03,1.390203386545181274e-01,1.653405785560607910e+00,-9.762361645698547363e-02,-6.466882824897766113e-01,-5.149377584457397461e-01,6.444167345762252808e-02,-2.048007726669311523e+00,-2.185417264699935913e-01,-4.939403057098388672e+00,-4.320086479187011719e+00,-6.551851630210876465e-01,-1.518843054771423340e+00,4.885530948638916016e+00,-1.189030647277832031e+00,5.341811656951904297e+00,-1.377695500850677490e-01,-5.877102375030517578e+00,2.120282649993896484e+00,5.599145412445068359e+00,8.937787264585494995e-02,-2.720639109611511230e-01,-4.400220394134521484e+00,-1.852363944053649902e+00,-4.108448982238769531e+00,8.116959780454635620e-02,7.299786806106567383e-01,1.665941715240478516e+00,-3.763311147689819336e+00,1.262389659881591797e+00,-4.736386775970458984e+00,4.103975772857666016e+00,2.385457992553710938e+00,-4.003691196441650391e+00,3.560647726058959961e+00,1.941784501075744629e+00,-4.698152542114257812e+00,6.055699825286865234e+00,3.310456752777099609e+00,2.347926795482635498e-01,-5.707160234451293945e-01,1.133168578147888184e+00,-1.868032962083816528e-01,2.913084328174591064e-01,3.153576552867889404e-01,6.420027613639831543e-01,1.692749410867691040e-01
-6.028559803962707520e-01,-8.031914830207824707e-01,-6.743450164794921875e-01,-2.646134138107299805e+00,-1.959512829780578613e-01,6.650571823120117188e-01,1.781219542026519775e-01,1.450583040714263916e-01,-2.580315351486206055e+00,-1.012396812438964844e-01,6.983664631843566895e-02,5.134715557098388672e+00,-6.357937335968017578e+00,-1.188124775886535645e+00,1.180034875869750977e-02,-1.043620109558105469e+00,5.375519275665283203e+00,-1.762968301773071289e-02,4.410911083221435547e+00,1.004230260848999023e+00,3.930336475372314453e+00,-4.685216426849365234e+00,-4.239416122436523438e-02,7.285840511322021484e-01,-2.792712926864624023e+00,-9.607844352722167969e-01,-2.999674320220947266e+00,-3.616274118423461914e+00,-2.869815826416015625e-01,-5.687521696090698242e-01,3.921559333801269531e+00,-1.463518023490905762e+00,5.325520038604736328e+00,2.211201488971710205e-01,-4.570525169372558594e+00,1.018837928771972656e+00,3.582049131393432617e+00,-7.096195816993713379e-01,-5.223260521888732910e-01,-3.640677213668823242e+00,-7.809203267097473145e-01,-3.438571453094482422e+00,1.271945089101791382e-01,-5.845773220062255859e-01,1.683464527130126953e+00,-3.194495201110839844e+00,3.905800580978393555e-01,-3.444733142852783203e+00,1.403661489486694336e+00,1.878519415855407715e+00,-7.790834307670593262e-01,2.054592132568359375e+00,1.017123699188232422e+00,-2.813631057739257812e+00,-1.519572496414184570e+00,6.596349477767944336e-01,1.248696520924568176e-01,-4.678704261779785156e+00,1.624235883355140686e-02,2.354354038834571838e-02,7.905455827713012695e-01,6.629662513732910156e-01,3.455506265163421631e-01,2.959987521171569824e-01
-8.874046802520751953e-01,5.940318107604980469e+00,-7.415269017219543457e-01,6.207915306091308594e+00,-1.118163689970970154e-01,4.847183823585510254e-01,-4.027106165885925293e-01,2.636332213878631592e-01,3.587246179580688477e+00,2.273378610610961914e+00,-3.186065435409545898e+00,-8.253304481506347656e+00,8.628335952758789062e+00,4.131354331970214844e+00,-2.381763458251953125e+00,-2.875212907791137695e+00,-3.375609159469604492e+00,-1.083240747451782227e+00,-2.411983013153076172e+00,2.274847269058227539e+00,-4.096917629241943359e+00,3.366120576858520508e+00,-7.522395253181457520e-01,-8.807694911956787109e-01,-8.276920914649963379e-01,-1.057414889335632324e+00,-3.643120765686035156e+00,-2.828718185424804688e+00,-1.559816122055053711e+00,1.837905347347259521e-01,3.126023769378662109e+00,-1.505180358886718750e+00,3.924767971038818359e+00,-1.670715212821960449e-01,-4.526774406433105469e+00,1.594688177108764648e+00,5.833542823791503906e+00,8.732854574918746948e-02,-2.297520041465759277e-01,-3.560486078262329102e+00,-2.032437086105346680e+00,-3.697195768356323242e+00,1.676617190241813660e-03,7.055009603500366211e-01,1.162067055702209473e+00,-3.414228916168212891e+00,1.063417553901672363e+00,-4.762751579284667969e+00,3.993390083312988281e+00,2.768206357955932617e+00,-4.647563934326171875e+00,3.740392208099365234e+00,1.384243130683898926e+00,-5.229853153228759766e+00,7.862895011901855469e+00,3.890776634216308594e+00,4.346352219581604004e-01,-5.428307652473449707e-01,-3.754085898399353027e-01,2.718635499477386475e-01,6.175422668457031250e-01,8.843041658401489258e-01,8.853958845138549805e-01,1.724755764007568359e-01
-1.079234838485717773e+00,-2.471239566802978516e+00,-6.090109944343566895e-01,-3.601576328277587891e+00,1.730509847402572632e-01,6.519389748573303223e-01,1.244291663169860840e-01,2.869719862937927246e-01,5.960348248481750488e-01,2.093453407287597656e+00,-2.192934751510620117e+00,-1.969796419143676758e-01,-5.116692185401916504e-02,7.512531280517578125e-01,-2.081141471862792969e+00,-2.576371669769287109e+00,2.943058013916015625e+00,-1.543617010116577148e+00,2.193809509277343750e+00,1.768008470535278320e+00,1.330568790435791016e+00,-2.249291419982910156e+00,-4.141511023044586182e-01,-1.038039922714233398e+00,-1.677846550941467285e+00,-1.166267156600952148e+00,-1.655560493469238281e+00,-2.679849863052368164e+00,-1.200263381004333496e+00,1.181148767471313477e+00,2.897717714309692383e+00,-1.355695724487304688e+00,3.781949520111083984e+00,1.710391342639923096e-01,-3.922552824020385742e+00,2.099273920059204102e+00,4.227636337280273438e+00,-6.278437972068786621e-01,-9.026818871498107910e-01,-2.942135095596313477e+00,-9.655983448028564453e-01,-3.543617963790893555e+00,-2.480492889881134033e-01,-6.038857102394104004e-01,2.415731191635131836e+00,-3.026686906814575195e+00,2.604164779186248779e-01,-2.894043684005737305e+00,2.597658395767211914e+00,3.433154582977294922e+00,-1.746170759201049805e+00,3.036406278610229492e+00,1.488975167274475098e+00,-4.240316390991210938e+00,1.051456689834594727e+00,1.867317914962768555e+00,3.814583718776702881e-01,-4.716838836669921875e+00,-1.032598257064819336e+00,5.465035438537597656e-01,2.146576195955276489e-01,3.518382012844085693e-01,3.780224621295928955e-01,-3.922206759452819824e-01
-8.866565227508544922e-01,4.986171245574951172e+00,-8.962598443031311035e-01,4.562654495239257812e+00,-7.567346841096878052e-02,1.389550268650054932e-01,-2.977540493011474609e-01,4.106515087187290192e-03,1.808964490890502930e+00,3.025726079940795898e+00,-3.208478689193725586e+00,-4.739174365997314453e+00,5.391844272613525391e+00,3.691499471664428711e+00,-2.757315158843994141e+00,-2.377099037170410156e+00,-1.579307794570922852e+00,8.227828145027160645e-01,-1.023466110229492188e+00,6.714094877243041992e-01,-2.426755428314208984e+00,1.204483747482299805e+00,-1.609064638614654541e-03,-1.141449093818664551e+00,-1.587284922599792480e+00,-7.089189291000366211e-01,-5.244700908660888672e+00,-4.433853149414062500e+00,-8.988273739814758301e-01,-2.044047117233276367e+00,5.226868152618408203e+00,-2.316431283950805664e+00,6.640643119812011719e+00,-1.140236482024192810e-02,-6.240717887878417969e+00,1.935889720916748047e+00,5.850784301757812500e+00,-8.652219921350479126e-02,-2.513423860073089600e-01,-5.081678867340087891e+00,-2.401276826858520508e+00,-2.575625181198120117e+00,2.234405577182769775e-01,5.255150198936462402e-01,1.211677908897399902e+00,-2.885660409927368164e+00,1.201924681663513184e+00,-3.788722038269042969e+00,4.219356060028076172e+00,3.038681507110595703e+00,-4.457622051239013672e+00,3.878707170486450195e+00,1.528124451637268066e+00,-5.105242729187011719e+00,6.631778240203857422e+00,4.213490486145019531e+00,-5.408633947372436523e-01,-3.577089905738830566e-01,9.769657850265502930e-01,5.204656124114990234e-01,4.893428087234497070e-01,6.564983725547790527e-01,8.300035595893859863e-01,2.831265330314636230e-01
-7.358931303024291992e-01,4.489481449127197266e+00,-4.768385291099548340e-01,2.998131036758422852e+00,-2.139634788036346436e-01,1.072823166847229004e+00,1.715360581874847412e-01,1.966229677200317383e-01,1.746001243591308594e+00,1.337715625762939453e+00,-1.546325683593750000e+00,-4.770967006683349609e+00,4.132905006408691406e+00,2.326573848724365234e+00,-1.674656748771667480e+00,-1.454087376594543457e+00,2.319175958633422852e+00,-1.726222038269042969e+00,1.748841404914855957e+00,3.916827201843261719e+00,5.886294841766357422e-01,-1.855407238006591797e+00,1.258804351091384888e-01,-1.157894253730773926e+00,-2.727250099182128906e+00,-6.498677730560302734e-01,-5.117803573608398438e+00,-4.410766124725341797e+00,-1.326249003410339355e+00,-1.497001409530639648e+00,5.235937595367431641e+00,-2.289721012115478516e+00,6.104582786560058594e+00,1.741188466548919678e-01,-6.202944755554199219e+00,2.089308738708496094e+00,6.222894191741943359e+00,3.244242668151855469e-01,-1.741431504487991333e-01,-4.975742816925048828e+00,-2.411350488662719727e+00,-4.187699317932128906e+00,5.948811303824186325e-03,6.621216535568237305e-01,1.461163878440856934e+00,-3.951119184494018555e+00,1.332610964775085449e+00,-4.938695430755615234e+00,3.758572578430175781e+00,2.414019107818603516e+00,-3.531505584716796875e+00,3.891535043716430664e+00,1.610140323638916016e+00,-3.774458646774291992e+00,5.766145229339599609e+00,3.035127878189086914e+00,4.429616034030914307e-01,-1.800052642822265625e+00,1.049114540219306946e-01,-4.531762003898620605e-01,5.418677330017089844e-01,4.855895340442657471e-01,6.606509089469909668e-01,1.622308492660522461e-01
-1.253650307655334473e+00,3.659108877182006836e+00,-8.245862126350402832e-01,3.237991809844970703e+00,-1.500166356563568115e-01,5.086537003517150879e-01,1.775401383638381958e-01,2.017990648746490479e-01,2.966358423233032227e+00,1.607011556625366211e+00,-2.213811635971069336e+00,-5.857549667358398438e+00,6.446348667144775391e+00,2.719712734222412109e+00,-1.467931628227233887e+00,-1.978745341300964355e+00,1.091037273406982422e+00,-1.837823390960693359e+00,8.673921227455139160e-01,3.904226303100585938e+00,4.045194387435913086e-02,-9.049223661422729492e-01,-7.901640534400939941e-01,-3.906885087490081787e-01,-1.728689789772033691e+00,-6.043852567672729492e-01,-4.894318580627441406e+00,-4.211426734924316406e+00,-1.604554057121276855e+00,-5.507776141166687012e-01,4.650100708007812500e+00,-2.088119983673095703e+00,4.481662273406982422e+00,2.126032263040542603e-01,-5.233774185180664062e+00,1.910862207412719727e+00,4.724629402160644531e+00,6.708849221467971802e-02,-1.245241537690162659e-01,-4.485642910003662109e+00,-1.212346076965332031e+00,-4.770833969116210938e+00,-8.566069602966308594e-02,5.122525691986083984e-01,6.638821959495544434e-01,-3.930645227432250977e+00,1.336556553840637207e+00,-4.617481231689453125e+00,4.258378505706787109e+00,2.084359169006347656e+00,-4.264211177825927734e+00,3.289696693420410156e+00,1.203613519668579102e+00,-4.643662452697753906e+00,6.236210346221923828e+00,3.484319210052490234e+00,3.851655125617980957e-01,-6.359953284263610840e-01,5.070396661758422852e-01,-1.154117286205291748e-01,1.465445756912231445e-01,1.098351359367370605e+00,5.627575516700744629e-01,4.167407155036926270e-01
-1.112741947174072266e+00,1.021909236907958984e+00,-8.651954531669616699e-01,-1.556560695171356201e-01,1.939754486083984375e-01,1.091549098491668701e-01,6.523504853248596191e-04,-7.924333214759826660e-03,-2.019992470741271973e-02,2.653966188430786133e+00,-3.151499748229980469e+00,-6.784555912017822266e-01,5.562487840652465820e-01,1.059283733367919922e+00,-2.442424774169921875e+00,-2.512968778610229492e+00,9.931001663208007812e-01,-7.401589751243591309e-01,7.290621399879455566e-01,2.108859300613403320e+00,-4.242356419563293457e-01,-3.946919441223144531e-01,-8.742023706436157227e-01,-7.602146863937377930e-01,-2.595680713653564453e+00,-1.009428739547729492e+00,-4.913770198822021484e+00,-4.618705749511718750e+00,-1.394943594932556152e+00,-1.131793975830078125e+00,5.059895515441894531e+00,-2.561878442764282227e+00,6.745956897735595703e+00,-5.265759304165840149e-02,-5.802604675292968750e+00,2.910034418106079102e+00,5.669721603393554688e+00,-4.662474393844604492e-01,-8.589571118354797363e-01,-4.961008548736572266e+00,-2.234184503555297852e+00,-3.661183118820190430e+00,1.732738167047500610e-01,3.108638525009155273e-01,2.220970630645751953e+00,-3.310926914215087891e+00,1.101167201995849609e+00,-3.937802076339721680e+00,3.768367767333984375e+00,3.400049686431884766e+00,-3.261510610580444336e+00,3.297751426696777344e+00,1.553047776222229004e+00,-4.750887870788574219e+00,3.550583362579345703e+00,3.493810892105102539e+00,-1.835384368896484375e-01,-2.056921243667602539e+00,1.351442933082580566e-02,8.694349527359008789e-01,2.705760002136230469e-01,8.734278082847595215e-01,9.644613862037658691e-01,3.500081896781921387e-01
-5.729677677154541016e-01,4.514272689819335938e+00,-8.529797792434692383e-01,3.675119161605834961e+00,-7.320436090230941772e-02,2.052968442440032959e-01,-2.604392170906066895e-01,1.436845958232879639e-01,1.652565598487854004e+00,2.935792684555053711e+00,-3.499826431274414062e+00,-4.364718914031982422e+00,4.053353309631347656e+00,3.937279224395751953e+00,-2.484777927398681641e+00,-1.721926450729370117e+00,-8.987997770309448242e-01,9.337325096130371094e-01,-1.024155616760253906e+00,-3.177751302719116211e-01,-1.214078545570373535e+00,9.690623283386230469e-01,-5.729879736900329590e-01,-6.616139411926269531e-01,-3.637305498123168945e+00,-9.893627166748046875e-01,-5.417629241943359375e+00,-5.025477886199951172e+00,-1.548402428627014160e+00,-2.269461631774902344e+00,5.362185478210449219e+00,-2.968495845794677734e+00,4.772874832153320312e+00,3.403580933809280396e-02,-4.169424057006835938e+00,1.529542446136474609e+00,4.659308433532714844e+00,-1.818239092826843262e-01,-6.588865518569946289e-01,-4.057233810424804688e+00,-3.288312911987304688e+00,-2.026332855224609375e+00,-5.733441114425659180e-01,8.869028091430664062e-01,1.636867523193359375e+00,-2.377635717391967773e+00,1.005263566970825195e+00,-2.537669658660888672e+00,3.443505048751831055e+00,3.909714937210083008e+00,-2.679140329360961914e+00,3.196107387542724609e+00,1.998186945915222168e+00,-4.272529125213623047e+00,4.608553886413574219e+00,3.304857254028320312e+00,1.645421385765075684e-01,-2.269359529018402100e-01,2.991612851619720459e-01,2.903654277324676514e-01,6.294957995414733887e-01,-1.632919907569885254e-01,6.336342096328735352e-01,-3.427510857582092285e-01
-6.398696899414062500e-01,2.228660821914672852e+00,-4.159329831600189209e-01,1.046527862548828125e+00,-2.731651812791824341e-02,5.550058484077453613e-01,2.478639483451843262e-01,-6.951285898685455322e-02,1.483586788177490234e+00,1.192684531211853027e+00,-2.704742908477783203e+00,-2.000847816467285156e+00,3.389935016632080078e+00,2.813851833343505859e+00,-1.182511210441589355e+00,-1.678625106811523438e+00,1.369481444358825684e+00,3.834821581840515137e-01,-2.916384935379028320e-01,8.750687837600708008e-01,-1.687307804822921753e-01,-4.421579241752624512e-01,-6.393685340881347656e-01,-3.390040993690490723e-02,-2.357588291168212891e+00,-7.200695276260375977e-01,-4.440272808074951172e+00,-5.062275409698486328e+00,-5.468247532844543457e-01,-1.709892749786376953e+00,5.051941871643066406e+00,-1.941392421722412109e+00,6.826689720153808594e+00,1.907687634229660034e-03,-6.076400756835937500e+00,2.213940858840942383e+00,6.005691051483154297e+00,-4.637053310871124268e-01,-3.419500589370727539e-01,-5.294058322906494141e+00,-2.695950984954833984e+00,-4.405871391296386719e+00,-3.283059895038604736e-01,3.963868021965026855e-01,2.818667650222778320e+00,-3.745248556137084961e+00,1.761627197265625000e+00,-4.334904670715332031e+00,4.974990367889404297e+00,2.752775192260742188e+00,-4.311949729919433594e+00,3.842026472091674805e+00,1.423128724098205566e+00,-4.936019897460937500e+00,5.477781295776367188e+00,3.791071414947509766e+00,5.945116877555847168e-01,-1.032208442687988281e+00,1.321051120758056641e+00,-8.929698169231414795e-02,8.476099371910095215e-02,7.471008896827697754e-01,2.869725227355957031e-01,-2.578203678131103516e-01
-1.039788484573364258e+00,2.797031879425048828e+00,-5.714316964149475098e-01,1.440116643905639648e+00,-1.443155705928802490e-01,3.922432959079742432e-01,-4.399523138999938965e-03,-2.763807401061058044e-02,-1.671253681182861328e+00,1.424560546875000000e+00,-1.597011685371398926e+00,-1.045092821121215820e+00,7.048621177673339844e-01,3.035129308700561523e-01,-1.963482499122619629e+00,-1.052049875259399414e+00,3.277976989746093750e+00,-1.473083496093750000e+00,2.171602249145507812e+00,2.404284954071044922e+00,1.186079978942871094e+00,-1.999595642089843750e+00,-9.478326439857482910e-01,-1.526411533355712891e+00,-3.730580329895019531e+00,-8.794641494750976562e-01,-6.128930568695068359e+00,-5.957901954650878906e+00,-1.564368486404418945e+00,-1.919105529785156250e+00,6.562240123748779297e+00,-2.628412961959838867e+00,5.916911125183105469e+00,5.490295886993408203e-01,-5.892637729644775391e+00,1.881257891654968262e+00,5.571018218994140625e+00,-1.657129228115081787e-01,-3.902376890182495117e-01,-5.858700275421142578e+00,-2.070924758911132812e+00,-4.568089485168457031e+00,-2.987068593502044678e-01,9.112632274627685547e-01,1.399682164192199707e+00,-3.543258428573608398e+00,8.067903518676757812e-01,-4.678163528442382812e+00,5.169408798217773438e+00,2.742732763290405273e+00,-5.627263069152832031e+00,3.441324949264526367e+00,1.205887198448181152e+00,-6.362808704376220703e+00,6.520365238189697266e+00,4.720615863800048828e+00,3.789181113243103027e-01,-5.073955535888671875e+00,-5.785480737686157227e-01,4.021495580673217773e-01,4.419106245040893555e-02,3.073711693286895752e-01,1.147685050964355469e+00,-2.570449113845825195e-01
-1.022925853729248047e+00,2.365798950195312500e+00,-5.768839120864868164e-01,1.203596115112304688e+00,2.320627868175506592e-01,6.715576648712158203e-01,-1.520309448242187500e-01,2.173140943050384521e-01,1.083893060684204102e+00,2.694696187973022461e+00,-3.337955951690673828e+00,-4.054596900939941406e+00,4.013259887695312500e+00,2.769654989242553711e+00,-2.467697858810424805e+00,-2.673939943313598633e+00,9.924988746643066406e-01,-3.568847775459289551e-01,-8.894245326519012451e-02,2.891373395919799805e+00,-1.479956388473510742e+00,5.278928279876708984e-01,-4.603353440761566162e-01,-1.634576082229614258e+00,-2.176460504531860352e+00,-5.853298306465148926e-01,-3.798548221588134766e+00,-3.763700485229492188e+00,-1.528050303459167480e+00,-7.181294560432434082e-01,4.261968135833740234e+00,-2.280725002288818359e+00,5.505131244659423828e+00,-1.646980196237564087e-01,-5.759035110473632812e+00,2.313631057739257812e+00,6.517314434051513672e+00,-1.426508128643035889e-01,-5.121473073959350586e-01,-4.186665534973144531e+00,-3.609356403350830078e+00,-4.478157043457031250e+00,-3.010724484920501709e-01,1.376464605331420898e+00,2.695163011550903320e+00,-4.304224967956542969e+00,2.274294376373291016e+00,-5.352095127105712891e+00,4.986033916473388672e+00,3.829127311706542969e+00,-4.970467567443847656e+00,4.498782634735107422e+00,1.916195034980773926e+00,-5.717825412750244141e+00,7.016783714294433594e+00,5.041009426116943359e+00,1.576165258884429932e-01,-2.695558786392211914e+00,1.047628521919250488e-01,3.858171403408050537e-01,9.096617996692657471e-02,6.697145700454711914e-01,9.568521976470947266e-01,-3.862687349319458008e-01
-9.754667282104492188e-01,2.855629205703735352e+00,-5.078142285346984863e-01,7.482079267501831055e-01,-2.071491777896881104e-01,6.199559569358825684e-01,2.702009379863739014e-01,7.054311037063598633e-02,-3.381095528602600098e-01,1.274001955986022949e+00,-1.745496511459350586e+00,-1.538166761398315430e+00,1.660438537597656250e+00,1.999941229820251465e+00,-8.712689876556396484e-01,-1.518625259399414062e+00,2.417921304702758789e+00,-1.487758398056030273e+00,1.812272429466247559e+00,2.303948163986206055e+00,1.172730207443237305e+00,-1.388418316841125488e+00,-1.119872570037841797e+00,-1.249618411064147949e+00,-2.627790451049804688e+00,-6.807224750518798828e-01,-5.367617607116699219e+00,-5.380470752716064453e+00,-1.555994272232055664e+00,-9.270600676536560059e-01,5.884042263031005859e+00,-2.799186706542968750e+00,7.107440948486328125e+00,1.208808571100234985e-01,-5.974592685699462891e+00,2.081105470657348633e+00,5.654326438903808594e+00,-2.256682515144348145e-01,-8.503404259681701660e-01,-5.763748168945312500e+00,-3.064423799514770508e+00,-4.919457912445068359e+00,2.856757640838623047e-01,2.054497450590133667e-01,2.621630430221557617e+00,-4.493466854095458984e+00,1.696837067604064941e+00,-5.595964431762695312e+00,4.171424865722656250e+00,2.575663328170776367e+00,-4.382377147674560547e+00,2.866368055343627930e+00,1.241697192192077637e+00,-5.662998676300048828e+00,5.024511337280273438e+00,3.384485244750976562e+00,8.415134549140930176e-01,-3.766856193542480469e+00,-1.210315302014350891e-01,-3.806430101394653320e-01,2.975328266620635986e-01,7.372438907623291016e-01,4.654988646507263184e-01,-5.997034907341003418e-02
-8.405767679214477539e-01,2.950569152832031250e+00,-5.130196213722229004e-01,2.505789041519165039e+00,-1.092479377985000610e-02,3.351962268352508545e-01,1.925045996904373169e-02,9.998536854982376099e-02,1.806776523590087891e+00,1.345827460289001465e+00,-3.168285369873046875e+00,-2.642002582550048828e+00,3.529552221298217773e+00,2.802551031112670898e+00,-1.858353137969970703e+00,-2.416565418243408203e+00,2.981741905212402344e+00,-3.379393577575683594e+00,3.211991786956787109e+00,5.060115337371826172e+00,2.810521364212036133e+00,-2.325836658477783203e+00,9.829906821250915527e-01,-5.422688722610473633e-01,-2.053911209106445312e+00,-6.475380659103393555e-01,-5.590744972229003906e+00,-5.224677085876464844e+00,-1.088987350463867188e+00,-7.575545310974121094e-01,4.681008338928222656e+00,-1.959677696228027344e+00,7.225682735443115234e+00,1.122661903500556946e-01,-6.416636943817138672e+00,2.526039361953735352e+00,6.853385925292968750e+00,1.693463623523712158e-01,-7.261269688606262207e-01,-6.577194690704345703e+00,-3.067802190780639648e+00,-5.095677852630615234e+00,3.839780986309051514e-01,-5.218240022659301758e-01,2.425416469573974609e+00,-5.959377765655517578e+00,1.942861676216125488e+00,-5.926292419433593750e+00,2.142631292343139648e+00,3.364851951599121094e+00,-3.507871389389038086e+00,2.206820011138916016e+00,1.416511297225952148e+00,-4.737126827239990234e+00,3.880057811737060547e+00,2.950015544891357422e+00,-2.563121169805526733e-02,-3.349994659423828125e+00,-1.084998011589050293e+00,7.205247879028320312e-01,2.820264399051666260e-01,7.091359794139862061e-02,8.476060032844543457e-01,-3.617918491363525391e-02
-6.705311536788940430e-01,4.015055179595947266e+00,-5.779842734336853027e-01,2.534358501434326172e+00,1.628861427307128906e-01,9.238080978393554688e-01,2.848544716835021973e-01,-2.118093371391296387e-01,5.028625130653381348e-01,2.217546224594116211e+00,-2.405294418334960938e+00,-1.691756010055541992e+00,2.464510202407836914e+00,1.665176630020141602e+00,-2.073440790176391602e+00,-1.911822438240051270e+00,1.310863852500915527e+00,-1.239267349243164062e+00,1.708159595727920532e-01,2.687658309936523438e+00,-2.615337967872619629e-01,-1.195070892572402954e-01,-9.468677639961242676e-01,-1.144183278083801270e+00,-3.195694684982299805e+00,-6.703759431838989258e-01,-4.264796257019042969e+00,-3.887937545776367188e+00,-7.419829368591308594e-01,-2.331124544143676758e+00,4.076420783996582031e+00,-2.382893800735473633e+00,7.723272800445556641e+00,3.101330101490020752e-01,-7.303942680358886719e+00,2.790838003158569336e+00,6.717559337615966797e+00,-1.490773558616638184e-01,-6.918708682060241699e-01,-6.656216144561767578e+00,-3.153777837753295898e+00,-3.610717058181762695e+00,4.743666052818298340e-01,9.071280956268310547e-01,2.064947843551635742e+00,-3.306383371353149414e+00,2.031428575515747070e+00,-3.758830308914184570e+00,4.876330375671386719e+00,3.998482465744018555e+00,-5.768600463867187500e+00,5.029296398162841797e+00,1.834856748580932617e+00,-6.092295169830322266e+00,6.575607776641845703e+00,5.520578384399414062e+00,1.020574331283569336e+00,-3.954496383666992188e+00,-4.980262517929077148e-01,-3.670910000801086426e-02,3.824068009853363037e-01,3.466336131095886230e-01,1.163987874984741211e+00,1.352585852146148682e-02
-8.862003087997436523e-01,3.982374906539916992e+00,-8.615435361862182617e-01,3.516667127609252930e+00,-5.278487801551818848e-01,-3.401958048343658447e-01,4.698944091796875000e-02,-1.756742447614669800e-01,1.805791378021240234e+00,1.315807819366455078e+00,-2.015004634857177734e+00,-3.952373027801513672e+00,4.346561431884765625e+00,2.373261690139770508e+00,-1.310914397239685059e+00,-1.694860339164733887e+00,-8.243029117584228516e-01,1.221842765808105469e+00,-8.357543349266052246e-01,-6.842740774154663086e-01,-9.738329648971557617e-01,4.248935580253601074e-01,-1.289292573928833008e+00,5.102670788764953613e-01,-2.635557413101196289e+00,-2.494881600141525269e-01,-5.817221641540527344e+00,-6.155030727386474609e+00,-5.598764419555664062e-01,-1.421405792236328125e+00,6.373811721801757812e+00,-2.081575155258178711e+00,3.637630224227905273e+00,-2.697724848985671997e-03,-4.121907234191894531e+00,1.314356684684753418e+00,5.409888267517089844e+00,6.430035829544067383e-02,-3.702717423439025879e-01,-3.179751157760620117e+00,-1.417396903038024902e+00,-3.051674127578735352e+00,-4.229636490345001221e-01,-4.182326197624206543e-01,1.197678446769714355e+00,-3.000578165054321289e+00,-2.361972928047180176e-01,-3.089180707931518555e+00,3.956939697265625000e+00,2.598713874816894531e+00,-3.160008668899536133e+00,3.484885931015014648e+00,1.144663572311401367e+00,-4.143808364868164062e+00,5.527810096740722656e+00,3.252544164657592773e+00,-1.853318512439727783e-01,1.405920147895812988e+00,8.923392891883850098e-01,3.958851397037506104e-01,6.091752052307128906e-01,3.507316708564758301e-01,5.529202818870544434e-01,1.118891388177871704e-01
-5.165282487869262695e-01,2.652092695236206055e+00,-6.629517674446105957e-01,1.362736344337463379e+00,-3.752517104148864746e-01,6.857895851135253906e-01,2.051576524972915649e-01,9.158103913068771362e-02,-1.265683293342590332e+00,1.035032391548156738e+00,-1.807211995124816895e+00,3.922106027603149414e-01,4.344505667686462402e-01,7.707805633544921875e-01,-1.487231135368347168e+00,-1.766281723976135254e+00,1.295526266098022461e+00,2.369598448276519775e-01,8.733362555503845215e-01,2.006134748458862305e+00,2.168202400207519531e-02,-1.042477726936340332e+00,-8.697117567062377930e-01,-5.037677288055419922e-01,-3.155392646789550781e+00,-1.032855749130249023e+00,-5.499024868011474609e+00,-5.700238704681396484e+00,-8.268613815307617188e-01,-2.218820810317993164e+00,5.910519123077392578e+00,-2.232985734939575195e+00,8.347289085388183594e+00,1.700860410928726196e-01,-7.217305660247802734e+00,2.373500823974609375e+00,6.160004615783691406e+00,-2.107860445976257324e-01,-4.527843594551086426e-01,-6.162340641021728516e+00,-2.668008327484130859e+00,-3.465981960296630859e+00,2.935374379158020020e-01,4.556463360786437988e-01,1.931527614593505859e+00,-3.404967546463012695e+00,2.011328220367431641e+00,-4.325481414794921875e+00,4.374992370605468750e+00,2.772521734237670898e+00,-6.172171592712402344e+00,4.699158191680908203e+00,1.157282948493957520e+00,-6.234701633453369141e+00,6.996477603912353516e+00,5.070910930633544922e+00,3.517286479473114014e-01,-3.934744596481323242e+00,2.032367885112762451e-01,-1.455303728580474854e-01,5.868062376976013184e-01,1.553205609321594238e+00,6.140503287315368652e-01,9.017696976661682129e-01
-9.851745367050170898e-01,1.385320425033569336e+00,-8.088912963867187500e-01,1.000088453292846680e+00,6.227216869592666626e-02,2.791945934295654297e-01,8.125161379575729370e-02,6.576159596443176270e-02,-1.067059278488159180e+00,1.115582346916198730e+00,-1.795910716056823730e+00,-5.568280220031738281e-01,5.415381789207458496e-01,-8.736867904663085938e-01,-1.993567705154418945e+00,-9.304817914962768555e-01,2.177815675735473633e+00,-1.463895559310913086e+00,1.687599182128906250e+00,2.419997453689575195e+00,9.211069345474243164e-01,-1.185068130493164062e+00,-8.082385659217834473e-01,-7.007819414138793945e-01,-2.561532497406005859e+00,-9.149663448333740234e-01,-5.664936065673828125e+00,-6.007102966308593750e+00,-1.140496850013732910e+00,-7.777758240699768066e-01,5.766139984130859375e+00,-1.867091894149780273e+00,6.084822654724121094e+00,2.185262590646743774e-01,-6.303336143493652344e+00,2.964150667190551758e+00,6.509289264678955078e+00,-2.872014045715332031e-01,-7.794381380081176758e-01,-5.637905597686767578e+00,-1.619848251342773438e+00,-2.880560398101806641e+00,2.403504215180873871e-03,-1.457419246435165405e-03,1.212893366813659668e+00,-2.683117151260375977e+00,4.237424731254577637e-01,-3.376021146774291992e+00,3.776759624481201172e+00,3.154650449752807617e+00,-5.661797523498535156e+00,3.522976875305175781e+00,1.461475968360900879e+00,-5.990667343139648438e+00,5.532594680786132812e+00,4.117079734802246094e+00,9.209260344505310059e-03,-4.284548759460449219e+00,-4.520170688629150391e-01,2.633594721555709839e-02,2.656837105751037598e-01,6.832979321479797363e-01,4.275873303413391113e-01,4.658960700035095215e-01
-1.259976506233215332e+00,3.427755117416381836e+00,-8.875231742858886719e-01,2.829684734344482422e+00,-1.950417459011077881e-01,2.594421803951263428e-01,-2.229759097099304199e-01,-1.655376851558685303e-01,-2.209776639938354492e-01,1.981090068817138672e+00,-2.475508928298950195e+00,-1.802830934524536133e+00,1.937204718589782715e+00,1.246906757354736328e+00,-2.162208080291748047e+00,-8.836838006973266602e-01,8.837928771972656250e-01,4.351665377616882324e-01,5.478858351707458496e-01,5.204068422317504883e-01,-3.727006912231445312e-01,-3.314118385314941406e-01,-3.824569582939147949e-01,-1.248208999633789062e+00,-2.049979925155639648e+00,-9.153246879577636719e-01,-4.300833702087402344e+00,-5.171070575714111328e+00,-6.686145067214965820e-01,-1.863361597061157227e+00,4.943118095397949219e+00,-1.376224875450134277e+00,6.926318168640136719e+00,1.360929459333419800e-01,-6.528375148773193359e+00,2.520287275314331055e+00,7.171374797821044922e+00,-2.543936967849731445e-01,-4.828239083290100098e-01,-6.020818710327148438e+00,-2.494988441467285156e+00,-2.546059131622314453e+00,3.372007235884666443e-02,1.784333944320678711e+00,1.016832590103149414e+00,-2.751975774765014648e+00,1.256622910499572754e+00,-3.553591012954711914e+00,4.477154254913330078e+00,3.313685655593872070e+00,-5.457751274108886719e+00,5.260888576507568359e+00,1.402449250221252441e+00,-5.611282348632812500e+00,6.951532840728759766e+00,5.368526458740234375e+00,4.118678569793701172e-01,-2.330327749252319336e+00,8.335828781127929688e-01,2.744211256504058838e-02,2.888201475143432617e-01,3.090528249740600586e-01,6.052079796791076660e-01,5.144799947738647461e-01
-4.839970767498016357e-01,3.547867298126220703e+00,-4.413250684738159180e-01,3.221863508224487305e+00,-9.581685066223144531e-03,4.890057146549224854e-01,-3.668239340186119080e-02,2.888915240764617920e-01,-8.133728504180908203e-01,1.075880765914916992e+00,-1.110647678375244141e+00,-2.563800334930419922e+00,6.735356450080871582e-01,-2.888702452182769775e-01,-2.481736183166503906e+00,-2.178959846496582031e+00,1.897705078125000000e+00,-1.611512184143066406e+00,1.848150610923767090e+00,2.740281343460083008e+00,8.394743204116821289e-01,-2.306354761123657227e+00,-1.385475635528564453e+00,-6.398645639419555664e-01,-4.182984352111816406e+00,-6.645829677581787109e-01,-6.805415630340576172e+00,-6.288707256317138672e+00,-2.032670259475708008e+00,-6.979269385337829590e-01,6.567464828491210938e+00,-2.942628383636474609e+00,5.102690696716308594e+00,-1.288579851388931274e-01,-5.643196105957031250e+00,1.396984338760375977e+00,5.281348228454589844e+00,-2.751532196998596191e-01,-3.152602016925811768e-01,-4.603033065795898438e+00,-1.540802419185638428e-01,-2.337497234344482422e+00,-1.644339263439178467e-01,-3.276844024658203125e-01,-2.695785760879516602e-01,-1.741056919097900391e+00,-1.391230583190917969e+00,-2.195978641510009766e+00,4.372002601623535156e+00,2.511190652847290039e+00,-5.377320766448974609e+00,4.793631553649902344e+00,1.456200480461120605e+00,-6.421171665191650391e+00,6.698245525360107422e+00,4.933469295501708984e+00,-1.049061939120292664e-01,-3.420144557952880859e+00,-4.619491696357727051e-01,-5.241923406720161438e-02,8.966114521026611328e-01,3.765816986560821533e-01,6.131547093391418457e-01,5.956712737679481506e-02
-1.091889977455139160e+00,3.389025211334228516e+00,-8.554965257644653320e-01,2.881307125091552734e+00,-3.042086660861968994e-01,6.692960858345031738e-01,1.522447913885116577e-02,-5.727541819214820862e-02,-1.070481181144714355e+00,1.276705265045166016e+00,-2.432968854904174805e+00,-1.016709566116333008e+00,1.138634562492370605e+00,5.205551385879516602e-01,-1.920539379119873047e+00,-1.703936576843261719e+00,2.908478975296020508e+00,-2.295753717422485352e+00,2.125438928604125977e+00,2.890178680419921875e+00,1.610016107559204102e+00,-2.064512968063354492e+00,-5.801961421966552734e-01,-1.526534557342529297e+00,-3.240710973739624023e+00,-8.718225955963134766e-01,-6.754513740539550781e+00,-6.712116241455078125e+00,-1.369772195816040039e+00,-1.787841677665710449e+00,6.687889575958251953e+00,-2.223381996154785156e+00,7.034317493438720703e+00,3.176171779632568359e-01,-6.427553653717041016e+00,2.188165664672851562e+00,6.499032974243164062e+00,-1.173636838793754578e-01,-5.540162324905395508e-01,-6.538815975189208984e+00,-2.656434774398803711e+00,-4.008803367614746094e+00,1.311208903789520264e-01,7.280425429344177246e-01,1.138652443885803223e+00,-3.930782556533813477e+00,1.215983271598815918e+00,-4.269849300384521484e+00,4.316367626190185547e+00,2.215798616409301758e+00,-5.952276706695556641e+00,3.873937129974365234e+00,1.013810157775878906e+00,-5.486913681030273438e+00,6.704480648040771484e+00,4.465843677520751953e+00,-8.548725396394729614e-03,-4.403716087341308594e+00,-3.788429498672485352e-01,-1.581538766622543335e-01,2.037451714277267456e-01,4.003704786300659180e-01,6.825441718101501465e-01,2.248046100139617920e-01
-6.537518501281738281e-01,3.027837514877319336e+00,-5.932346582412719727e-01,2.247781753540039062e+00,-3.348785638809204102e-01,6.782079339027404785e-01,7.394494861364364624e-02,-4.678777605295181274e-02,-7.656552791595458984e-01,1.107243180274963379e+00,-1.710511565208435059e+00,-6.743369102478027344e-01,8.807160854339599609e-01,7.423574924468994141e-01,-1.497710943222045898e+00,-1.479050874710083008e+00,4.869798719882965088e-01,4.410809278488159180e-02,-4.198017716407775879e-01,9.791265726089477539e-01,-8.993935585021972656e-01,1.506154239177703857e-02,-1.095364570617675781e+00,-1.219694852828979492e+00,-3.450735330581665039e+00,-7.133042812347412109e-01,-4.762504577636718750e+00,-5.125677585601806641e+00,-1.092215299606323242e+00,-1.884126305580139160e+00,5.365508556365966797e+00,-1.838536977767944336e+00,6.394488811492919922e+00,-1.016654521226882935e-01,-6.326296329498291016e+00,2.338391542434692383e+00,5.281951427459716797e+00,-2.852020859718322754e-01,-3.903573751449584961e-01,-4.935253143310546875e+00,-2.178417205810546875e+00,-2.701893568038940430e+00,8.375928550958633423e-02,1.031128764152526855e+00,1.623128414154052734e+00,-2.357469558715820312e+00,7.999745607376098633e-01,-2.969512701034545898e+00,5.077142238616943359e+00,2.204031467437744141e+00,-5.417029857635498047e+00,5.131265640258789062e+00,1.162838578224182129e+00,-5.693371772766113281e+00,7.467651367187500000e+00,4.984494686126708984e+00,5.905948877334594727e-01,-4.041957855224609375e+00,-3.575716912746429443e-01,-1.088618785142898560e-01,3.837294280529022217e-01,6.580152511596679688e-01,4.703705906867980957e-01,1.688886582851409912e-01
-3.836405873298645020e-01,3.077511072158813477e+00,-3.840928375720977783e-01,2.037749767303466797e+00,-1.184530556201934814e-02,3.187873065471649170e-01,-1.098597869277000427e-01,1.090689823031425476e-01,7.958210706710815430e-01,2.446878671646118164e+00,-2.441797733306884766e+00,-1.468740105628967285e+00,2.394939899444580078e+00,2.462670326232910156e+00,-2.120774030685424805e+00,-1.928697109222412109e+00,2.392479658126831055e+00,-1.065683364868164062e+00,2.060168027877807617e+00,2.204096794128417969e+00,1.814184784889221191e+00,-2.253860235214233398e+00,-3.667311668395996094e-01,1.731614768505096436e-02,-2.809454917907714844e+00,-9.198132753372192383e-01,-4.543183803558349609e+00,-5.578834056854248047e+00,-1.168449044227600098e+00,-8.576282262802124023e-01,5.475938796997070312e+00,-2.118453264236450195e+00,6.800186634063720703e+00,-7.892245054244995117e-02,-7.104311466217041016e+00,2.099421977996826172e+00,6.245678901672363281e+00,-4.726632833480834961e-01,-5.445779561996459961e-01,-5.838488101959228516e+00,-1.463681340217590332e+00,-4.992560863494873047e+00,9.035879373550415039e-02,2.136107385158538818e-01,2.045404911041259766e+00,-3.965959310531616211e+00,7.024689316749572754e-01,-4.556294441223144531e+00,4.403795719146728516e+00,3.942658662796020508e+00,-3.978362560272216797e+00,4.854047298431396484e+00,1.670538306236267090e+00,-6.243576526641845703e+00,5.080517768859863281e+00,4.374353408813476562e+00,5.638246536254882812e-01,-3.392118215560913086e+00,-1.282486915588378906e-01,3.278178572654724121e-01,3.870556354522705078e-01,1.034621596336364746e+00,5.810156464576721191e-01,3.517567515373229980e-01
-6.561400890350341797e-01,5.096048831939697266e+00,-5.231580138206481934e-01,4.372182846069335938e+00,-1.952481865882873535e-01,5.127995014190673828e-01,-6.238961219787597656e-02,1.968786865472793579e-01,9.189736247062683105e-01,8.977735042572021484e-01,-2.302479028701782227e+00,-2.712585449218750000e+00,1.864047408103942871e+00,2.953669309616088867e+00,-1.616171836853027344e+00,-2.239390134811401367e+00,8.757854700088500977e-01,-1.778548955917358398e-01,7.570914626121520996e-01,1.420593500137329102e+00,-1.501230150461196899e-01,-4.948797225952148438e-01,3.426593542098999023e-02,-6.363304853439331055e-01,-2.722605943679809570e+00,-7.724300622940063477e-01,-4.712333679199218750e+00,-4.711756706237792969e+00,-6.978381872177124023e-01,-1.576146006584167480e+00,4.063130855560302734e+00,-1.649757742881774902e+00,6.677164077758789062e+00,3.501011431217193604e-02,-6.522582054138183594e+00,2.251053571701049805e+00,7.665235042572021484e+00,1.593191325664520264e-01,-2.615689039230346680e-01,-5.514542102813720703e+00,-2.611254692077636719e+00,-2.289062738418579102e+00,3.086703270673751831e-02,1.900836080312728882e-01,1.248826146125793457e+00,-3.273676395416259766e+00,3.991328477859497070e-01,-2.961474895477294922e+00,1.776810526847839355e+00,2.916798114776611328e+00,-2.795152187347412109e+00,3.860217809677124023e+00,1.531789779663085938e+00,-4.818913936614990234e+00,3.946558475494384766e+00,2.931028366088867188e+00,-3.803019821643829346e-01,-2.215978860855102539e+00,4.371753334999084473e-01,1.859074234962463379e-01,7.936402559280395508e-01,4.103491604328155518e-01,2.710332572460174561e-01,2.112705707550048828e-01
-5.011550784111022949e-01,4.456747531890869141e+00,-5.977168083190917969e-01,3.149655342102050781e+00,-3.179457485675811768e-01,3.182984292507171631e-01,1.262621134519577026e-01,2.581668198108673096e-01,1.299964666366577148e+00,1.751813173294067383e+00,-1.931418776512145996e+00,-2.848540306091308594e+00,2.470225811004638672e+00,2.866424322128295898e+00,-1.833628773689270020e+00,-2.455507278442382812e+00,1.924511432647705078e+00,-1.495213985443115234e+00,2.192528486251831055e+00,3.574182510375976562e+00,1.222067236900329590e+00,-2.313187360763549805e+00,1.098315000534057617e+00,-1.055678844451904297e+00,-3.595386028289794922e+00,-8.889600038528442383e-01,-5.835123538970947266e+00,-5.282638072967529297e+00,-1.326079249382019043e+00,-1.767346739768981934e+00,5.790638923645019531e+00,-3.216068506240844727e+00,7.634208679199218750e+00,-1.871845275163650513e-01,-7.329432964324951172e+00,1.871437311172485352e+00,6.835000991821289062e+00,1.146078780293464661e-01,-2.432501316070556641e-01,-5.738138675689697266e+00,-2.249040603637695312e+00,-3.721136808395385742e+00,-4.021261036396026611e-01,-3.490241765975952148e-01,1.633320331573486328e+00,-4.061078071594238281e+00,6.287629604339599609e-01,-4.808525562286376953e+00,3.176072835922241211e+00,2.449895620346069336e+00,-3.036354303359985352e+00,4.097286701202392578e+00,1.088116765022277832e+00,-4.597479343414306641e+00,4.435570240020751953e+00,3.130209207534790039e+00,-5.540111660957336426e-02,-3.321196794509887695e+00,-1.208108887076377869e-01,2.772223651409149170e-01,9.537881016731262207e-01,8.519770503044128418e-01,4.305223524570465088e-01,2.831015884876251221e-01
-5.253452658653259277e-01,2.849061012268066406e+00,-5.669979453086853027e-01,8.121675848960876465e-01,-1.709977388381958008e-01,5.366811752319335938e-01,2.865376770496368408e-01,3.704455494880676270e-01,-6.464289426803588867e-01,1.438673734664916992e+00,-9.416052103042602539e-01,1.835435509681701660e+00,-2.528129339218139648e+00,1.215585470199584961e+00,-9.680233001708984375e-01,-5.275468826293945312e-01,5.510451316833496094e+00,-1.569324731826782227e+00,4.481117248535156250e+00,2.557854175567626953e+00,4.120995998382568359e+00,-4.552626609802246094e+00,1.240444421768188477e+00,-6.517846584320068359e-01,-3.350641250610351562e+00,-9.258905649185180664e-01,-3.530541181564331055e+00,-3.152393341064453125e+00,-3.573384582996368408e-01,-2.176857471466064453e+00,3.430923700332641602e+00,-2.648497581481933594e+00,7.445161342620849609e+00,1.620203852653503418e-01,-6.890644073486328125e+00,2.154249668121337891e+00,6.303236007690429688e+00,-2.791821956634521484e-01,-5.169330835342407227e-01,-6.633964538574218750e+00,-2.869589805603027344e+00,-4.175742149353027344e+00,8.087481558322906494e-02,7.817396521568298340e-01,2.567396402359008789e+00,-4.185485839843750000e+00,1.330948710441589355e+00,-4.466406822204589844e+00,1.376638412475585938e+00,3.443145513534545898e+00,-6.766873598098754883e-01,2.865005493164062500e+00,1.647169709205627441e+00,-3.411955595016479492e+00,-4.236087799072265625e-01,2.156874418258666992e+00,5.246891379356384277e-01,-5.538833618164062500e+00,-2.383655011653900146e-01,8.182433992624282837e-02,6.538211703300476074e-01,7.410758733749389648e-02,3.589140772819519043e-01,-4.392914175987243652e-01
-7.152990102767944336e-01,2.387341976165771484e+00,-7.114893198013305664e-01,1.624780416488647461e+00,-2.534646987915039062e-01,5.081025362014770508e-01,1.467899829149246216e-01,2.946817278861999512e-01,8.942698836326599121e-01,1.897730231285095215e+00,-2.065525770187377930e+00,-1.211798667907714844e+00,9.878139495849609375e-01,2.222232341766357422e+00,-2.683191776275634766e+00,-2.650861024856567383e+00,4.006901741027832031e+00,-2.718850374221801758e+00,4.126391410827636719e+00,3.119268178939819336e+00,3.547311067581176758e+00,-3.702023267745971680e+00,2.093063354492187500e+00,-2.125415086746215820e+00,-2.167818307876586914e+00,-1.014011621475219727e+00,-3.272722482681274414e+00,-3.313440799713134766e+00,-8.059800863265991211e-01,2.531503140926361084e-01,3.292544364929199219e+00,-1.172360181808471680e+00,5.106995105743408203e+00,1.001573354005813599e-02,-6.465806007385253906e+00,2.176808834075927734e+00,6.601442813873291016e+00,-5.639328360557556152e-01,-7.084118723869323730e-01,-4.632656574249267578e+00,-1.353626966476440430e+00,-3.190903902053833008e+00,3.808667957782745361e-01,-4.396576285362243652e-01,1.691068768501281738e+00,-3.513504028320312500e+00,-9.379872679710388184e-02,-3.123373508453369141e+00,2.963278770446777344e+00,3.377880096435546875e+00,-3.963812351226806641e+00,4.340404033660888672e+00,1.657060384750366211e+00,-6.000377178192138672e+00,3.483180046081542969e+00,3.497192382812500000e+00,3.282914459705352783e-01,-7.125400543212890625e+00,-1.919126391410827637e+00,2.892900109291076660e-01,1.020987272262573242e+00,-3.823819160461425781e-01,4.939616918563842773e-01,7.744153589010238647e-02
-8.438546955585479736e-02,4.022835731506347656e+00,-5.563111901283264160e-01,4.407562255859375000e+00,-2.567143142223358154e-01,1.860001683235168457e-01,-5.372145175933837891e-01,2.355959564447402954e-01,1.968656301498413086e+00,1.843435287475585938e+00,-2.543319225311279297e+00,-6.559621810913085938e+00,7.697182178497314453e+00,3.461579322814941406e+00,-1.847955584526062012e+00,-1.681688189506530762e+00,-8.035861015319824219e+00,4.084712028503417969e+00,-7.280731201171875000e+00,-3.220052480697631836e+00,-8.510129928588867188e+00,7.464255332946777344e+00,-3.892980098724365234e+00,1.193503737449645996e+00,-6.696229577064514160e-01,-9.466075897216796875e-01,-1.418937206268310547e+00,-1.630952596664428711e+00,-1.060136437416076660e+00,-7.706319689750671387e-01,2.088853836059570312e+00,-4.462149441242218018e-01,2.790687084197998047e-01,-5.747957900166511536e-02,-1.292594075202941895e+00,7.664178013801574707e-01,1.703152060508728027e+00,3.624593839049339294e-02,-1.063476353883743286e-01,7.250024378299713135e-02,-1.442151665687561035e+00,-1.258957982063293457e+00,-5.402485653758049011e-02,1.758068442344665527e+00,3.947244584560394287e-01,-4.487396478652954102e-01,1.604687690734863281e+00,-1.024560093879699707e+00,3.546694517135620117e+00,2.784146070480346680e+00,-3.804930210113525391e+00,3.703117132186889648e+00,1.586460590362548828e+00,-3.930403947830200195e+00,7.983026504516601562e+00,3.310047149658203125e+00,4.282896816730499268e-01,2.734668254852294922e+00,8.098056316375732422e-01,-7.354348152875900269e-02,5.337578654289245605e-01,1.777812242507934570e+00,5.292167663574218750e-01,1.025460243225097656e+00
-6.010063290596008301e-01,3.002964496612548828e+00,-6.110688447952270508e-01,1.822674632072448730e+00,6.210860982537269592e-02,3.606647551059722900e-01,7.737087458372116089e-02,1.236989125609397888e-01,-2.038429737091064453e+00,6.914411783218383789e-01,-9.387990236282348633e-01,2.354507923126220703e+00,-3.108061075210571289e+00,-1.800390779972076416e-01,-8.146120309829711914e-01,-2.105675190687179565e-01,3.099309682846069336e+00,4.119830429553985596e-01,2.543052196502685547e+00,6.331053972244262695e-01,1.705376744270324707e+00,-2.112349987030029297e+00,-1.722977161407470703e-01,-7.042887210845947266e-01,-3.468467950820922852e+00,-7.183544635772705078e-01,-4.494701862335205078e+00,-5.141076564788818359e+00,-7.431744337081909180e-01,-2.763653278350830078e+00,5.472226619720458984e+00,-2.044033050537109375e+00,8.126635551452636719e+00,1.853419542312622070e-01,-6.697481632232666016e+00,2.480793476104736328e+00,5.658864498138427734e+00,-1.606105864048004150e-01,-5.065898299217224121e-01,-6.405945301055908203e+00,-2.923205614089965820e+00,-2.354340791702270508e+00,4.254617691040039062e-01,1.173682212829589844e+00,1.304611206054687500e+00,-2.567463874816894531e+00,1.015071749687194824e+00,-3.281149864196777344e+00,2.101246833801269531e+00,2.726575136184692383e+00,-2.578088283538818359e+00,2.552817344665527344e+00,1.423962712287902832e+00,-4.326032638549804688e+00,2.736867189407348633e+00,2.563562393188476562e+00,-4.832763373851776123e-01,-2.055321216583251953e+00,1.586166501045227051e+00,3.296053409576416016e-01,6.691028475761413574e-01,6.916255354881286621e-01,1.012289449572563171e-01,1.481125056743621826e-01
-6.040005683898925781e-01,-1.134498357772827148e+00,-9.559926390647888184e-01,-2.013943910598754883e+00,-1.053463742136955261e-01,3.156087696552276611e-01,-2.164490818977355957e-01,7.369430363178253174e-02,-2.617695093154907227e+00,1.501099944114685059e+00,-1.625753760337829590e+00,2.825530529022216797e+00,-3.190197467803955078e+00,-8.609224557876586914e-01,-1.562223315238952637e+00,-1.769929647445678711e+00,2.818734407424926758e+00,-8.259719610214233398e-02,2.252573251724243164e+00,4.439353048801422119e-01,1.996773838996887207e+00,-2.756124973297119141e+00,-1.778843879699707031e+00,8.379354476928710938e-01,-2.229738473892211914e+00,-1.021406769752502441e+00,-5.080854892730712891e+00,-5.454557418823242188e+00,-1.057921051979064941e+00,-1.031743660569190979e-01,5.733637332916259766e+00,-1.692488074302673340e+00,4.418521404266357422e+00,5.223149806261062622e-02,-3.448966741561889648e+00,1.130051493644714355e+00,3.253968954086303711e+00,-9.230212569236755371e-01,-9.239177703857421875e-01,-3.613775968551635742e+00,-6.277518272399902344e-01,-4.028612613677978516e+00,-4.803442582488059998e-02,-8.763967752456665039e-01,1.680774807929992676e+00,-3.342450141906738281e+00,7.758735865354537964e-02,-3.564620018005371094e+00,2.998288154602050781e+00,2.729248762130737305e+00,-2.842137336730957031e+00,2.094627141952514648e+00,9.971858859062194824e-01,-4.235825538635253906e+00,1.855404376983642578e+00,2.697997331619262695e+00,-1.364381760358810425e-01,-2.773883819580078125e+00,5.664595589041709900e-02,8.094533681869506836e-01,2.398878484964370728e-01,9.298375844955444336e-01,9.258061647415161133e-01,-6.995446979999542236e-03
-8.280010223388671875e-01,4.335912227630615234e+00,-8.878639936447143555e-01,4.339538574218750000e+00,-6.377199888229370117e-01,4.785364270210266113e-01,-8.346717059612274170e-02,3.491375446319580078e-01,3.930680513381958008e+00,2.040825605392456055e+00,-2.656901597976684570e+00,-6.875267505645751953e+00,7.627565860748291016e+00,4.301937103271484375e+00,-2.165783405303955078e+00,-2.433987617492675781e+00,-6.844782829284667969e-02,-3.097109794616699219e-01,7.642545700073242188e-01,2.531052827835083008e+00,-4.014311432838439941e-01,-1.198403120040893555e+00,-4.980183541774749756e-01,-9.776020050048828125e-02,-2.377020359039306641e+00,-9.366436004638671875e-01,-5.181144714355468750e+00,-4.802483558654785156e+00,-1.575127124786376953e+00,-1.717946410179138184e+00,5.342234611511230469e+00,-2.215086936950683594e+00,4.943706989288330078e+00,-2.101949453353881836e-01,-4.817305088043212891e+00,1.441262841224670410e+00,3.739748477935791016e+00,3.717936873435974121e-01,-1.382077038288116455e-01,-4.610755443572998047e+00,-5.890568494796752930e-01,-2.769701242446899414e+00,2.550232410430908203e-01,-2.416727133095264435e-03,6.903035938739776611e-02,-2.787195682525634766e+00,8.481155633926391602e-01,-2.260419368743896484e+00,3.190378904342651367e+00,2.558820724487304688e+00,-2.914995670318603516e+00,3.212163925170898438e+00,1.548564195632934570e+00,-4.132956504821777344e+00,6.011089324951171875e+00,2.885972738265991211e+00,1.531664133071899414e-01,1.018708705902099609e+00,1.000190377235412598e-01,3.233797252178192139e-01,5.270431041717529297e-01,8.225587606430053711e-01,6.734040379524230957e-01,-8.941031992435455322e-03
-7.267858982086181641e-01,3.196131467819213867e+00,-7.389169335365295410e-01,2.772091388702392578e+00,-7.359214872121810913e-02,9.392621517181396484e-01,4.743522405624389648e-02,7.001319527626037598e-02,1.928856730461120605e+00,1.890776634216308594e+00,-1.969971776008605957e+00,-5.527554512023925781e+00,5.437233924865722656e+00,1.184198617935180664e+00,-2.417681694030761719e+00,-2.708875656127929688e+00,-5.379453301429748535e-01,-2.441566944122314453e+00,-2.926134765148162842e-01,3.195787429809570312e+00,-1.312225341796875000e+00,9.061978757381439209e-02,-2.750045537948608398e+00,8.647683262825012207e-02,-1.647357702255249023e+00,-6.898348331451416016e-01,-4.619472503662109375e+00,-4.292796611785888672e+00,-1.635722041130065918e+00,1.151091337203979492e+00,4.298681735992431641e+00,-1.586317658424377441e+00,3.808745861053466797e+00,2.274596877396106720e-02,-5.166842937469482422e+00,1.594503283500671387e+00,4.810169696807861328e+00,-2.704927027225494385e-01,-6.826996207237243652e-01,-4.133001804351806641e+00,-4.326503276824951172e-01,-4.525370121002197266e+00,2.046780884265899658e-01,-4.963258504867553711e-01,9.994471073150634766e-01,-3.449410676956176758e+00,2.879739999771118164e-01,-4.244478225708007812e+00,4.649338722229003906e+00,2.556620121002197266e+00,-5.624250888824462891e+00,5.224509716033935547e+00,1.310852527618408203e+00,-7.218302249908447266e+00,8.255223274230957031e+00,5.270027160644531250e+00,1.389850258827209473e+00,-3.631046772003173828e+00,-1.918213963508605957e+00,-7.006068229675292969e-01,5.012277960777282715e-01,1.507974743843078613e+00,7.170968055725097656e-01,4.336500763893127441e-01
-1.040149569511413574e+00,3.265986680984497070e+00,-7.213682532310485840e-01,2.155989646911621094e+00,8.767648041248321533e-02,2.933599650859832764e-01,2.705658227205276489e-02,1.946477442979812622e-01,2.713458240032196045e-01,2.128409624099731445e+00,-2.585557460784912109e+00,-3.000158309936523438e+00,1.755661606788635254e+00,1.490119338035583496e+00,-3.056079626083374023e+00,-2.404584169387817383e+00,1.745365023612976074e+00,-1.445051670074462891e+00,1.311978459358215332e+00,2.538057088851928711e+00,-6.844533681869506836e-01,-1.399565815925598145e+00,-1.191432237625122070e+00,-1.001980900764465332e+00,-3.857465505599975586e+00,-1.006318926811218262e+00,-7.409614562988281250e+00,-6.070386886596679688e+00,-1.160319209098815918e+00,-2.055060386657714844e+00,6.929047107696533203e+00,-2.774708747863769531e+00,8.183319091796875000e+00,1.334804892539978027e-01,-6.910805225372314453e+00,1.880463242530822754e+00,6.135276794433593750e+00,-7.369533181190490723e-02,-4.685133993625640869e-01,-6.880379676818847656e+00,-2.048050403594970703e+00,-2.901616811752319336e+00,-2.771310806274414062e-01,-3.914108872413635254e-01,7.737568020820617676e-01,-3.665134668350219727e+00,-2.082511782646179199e-01,-3.705012559890747070e+00,4.937285423278808594e+00,2.169332027435302734e+00,-4.798135280609130859e+00,4.738170146942138672e+00,1.172371506690979004e+00,-6.043323040008544922e+00,6.951819896697998047e+00,4.937872409820556641e+00,1.184620037674903870e-01,-3.747172355651855469e+00,-4.542198181152343750e-01,4.898650348186492920e-01,4.398131966590881348e-01,7.663535475730895996e-01,7.054290771484375000e-01,-3.413036465644836426e-01
-6.272488832473754883e-01,1.722608566284179688e+00,-4.527512192726135254e-01,-3.100599050521850586e-01,-2.150343656539916992e-01,5.744575262069702148e-01,2.297364920377731323e-02,2.010080814361572266e-01,-2.394520521163940430e+00,8.199824094772338867e-01,-5.480643510818481445e-01,2.565089225769042969e+00,-3.871804475784301758e+00,-3.428365290164947510e-01,-1.284652352333068848e+00,-9.303500652313232422e-01,5.160725116729736328e+00,-3.005344867706298828e-01,4.045512199401855469e+00,1.649823665618896484e+00,3.433892250061035156e+00,-4.478119850158691406e+00,5.406047701835632324e-01,-4.825958907604217529e-01,-4.200715065002441406e+00,-9.159861803054809570e-01,-4.921755313873291016e+00,-4.984240531921386719e+00,-9.920576810836791992e-01,-2.006330966949462891e+00,5.536355495452880859e+00,-2.827151536941528320e+00,7.303141117095947266e+00,1.228874325752258301e-01,-6.788029670715332031e+00,1.620948672294616699e+00,5.968510150909423828e+00,-6.372570395469665527e-01,-5.135467648506164551e-01,-5.815811634063720703e+00,-1.680072188377380371e+00,-3.665147781372070312e+00,-1.301273107528686523e-01,5.516225099563598633e-01,1.775714039802551270e+00,-3.342605590820312500e+00,5.368798971176147461e-01,-3.962436437606811523e+00,3.555110931396484375e+00,3.079020023345947266e+00,-3.484645366668701172e+00,4.292111396789550781e+00,1.304860711097717285e+00,-5.199691295623779297e+00,2.711608171463012695e+00,3.958401203155517578e+00,4.890466928482055664e-01,-5.696434974670410156e+00,1.647150218486785889e-01,-1.256908476352691650e-01,8.051029443740844727e-01,3.157213926315307617e-01,6.885277628898620605e-01,-1.406754553318023682e-02
-5.003047585487365723e-01,4.557027339935302734e+00,-6.454860568046569824e-01,3.643652677536010742e+00,1.386360526084899902e-01,3.504555672407150269e-02,7.922101020812988281e-02,1.414846479892730713e-01,1.110623031854629517e-01,1.681369662284851074e+00,-2.428663969039916992e+00,-2.163091182708740234e+00,1.538927912712097168e+00,2.782674074172973633e+00,-2.151881456375122070e+00,-2.129862546920776367e+00,2.725097239017486572e-01,-8.955948948860168457e-01,-1.106256246566772461e-02,1.728998899459838867e+00,-6.779098510742187500e-01,4.156122207641601562e-01,4.921246170997619629e-01,-9.656375646591186523e-01,-1.812706232070922852e+00,-6.338468790054321289e-01,-5.265328407287597656e+00,-4.111132621765136719e+00,-7.343293428421020508e-01,-2.361522912979125977e-01,4.672648906707763672e+00,-1.566659331321716309e+00,7.038659095764160156e+00,-1.860337257385253906e-01,-7.048410892486572266e+00,2.547213792800903320e+00,7.505801200866699219e+00,-3.345011472702026367e-01,-7.077383995056152344e-01,-5.868691921234130859e+00,-2.421367168426513672e+00,-3.625187873840332031e+00,-1.246111243963241577e-01,-2.652781605720520020e-01,1.773421049118041992e+00,-3.844010591506958008e+00,3.274635374546051025e-01,-4.125882148742675781e+00,3.510628461837768555e+00,3.202085256576538086e+00,-4.077731132507324219e+00,3.892108917236328125e+00,1.230009078979492188e+00,-5.144882678985595703e+00,4.946578025817871094e+00,3.387093544006347656e+00,-4.738355278968811035e-01,-3.015552520751953125e+00,-2.471989393234252930e-01,4.538588225841522217e-01,5.854482650756835938e-01,3.072476685047149658e-01,6.134263277053833008e-01,1.979291290044784546e-01
-1.058284759521484375e+00,3.797371864318847656e+00,-9.172144532203674316e-01,3.484763145446777344e+00,-3.236410766839981079e-02,4.085192084312438965e-01,-3.855510354042053223e-01,1.346973003819584846e-04,5.687601566314697266e-01,2.604686498641967773e+00,-3.030342340469360352e+00,-2.706053733825683594e+00,2.833522081375122070e+00,1.746701717376708984e+00,-3.147384166717529297e+00,-3.015527248382568359e+00,8.060734272003173828e-01,-1.266823291778564453e+00,9.254017472267150879e-01,2.289929628372192383e+00,-4.205508232116699219e-01,-1.015688776969909668e+00,-1.594945043325424194e-01,-1.561440825462341309e+00,-3.823288679122924805e+00,-9.258736371994018555e-01,-7.192219257354736328e+00,-6.562449932098388672e+00,-1.262905955314636230e+00,-2.467609882354736328e+00,6.842831134796142578e+00,-2.995505809783935547e+00,7.452183246612548828e+00,-4.423811659216880798e-02,-6.888938426971435547e+00,1.845889091491699219e+00,6.305430412292480469e+00,-1.231847330927848816e-01,-3.213866651058197021e-01,-6.140886783599853516e+00,-2.070584535598754883e+00,-2.686119556427001953e+00,8.029904961585998535e-02,-4.978582262992858887e-01,9.692541360855102539e-01,-2.845730066299438477e+00,2.252377271652221680e-01,-3.533685922622680664e+00,4.638260841369628906e+00,2.378541707992553711e+00,-6.047518253326416016e+00,5.000354766845703125e+00,1.163479685783386230e+00,-6.710053443908691406e+00,7.573372364044189453e+00,5.436052799224853516e+00,-6.851068139076232910e-01,-4.508112907409667969e+00,-7.108905315399169922e-01,6.242126226425170898e-01,6.433483958244323730e-01,4.940582811832427979e-01,8.737662434577941895e-01,-3.776982426643371582e-03
-9.183733463287353516e-01,3.062662839889526367e+00,-6.807026267051696777e-01,1.998616218566894531e+00,-2.037464976310729980e-01,5.621872544288635254e-01,-1.223002299666404724e-01,2.460435926914215088e-01,4.207261800765991211e-01,1.788970470428466797e+00,-3.040509700775146484e+00,-2.640383243560791016e+00,1.937140822410583496e+00,2.459168672561645508e+00,-2.598434448242187500e+00,-2.735172033309936523e+00,2.438443899154663086e+00,-1.057059049606323242e+00,2.331190586090087891e+00,2.673941612243652344e+00,1.381067395210266113e+00,-2.218286991119384766e+00,-6.239423751831054688e-01,-8.949887752532958984e-01,-3.377865314483642578e+00,-1.015038013458251953e+00,-6.039546489715576172e+00,-6.360130310058593750e+00,-1.481469035148620605e+00,-1.252254366874694824e+00,6.153462886810302734e+00,-2.312502145767211914e+00,7.329508304595947266e+00,8.169903606176376343e-02,-6.607241630554199219e+00,2.183313131332397461e+00,6.502559185028076172e+00,-1.869179308414459229e-01,-5.170111060142517090e-01,-6.321249485015869141e+00,-2.294850349426269531e+00,-3.839509487152099609e+00,-1.018018722534179688e-01,1.537951678037643433e-01,1.547536492347717285e+00,-4.014254570007324219e+00,9.126417636871337891e-01,-3.787537574768066406e+00,4.157221317291259766e+00,3.673101186752319336e+00,-4.542719364166259766e+00,3.971328735351562500e+00,1.586234569549560547e+00,-6.057071208953857422e+00,6.079880714416503906e+00,4.502136707305908203e+00,1.128408983349800110e-01,-1.650807738304138184e+00,-2.053556740283966064e-01,7.867259979248046875e-01,3.921690583229064941e-01,1.416812837123870850e-01,1.121230840682983398e+00,2.972153201699256897e-02
-7.578920125961303711e-01,5.690595149993896484e+00,-1.000784277915954590e+00,5.094464302062988281e+00,1.291858404874801636e-01,1.123838052153587341e-01,-1.355022192001342773e-01,8.730056881904602051e-02,1.213646888732910156e+00,2.083785533905029297e+00,-2.869022607803344727e+00,-4.466174602508544922e+00,3.319194793701171875e+00,1.888168454170227051e+00,-2.965071201324462891e+00,-2.144024848937988281e+00,6.124176979064941406e-01,-2.002846479415893555e+00,7.082009911537170410e-01,2.282796621322631836e+00,-5.243832468986511230e-01,-1.882086843252182007e-01,-5.370812416076660156e-01,-1.086790800094604492e+00,-3.276118278503417969e+00,-9.893020391464233398e-01,-6.225566387176513672e+00,-5.564916133880615234e+00,-1.408131122589111328e+00,-1.534816145896911621e+00,5.742743492126464844e+00,-3.043073415756225586e+00,6.661379337310791016e+00,1.607936918735504150e-01,-6.694606304168701172e+00,2.240628242492675781e+00,7.603702545166015625e+00,-3.306028842926025391e-01,-6.334581971168518066e-01,-6.701269626617431641e+00,-2.327940702438354492e+00,-3.073416471481323242e+00,-2.605375051498413086e-01,3.872398734092712402e-01,4.630825519561767578e-01,-3.362995624542236328e+00,7.154250890016555786e-02,-3.708247661590576172e+00,3.479702472686767578e+00,3.636466026306152344e+00,-4.791095733642578125e+00,4.840183258056640625e+00,1.468811631202697754e+00,-5.569798469543457031e+00,6.041380405426025391e+00,4.365784168243408203e+00,-1.465583145618438721e-01,-2.549075126647949219e+00,-5.194839835166931152e-01,3.674375712871551514e-01,7.945785522460937500e-01,1.522692292928695679e-01,6.474051475524902344e-01,3.550580739974975586e-01
-1.073790073394775391e+00,4.536435902118682861e-01,-1.312450647354125977e+00,-1.535824239253997803e-01,-3.314763605594635010e-01,-7.300151139497756958e-02,1.170523613691329956e-01,-1.151973232626914978e-01,-2.049239397048950195e+00,9.992197751998901367e-01,-1.116953134536743164e+00,2.253699302673339844e+00,-3.702101945877075195e+00,-1.704796075820922852e+00,-1.307073593139648438e+00,-1.431635499000549316e+00,4.660695552825927734e+00,-1.346486091613769531e+00,4.273908138275146484e+00,1.864467620849609375e+00,3.436965942382812500e+00,-4.860826015472412109e+00,-7.677887678146362305e-01,3.273335695266723633e-01,-3.009568929672241211e+00,-9.667768478393554688e-01,-6.674188613891601562e+00,-6.647408485412597656e+00,-8.046519756317138672e-01,-6.531517505645751953e-01,7.157455921173095703e+00,-2.310636758804321289e+00,6.509969234466552734e+00,1.716211736202239990e-01,-5.620181083679199219e+00,1.552242636680603027e+00,5.581063747406005859e+00,-5.933890342712402344e-01,-5.544911623001098633e-01,-5.823958396911621094e+00,1.746085882186889648e-01,-3.153282880783081055e+00,-3.284109234809875488e-01,-1.139567852020263672e+00,5.225618928670883179e-02,-2.939060688018798828e+00,-1.161835789680480957e+00,-3.539488077163696289e+00,3.077413558959960938e+00,2.515322208404541016e+00,-3.359914302825927734e+00,3.838232278823852539e+00,1.065785169601440430e+00,-4.981201648712158203e+00,2.016635417938232422e+00,3.075511932373046875e+00,-4.839873313903808594e-01,-4.702566146850585938e+00,-4.590693712234497070e-01,5.856970548629760742e-01,4.474821984767913818e-01,3.702235221862792969e-01,5.372074842453002930e-01,3.593324869871139526e-02
-7.429230213165283203e-01,5.243630886077880859e+00,-6.187791228294372559e-01,4.748821258544921875e+00,4.984237253665924072e-03,5.976299643516540527e-01,-9.514705836772918701e-02,1.407591700553894043e-01,4.477344751358032227e-01,1.020130872726440430e+00,-2.078912496566772461e+00,-3.681351184844970703e+00,2.451336622238159180e+00,2.060250997543334961e+00,-2.511286020278930664e+00,-2.047717094421386719e+00,9.385843575000762939e-02,3.524225652217864990e-01,-2.448712885379791260e-01,7.824515104293823242e-01,-1.768453240394592285e+00,6.487254053354263306e-02,-8.892046809196472168e-01,-7.138237953186035156e-01,-3.193501710891723633e+00,-1.045643687248229980e+00,-6.764279365539550781e+00,-5.963017940521240234e+00,-1.031856775283813477e+00,-2.211040973663330078e+00,6.388476848602294922e+00,-2.156147003173828125e+00,7.890240669250488281e+00,-1.157494485378265381e-01,-6.836082935333251953e+00,2.156034946441650391e+00,7.100903034210205078e+00,-2.227154970169067383e-01,-3.091889321804046631e-01,-6.678827762603759766e+00,-1.817530155181884766e+00,-1.988482117652893066e+00,-1.793245077133178711e-01,1.101910918951034546e-01,6.148453354835510254e-01,-2.580266237258911133e+00,-6.032679080963134766e-01,-2.645923137664794922e+00,3.759147167205810547e+00,2.081952571868896484e+00,-4.595155715942382812e+00,4.192214012145996094e+00,1.183968424797058105e+00,-5.658339500427246094e+00,6.835843563079833984e+00,3.973855018615722656e+00,-3.375743627548217773e-01,-1.171169519424438477e+00,1.331450581550598145e+00,3.019559085369110107e-01,6.486029028892517090e-01,8.771177530288696289e-01,3.164244294166564941e-01,-7.564090192317962646e-02
-2.833207547664642334e-01,1.864362657070159912e-01,-5.983811020851135254e-01,-4.633742570877075195e-01,-2.290482223033905029e-01,1.749437302350997925e-02,-8.113269507884979248e-02,2.740990221500396729e-01,-1.264525890350341797e+00,4.538756310939788818e-01,-1.025246143341064453e+00,9.173769950866699219e-01,-2.277500152587890625e+00,-9.200682640075683594e-01,-1.575664520263671875e+00,-2.011375427246093750e+00,2.550807476043701172e+00,-8.678305149078369141e-02,2.435210704803466797e+00,4.319512546062469482e-01,1.802082657814025879e+00,-3.140713691711425781e+00,-2.593607425689697266e+00,2.287946462631225586e+00,-3.344355106353759766e+00,-9.536974430084228516e-01,-6.431258678436279297e+00,-7.098643779754638672e+00,-1.424388289451599121e+00,-1.676665246486663818e-01,7.040690422058105469e+00,-2.386253118515014648e+00,4.482942581176757812e+00,1.298993080854415894e-01,-3.951205015182495117e+00,8.516429066658020020e-01,3.789847135543823242e+00,-8.171192407608032227e-01,-7.788703441619873047e-01,-3.852876186370849609e+00,8.533285856246948242e-01,-3.378144741058349609e+00,-3.207137286663055420e-01,-1.827695965766906738e+00,4.765966534614562988e-01,-2.421990633010864258e+00,-1.333536028861999512e+00,-2.453927278518676758e+00,3.051861286163330078e+00,2.710602998733520508e+00,-3.092560529708862305e+00,2.797105550765991211e+00,1.352474927902221680e+00,-5.170865535736083984e+00,2.512961149215698242e+00,2.837580442428588867e+00,-7.532477378845214844e-03,-1.381534337997436523e+00,2.064822614192962646e-01,2.448738813400268555e-01,6.284246444702148438e-01,9.930347204208374023e-01,4.455441534519195557e-01,9.870262444019317627e-02
-4.037017822265625000e-01,6.154933452606201172e+00,-5.068883299827575684e-01,5.618659973144531250e+00,3.092156350612640381e-02,4.520598948001861572e-01,2.129203677177429199e-01,7.143390178680419922e-02,-2.311229467391967773e+00,5.133556127548217773e-01,-1.128995895385742188e+00,5.408552885055541992e-01,-1.797423362731933594e+00,1.208180904388427734e+00,-1.013776659965515137e+00,-1.330282211303710938e+00,1.763826966285705566e+00,-2.454296350479125977e+00,1.036268234252929688e+00,2.162781953811645508e+00,2.401722967624664307e-01,-4.703295230865478516e-01,3.160206079483032227e-01,-1.553742766380310059e+00,-1.363706231117248535e+00,-1.219231009483337402e+00,-4.497536659240722656e+00,-3.697292327880859375e+00,-5.761837363243103027e-01,-2.785603106021881104e-01,4.205663204193115234e+00,-1.052345871925354004e+00,9.276592254638671875e+00,1.061443611979484558e-02,-8.043676376342773438e+00,2.553659439086914062e+00,9.240056037902832031e+00,-1.302455812692642212e-01,-5.976598262786865234e-01,-7.832030296325683594e+00,-3.041203260421752930e+00,-4.505070686340332031e+00,5.377806723117828369e-02,4.739224314689636230e-01,2.107019662857055664e+00,-4.661700248718261719e+00,8.698239177465438843e-02,-5.528909206390380859e+00,2.063838005065917969e+00,2.946264505386352539e+00,-3.393345117568969727e+00,3.165892839431762695e+00,1.171743512153625488e+00,-4.868053436279296875e+00,3.501517295837402344e+00,2.420910120010375977e+00,2.052941620349884033e-01,-4.665500640869140625e+00,3.804269134998321533e-01,3.265996575355529785e-01,6.627267599105834961e-01,1.791674196720123291e-01,3.048410713672637939e-01,1.180665194988250732e-01
-5.456494092941284180e-01,5.744119167327880859e+00,-2.666688859462738037e-01,4.885860443115234375e+00,-2.386738061904907227e-01,2.470639348030090332e-01,9.822972118854522705e-03,9.566904604434967041e-02,-1.454712629318237305e+00,1.096705198287963867e+00,-1.534762024879455566e+00,-1.465485334396362305e+00,1.246136426925659180e-02,1.066744685173034668e+00,-1.127584934234619141e+00,-5.796620845794677734e-01,2.043174028396606445e+00,-8.684943318367004395e-01,1.407751202583312988e+00,2.179624557495117188e+00,6.222748756408691406e-01,-1.343270301818847656e+00,-1.019454717636108398e+00,-6.433442831039428711e-01,-3.818127393722534180e+00,-8.048709630966186523e-01,-7.311399459838867188e+00,-6.220767021179199219e+00,-9.979714751243591309e-01,-3.119755744934082031e+00,6.873621940612792969e+00,-2.746139287948608398e+00,8.615451812744140625e+00,2.220828086137771606e-01,-6.691405773162841797e+00,1.873112559318542480e+00,6.718121528625488281e+00,5.214989185333251953e-01,-1.847216784954071045e-01,-7.324835777282714844e+00,-2.673640966415405273e+00,-2.368968486785888672e+00,-2.989122271537780762e-01,6.804798245429992676e-01,1.963871717453002930e-01,-2.620104789733886719e+00,7.230812311172485352e-02,-2.958958387374877930e+00,3.037561655044555664e+00,2.318699598312377930e+00,-3.640942335128784180e+00,2.843007802963256836e+00,1.235027670860290527e+00,-4.415329456329345703e+00,4.875636100769042969e+00,3.311911106109619141e+00,-1.535561680793762207e-01,-1.657525300979614258e+00,1.085453033447265625e+00,6.063022464513778687e-02,4.353064298629760742e-01,1.931529343128204346e-01,5.291258692741394043e-01,1.873887479305267334e-01
-5.092014074325561523e-01,3.263402700424194336e+00,-6.116333007812500000e-01,2.524549722671508789e+00,-3.784575462341308594e-01,5.894060730934143066e-01,1.524174362421035767e-01,3.738453388214111328e-01,7.700994014739990234e-01,1.742576956748962402e+00,-3.244647502899169922e+00,-2.416514873504638672e+00,2.679122209548950195e+00,1.694335579872131348e+00,-2.799917459487915039e+00,-3.192550897598266602e+00,8.973433971405029297e-01,-1.121925354003906250e+00,9.962319731712341309e-01,2.165110588073730469e+00,5.212740898132324219e-01,-1.290700316429138184e+00,-1.802637815475463867e+00,3.252960741519927979e-01,-3.444556951522827148e+00,-8.441604375839233398e-01,-6.300662517547607422e+00,-6.354452610015869141e+00,-1.609982728958129883e+00,-9.520414471626281738e-01,6.407559394836425781e+00,-2.447028875350952148e+00,6.438753604888916016e+00,7.436585426330566406e-02,-6.468498229980468750e+00,2.183514595031738281e+00,6.213622570037841797e+00,-5.695276856422424316e-01,-7.452722191810607910e-01,-6.025925159454345703e+00,-1.357640266418457031e+00,-3.893856048583984375e+00,-1.043344009667634964e-02,-4.853544011712074280e-02,1.168975949287414551e+00,-3.630978584289550781e+00,7.392533421516418457e-01,-2.951636552810668945e+00,5.168117046356201172e+00,3.713269710540771484e+00,-6.122693061828613281e+00,5.405577182769775391e+00,1.458035588264465332e+00,-7.086268901824951172e+00,7.614615917205810547e+00,6.137379169464111328e+00,3.846048414707183838e-01,-2.490103244781494141e+00,-1.227324381470680237e-01,1.467387080192565918e-01,1.898754090070724487e-01,1.241134405136108398e+00,5.102124214172363281e-01,2.258004844188690186e-01
-4.070123732089996338e-01,4.311259269714355469e+00,4.059667140245437622e-02,3.412747144699096680e+00,8.253607153892517090e-02,3.881488740444183350e-01,5.225957185029983521e-02,2.291162163019180298e-01,-1.281415104866027832e+00,1.008597493171691895e+00,-1.277071595191955566e+00,-1.079387068748474121e+00,-4.291377365589141846e-01,1.569591283798217773e+00,-2.289275407791137695e+00,-2.117302417755126953e+00,1.203905344009399414e+00,1.522068381309509277e-01,1.134018182754516602e+00,9.964666366577148438e-01,-6.145647168159484863e-02,-8.654497861862182617e-01,-7.959621548652648926e-01,-1.517943441867828369e-01,-2.884754180908203125e+00,-9.383997917175292969e-01,-5.366951465606689453e+00,-5.983035087585449219e+00,-8.339525461196899414e-01,-3.511126041412353516e-01,5.344329357147216797e+00,-1.351353287696838379e+00,8.380261421203613281e+00,-8.320464193820953369e-02,-8.144860267639160156e+00,2.079487085342407227e+00,8.465245246887207031e+00,-3.634610474109649658e-01,-5.986761450767517090e-01,-6.294281482696533203e+00,-1.480285286903381348e+00,-2.576791286468505859e+00,-8.788268081843852997e-03,-4.587665796279907227e-01,1.428803324699401855e+00,-2.625345230102539062e+00,-7.397037744522094727e-01,-3.098659753799438477e+00,4.450610637664794922e+00,3.536399841308593750e+00,-6.262916564941406250e+00,5.613393306732177734e+00,1.721985578536987305e+00,-8.514631271362304688e+00,7.296466350555419922e+00,5.727044105529785156e+00,5.977310538291931152e-01,-4.403743743896484375e+00,2.580215036869049072e-01,-5.109454393386840820e-01,1.090800762176513672e+00,7.377455830574035645e-01,3.279612958431243896e-01,3.402894437313079834e-01
-6.479656696319580078e-01,5.962845802307128906e+00,-5.395261645317077637e-01,5.333207130432128906e+00,-1.667439937591552734e-02,5.489400029182434082e-01,6.520465761423110962e-02,-6.476797163486480713e-03,7.720957994461059570e-01,1.403547167778015137e+00,-1.508802652359008789e+00,-4.339548587799072266e+00,4.000882148742675781e+00,2.587400436401367188e+00,-2.210177421569824219e+00,-1.714944005012512207e+00,-3.573516607284545898e-01,-7.373494505882263184e-01,-5.034483671188354492e-01,1.673129796981811523e+00,-1.561849594116210938e+00,6.105347275733947754e-01,-5.941730737686157227e-01,-8.836468458175659180e-01,-3.376921892166137695e+00,-9.911526441574096680e-01,-5.928300380706787109e+00,-5.384694576263427734e+00,-1.074495673179626465e+00,-1.654719948768615723e+00,5.551910877227783203e+00,-2.410341024398803711e+00,7.809341430664062500e+00,-1.052519232034683228e-01,-7.531144618988037109e+00,2.050067901611328125e+00,7.007659912109375000e+00,-1.826834864914417267e-02,-3.587437272071838379e-01,-6.937165737152099609e+00,-1.949900627136230469e+00,-3.449517726898193359e+00,2.034459114074707031e-01,1.124729812145233154e-01,1.284278988838195801e+00,-3.013024806976318359e+00,6.192207708954811096e-02,-3.338414430618286133e+00,4.285679817199707031e+00,2.925109624862670898e+00,-5.255228042602539062e+00,4.758761405944824219e+00,1.425986886024475098e+00,-6.499770641326904297e+00,7.700916290283203125e+00,4.587779998779296875e+00,5.296710133552551270e-01,-2.872196197509765625e+00,-6.867389082908630371e-01,-1.772032976150512695e-01,9.662781357765197754e-01,2.915256023406982422e-01,8.746109604835510254e-01,1.498885452747344971e-02
-5.274814367294311523e-01,6.071762561798095703e+00,-6.500825881958007812e-01,5.506426811218261719e+00,-3.537939786911010742e-01,1.824504137039184570e-01,5.689813196659088135e-02,1.940733343362808228e-01,-1.591215252876281738e+00,9.281603097915649414e-01,-2.055041074752807617e+00,-7.182093858718872070e-01,5.361539125442504883e-02,1.119531154632568359e+00,-1.770827889442443848e+00,-1.413746356964111328e+00,1.315406799316406250e+00,-1.231848955154418945e+00,1.029866576194763184e+00,2.190767765045166016e+00,2.607654631137847900e-01,-1.090567946434020996e+00,-7.116230130195617676e-01,-3.165620565414428711e-01,-4.213072776794433594e+00,-1.198582053184509277e+00,-8.159149169921875000e+00,-6.961854934692382812e+00,-9.114393591880798340e-01,-2.546068668365478516e+00,7.412061691284179688e+00,-2.758712768554687500e+00,9.628609657287597656e+00,-1.112542599439620972e-01,-8.442306518554687500e+00,2.275588989257812500e+00,8.359951972961425781e+00,-1.932071745395660400e-01,-4.361186325550079346e-01,-8.429956436157226562e+00,-2.471856594085693359e+00,-3.958286046981811523e+00,-2.388544976711273193e-01,2.352512031793594360e-01,1.099986553192138672e+00,-3.853438377380371094e+00,2.347841858863830566e-01,-4.298939704895019531e+00,3.876606464385986328e+00,3.137276172637939453e+00,-5.516143321990966797e+00,4.895231723785400391e+00,1.441868424415588379e+00,-6.517740249633789062e+00,6.199950695037841797e+00,4.773153781890869141e+00,-1.458868682384490967e-01,-4.450346946716308594e+00,-1.991606056690216064e-01,2.645919620990753174e-01,7.853233814239501953e-01,5.823529958724975586e-01,6.099022030830383301e-01,6.184947490692138672e-01
