1.827217638492584229e-02,4.176084697246551514e-01,2.727393433451652527e-02,5.937654972076416016e-01,5.791112780570983887e-04,9.050197899341583252e-03,-2.447241544723510742e-02,1.061027497053146362e-02,-1.496988385915756226e-01,-1.776366531848907471e-01,7.007372379302978516e-01,4.581030309200286865e-01,-4.731425046920776367e-01,-8.889489173889160156e-01,3.539122641086578369e-01,4.548681378364562988e-01,-1.172036454081535339e-01,1.920331239700317383e+00,-4.505138397216796875e-01,-1.686247467994689941e+00,-5.315245389938354492e-01,2.166998237371444702e-01,-1.249895572662353516e+00,8.072291612625122070e-01,-3.397141396999359131e-01,1.651687547564506531e-02,-3.944944739341735840e-01,-3.897565007209777832e-01,-2.863324806094169617e-02,-4.431691169738769531e-01,6.890346407890319824e-01,-6.043819338083267212e-02,7.208422422409057617e-01,1.920032314956188202e-02,-5.277763605117797852e-01,-2.365654334425926208e-03,4.535096883773803711e-01,-2.257628738880157471e-02,-8.677054196596145630e-03,-1.678984016180038452e-01,4.985795319080352783e-01,9.373982548713684082e-01,1.464542746543884277e-02,4.767292737960815430e-02,3.989563882350921631e-02,6.068331003189086914e-01,5.027279257774353027e-03,2.959009647369384766e+00,1.441104337573051453e-02,1.570104062557220459e-02,-3.986332416534423828e-01,4.645434319972991943e-01,-9.115327149629592896e-03,-6.519850492477416992e-01,2.891584634780883789e-01,5.325930714607238770e-01,-2.198746502399444580e-01,-7.273910045623779297e-01,-7.100515365600585938e-01,6.671354770660400391e-01,-2.171151340007781982e-02,-5.955898761749267578e-01,2.426407858729362488e-02,-1.318153440952301025e-01
-1.817820668220520020e-01,-1.227056503295898438e+00,7.470970153808593750e-01,3.516654968261718750e-01,-3.740804791450500488e-01,-1.368677318096160889e-01,-4.129860401153564453e-01,-4.484403729438781738e-01,-4.416318237781524658e-01,-1.289336442947387695e+00,-1.535854101181030273e+00,-6.724413037300109863e-01,6.072446703910827637e-01,1.013794302940368652e+00,-4.055702090263366699e-01,-1.265640705823898315e-01,-1.267369866371154785e+00,-2.502719402313232422e+00,3.254067897796630859e-01,1.387361407279968262e+00,-5.757972598075866699e-02,-1.856346368789672852e+00,8.095343112945556641e-01,-5.979772806167602539e-01,-4.509405791759490967e-02,2.864475250244140625e-01,4.037797451019287109e-02,-5.237305164337158203e-01,-9.431213140487670898e-01,-3.200096189975738525e-01,-7.655105590820312500e-01,2.329841852188110352e-01,-5.773210525512695312e-01,-7.710839509963989258e-01,1.183077812194824219e+00,-1.100828498601913452e-02,1.259839981794357300e-01,2.455077767372131348e-01,1.394747376441955566e+00,-4.089611172676086426e-01,-2.830568552017211914e+00,7.587783336639404297e+00,8.722032606601715088e-02,-3.190598964691162109e+00,-6.513500690460205078e+00,-3.991925418376922607e-01,-2.714162111282348633e+00,-3.322830200195312500e+00,-7.386898994445800781e-01,1.272441297769546509e-01,7.154023647308349609e-02,-2.891928851604461670e-01,-7.525101304054260254e-01,-1.375437229871749878e-01,-3.181691467761993408e-02,-1.459580063819885254e-01,8.791483938694000244e-03,3.804246783256530762e-01,1.388817429542541504e-01,-9.380311965942382812e-01,7.473534941673278809e-01,-5.302328467369079590e-01,-1.204284280538558960e-01,6.304947733879089355e-01
-6.852199137210845947e-02,-1.636959016323089600e-01,4.504482746124267578e-01,5.138999223709106445e-01,-4.809423908591270447e-02,-1.700024008750915527e-01,-3.999508917331695557e-01,1.634011268615722656e-01,-1.265432983636856079e-01,-1.873468399047851562e+00,-3.608105778694152832e-01,-6.060164570808410645e-01,-4.298312664031982422e-01,-7.931816577911376953e-01,-5.200738310813903809e-01,-1.466730087995529175e-01,-2.462276816368103027e-02,-4.719904065132141113e-01,-7.659634947776794434e-02,3.525543808937072754e-01,-3.516834378242492676e-01,-3.629103600978851318e-01,-5.954567193984985352e-01,-6.313724517822265625e-01,5.938326120376586914e-01,5.861146450042724609e-01,-6.074419617652893066e-01,-5.866044759750366211e-01,-3.968085721135139465e-02,-1.815847009420394897e-01,2.682641148567199707e-02,3.913633227348327637e-01,7.463693618774414062e-04,-6.360374093055725098e-01,-7.056040316820144653e-02,-1.270645298063755035e-02,8.890483379364013672e-01,2.396282255649566650e-01,1.151231050491333008e+00,9.187993407249450684e-02,-2.305412769317626953e+00,8.431468009948730469e+00,1.379501104354858398e+00,-4.650432586669921875e+00,-7.113924026489257812e+00,-4.309495389461517334e-01,-2.847649335861206055e+00,1.562195539474487305e+00,-4.716181457042694092e-01,2.839543223381042480e-01,-4.945531487464904785e-01,1.118114948272705078e+00,-3.519148528575897217e-01,4.514645338058471680e-01,-1.521907150745391846e-01,3.353663682937622070e-01,-2.628182470798492432e-01,-2.565031051635742188e-01,-4.838261008262634277e-01,-9.592602252960205078e-01,2.425453662872314453e-01,-2.680569291114807129e-01,1.551302149891853333e-02,7.058545351028442383e-01
-3.661549687385559082e-01,-7.641405463218688965e-01,5.655031204223632812e-01,5.934604406356811523e-01,-3.341507911682128906e-01,6.786505877971649170e-02,-6.277774274349212646e-02,-5.604281425476074219e-01,6.852620840072631836e-01,-2.236806154251098633e+00,-4.038789868354797363e-01,-5.248729586601257324e-01,4.903808832168579102e-01,-1.185164749622344971e-01,-5.418323278427124023e-01,-8.063904047012329102e-01,4.899878799915313721e-01,-7.501991391181945801e-01,-1.171075701713562012e-01,2.768710851669311523e-01,3.214665353298187256e-01,-9.529716968536376953e-01,-4.074506163597106934e-01,-5.199588537216186523e-01,9.390623569488525391e-01,1.015654087066650391e+00,-8.993617296218872070e-01,-1.007191985845565796e-01,2.627903521060943604e-01,-2.241654098033905029e-01,-4.532926380634307861e-01,9.743193984031677246e-01,-4.867067635059356689e-01,-4.608597457408905029e-01,1.855145543813705444e-01,7.985317111015319824e-01,5.452229380607604980e-01,2.036691904067993164e-01,1.215828537940979004e+00,1.178480088710784912e-01,-2.002503156661987305e+00,5.815153598785400391e+00,2.986760735511779785e-01,-3.957424879074096680e+00,-6.242753028869628906e+00,-5.547891855239868164e-01,-2.290883779525756836e+00,5.771642923355102539e-01,-2.469545602798461914e-01,4.766141772270202637e-01,-4.541763067245483398e-01,1.339948534965515137e+00,-6.992310881614685059e-01,3.824820518493652344e-01,-7.278398275375366211e-01,-4.490742683410644531e-01,-4.736516177654266357e-01,-7.613803446292877197e-02,-1.203259974718093872e-01,-2.845406830310821533e-01,6.057941541075706482e-02,-6.322728991508483887e-01,-2.566110789775848389e-01,1.294786453247070312e+00
-1.021207273006439209e-01,-7.005431652069091797e-01,2.263387441635131836e-01,4.436089098453521729e-01,-3.560154139995574951e-01,-4.103495478630065918e-01,-2.154566943645477295e-01,-7.538241147994995117e-02,-5.261144042015075684e-01,-1.295439243316650391e+00,-1.514291048049926758e+00,-6.539125442504882812e-01,2.851818501949310303e-02,3.715701103210449219e-01,-8.898379206657409668e-01,-2.765817642211914062e-01,3.485292196273803711e-03,8.197551965713500977e-02,-1.653890907764434814e-01,-1.357938945293426514e-01,1.059636235237121582e+00,2.862738370895385742e-01,-3.276311755180358887e-01,6.901157498359680176e-01,-2.993265539407730103e-02,5.578498244285583496e-01,-2.165576219558715820e-01,1.418672949075698853e-01,-6.646245121955871582e-01,-5.540078878402709961e-01,3.484758436679840088e-01,6.511154025793075562e-02,1.879229396581649780e-01,7.616161555051803589e-02,3.272330164909362793e-01,-1.353297084569931030e-01,-5.528050661087036133e-01,6.460011601448059082e-01,1.110628008842468262e+00,9.227675199508666992e-02,-1.743800759315490723e+00,5.341582298278808594e+00,1.141605615615844727e+00,-2.261903524398803711e+00,-4.819740772247314453e+00,8.812381327152252197e-02,-2.946148872375488281e+00,9.285595417022705078e-01,-4.392573535442352295e-01,-7.227163016796112061e-02,-7.833710908889770508e-01,2.708776891231536865e-01,-1.054656624794006348e+00,2.645024061203002930e-01,-3.528800904750823975e-01,-3.742926716804504395e-01,-3.809794187545776367e-01,-7.031442224979400635e-02,-9.040722846984863281e-01,-4.936254322528839111e-01,4.995456933975219727e-01,-1.271067857742309570e-01,-4.013807773590087891e-01,5.629076361656188965e-01
-4.709912836551666260e-01,-9.787510037422180176e-01,6.600150465965270996e-01,9.338887929916381836e-01,-3.488930165767669678e-01,2.802509069442749023e-01,-2.324805408716201782e-01,-7.231155037879943848e-01,-1.175575479865074158e-01,-1.757463693618774414e+00,-8.072697520256042480e-01,-4.899692535400390625e-01,6.550527811050415039e-01,-2.873085141181945801e-01,1.140633821487426758e+00,-8.712483048439025879e-01,-8.243010938167572021e-02,-1.114719867706298828e+00,2.963447570800781250e-01,5.381741523742675781e-01,-6.462594866752624512e-02,-1.325931429862976074e+00,-1.313586950302124023e+00,-1.835718154907226562e-01,9.065915346145629883e-01,1.239678621292114258e+00,-2.313237428665161133e+00,1.683653146028518677e-01,7.978796958923339844e-01,-1.269739568233489990e-01,-8.626457452774047852e-01,1.175328850746154785e+00,-2.309846878051757812e-02,-5.064166188240051270e-01,8.777149319648742676e-01,9.041495323181152344e-01,-2.842784225940704346e-01,-3.182255476713180542e-02,1.138262033462524414e+00,-6.152768731117248535e-01,-2.871671438217163086e+00,7.372016906738281250e+00,-1.066767945885658264e-01,-2.745802640914916992e+00,-5.115775585174560547e+00,-1.879199266433715820e+00,-2.665931701660156250e+00,-1.638432860374450684e+00,-2.824469506740570068e-01,-1.993609368801116943e-01,1.638571768999099731e-01,4.081892371177673340e-01,-1.474657356739044189e-01,4.207527637481689453e-01,-1.370540261268615723e-02,7.669266462326049805e-01,-9.676366448402404785e-01,-1.872931718826293945e-01,2.176821529865264893e-01,-3.080899417400360107e-01,6.655114889144897461e-02,-5.895162224769592285e-01,-2.653832733631134033e-01,1.517145633697509766e+00
-2.346887141466140747e-01,-6.975253224372863770e-01,3.250133395195007324e-01,4.964447021484375000e-01,-3.514279425144195557e-01,-1.740867644548416138e-01,-9.290795028209686279e-02,-3.660923540592193604e-01,-1.153194069862365723e+00,-1.093662977218627930e+00,-8.681014180183410645e-01,1.798161864280700684e-01,6.424849033355712891e-01,5.051514506340026855e-01,1.686486601829528809e-02,-1.333676725625991821e-01,-8.153800964355468750e-01,-2.291002511978149414e+00,-9.427837282419204712e-02,1.150911808013916016e+00,-2.829127609729766846e-01,-9.568881988525390625e-01,9.761956930160522461e-01,1.250604540109634399e-01,-1.783721148967742920e-01,6.265078186988830566e-01,-1.775099635124206543e-01,-1.784570217132568359e-01,-3.553114831447601318e-02,-1.763201057910919189e-01,3.043156862258911133e-02,-4.095624089241027832e-01,-5.498794317245483398e-01,-2.169411331415176392e-01,1.584953814744949341e-01,4.501532614231109619e-01,-2.303943336009979248e-01,2.073380053043365479e-01,1.180180788040161133e+00,-1.559132337570190430e-01,-1.923936367034912109e+00,4.818058013916015625e+00,-3.149344623088836670e-01,-1.750553727149963379e+00,-4.403029918670654297e+00,-1.383596658706665039e+00,-3.587265253067016602e+00,-3.832963705062866211e-01,-3.375959098339080811e-01,3.115760087966918945e-01,2.172147482633590698e-01,6.246472001075744629e-01,-6.097580790519714355e-01,-1.418878883123397827e-01,-2.674815058708190918e-01,-2.532009184360504150e-01,2.644292712211608887e-01,-1.877625584602355957e-01,-2.348776459693908691e-01,-6.478973627090454102e-01,4.339516758918762207e-01,-3.545601665973663330e-02,4.793743491172790527e-01,1.045480668544769287e-01
-5.679282546043395996e-01,-8.808949589729309082e-01,3.925127089023590088e-01,5.305281281471252441e-01,1.131172180175781250e-01,-4.352979660034179688e-01,-5.817383527755737305e-01,1.246660873293876648e-01,-2.969500124454498291e-01,-1.036412239074707031e+00,-1.328404903411865234e+00,-4.246723651885986328e-02,7.770691514015197754e-01,1.500034332275390625e-01,-3.127425909042358398e-02,-2.080241292715072632e-01,-5.663968920707702637e-01,-1.401913166046142578e+00,6.191239356994628906e-01,5.214070081710815430e-01,3.104831278324127197e-01,-4.620780646800994873e-01,-6.626579761505126953e-01,-6.608662009239196777e-02,1.145115941762924194e-01,1.026454806327819824e+00,-6.933512687683105469e-01,-2.705145478248596191e-01,-4.166686162352561951e-02,-1.991235613822937012e-01,-3.374420106410980225e-01,2.414192408323287964e-01,-3.442403376102447510e-01,-4.687046110630035400e-01,1.440491229295730591e-01,8.244605064392089844e-01,-2.224640846252441406e-01,7.078811526298522949e-01,8.073819875717163086e-01,3.944198787212371826e-01,-1.842644691467285156e+00,6.112255096435546875e+00,5.319203734397888184e-01,-2.310693979263305664e+00,-5.457887172698974609e+00,-1.400231242179870605e+00,-3.388532876968383789e+00,-1.664171218872070312e-01,-4.812998473644256592e-01,5.118548870086669922e-02,-3.664914965629577637e-01,4.341089427471160889e-01,-4.333706498146057129e-01,5.878195762634277344e-01,-1.092717051506042480e-01,1.234123483300209045e-01,-3.337973058223724365e-01,-8.105599880218505859e-02,-8.670836687088012695e-02,-5.289448499679565430e-01,8.682923316955566406e-01,2.918700575828552246e-01,-2.950029969215393066e-01,8.450642228126525879e-01
-3.413183689117431641e-01,-9.977187514305114746e-01,6.963929533958435059e-01,5.468531250953674316e-01,-5.896328091621398926e-01,-2.345303148031234741e-01,-9.457846730947494507e-02,-4.326561689376831055e-01,-2.379346191883087158e-01,-1.206085205078125000e+00,-1.538890123367309570e+00,-8.655524849891662598e-01,9.047525525093078613e-01,5.248140096664428711e-01,-5.795614719390869141e-01,-4.899287819862365723e-01,1.857629716396331787e-01,-1.229075908660888672e+00,1.433631479740142822e-01,8.158010244369506836e-01,7.183386087417602539e-01,-1.109937548637390137e+00,-5.792976021766662598e-01,1.217956781387329102e+00,5.218259096145629883e-01,9.952211976051330566e-01,-9.845243692398071289e-01,2.654470205307006836e-01,5.306866765022277832e-01,-2.790299355983734131e-01,-2.885607182979583740e-01,6.671381592750549316e-01,-5.482531785964965820e-01,-1.029934510588645935e-01,1.283890128135681152e+00,8.725029230117797852e-01,-7.007254660129547119e-02,2.456632256507873535e-01,1.025523304939270020e+00,-6.644010543823242188e-03,-2.295009851455688477e+00,6.762516021728515625e+00,8.049496412277221680e-01,-3.256595373153686523e+00,-6.177717685699462891e+00,-2.062951087951660156e+00,-3.215983867645263672e+00,-1.114128947257995605e+00,-5.473300218582153320e-01,1.178825795650482178e-01,-3.799428939819335938e-01,2.523359358310699463e-01,-5.644602775573730469e-01,2.996783256530761719e-01,-2.520096600055694580e-01,-1.212618350982666016e-01,-8.590971827507019043e-01,1.435539126396179199e-02,-3.836152553558349609e-01,-7.501400709152221680e-01,2.985716462135314941e-01,-5.612097978591918945e-01,-5.368999242782592773e-01,1.120432853698730469e+00
-5.384177565574645996e-01,-9.633890986442565918e-01,4.717028737068176270e-01,6.083663702011108398e-01,1.677498221397399902e-03,-3.415707349777221680e-01,-2.505350410938262939e-01,-1.432412117719650269e-01,4.431872069835662842e-02,-1.295793533325195312e+00,-1.080152750015258789e+00,-4.178417921066284180e-01,4.677923321723937988e-01,3.692363500595092773e-01,-3.030059337615966797e-01,-4.405114650726318359e-01,-3.034975826740264893e-01,-1.093832254409790039e+00,5.758051872253417969e-01,7.064492702484130859e-01,4.974643290042877197e-01,-2.607493400573730469e-01,-1.588673591613769531e-01,-1.989938318729400635e-01,4.568174481391906738e-01,6.946229338645935059e-01,-5.832347869873046875e-01,-9.167419373989105225e-02,1.893076449632644653e-01,4.854649305343627930e-04,-3.698590695858001709e-01,4.595761001110076904e-02,-3.190377354621887207e-02,-6.312348246574401855e-01,8.850973844528198242e-02,2.692898549139499664e-02,-4.536336958408355713e-01,3.052576780319213867e-01,6.437946557998657227e-01,3.989057242870330811e-01,-1.754109859466552734e+00,4.734678745269775391e+00,4.554004371166229248e-01,-1.614927411079406738e+00,-4.168368339538574219e+00,4.466184973716735840e-01,-3.017879962921142578e+00,-3.679528236389160156e-01,-4.203222692012786865e-01,-9.834831953048706055e-02,-3.767848759889602661e-02,3.677965998649597168e-01,-5.515503883361816406e-01,4.636666178703308105e-02,-2.999327480792999268e-01,1.040451601147651672e-01,-2.727218270301818848e-01,2.827453613281250000e-02,3.688272833824157715e-02,-4.952749609947204590e-02,5.754883289337158203e-01,2.678963541984558105e-02,-5.451439023017883301e-01,1.090724349021911621e+00
-2.139558643102645874e-01,-9.447656273841857910e-01,7.061442732810974121e-01,4.848087430000305176e-01,-2.561542987823486328e-01,-5.095168948173522949e-02,-2.721407413482666016e-01,-8.418505638837814331e-02,-5.410801172256469727e-01,-1.101585149765014648e+00,-5.510193109512329102e-01,-1.613935530185699463e-01,7.437025904655456543e-01,8.696663379669189453e-01,-3.801473379135131836e-01,-3.454094529151916504e-01,-1.184856057167053223e+00,-1.287472486495971680e+00,2.513990700244903564e-01,1.016865730285644531e+00,-1.657914221286773682e-01,-1.687947392463684082e+00,3.066456317901611328e-01,1.277927279472351074e+00,2.595632076263427734e-01,1.128508329391479492e+00,-3.578848242759704590e-01,-2.929152548313140869e-01,-1.542535275220870972e-01,-4.453059136867523193e-01,-1.565541923046112061e-01,-3.555187582969665527e-02,-4.052110612392425537e-01,-5.832816660404205322e-02,3.612625002861022949e-01,9.140968322753906250e-01,-5.592111349105834961e-01,9.263149499893188477e-01,1.338869452476501465e+00,4.281466901302337646e-01,-1.816210269927978516e+00,6.415440559387207031e+00,1.383984327316284180e+00,-3.414115190505981445e+00,-5.938697338104248047e+00,-1.565804958343505859e+00,-2.410764694213867188e+00,1.058409810066223145e-01,-5.367432236671447754e-01,1.164742112159729004e-01,-3.112804293632507324e-01,1.779475957155227661e-01,-6.916252970695495605e-01,5.497778654098510742e-01,1.417994201183319092e-01,-2.154432237148284912e-01,-2.145336717367172241e-01,-1.318352818489074707e-01,-4.424549043178558350e-01,-8.341175317764282227e-01,1.312691688537597656e+00,2.766049504280090332e-01,-2.914056479930877686e-01,5.957970023155212402e-01
-6.480891704559326172e-01,-7.345034480094909668e-01,8.072049170732498169e-02,5.128157138824462891e-01,-4.872013032436370850e-01,-1.075980812311172485e-02,-1.521518826484680176e-01,-5.091221332550048828e-01,-2.120221853256225586e-01,-1.629488468170166016e+00,-1.097785234451293945e+00,-8.714812397956848145e-01,1.126834601163864136e-01,-4.648724496364593506e-01,5.770651996135711670e-02,-8.677306771278381348e-01,9.908024221658706665e-02,-5.702539086341857910e-01,6.007304191589355469e-01,-5.518630743026733398e-01,7.311793565750122070e-01,1.159835308790206909e-01,-8.027907609939575195e-01,5.435418486595153809e-01,8.587214350700378418e-01,1.425072073936462402e+00,-1.286425948143005371e+00,-3.132153153419494629e-01,3.333943784236907959e-01,-1.976889967918395996e-01,-1.451861858367919922e-01,6.387445330619812012e-01,-3.555660545825958252e-01,-7.840424776077270508e-01,2.185237854719161987e-01,7.260879278182983398e-01,-2.081092894077301025e-01,6.281891465187072754e-01,9.985589981079101562e-01,1.597757339477539062e-01,-2.515081644058227539e+00,5.012736320495605469e+00,7.358697056770324707e-01,-2.699880361557006836e+00,-4.197146415710449219e+00,-1.091253638267517090e+00,-2.916983604431152344e+00,1.248743534088134766e+00,2.755811214447021484e-01,-2.138426452875137329e-01,-3.325775861740112305e-01,1.110346078872680664e+00,-9.480137825012207031e-01,3.523744940757751465e-01,-2.512087225914001465e-01,-7.469382882118225098e-01,-4.462192058563232422e-01,-2.360431849956512451e-01,-1.621986925601959229e-01,-3.928254544734954834e-02,4.240401983261108398e-01,-3.888728916645050049e-01,-6.271634697914123535e-01,9.229124188423156738e-01
-6.041043624281883240e-02,3.168287277221679688e-01,1.062245760113000870e-02,4.438599944114685059e-02,-5.983234643936157227e-01,2.971644103527069092e-01,-1.367794424295425415e-01,2.508524805307388306e-02,-8.203112483024597168e-01,-2.157999038696289062e+00,-2.691133618354797363e-01,-5.153832435607910156e-01,-4.172197580337524414e-01,9.992578625679016113e-02,-1.962904691696166992e+00,3.149688839912414551e-01,8.055629134178161621e-01,1.050599813461303711e+00,-4.684939384460449219e-01,-3.985668420791625977e-01,1.207013845443725586e+00,1.535849452018737793e+00,-5.016404390335083008e-02,1.593477129936218262e-01,-2.869434356689453125e-01,5.058817565441131592e-03,7.702028751373291016e-01,-3.725538253784179688e-01,-5.477605462074279785e-01,-8.514943122863769531e-01,7.458314299583435059e-01,3.559449017047882080e-01,-7.799962162971496582e-02,5.826866626739501953e-01,-3.618808686733245850e-01,-5.684776902198791504e-01,4.707732498645782471e-01,8.522780239582061768e-02,5.518662929534912109e-01,2.404633164405822754e-01,-6.201642751693725586e-01,3.750837802886962891e+00,1.615716695785522461e+00,-3.057650089263916016e+00,-4.797644138336181641e+00,4.486559629440307617e-01,-1.683107852935791016e+00,4.071765899658203125e+00,-4.390663206577301025e-01,5.409815907478332520e-01,-1.184098005294799805e+00,3.824751973152160645e-01,-6.492632627487182617e-01,4.193683862686157227e-01,-4.258323013782501221e-01,-5.926803350448608398e-01,-5.168365240097045898e-01,-3.519093990325927734e-01,-1.135937571525573730e+00,-8.513813018798828125e-01,-1.277269423007965088e-01,6.436370313167572021e-02,-2.389085590839385986e-01,-1.674228906631469727e-01
-4.496874213218688965e-01,2.360959947109222412e-01,7.494954764842987061e-02,6.718902587890625000e-01,-1.506682932376861572e-01,1.274295598268508911e-01,-3.560504019260406494e-01,-5.970654636621475220e-02,-8.565585017204284668e-01,-1.650772094726562500e+00,-1.605557501316070557e-01,4.084987938404083252e-01,1.307559460401535034e-01,-3.442223370075225830e-01,6.323648691177368164e-01,-4.972825944423675537e-02,1.083425804972648621e-01,1.364612340927124023e+00,-9.586349129676818848e-03,-1.860082864761352539e+00,-8.635312318801879883e-02,3.933140039443969727e-01,-1.417110800743103027e+00,-1.907266676425933838e-01,2.561480402946472168e-01,7.037770748138427734e-01,-6.739246845245361328e-01,-3.940863013267517090e-01,-3.738465011119842529e-01,-6.000217199325561523e-01,3.818594813346862793e-01,7.570366263389587402e-01,6.973004341125488281e-01,-9.239368885755538940e-02,-6.708544492721557617e-01,2.266245782375335693e-01,4.655291736125946045e-01,5.501629114151000977e-01,8.485584259033203125e-01,2.998037040233612061e-01,-8.796561956405639648e-01,4.507294654846191406e+00,1.184595942497253418e+00,-2.276304244995117188e+00,-3.707425117492675781e+00,1.548620820045471191e+00,-1.779881238937377930e+00,3.238032341003417969e+00,-4.278141558170318604e-01,4.305278658866882324e-01,-7.767443060874938965e-01,1.237516999244689941e+00,-6.156792640686035156e-01,3.599679470062255859e-01,-2.960437536239624023e-01,4.101574122905731201e-01,-5.579891800880432129e-01,-6.762307286262512207e-01,-7.045615315437316895e-01,-8.755888044834136963e-02,-1.810621470212936401e-02,5.702522397041320801e-02,-3.342921435832977295e-01,3.889239430427551270e-01
-2.046406567096710205e-01,-9.501253962516784668e-01,3.950225710868835449e-01,4.476287961006164551e-01,5.899420753121376038e-02,-4.544551968574523926e-01,-4.870494008064270020e-01,-3.311988711357116699e-01,6.405825614929199219e-01,-1.221536636352539062e+00,-1.052200317382812500e+00,-5.584485530853271484e-01,1.178566366434097290e-01,4.209786653518676758e-02,-6.845758557319641113e-01,-3.504319190979003906e-01,1.140079721808433533e-01,-8.796055912971496582e-01,4.388026893138885498e-01,7.715557813644409180e-01,1.984993219375610352e-01,-2.672485411167144775e-01,-2.667453289031982422e-01,1.456347852945327759e-01,4.519317746162414551e-01,8.191627860069274902e-01,-8.054803609848022461e-01,-1.947312802076339722e-01,5.972182005643844604e-02,-4.504677653312683105e-02,-9.868386387825012207e-02,5.047711133956909180e-01,-1.891897618770599365e-01,2.212045192718505859e-01,1.926435679197311401e-01,1.420332938432693481e-01,-8.769603073596954346e-02,7.531815171241760254e-01,9.619928598403930664e-01,3.216957151889801025e-01,-2.383740901947021484e+00,5.414774894714355469e+00,7.641324400901794434e-01,-2.841242790222167969e+00,-5.224776268005371094e+00,-4.952052533626556396e-01,-3.235810041427612305e+00,-3.134096860885620117e-01,-1.600736677646636963e-01,-2.962765097618103027e-01,-1.206579953432083130e-01,1.907701790332794189e-01,-6.214160323143005371e-01,-1.249759644269943237e-01,-2.577218413352966309e-01,-3.425263464450836182e-01,-4.762632846832275391e-01,8.242505788803100586e-02,1.771610975265502930e-02,-9.248807430267333984e-01,5.751227140426635742e-01,-4.462084174156188965e-02,7.859431207180023193e-04,7.456519603729248047e-01
2.285062074661254883e-01,-4.647618532180786133e-01,9.687861800193786621e-01,5.653306841850280762e-01,-3.775203824043273926e-01,7.335689663887023926e-01,1.063514947891235352e-01,-8.618956804275512695e-01,-2.801330685615539551e-01,-2.108376502990722656e+00,-2.264291048049926758e-02,6.842284798622131348e-01,5.246261358261108398e-01,1.767754077911376953e+00,1.394958019256591797e+00,-7.313458919525146484e-01,-8.693650960922241211e-01,-4.494566321372985840e-01,-4.304544329643249512e-01,3.421657681465148926e-01,-4.080253243446350098e-01,-1.719505310058593750e+00,1.174869537353515625e-01,5.342308282852172852e-01,-2.028957456350326538e-01,1.347202539443969727e+00,-2.262809127569198608e-01,-6.262217164039611816e-01,-9.544603824615478516e-01,-7.906730771064758301e-01,-4.435394108295440674e-01,7.871035933494567871e-01,-4.839211404323577881e-01,2.079625055193901062e-02,-2.043261528015136719e-01,1.226167917251586914e+00,-4.604258835315704346e-01,7.838594913482666016e-01,1.247590303421020508e+00,-5.598276853561401367e-01,-6.036996841430664062e-01,4.887768745422363281e+00,-4.775963425636291504e-01,-3.951255559921264648e+00,-4.516923427581787109e+00,8.145772218704223633e-01,-6.127360463142395020e-01,-2.085265159606933594e+00,1.656703650951385498e-02,6.497523784637451172e-01,-5.599454641342163086e-01,1.933546811342239380e-01,-6.121066808700561523e-01,9.851786494255065918e-02,-1.517257988452911377e-01,-3.935747146606445312e-01,3.653606176376342773e-01,-2.866670787334442139e-01,-4.507368803024291992e-02,-2.310509979724884033e-02,5.136439800262451172e-01,-5.097993612289428711e-01,-2.496904730796813965e-01,9.800897240638732910e-01
-2.586426436901092529e-01,-5.624707937240600586e-01,1.964284777641296387e-01,-1.073844730854034424e-01,-4.727222397923469543e-02,-6.441361308097839355e-01,-6.089733839035034180e-01,4.179334342479705811e-01,-1.393077135086059570e+00,-3.836823105812072754e-01,-2.211402177810668945e+00,-3.991637825965881348e-01,9.616114199161529541e-02,1.042864799499511719e+00,-1.097004413604736328e+00,6.230641603469848633e-01,-1.100518703460693359e+00,-1.453717947006225586e+00,4.598114192485809326e-01,9.846273660659790039e-01,6.217142343521118164e-01,5.918357372283935547e-01,1.028003692626953125e+00,-2.487883865833282471e-01,-2.717040777206420898e-01,-1.843061745166778564e-01,1.050307154655456543e+00,-6.192855238914489746e-01,-1.426293730735778809e+00,-3.642010390758514404e-01,4.837065935134887695e-03,-4.982818961143493652e-01,-5.476512908935546875e-01,1.640101894736289978e-03,3.562185168266296387e-01,-6.895170807838439941e-01,5.332197993993759155e-02,2.700777947902679443e-01,5.823059082031250000e-01,3.622647821903228760e-01,-1.961597442626953125e+00,4.736043453216552734e+00,1.693343997001647949e+00,-1.518263578414916992e+00,-4.597813129425048828e+00,-9.147491455078125000e-01,-3.668955802917480469e+00,-1.661348342895507812e-01,-7.558081150054931641e-01,-5.217213928699493408e-02,1.040965169668197632e-01,-4.613340497016906738e-01,-9.110217094421386719e-01,3.499847650527954102e-02,2.519479691982269287e-01,-6.746822595596313477e-01,-5.719105154275894165e-02,3.397511243820190430e-01,-4.580822587013244629e-01,-1.844404458999633789e+00,7.203155159950256348e-01,3.302540183067321777e-01,2.991874516010284424e-02,-1.313515454530715942e-01
-1.173697412014007568e-03,-5.846081376075744629e-01,8.413598537445068359e-01,9.549476504325866699e-01,-4.189675152301788330e-01,1.516199409961700439e-01,-1.556748300790786743e-01,-4.628344476222991943e-01,-4.428600072860717773e-01,-1.978887557983398438e+00,-5.940262675285339355e-01,8.837917447090148926e-01,2.442495673894882202e-01,1.912869691848754883e+00,5.515466928482055664e-01,2.787196636199951172e-01,-1.214283823966979980e+00,-3.281852006912231445e-01,-5.041924715042114258e-01,-1.275800466537475586e-01,-2.867129445075988770e-01,-1.138001322746276855e+00,2.901105284690856934e-01,1.983449935913085938e+00,-1.095481991767883301e+00,1.673250913619995117e+00,5.343841314315795898e-01,-7.728611230850219727e-01,-3.549912571907043457e-01,-1.088631749153137207e+00,2.444568872451782227e-01,6.273778527975082397e-02,-5.868710279464721680e-01,-4.434626400470733643e-01,-3.479025065898895264e-01,1.303414344787597656e+00,-7.004077434539794922e-01,6.785832047462463379e-01,7.744978666305541992e-01,-1.044763773679733276e-01,2.297977358102798462e-01,4.619091987609863281e+00,-6.145980209112167358e-03,-2.459747076034545898e+00,-4.687921524047851562e+00,2.090738564729690552e-01,-2.067720890045166016e+00,-2.664666175842285156e-01,-2.569945156574249268e-01,5.143616199493408203e-01,-8.403942584991455078e-01,-6.161337345838546753e-02,-3.014857172966003418e-01,-6.338311433792114258e-01,-2.704942226409912109e-01,-4.564605653285980225e-02,5.240506529808044434e-01,-7.246359586715698242e-01,-5.298613309860229492e-01,1.106615513563156128e-01,8.499000668525695801e-01,-2.613686919212341309e-01,-4.124852716922760010e-01,4.396849870681762695e-01
-1.654825955629348755e-01,-1.713378429412841797e-01,4.620409011840820312e-01,6.899060308933258057e-02,-4.667545855045318604e-01,-1.908004134893417358e-01,-1.116673350334167480e-01,1.815216541290283203e-01,-2.094904780387878418e-01,-4.839085042476654053e-01,-7.375414967536926270e-01,4.694925993680953979e-02,4.453232288360595703e-01,6.568963527679443359e-01,-1.233020305633544922e+00,2.334173917770385742e-01,-7.013604789972305298e-02,1.311933994293212891e-02,-1.854003071784973145e-01,-1.533561944961547852e-01,4.446515142917633057e-01,2.862697541713714600e-01,2.465475797653198242e-01,2.900813817977905273e-01,7.038630545139312744e-02,5.499431863427162170e-02,7.474154233932495117e-01,-2.784813046455383301e-01,-7.559753060340881348e-01,1.713041961193084717e-02,1.211191862821578979e-01,-2.107933312654495239e-01,-2.686803638935089111e-01,1.811835467815399170e-01,-2.367166727781295776e-01,-1.478067040443420410e-01,4.986228942871093750e-01,5.338618159294128418e-01,1.271450757980346680e+00,3.667723834514617920e-01,-1.409742593765258789e+00,4.088003158569335938e+00,1.342356443405151367e+00,-1.836526989936828613e+00,-4.607827663421630859e+00,2.328902631998062134e-01,-2.626063585281372070e+00,1.571193695068359375e+00,-4.264142811298370361e-01,4.825986623764038086e-01,1.284634321928024292e-01,6.862813234329223633e-01,-9.833630919456481934e-01,-4.882268607616424561e-01,-4.162253439426422119e-01,-7.778671383857727051e-01,-3.992682695388793945e-01,3.273126482963562012e-02,-8.003010153770446777e-01,-1.168552279472351074e+00,4.969543516635894775e-01,-1.544141769409179688e-02,2.096195071935653687e-01,9.680420160293579102e-02
-4.912289679050445557e-01,-9.831054806709289551e-01,3.246402442455291748e-01,7.203733921051025391e-01,-7.703372836112976074e-02,-3.805108070373535156e-01,-4.400589466094970703e-01,-3.277052342891693115e-01,-2.498432546854019165e-01,-1.282143354415893555e+00,-8.417603373527526855e-01,-1.881673634052276611e-01,3.893874883651733398e-01,-1.923961043357849121e-01,-7.055096030235290527e-01,-5.363805890083312988e-01,-1.749237775802612305e-01,-3.162472248077392578e-01,4.781228601932525635e-01,4.632261991500854492e-01,4.625029265880584717e-01,-4.143312275409698486e-01,-6.265304088592529297e-01,-5.565136671066284180e-02,3.273605108261108398e-01,5.116775035858154297e-01,-1.030312657356262207e+00,-1.759707629680633545e-01,1.287186294794082642e-01,6.192672252655029297e-02,1.115199923515319824e-02,1.672649085521697998e-01,7.203415036201477051e-02,-1.260440647602081299e-01,1.104852706193923950e-01,-3.415593802928924561e-01,1.597418338060379028e-01,4.401123225688934326e-01,8.541131019592285156e-01,-4.077017307281494141e-03,-2.245204210281372070e+00,6.868517398834228516e+00,5.725052356719970703e-01,-3.043639183044433594e+00,-5.301498413085937500e+00,-2.355756163597106934e-01,-3.488274097442626953e+00,4.823573827743530273e-01,-1.297681331634521484e-01,-1.858901977539062500e-01,-4.863969683647155762e-01,3.181704878807067871e-01,-4.450255036354064941e-01,3.934115171432495117e-02,-1.074916720390319824e-01,3.608477115631103516e-02,-7.553991079330444336e-01,-7.947920262813568115e-02,-2.816927731037139893e-01,-5.313239097595214844e-01,5.218736529350280762e-01,-3.243996500968933105e-01,-3.142726123332977295e-01,6.936485171318054199e-01
-6.063354015350341797e-01,-1.542207479476928711e+00,5.054603219032287598e-01,9.693586230278015137e-01,-3.303794190287590027e-02,-2.019925862550735474e-01,-3.468855619430541992e-01,-5.864903703331947327e-02,2.720286846160888672e-01,-1.253157377243041992e+00,-1.376794815063476562e+00,-1.433026552200317383e+00,3.823447227478027344e-01,-8.728540539741516113e-01,-8.972489237785339355e-01,-7.075500488281250000e-01,4.737182557582855225e-01,-6.533589959144592285e-01,6.293005943298339844e-01,1.146605491638183594e+00,1.227067232131958008e+00,-1.490990817546844482e-01,-1.624410390853881836e+00,2.376654744148254395e-02,5.570397973060607910e-01,4.116406440734863281e-01,-1.329566001892089844e+00,5.301765203475952148e-01,7.495718002319335938e-01,2.109528779983520508e-01,-2.684744298458099365e-01,2.723783850669860840e-01,1.184168159961700439e-01,-1.068703383207321167e-01,6.816748976707458496e-01,-3.594854772090911865e-01,-1.947778463363647461e-01,3.431706130504608154e-02,6.910107135772705078e-01,2.268522679805755615e-01,-3.080475330352783203e+00,7.421683788299560547e+00,1.160721778869628906e+00,-2.571816205978393555e+00,-6.057327747344970703e+00,-2.445020675659179688e+00,-3.241502285003662109e+00,-5.368710756301879883e-01,-3.833255171775817871e-01,-5.355023145675659180e-01,3.578515350818634033e-02,-2.369557321071624756e-01,-9.034079313278198242e-02,3.773656487464904785e-01,-1.872611045837402344e-02,1.033190369606018066e+00,-1.249682068824768066e+00,3.782986998558044434e-01,9.213382005691528320e-02,-2.471783161163330078e-01,7.568611502647399902e-01,-2.771502733230590820e-01,-6.684197187423706055e-01,1.004089832305908203e+00
-3.878219127655029297e-01,-5.718081593513488770e-01,9.140388369560241699e-01,4.701733589172363281e-01,-5.201533436775207520e-01,1.027319282293319702e-01,-2.157840728759765625e-01,-3.992241024971008301e-01,2.302901893854141235e-01,-2.598308563232421875e+00,-5.140894651412963867e-02,-3.273540139198303223e-01,3.013515472412109375e-01,1.051445126533508301e+00,-5.700001120567321777e-01,6.259708106517791748e-02,-3.425393104553222656e-01,-1.230648279190063477e+00,-4.632598459720611572e-01,3.206063508987426758e-01,3.843854963779449463e-01,-4.912704527378082275e-01,1.283546090126037598e-01,7.392330765724182129e-01,2.807249128818511963e-02,1.537735939025878906e+00,-1.278730779886245728e-01,-5.628621578216552734e-01,3.788270056247711182e-01,-2.066905349493026733e-01,-5.899521112442016602e-01,-8.272672444581985474e-02,-9.024507999420166016e-01,-4.952839612960815430e-01,-3.102573752403259277e-01,9.590151309967041016e-01,-6.130667924880981445e-01,2.600204646587371826e-01,9.055411815643310547e-01,1.357695758342742920e-01,-1.515505313873291016e+00,4.793138027191162109e+00,2.704543471336364746e-01,-2.748481750488281250e+00,-5.282522201538085938e+00,-3.448940217494964600e-01,-2.474555730819702148e+00,9.506182670593261719e-01,-1.744135916233062744e-01,2.244931310415267944e-01,-2.147406339645385742e-01,9.327271580696105957e-01,-4.255918562412261963e-01,-5.483518838882446289e-01,-6.307699680328369141e-01,-6.170100569725036621e-01,-2.123899608850479126e-01,-4.011387825012207031e-01,8.605867624282836914e-03,-3.265006542205810547e-01,8.054913878440856934e-01,-5.087212324142456055e-01,7.877828180789947510e-02,9.678011536598205566e-01
-3.408374488353729248e-01,6.125908344984054565e-02,2.066092342138290405e-01,3.013769984245300293e-01,-5.564807057380676270e-01,-3.887104988098144531e-01,-8.800341188907623291e-02,-1.139566749334335327e-01,-1.033041119575500488e+00,-1.207755088806152344e+00,-4.307587742805480957e-01,4.821944534778594971e-01,1.648978441953659058e-01,1.230818033218383789e+00,5.488562583923339844e-01,-3.653936088085174561e-02,-5.015403628349304199e-01,-4.162891507148742676e-01,-7.373441457748413086e-01,-1.094594001770019531e+00,-4.873979687690734863e-01,-4.530338943004608154e-01,9.637178182601928711e-01,1.263947725296020508e+00,-1.185059547424316406e-03,6.998453140258789062e-01,6.411851644515991211e-01,-7.948914766311645508e-01,-7.035552859306335449e-01,-1.452774852514266968e-01,3.443081974983215332e-01,-7.242475152015686035e-01,-3.993418514728546143e-01,7.966817915439605713e-02,-1.118957638740539551e+00,6.515353918075561523e-01,4.337581992149353027e-02,3.471464812755584717e-01,1.101816654205322266e+00,4.448725879192352295e-01,-7.790679931640625000e-01,1.906458735466003418e+00,7.523227334022521973e-01,-1.676148056983947754e+00,-2.604701042175292969e+00,4.740923643112182617e-01,-2.701419115066528320e+00,2.898741245269775391e+00,3.819807767868041992e-01,5.838102698326110840e-01,-3.136001825332641602e-01,1.378569960594177246e+00,-1.073075771331787109e+00,-8.316335678100585938e-01,-7.418714761734008789e-01,-1.525087594985961914e+00,4.487078189849853516e-01,-4.051948785781860352e-01,-9.088833332061767578e-01,-5.914144515991210938e-01,4.484480619430541992e-01,-2.833145856857299805e-02,3.047265410423278809e-01,-2.480688393115997314e-01
-1.277851909399032593e-01,-7.013201117515563965e-01,1.264467537403106689e-01,5.146561264991760254e-01,-2.672479450702667236e-01,-1.031703799962997437e-01,-1.565562933683395386e-01,-3.456478416919708252e-01,3.789498209953308105e-01,-1.848472833633422852e+00,-3.117718696594238281e-01,2.758716046810150146e-02,3.557850718498229980e-01,-4.411777853965759277e-02,-4.035816788673400879e-01,-5.484611392021179199e-01,4.690550267696380615e-01,-9.836817383766174316e-01,7.519258558750152588e-02,1.117392539978027344e+00,-5.908904969692230225e-02,-2.348943948745727539e-01,-1.079476177692413330e-01,-5.877093076705932617e-01,5.685961246490478516e-01,7.630379796028137207e-01,-7.277603745460510254e-01,-4.645358026027679443e-02,5.703248977661132812e-01,-6.740000098943710327e-02,6.736621260643005371e-02,6.985209584236145020e-01,-1.960543692111968994e-01,-2.203776091337203979e-01,-8.559373766183853149e-02,5.560702085494995117e-01,1.956060677766799927e-01,2.080966830253601074e-01,1.201671600341796875e+00,6.032821536064147949e-02,-1.431838750839233398e+00,5.786879539489746094e+00,4.560366272926330566e-01,-3.289049863815307617e+00,-5.756147861480712891e+00,-2.649582326412200928e-01,-2.818553686141967773e+00,8.361568450927734375e-01,-2.662929892539978027e-01,4.610542654991149902e-01,-2.572345137596130371e-01,7.038342356681823730e-01,-6.003962159156799316e-01,3.074055314064025879e-01,-7.020400762557983398e-01,1.648095995187759399e-01,4.397148638963699341e-02,-2.626228630542755127e-01,-1.932413876056671143e-01,-1.941323578357696533e-01,1.217703297734260559e-01,7.821317017078399658e-02,1.924781948328018188e-01,8.703827857971191406e-01
-3.165304958820343018e-01,-1.452591419219970703e+00,3.357392549514770508e-01,6.531122922897338867e-01,7.833311706781387329e-02,-2.771306633949279785e-01,-2.868555486202239990e-01,-1.201283782720565796e-01,4.481601715087890625e-01,-1.129059791564941406e+00,-9.319846034049987793e-01,-4.226758480072021484e-01,1.195824146270751953e+00,1.917579174041748047e-01,-5.585445761680603027e-01,-1.305319666862487793e+00,7.148114591836929321e-02,-1.137223958969116211e+00,5.922064781188964844e-01,4.173079729080200195e-01,4.626528322696685791e-01,-1.631517887115478516e+00,-2.937355637550354004e-02,3.501728773117065430e-01,6.412392258644104004e-01,9.567694664001464844e-01,-5.637987852096557617e-01,4.796423017978668213e-02,-1.262303292751312256e-01,1.664190888404846191e-01,-5.290045738220214844e-01,2.249534875154495239e-01,-2.469457089900970459e-01,-6.884191185235977173e-02,1.464704424142837524e-01,5.785052180290222168e-01,-9.213234484195709229e-02,6.714843511581420898e-01,1.222148299217224121e+00,6.151349544525146484e-01,-1.737867116928100586e+00,5.322839260101318359e+00,1.040389060974121094e+00,-2.970581769943237305e+00,-6.171117782592773438e+00,-9.923624992370605469e-01,-2.324714899063110352e+00,-7.092314958572387695e-01,-3.766448199748992920e-01,3.867194056510925293e-01,-4.995608925819396973e-01,3.005974292755126953e-01,-6.523153781890869141e-01,6.941124200820922852e-01,-5.321025848388671875e-01,-1.274327933788299561e-02,-4.551210105419158936e-01,4.309938549995422363e-01,-1.616420447826385498e-01,-3.468976914882659912e-01,9.685538411140441895e-01,3.987627029418945312e-01,-5.264974236488342285e-01,7.599100470542907715e-01
-2.294538468122482300e-01,-1.112724781036376953e+00,2.536968588829040527e-01,5.558592081069946289e-01,4.004524275660514832e-02,-4.663864970207214355e-01,-4.737767279148101807e-01,-1.699940860271453857e-01,-2.680255174636840820e-01,-1.783664941787719727e+00,-7.757802605628967285e-01,-1.705360710620880127e-01,5.167381763458251953e-01,1.431941151618957520e+00,-1.008390665054321289e+00,-4.585654735565185547e-01,-8.706532716751098633e-01,-9.032606482505798340e-01,1.036286652088165283e-01,7.094910144805908203e-01,8.384596109390258789e-01,-7.421309947967529297e-01,6.403735876083374023e-01,7.743344306945800781e-01,5.901902914047241211e-04,1.285499572753906250e+00,1.484205126762390137e-01,-4.667239785194396973e-01,-3.134025931358337402e-01,-2.647882699966430664e-01,1.404724717140197754e-01,2.592908404767513275e-02,-8.195153474807739258e-01,-6.362308561801910400e-02,-4.122748374938964844e-01,4.670132398605346680e-01,-3.160303831100463867e-01,3.580145835876464844e-01,5.462145805358886719e-01,5.476158857345581055e-01,-1.431856393814086914e+00,5.291347026824951172e+00,1.150401830673217773e+00,-2.973522663116455078e+00,-6.191876411437988281e+00,-2.530869841575622559e-02,-3.134687185287475586e+00,5.538756251335144043e-01,-5.596566796302795410e-01,3.133923411369323730e-01,-4.816753864288330078e-01,6.320732831954956055e-01,-1.024814724922180176e+00,-9.551699459552764893e-02,-5.023348331451416016e-01,-5.429280400276184082e-01,-2.525751888751983643e-01,-1.136909574270248413e-01,-5.331598520278930664e-01,-9.528149366378784180e-01,7.297928333282470703e-01,2.709206938743591309e-01,-3.546088039875030518e-01,5.055036544799804688e-01
-1.691232472658157349e-01,-8.219594359397888184e-01,2.909875214099884033e-01,2.567178905010223389e-01,-2.689864933490753174e-01,-6.714090704917907715e-01,-2.245947867631912231e-01,-3.183794021606445312e-01,7.286916971206665039e-01,-1.883977174758911133e+00,-4.716622233390808105e-01,6.368026137351989746e-02,9.873083233833312988e-01,6.146255731582641602e-01,-6.375396847724914551e-01,-1.409176707267761230e+00,-9.981498867273330688e-02,-9.403516650199890137e-01,5.461369454860687256e-02,1.132960438728332520e+00,4.906601607799530029e-01,-1.715192198753356934e+00,-3.086113929748535156e-01,3.282721340656280518e-01,2.599771618843078613e-01,1.046088337898254395e+00,-1.113950014114379883e+00,6.753102540969848633e-01,5.819202661514282227e-01,-1.152495145797729492e-01,1.026173979043960571e-01,4.377043545246124268e-01,6.026473641395568848e-02,-3.200360834598541260e-01,3.566993474960327148e-01,8.402125835418701172e-01,-5.166542530059814453e-01,1.011872410774230957e+00,1.316816210746765137e+00,6.731904745101928711e-01,-1.441956400871276855e+00,6.229496002197265625e+00,9.735122919082641602e-01,-3.820911884307861328e+00,-6.374160289764404297e+00,1.485113799571990967e-02,-2.689695358276367188e+00,1.022596359252929688e-01,-3.222272396087646484e-01,5.077576637268066406e-02,-1.128417730331420898e+00,5.564730167388916016e-01,-6.456943750381469727e-01,9.061935544013977051e-01,-6.269026994705200195e-01,-2.454203069210052490e-01,-4.848247766494750977e-02,-7.266142964363098145e-02,-4.127313196659088135e-01,-4.982415139675140381e-01,6.789833307266235352e-01,9.743024408817291260e-02,-1.894996017217636108e-01,9.415431022644042969e-01
-7.428658008575439453e-02,-5.003299117088317871e-01,4.327481389045715332e-01,-2.235305309295654297e-01,-3.242703080177307129e-01,-4.224358797073364258e-01,-2.488095015287399292e-01,-1.560776531696319580e-01,2.141466885805130005e-01,-2.343675136566162109e+00,-1.754844427108764648e+00,2.900721728801727295e-01,7.910358905792236328e-01,7.125388383865356445e-01,-7.553316950798034668e-01,-1.422725319862365723e+00,-5.090023875236511230e-01,-1.285639762878417969e+00,6.578330993652343750e-01,2.325598239898681641e+00,8.475403785705566406e-01,-7.851234674453735352e-01,-3.651688098907470703e-01,-3.813796341419219971e-01,1.840714663267135620e-01,5.671203732490539551e-01,-8.190822601318359375e-01,-1.024605035781860352e-01,-2.584166526794433594e-01,-6.933803558349609375e-01,1.330631971359252930e-02,5.057922601699829102e-01,-1.424673497676849365e-01,-3.453356027603149414e-01,1.114238977432250977e+00,1.079152151942253113e-01,-3.951628506183624268e-01,1.071298837661743164e+00,8.264641761779785156e-01,1.425603330135345459e-01,-1.990464210510253906e+00,8.043506622314453125e+00,4.560817778110504150e-01,-3.513081312179565430e+00,-6.132701396942138672e+00,-4.790638387203216553e-01,-3.649720430374145508e+00,-1.351605057716369629e+00,-5.315828919410705566e-01,-2.065647244453430176e-01,-5.330781340599060059e-01,-6.490801572799682617e-01,-3.685089051723480225e-01,1.109055757522583008e+00,4.009118378162384033e-01,3.469841480255126953e-01,-6.113640964031219482e-03,-2.062261104583740234e-02,5.461415648460388184e-02,-1.373728036880493164e+00,6.406918168067932129e-01,-4.350128769874572754e-02,-2.395668998360633850e-03,7.010682821273803711e-01
-2.803337872028350830e-01,-3.875711560249328613e-01,3.495483845472335815e-02,1.151637285947799683e-01,-2.155383080244064331e-01,1.145421043038368225e-01,-8.296102285385131836e-02,-2.141943275928497314e-01,4.538398981094360352e-01,-2.004001379013061523e+00,-9.155192971229553223e-02,-3.625665903091430664e-01,8.068527281284332275e-02,-5.318614244461059570e-01,-8.022181391716003418e-01,-8.335696458816528320e-01,4.679237306118011475e-01,1.743233203887939453e-02,3.637809455394744873e-01,4.354413151741027832e-01,5.369830131530761719e-01,6.070698499679565430e-01,-2.445421963930130005e-01,-1.236187219619750977e-01,5.301704406738281250e-01,8.175374269485473633e-01,-5.476814508438110352e-01,-5.306196808815002441e-01,3.818380236625671387e-01,-1.091581583023071289e-02,-1.217570304870605469e-01,4.843226671218872070e-01,6.054967641830444336e-03,-9.957203269004821777e-01,9.106479585170745850e-02,3.106745183467864990e-01,3.410905897617340088e-01,4.865878820419311523e-01,1.305713057518005371e+00,6.608504056930541992e-02,-1.465899348258972168e+00,4.935677051544189453e+00,1.937648355960845947e-01,-2.566676616668701172e+00,-4.765288352966308594e+00,1.241557002067565918e+00,-2.407317638397216797e+00,1.779225111007690430e+00,1.129738166928291321e-01,1.684076189994812012e-01,-3.808067440986633301e-01,7.613266110420227051e-01,-7.874330282211303711e-01,3.131040334701538086e-01,-5.346664190292358398e-01,-3.358844518661499023e-01,1.712451130151748657e-02,-3.551440238952636719e-01,-2.082452476024627686e-01,-1.171126365661621094e-01,3.417460918426513672e-01,7.964389026165008545e-02,-1.799167841672897339e-01,8.530061244964599609e-01
-4.219216704368591309e-01,-3.164499104022979736e-01,8.090912103652954102e-01,3.750385940074920654e-01,-1.352366805076599121e-01,-2.449939399957656860e-01,-2.667693495750427246e-01,-7.176484912633895874e-03,-1.070921063423156738e+00,-9.083973765373229980e-01,-1.304800510406494141e+00,8.144409209489822388e-02,7.321059703826904297e-01,5.977509021759033203e-01,5.553985834121704102e-01,5.338013172149658203e-03,-4.627826511859893799e-01,-2.430560111999511719e+00,1.715611219406127930e-01,9.519289731979370117e-01,-3.534078299999237061e-01,-5.038896799087524414e-01,4.443179368972778320e-01,2.296244502067565918e-01,9.904911518096923828e-01,7.214846611022949219e-01,-5.665235519409179688e-01,-2.279572784900665283e-01,2.037881463766098022e-01,-2.454695105552673340e-01,-3.092228472232818604e-01,5.464300513267517090e-02,-4.432480037212371826e-01,-5.463288426399230957e-01,7.719627022743225098e-01,9.829642772674560547e-01,-2.027744948863983154e-01,2.916810214519500732e-01,1.157377839088439941e+00,-2.729321718215942383e-01,-2.087479114532470703e+00,4.668617725372314453e+00,2.726216316223144531e-01,-1.674761295318603516e+00,-4.381939411163330078e+00,-1.215950012207031250e+00,-3.482191801071166992e+00,-9.425560235977172852e-01,-4.837975800037384033e-01,1.060947775840759277e-01,3.316567540168762207e-01,8.006372451782226562e-01,-1.774331778287887573e-01,3.352857828140258789e-01,-1.705953180789947510e-01,-1.392118930816650391e-01,-1.540992259979248047e-01,-1.485286056995391846e-01,-2.025683969259262085e-01,-1.245328426361083984e+00,3.214900791645050049e-01,-1.555089652538299561e-02,2.279639840126037598e-01,9.557651281356811523e-01
-2.698390781879425049e-01,-5.992693901062011719e-01,3.285348117351531982e-01,7.186558842658996582e-02,-3.781503736972808838e-01,1.917397379875183105e-01,-3.120093233883380890e-02,-9.111043810844421387e-02,4.378148913383483887e-01,-1.574860095977783203e+00,-3.965542912483215332e-01,-3.711353540420532227e-01,6.569266319274902344e-01,3.100437521934509277e-01,-1.109156608581542969e+00,-9.885269999504089355e-01,4.729141891002655029e-01,-4.763124585151672363e-01,4.365512430667877197e-01,9.788279533386230469e-01,9.754154682159423828e-01,7.708476483821868896e-02,-4.180069267749786377e-01,-9.910625219345092773e-01,6.403797864913940430e-01,6.257789582014083862e-02,-4.938304424285888672e-03,-1.465906500816345215e-01,4.176531359553337097e-02,2.905155420303344727e-01,-3.644899427890777588e-01,4.017285108566284180e-01,7.537344098091125488e-02,2.062316685914993286e-01,-7.800366729497909546e-02,-2.456778287887573242e-01,2.001304626464843750e-01,2.958441972732543945e-01,1.273346900939941406e+00,3.203324377536773682e-01,-1.775933384895324707e+00,5.087359428405761719e+00,1.025685787200927734e+00,-2.876713037490844727e+00,-5.520390033721923828e+00,5.899907350540161133e-01,-1.542374968528747559e+00,3.662068247795104980e-01,-1.268454194068908691e-01,2.106034308671951294e-01,-4.383902549743652344e-01,1.722760200500488281e-01,-4.795570969581604004e-01,3.831043243408203125e-01,-5.317224264144897461e-01,-1.684058308601379395e-01,-4.947425425052642822e-01,3.073911666870117188e-01,7.731840014457702637e-02,-6.982283592224121094e-01,3.917005658149719238e-01,2.194748669862747192e-01,-1.301278769969940186e-01,8.339610695838928223e-01
-3.208737671375274658e-01,-5.474610924720764160e-01,6.430994272232055664e-01,5.045330524444580078e-01,-2.950169146060943604e-04,-3.646034002304077148e-01,-2.209991812705993652e-01,-1.397440731525421143e-01,3.470465540885925293e-01,-1.306999921798706055e+00,-1.165958404541015625e+00,4.238257110118865967e-01,6.918684244155883789e-01,5.367505550384521484e-01,-6.653050780296325684e-01,-2.479098588228225708e-01,-3.478780388832092285e-01,-3.974429965019226074e-01,8.792665004730224609e-01,2.265222668647766113e-01,-1.044851765036582947e-01,-9.733527898788452148e-01,-1.356256604194641113e+00,-3.262417018413543701e-01,7.303134202957153320e-01,9.460282325744628906e-01,-8.725341558456420898e-01,-2.047367841005325317e-01,-1.271172612905502319e-01,-4.598383903503417969e-01,-1.433103680610656738e-01,4.666956961154937744e-01,1.337586939334869385e-01,-1.931127607822418213e-01,9.214076399803161621e-02,3.932718932628631592e-01,-4.150917232036590576e-01,4.455524086952209473e-01,6.760909557342529297e-01,5.024493932723999023e-01,-1.345400929450988770e+00,5.829135894775390625e+00,9.589666128158569336e-02,-2.143144845962524414e+00,-4.915830135345458984e+00,-4.371213614940643311e-01,-2.796360254287719727e+00,2.316656708717346191e-01,-4.028761982917785645e-01,8.516803383827209473e-02,-6.152948737144470215e-02,3.717566132545471191e-01,-5.365237593650817871e-01,1.977405548095703125e-01,-1.455872058868408203e-01,5.305894613265991211e-01,-5.026135444641113281e-01,-1.606001108884811401e-01,-1.761667728424072266e-01,-4.002806246280670166e-01,6.897044181823730469e-01,-1.655745506286621094e-01,-3.327397108078002930e-01,9.548932909965515137e-01
-2.814694643020629883e-01,-8.593292534351348877e-02,6.184317469596862793e-01,8.506846427917480469e-01,-4.092576503753662109e-01,1.535696685314178467e-01,-1.039179265499114990e-01,1.281328499317169189e-03,-4.214436709880828857e-01,-1.274348020553588867e+00,-8.991113305091857910e-02,1.614723503589630127e-01,-1.628966629505157471e-01,1.254688203334808350e-01,-3.088639974594116211e-01,1.929608881473541260e-01,-2.770643234252929688e-01,8.187979459762573242e-01,-2.079676091670989990e-01,-1.247649192810058594e+00,-6.145626306533813477e-01,-3.696804940700531006e-01,-7.857999801635742188e-01,2.405287325382232666e-01,4.664691686630249023e-01,5.264541506767272949e-01,8.985549211502075195e-03,-8.797004222869873047e-01,-3.653132319450378418e-01,-4.473543763160705566e-01,-5.452853441238403320e-02,3.667652904987335205e-01,3.651865720748901367e-01,3.993198275566101074e-02,-7.245661020278930664e-01,2.597089409828186035e-01,5.001679658889770508e-01,-1.170486398041248322e-02,1.109794855117797852e+00,3.791939318180084229e-01,-1.758870959281921387e+00,5.284461021423339844e+00,1.267562031745910645e+00,-2.737210988998413086e+00,-5.188685894012451172e+00,6.641919612884521484e-01,-2.477018833160400391e+00,4.165447711944580078e+00,-2.503090798854827881e-01,6.074752807617187500e-01,-1.436183750629425049e-01,1.177665829658508301e+00,-6.739971041679382324e-01,-8.748300671577453613e-01,-5.272761583328247070e-01,8.764109015464782715e-02,-5.889592766761779785e-01,-5.821312665939331055e-01,-9.129227399826049805e-01,-8.923429250717163086e-01,1.689407229423522949e-01,-3.052428066730499268e-01,2.071378380060195923e-01,3.742443621158599854e-01
-3.663392663002014160e-01,-9.293178915977478027e-01,7.332012057304382324e-01,8.484057784080505371e-01,1.452634036540985107e-01,-4.936658740043640137e-01,-3.430114686489105225e-01,-1.312301754951477051e-01,-6.520821452140808105e-01,1.362878084182739258e-01,-1.343404531478881836e+00,-1.126903295516967773e-02,3.967348337173461914e-01,4.777395129203796387e-01,5.301274061203002930e-01,1.637073606252670288e-01,-1.285461068153381348e+00,-3.294149637222290039e-01,4.488247334957122803e-01,-5.701839923858642578e-03,-5.041480064392089844e-01,-1.223736166954040527e+00,-6.750291585922241211e-02,5.389009118080139160e-01,-1.345042884349822998e-02,7.361268401145935059e-01,-3.756868243217468262e-01,-4.217985868453979492e-01,-9.815837144851684570e-01,-3.442676663398742676e-01,-2.786774933338165283e-01,-7.204470783472061157e-02,-8.531481027603149414e-03,-3.008542060852050781e-01,2.357825487852096558e-01,-2.602409385144710541e-02,-1.296911239624023438e-01,7.007576823234558105e-01,7.691501379013061523e-01,6.197905540466308594e-02,-1.552135467529296875e+00,4.512078762054443359e+00,4.206265211105346680e-01,-1.640420198440551758e+00,-3.079590559005737305e+00,-6.739839315414428711e-01,-2.337550878524780273e+00,-1.220951199531555176e+00,-4.459017217159271240e-01,-9.899045526981353760e-02,2.532407641410827637e-02,-3.914784640073776245e-02,-7.178994417190551758e-01,-1.304496377706527710e-01,4.825321137905120850e-01,-1.380998492240905762e-01,-3.338291943073272705e-01,1.197248101234436035e-01,-2.357534170150756836e-01,-2.262049913406372070e-02,9.750084877014160156e-01,-2.692182362079620361e-01,-7.847910523414611816e-01,6.503562927246093750e-01
-4.863708913326263428e-01,-3.547613620758056641e-01,3.368939161300659180e-01,3.081495463848114014e-01,-2.342082113027572632e-01,-1.503359675407409668e-01,-1.523318290710449219e-01,-1.106818318367004395e-01,-1.960460394620895386e-01,-1.128135919570922852e+00,-9.541571736335754395e-01,2.140879631042480469e-01,7.587720751762390137e-01,5.497882962226867676e-01,-3.688215017318725586e-01,-8.747370243072509766e-01,-5.476162433624267578e-01,-3.027212619781494141e-01,9.266686439514160156e-01,7.147897481918334961e-01,-5.192093849182128906e-01,-1.558416485786437988e+00,-6.771346330642700195e-01,-4.095726311206817627e-01,9.867577552795410156e-01,5.032840371131896973e-01,-5.229276418685913086e-01,-3.173380792140960693e-01,-1.528337150812149048e-01,-1.464226841926574707e-01,1.822968125343322754e-01,4.457246959209442139e-01,2.070921212434768677e-01,-2.829230129718780518e-01,1.249102503061294556e-01,1.998865902423858643e-01,2.954032719135284424e-01,3.811399340629577637e-01,7.752175331115722656e-01,6.732752323150634766e-01,-1.793281197547912598e+00,6.408470630645751953e+00,9.418558478355407715e-01,-2.939208507537841797e+00,-5.009009361267089844e+00,-1.011514663696289062e-02,-2.709619760513305664e+00,5.460023283958435059e-01,-3.936943709850311279e-01,4.775362610816955566e-01,-4.103325605392456055e-01,4.606578648090362549e-01,-6.215424537658691406e-01,5.740262269973754883e-01,-2.113261818885803223e-01,3.522455692291259766e-01,-3.447746634483337402e-01,-5.009905993938446045e-02,-1.458117067813873291e-01,-5.558979511260986328e-01,4.859138727188110352e-01,-5.866543948650360107e-02,-3.221301138401031494e-01,4.251811802387237549e-01
-4.470788538455963135e-01,-5.709336996078491211e-01,2.654855847358703613e-01,3.726515471935272217e-01,-2.842194437980651855e-01,5.703710019588470459e-03,-5.707221478223800659e-02,-2.461135387420654297e-01,2.931256294250488281e-01,-1.403626918792724609e+00,-2.046605348587036133e-01,-7.191845178604125977e-01,1.576488763093948364e-01,-2.019731700420379639e-01,-2.594660222530364990e-01,-6.022346019744873047e-01,5.927405953407287598e-01,-7.938790917396545410e-01,3.691874444484710693e-01,2.500742673873901367e-01,-2.426132559776306152e-02,-2.684815227985382080e-01,-3.060575127601623535e-01,-9.349373579025268555e-01,1.000029683113098145e+00,2.921763956546783447e-01,-3.859174251556396484e-01,-2.532086670398712158e-01,2.785873711109161377e-01,9.213739633560180664e-02,-3.210203349590301514e-01,3.949627578258514404e-01,1.449367851018905640e-01,2.997300028800964355e-02,-5.292145609855651855e-01,7.165344059467315674e-02,3.354072868824005127e-01,-8.366180211305618286e-02,8.964314460754394531e-01,7.159923315048217773e-01,-1.734452962875366211e+00,3.013367176055908203e+00,9.104847162961959839e-02,-2.088465690612792969e+00,-3.993258237838745117e+00,7.715771198272705078e-01,-1.772106647491455078e+00,1.596372604370117188e+00,1.625732481479644775e-01,4.488447904586791992e-01,2.782532572746276855e-02,1.075518250465393066e+00,-8.643055558204650879e-01,-1.752630472183227539e-01,-8.392876386642456055e-01,-1.860337257385253906e-01,-1.329236030578613281e-01,-3.933420777320861816e-02,1.862019598484039307e-01,-8.712917566299438477e-02,-8.119512349367141724e-03,-5.506342649459838867e-02,1.631233282387256622e-02,7.468852400779724121e-01
-1.504931598901748657e-02,-1.047660589218139648e+00,7.054944038391113281e-01,5.783010721206665039e-01,-4.477838575839996338e-01,-2.727159112691879272e-02,-1.112425476312637329e-01,-3.622516989707946777e-01,5.683783292770385742e-01,-1.762779712677001953e+00,-5.375735163688659668e-01,-3.927965760231018066e-01,5.767584443092346191e-01,2.035047411918640137e-01,-3.094722628593444824e-01,-8.058221340179443359e-01,-7.835926115512847900e-02,-1.930573940277099609e+00,2.516227066516876221e-01,1.131168246269226074e+00,-2.695870399475097656e-02,-1.453521251678466797e+00,-1.240378618240356445e-01,-2.084627449512481689e-01,4.067029953002929688e-01,6.461529731750488281e-01,-8.865153789520263672e-01,1.242137402296066284e-01,1.979458779096603394e-01,-5.163161158561706543e-01,-5.966025590896606445e-01,6.765739917755126953e-01,-1.298850774765014648e-01,-1.144459769129753113e-01,7.636877298355102539e-01,5.566650629043579102e-01,-3.044283986091613770e-01,5.728079080581665039e-01,1.605559825897216797e+00,-1.516285538673400879e-01,-2.043457269668579102e+00,6.392091274261474609e+00,2.252383530139923096e-01,-3.610403776168823242e+00,-6.247097015380859375e+00,-1.033375382423400879e+00,-2.409549713134765625e+00,-3.063410520553588867e-01,-2.666740715503692627e-01,-1.522499322891235352e-02,-2.326566725969314575e-02,-1.837237924337387085e-02,-3.748922646045684814e-01,2.254886627197265625e-01,-4.092668592929840088e-01,2.293901741504669189e-01,-4.067046195268630981e-02,6.387028098106384277e-02,-1.394933909177780151e-01,-6.344925165176391602e-01,7.028547525405883789e-01,-1.716682016849517822e-01,7.825288921594619751e-03,9.464759826660156250e-01
-3.282908797264099121e-01,3.549098372459411621e-01,7.393998503684997559e-01,-7.116523385047912598e-02,-8.050411939620971680e-01,2.024673521518707275e-01,-1.580523550510406494e-01,-3.107300102710723877e-01,-1.718632698059082031e+00,-1.063166856765747070e+00,-1.241275548934936523e+00,7.067484259605407715e-01,-2.124091386795043945e-01,1.794427156448364258e+00,-8.557960391044616699e-02,1.205801516771316528e-01,-1.017311453819274902e+00,5.100597739219665527e-01,-5.950001478195190430e-01,-1.225401461124420166e-01,-3.475483059883117676e-01,6.904453784227371216e-02,1.297770857810974121e+00,6.765288114547729492e-01,1.221057027578353882e-01,4.417665898799896240e-01,1.191363930702209473e+00,-1.042278409004211426e+00,-1.445984482765197754e+00,-7.081683278083801270e-01,6.665223836898803711e-01,-3.907202780246734619e-01,1.179037541151046753e-01,-1.539119035005569458e-01,-1.454690992832183838e-01,-3.441975116729736328e-01,-2.529716193675994873e-01,5.851733088493347168e-01,1.149613142013549805e+00,2.832295000553131104e-01,-1.352506041526794434e+00,4.008967399597167969e+00,1.328626990318298340e+00,-2.058803796768188477e+00,-3.757556438446044922e+00,1.765801548957824707e+00,-2.796648740768432617e+00,1.481057643890380859e+00,-4.976447522640228271e-01,3.395874500274658203e-01,-3.263613283634185791e-01,2.856160700321197510e-01,-8.810763955116271973e-01,-8.105945587158203125e-02,-7.321488857269287109e-02,-1.046980381011962891e+00,-3.538003563880920410e-02,-4.743489325046539307e-01,-1.247232913970947266e+00,-1.434764742851257324e+00,4.168556034564971924e-01,-8.978554606437683105e-02,7.315260358154773712e-03,-8.871451765298843384e-02
-3.328163623809814453e-01,-6.687110066413879395e-01,3.793868124485015869e-01,8.203931152820587158e-02,-5.791453719139099121e-01,-2.056114375591278076e-03,-1.341636329889297485e-01,-3.590159714221954346e-01,-9.435840845108032227e-01,-1.374817609786987305e+00,-1.308855533599853516e+00,2.690202891826629639e-01,7.857733964920043945e-01,1.118987798690795898e+00,-4.336333274841308594e-01,-7.332490682601928711e-01,-5.374001264572143555e-01,-1.664295673370361328e+00,5.384793281555175781e-01,1.283128142356872559e+00,3.908257186412811279e-01,-5.552935600280761719e-01,3.559793233871459961e-01,-8.204343318939208984e-01,-5.830635875463485718e-02,1.389788687229156494e-01,-3.158588707447052002e-01,-2.453529685735702515e-01,-8.866170048713684082e-01,-1.818537116050720215e-01,-1.899719238281250000e-02,1.027920097112655640e-01,-1.327942907810211182e-01,4.147933796048164368e-02,5.034483075141906738e-01,-3.573297560214996338e-01,-3.568306267261505127e-01,4.991783797740936279e-01,1.079617500305175781e+00,-5.203199386596679688e-01,-2.334698438644409180e+00,6.365017414093017578e+00,1.993077807128429413e-02,-2.680240631103515625e+00,-5.262951374053955078e+00,4.221015572547912598e-01,-3.055282354354858398e+00,-1.448638796806335449e+00,-1.986821293830871582e-01,6.720253825187683105e-02,-2.817566096782684326e-01,-6.608814746141433716e-02,-9.294398427009582520e-01,3.887108564376831055e-01,2.754360735416412354e-01,-5.649706721305847168e-01,-2.137707471847534180e-01,1.440723240375518799e-01,-1.187620609998703003e-01,-8.035551309585571289e-01,6.687442660331726074e-01,-3.338512778282165527e-02,-5.443955063819885254e-01,6.141418814659118652e-01
-1.045862436294555664e-01,-3.513788580894470215e-01,4.790712893009185791e-01,4.697041511535644531e-01,-6.825008392333984375e-01,5.903180241584777832e-01,2.474300861358642578e-01,-9.815476536750793457e-01,-3.090357780456542969e-01,-2.826020479202270508e+00,1.267050653696060181e-01,2.736345529556274414e-01,4.408988356590270996e-01,5.325767993927001953e-01,8.831731975078582764e-02,-1.335071325302124023e+00,3.700234740972518921e-02,-8.390295505523681641e-02,-4.219803810119628906e-01,-3.276650011539459229e-01,-3.586646914482116699e-02,-1.352581143379211426e+00,4.829760789871215820e-01,4.379755258560180664e-01,-1.566793620586395264e-01,8.310932517051696777e-01,-4.728943705558776855e-01,-3.951016962528228760e-01,-5.996566414833068848e-01,-6.208645701408386230e-01,-1.355669200420379639e-01,5.256243348121643066e-01,9.276211261749267578e-03,-1.452650129795074463e-01,-7.120279222726821899e-02,5.677575469017028809e-01,1.176891922950744629e-01,6.354728937149047852e-01,1.594545125961303711e+00,-2.645072937011718750e-01,-1.225172281265258789e+00,5.185594081878662109e+00,-5.599637627601623535e-01,-3.849625110626220703e+00,-5.213111400604248047e+00,1.155175209045410156e+00,-1.837825417518615723e+00,7.489476799964904785e-01,2.102921530604362488e-02,7.059820890426635742e-01,-7.703195214271545410e-01,7.218281030654907227e-01,-8.236029744148254395e-01,3.116028904914855957e-01,-3.617754280567169189e-01,-5.497092604637145996e-01,9.656145423650741577e-02,-4.101130664348602295e-01,-4.655197858810424805e-01,2.110164165496826172e-01,2.541668415069580078e-01,-5.558335185050964355e-01,-2.682757973670959473e-01,5.309160351753234863e-01
1.109146177768707275e-01,-3.794976472854614258e-01,6.638817191123962402e-01,2.412616908550262451e-01,-4.041591882705688477e-01,-3.265661001205444336e-02,1.246249675750732422e-01,-4.967398941516876221e-01,-7.188891768455505371e-01,-9.188805222511291504e-01,-1.824114322662353516e+00,5.436677932739257812e-01,5.456439852714538574e-01,1.364110708236694336e+00,2.188695669174194336e-01,-1.012995243072509766e-01,-1.109218239784240723e+00,-2.208478450775146484e-01,4.718433320522308350e-01,-2.338840365409851074e-01,-2.056639045476913452e-01,-1.097434639930725098e+00,-5.494657158851623535e-02,1.064527988433837891e+00,-1.208154410123825073e-01,7.368780970573425293e-01,1.890251040458679199e-01,-7.091432809829711914e-01,-1.361916661262512207e+00,-1.389379382133483887e+00,1.107539534568786621e-01,3.242822289466857910e-01,-2.674981951713562012e-02,-3.732155263423919678e-01,7.535900473594665527e-01,5.861965417861938477e-01,-3.884159028530120850e-01,1.527122139930725098e+00,1.132843852043151855e+00,1.793120503425598145e-01,-6.042715311050415039e-01,4.612782955169677734e+00,1.020847260951995850e-01,-2.418523550033569336e+00,-3.722503185272216797e+00,1.267828822135925293e+00,-2.518061399459838867e+00,-7.829123735427856445e-01,-5.461986064910888672e-01,2.942204475402832031e-01,-5.379965901374816895e-01,-4.238707572221755981e-02,-1.123579025268554688e+00,1.322682797908782959e-01,1.031765863299369812e-01,-4.361314177513122559e-01,4.026802778244018555e-01,-3.567978143692016602e-01,-7.234856486320495605e-01,-3.233067989349365234e-01,7.615087032318115234e-01,-3.440319895744323730e-01,-5.891652107238769531e-01,2.864077687263488770e-01
-3.537261486053466797e-01,1.874216049909591675e-01,2.615014910697937012e-01,-1.036164164543151855e-01,-3.297011181712150574e-02,-1.641132384538650513e-01,-5.120763778686523438e-01,7.752777934074401855e-01,-1.048600912094116211e+00,8.057256937026977539e-01,-4.114904999732971191e-01,-6.043883562088012695e-01,-5.342271924018859863e-01,8.809460401535034180e-01,-8.012880682945251465e-01,1.364661931991577148e+00,-2.552620172500610352e-01,-5.714117884635925293e-01,-4.256334006786346436e-01,-3.278410434722900391e-01,1.089758872985839844e-01,1.709014892578125000e+00,1.896010279655456543e+00,6.120721101760864258e-01,1.832149475812911987e-01,-7.473496794700622559e-01,2.792804718017578125e+00,-9.516783952713012695e-01,-6.397763490676879883e-01,5.106149911880493164e-01,3.808143734931945801e-01,-1.465602755546569824e+00,-6.341936588287353516e-01,4.242092072963714600e-01,-1.222258925437927246e+00,-7.039980292320251465e-01,5.813746452331542969e-01,-3.967150449752807617e-01,5.142363309860229492e-01,6.593317985534667969e-01,-7.320964336395263672e-01,-2.194485187530517578e+00,2.289562702178955078e+00,7.604702711105346680e-01,-1.174436569213867188e+00,-2.474183142185211182e-01,-1.479109764099121094e+00,2.973064899444580078e+00,2.416565418243408203e-01,2.004822641611099243e-01,4.736071825027465820e-01,1.821690797805786133e-01,-3.010977506637573242e-01,-1.344108104705810547e+00,-7.892451286315917969e-01,-1.492920994758605957e+00,2.935817092657089233e-02,4.192597866058349609e-01,-5.979843139648437500e-01,-1.709689497947692871e+00,5.291271209716796875e-01,7.508363127708435059e-01,5.426825881004333496e-01,-9.482536315917968750e-01
-2.114199548959732056e-01,-3.962170481681823730e-01,5.943954586982727051e-01,7.624193429946899414e-01,-4.306055009365081787e-01,6.334353089332580566e-01,2.475522160530090332e-01,-5.520347952842712402e-01,-2.523171603679656982e-01,-1.283743381500244141e+00,6.640923023223876953e-01,4.237239360809326172e-01,4.047040939331054688e-01,4.098421335220336914e-02,7.634925842285156250e-02,-8.336604237556457520e-01,3.417602926492691040e-02,1.497373938560485840e+00,-7.061675786972045898e-01,-1.006926774978637695e+00,-1.024611592292785645e-01,-7.858090400695800781e-01,-3.552072644233703613e-01,7.078667879104614258e-01,1.821778863668441772e-01,8.296398520469665527e-01,-1.037333458662033081e-01,-4.401616454124450684e-01,-2.455919682979583740e-01,1.978082656860351562e-01,-1.035307049751281738e-01,-1.494767665863037109e-01,1.971290409564971924e-01,3.409744054079055786e-02,-1.225047349929809570e+00,4.586138427257537842e-01,5.117828845977783203e-01,3.087683022022247314e-01,1.433198213577270508e+00,6.374630928039550781e-01,-8.920065164566040039e-01,4.252782344818115234e+00,1.940549910068511963e-01,-2.986925601959228516e+00,-4.778333187103271484e+00,3.553401529788970947e-01,-1.655126929283142090e+00,2.548387050628662109e+00,3.547536581754684448e-02,7.184560894966125488e-01,-1.453438252210617065e-01,1.220654964447021484e+00,-7.496027946472167969e-01,-2.692194879055023193e-01,-9.107952117919921875e-01,-2.676779627799987793e-01,-5.363394618034362793e-01,-4.557477831840515137e-01,-1.057417273521423340e+00,3.085647523403167725e-01,3.139493465423583984e-01,-1.328165084123611450e-01,1.325428634881973267e-01,4.446422457695007324e-01
1.966235339641571045e-01,-4.619626998901367188e-01,1.034679532051086426e+00,3.929840922355651855e-01,-2.629892230033874512e-01,3.742690011858940125e-02,-2.361647188663482666e-01,-2.523708939552307129e-01,2.594057321548461914e-01,-2.109006643295288086e+00,-1.523170173168182373e-01,3.499784469604492188e-01,8.660119175910949707e-01,1.597875118255615234e+00,9.760471582412719727e-01,-4.417312145233154297e-01,-1.003152728080749512e+00,-2.189240694046020508e+00,-4.878940284252166748e-01,6.611189842224121094e-01,-5.602135658264160156e-01,-2.425469160079956055e+00,5.583830475807189941e-01,8.889647722244262695e-01,-8.261352777481079102e-02,1.384855270385742188e+00,-1.398301720619201660e-01,-4.100179076194763184e-01,-4.182895421981811523e-01,-5.555770397186279297e-01,-8.061989545822143555e-01,4.453648924827575684e-01,-7.235932350158691406e-01,-2.507452070713043213e-01,2.890952229499816895e-01,1.605824708938598633e+00,-3.116077184677124023e-01,6.275911331176757812e-01,1.140848875045776367e+00,-1.642169654369354248e-01,-8.532273769378662109e-01,5.236652851104736328e+00,-1.254478991031646729e-01,-3.526046991348266602e+00,-5.138582229614257812e+00,-8.242340087890625000e-01,-8.837267160415649414e-01,-2.661127090454101562e+00,-2.801193296909332275e-01,5.170125365257263184e-01,-4.702401161193847656e-01,6.840671598911285400e-02,-1.172661706805229187e-01,2.148075699806213379e-01,-3.080696761608123779e-01,-5.404870212078094482e-02,5.059326291084289551e-01,-4.095962643623352051e-02,2.686686217784881592e-01,-6.218044757843017578e-01,7.947062253952026367e-01,-2.408120632171630859e-01,2.380929142236709595e-01,9.131925106048583984e-01
-8.302595615386962891e-01,-3.224673271179199219e-01,7.425369620323181152e-01,5.056325197219848633e-01,-5.973635911941528320e-01,6.644336134195327759e-02,-9.245515614748001099e-02,2.005914747714996338e-01,-2.768778502941131592e-01,1.028387248516082764e-01,-1.150684833526611328e+00,-6.908692717552185059e-01,3.904728889465332031e-01,-7.575201988220214844e-01,-6.937913298606872559e-01,-2.298160940408706665e-01,7.627675533294677734e-01,6.371874809265136719e-01,-2.194274514913558960e-01,-1.157049238681793213e-01,3.539148867130279541e-01,3.098119795322418213e-02,-1.013070344924926758e+00,7.109978795051574707e-02,5.929793715476989746e-01,-5.505951046943664551e-01,-1.640031337738037109e-01,6.806419789791107178e-02,2.135595381259918213e-01,4.271689653396606445e-01,-2.689334452152252197e-01,3.291396051645278931e-02,4.744337499141693115e-01,-2.967203594744205475e-02,4.264791011810302734e-01,-6.628186106681823730e-01,9.637567996978759766e-01,1.624636948108673096e-01,1.002661705017089844e+00,1.739527285099029541e-01,-2.154105424880981445e+00,4.772608757019042969e+00,1.648858904838562012e+00,-1.490932822227478027e+00,-3.634438037872314453e+00,-1.197835564613342285e+00,-2.350961923599243164e+00,4.527257084846496582e-01,-3.863064646720886230e-01,-9.198139607906341553e-02,5.159805715084075928e-02,-3.063606917858123779e-01,8.922645449638366699e-02,3.368708491325378418e-02,-9.361195564270019531e-02,4.970739483833312988e-01,-1.265298843383789062e+00,3.228254318237304688e-01,-4.886406064033508301e-01,-3.746823966503143311e-01,3.052975833415985107e-01,-1.822967529296875000e-01,-3.457450568675994873e-01,4.135009050369262695e-01
-2.391958981752395630e-01,-9.406767487525939941e-01,5.398325324058532715e-01,1.203153133392333984e-01,-4.994734004139900208e-02,-8.347252011299133301e-01,-5.682688951492309570e-01,2.696904540061950684e-01,-4.377602040767669678e-02,-1.125295639038085938e+00,-2.250730514526367188e+00,-6.077233552932739258e-01,5.081975460052490234e-01,6.270968317985534668e-01,-8.062128424644470215e-01,-3.433343768119812012e-01,-7.338261604309082031e-01,-1.881320953369140625e+00,4.907523095607757568e-01,1.521048545837402344e+00,7.050673961639404297e-01,-8.167506456375122070e-01,2.340747714042663574e-01,-7.430856227874755859e-01,1.265637725591659546e-01,9.543541073799133301e-02,1.063396632671356201e-01,7.076211273670196533e-02,-9.350512623786926270e-01,-6.656826138496398926e-01,-3.818103969097137451e-01,2.735071480274200439e-01,-3.486558794975280762e-02,-4.627858698368072510e-01,1.426672101020812988e+00,-2.281325459480285645e-01,5.299952626228332520e-02,3.677980899810791016e-01,6.493476629257202148e-01,2.145209312438964844e-01,-1.894775152206420898e+00,5.428613662719726562e+00,5.929350852966308594e-01,-2.047010898590087891e+00,-4.983018398284912109e+00,-1.248795270919799805e+00,-2.570863008499145508e+00,-2.198122978210449219e+00,-4.793060123920440674e-01,-2.849303781986236572e-01,-6.683371663093566895e-01,-9.641993641853332520e-01,-3.519632220268249512e-01,7.870689034461975098e-01,-2.068626880645751953e-02,-1.319661736488342285e-03,1.059967353940010071e-01,5.944195389747619629e-01,2.338286340236663818e-01,-1.235714793205261230e+00,6.025207638740539551e-01,-3.018985986709594727e-01,-3.194207549095153809e-01,7.484571933746337891e-01
-5.696343183517456055e-01,-7.199801802635192871e-01,1.227835193276405334e-01,2.037788927555084229e-01,-7.114349603652954102e-01,-1.195576488971710205e-01,-1.795567870140075684e-01,-1.776442527770996094e-01,-6.158146858215332031e-01,-4.909146726131439209e-01,-1.218956947326660156e+00,8.625001907348632812e-01,1.407385826110839844e+00,1.091535806655883789e+00,-3.897989392280578613e-01,-1.027495980262756348e+00,-4.567679166793823242e-01,-1.199913024902343750e+00,1.998586654663085938e-01,7.385401725769042969e-01,4.351947009563446045e-01,-9.408041238784790039e-01,8.971966505050659180e-01,-6.723406314849853516e-01,-3.072915673255920410e-01,5.562800765037536621e-01,1.083883643150329590e-02,8.057086169719696045e-02,-7.501867413520812988e-01,3.335452079772949219e-01,-1.849337816238403320e-01,3.730993717908859253e-02,-2.340795695781707764e-01,-6.413922905921936035e-01,2.783796191215515137e-01,1.446944177150726318e-01,1.283831149339675903e-01,8.464094996452331543e-01,1.227842926979064941e+00,-1.835379600524902344e-01,-1.328903317451477051e+00,4.135018348693847656e+00,3.666397631168365479e-01,-1.476712226867675781e+00,-3.838176012039184570e+00,3.483398556709289551e-01,-2.919490337371826172e+00,-9.812108278274536133e-01,-6.740406155586242676e-03,4.368475079536437988e-01,-3.881036043167114258e-01,1.795330643653869629e-01,-1.107661008834838867e+00,3.788586854934692383e-01,-2.517217099666595459e-01,-7.617857456207275391e-01,1.262913644313812256e-01,2.488843202590942383e-01,-2.701041102409362793e-02,-3.207964003086090088e-01,5.580146908760070801e-01,-4.424159228801727295e-02,-3.422391414642333984e-01,4.886277616024017334e-01
-1.003000289201736450e-01,-7.451462149620056152e-01,7.822221517562866211e-01,9.262052178382873535e-01,-4.132776856422424316e-01,5.214521288871765137e-01,3.047380968928337097e-02,-6.988146901130676270e-01,-3.734837174415588379e-01,-1.897783517837524414e+00,1.722126603126525879e-01,1.273324489593505859e-01,3.905994296073913574e-01,9.153220653533935547e-01,7.829360365867614746e-01,-9.149197936058044434e-01,-4.983374178409576416e-01,9.192049503326416016e-02,-2.429829686880111694e-01,-2.960555255413055420e-01,-3.624788522720336914e-01,-1.701625108718872070e+00,-2.699854969978332520e-02,7.117348909378051758e-01,-6.932846456766128540e-02,1.107377290725708008e+00,-3.910931944847106934e-01,-5.303899645805358887e-01,-6.239501237869262695e-01,-4.727829098701477051e-01,-3.795840442180633545e-01,6.354604363441467285e-01,4.894238710403442383e-02,1.843094378709793091e-01,-4.474613666534423828e-01,7.023930549621582031e-01,-1.881509423255920410e-01,6.122125387191772461e-01,1.385548949241638184e+00,-1.335901319980621338e-01,-1.356112599372863770e+00,5.145658493041992188e+00,4.512016177177429199e-01,-3.911460399627685547e+00,-5.311542987823486328e+00,1.139356374740600586e+00,-1.399436712265014648e+00,4.883267879486083984e-01,-3.512546420097351074e-02,6.260275244712829590e-01,-5.441484451293945312e-01,6.084776520729064941e-01,-7.512949109077453613e-01,-1.684593558311462402e-01,-1.911735832691192627e-01,-1.990700364112854004e-01,-6.774864345788955688e-02,-3.201244175434112549e-01,-1.884784847497940063e-01,4.250138252973556519e-02,5.837966799736022949e-01,-3.663733601570129395e-01,-5.280547738075256348e-01,7.914073467254638672e-01
2.227332144975662231e-01,-1.436662673950195312e-01,6.759058833122253418e-01,-2.174552679061889648e-01,-5.718625187873840332e-01,-4.968364834785461426e-01,-7.784299552440643311e-02,-3.156330883502960205e-01,-5.221410989761352539e-01,-8.208386898040771484e-01,-1.335716962814331055e+00,1.103842258453369141e+00,3.615429401397705078e-01,2.002823591232299805e+00,-8.356196284294128418e-01,4.973202943801879883e-02,-1.500988602638244629e+00,-1.227839231491088867e+00,-1.120558604598045349e-01,6.530157327651977539e-01,-6.404115259647369385e-02,-7.314763069152832031e-01,1.166298985481262207e+00,2.245926409959793091e-01,-2.534675300121307373e-01,5.117183327674865723e-01,9.118661880493164062e-01,-6.218587756156921387e-01,-1.616391301155090332e+00,-7.043785452842712402e-01,4.567174911499023438e-01,-5.708958506584167480e-01,-5.023555755615234375e-01,-5.415280461311340332e-01,1.129563301801681519e-01,1.143355481326580048e-02,-5.186213254928588867e-01,1.012623310089111328e+00,1.223441362380981445e+00,1.566520035266876221e-01,-1.103160500526428223e+00,5.128041744232177734e+00,1.229219511151313782e-02,-2.541142702102661133e+00,-4.882981777191162109e+00,1.303540229797363281e+00,-3.488737583160400391e+00,-5.695810317993164062e-01,-3.377750217914581299e-01,2.145850807428359985e-01,2.099150419235229492e-02,3.837561905384063721e-01,-1.264237642288208008e+00,-4.277390539646148682e-01,-3.014718890190124512e-01,-1.264393091201782227e+00,7.463053464889526367e-01,-2.204900383949279785e-01,-1.054268956184387207e+00,-1.310320258140563965e+00,8.426944613456726074e-01,-1.336871534585952759e-01,1.941822618246078491e-01,1.185534223914146423e-01
-4.195317625999450684e-01,-6.213651895523071289e-01,2.555251717567443848e-01,1.102539896965026855e-01,-5.876576900482177734e-01,8.104530721902847290e-02,-1.631595045328140259e-01,4.063627123832702637e-02,-4.194571673870086670e-01,-9.055610895156860352e-01,-1.254575967788696289e+00,1.802476942539215088e-01,6.458032131195068359e-01,1.130777359008789062e+00,-5.907508134841918945e-01,-7.505649924278259277e-01,-5.397354364395141602e-01,-3.685607910156250000e-01,5.987234115600585938e-01,8.060791492462158203e-01,4.170469343662261963e-01,-2.900487780570983887e-01,2.622993588447570801e-01,-2.984772026538848877e-01,1.677868217229843140e-01,4.049530029296875000e-01,4.916444718837738037e-01,-3.169164657592773438e-01,-8.216738700866699219e-01,-7.642623037099838257e-02,5.701145529747009277e-02,2.076260000467300415e-01,-7.545968890190124512e-02,-1.187833920121192932e-01,1.162395328283309937e-01,-1.625873297452926636e-01,1.885269731283187866e-01,4.681711792945861816e-01,8.977334499359130859e-01,4.033394753932952881e-01,-1.436937570571899414e+00,4.584015846252441406e+00,8.385584354400634766e-01,-1.686461210250854492e+00,-4.564898967742919922e+00,5.648779869079589844e-01,-2.272247314453125000e+00,4.191720485687255859e-02,-2.474288344383239746e-01,4.659748077392578125e-01,1.504360139369964600e-02,1.184385418891906738e-01,-1.014894247055053711e+00,1.032502055168151855e-01,-1.507337093353271484e-01,-3.468824326992034912e-01,-1.155013144016265869e-01,9.304028749465942383e-02,-1.571444869041442871e-01,-8.362978696823120117e-01,5.808032751083374023e-01,3.656467795372009277e-02,-3.325504362583160400e-01,3.715603053569793701e-01
-2.116014808416366577e-01,-3.924170136451721191e-01,1.017818927764892578e+00,5.840312242507934570e-01,-3.297753632068634033e-01,-2.551391124725341797e-01,-2.379749417304992676e-01,-8.531429618597030640e-02,-3.511171936988830566e-01,-1.326208353042602539e+00,-1.090037822723388672e+00,3.971236944198608398e-01,2.373050898313522339e-01,8.547416925430297852e-01,3.566448390483856201e-02,-1.914318352937698364e-01,-8.807625174522399902e-01,2.603711187839508057e-01,-5.338474512100219727e-01,-3.596644997596740723e-01,-2.744791209697723389e-01,-1.146080493927001953e+00,-2.636027336120605469e-02,8.504518270492553711e-01,2.572016119956970215e-01,7.121703028678894043e-01,1.636178493499755859e-01,-9.216454029083251953e-01,-1.127744555473327637e+00,-6.681149005889892578e-01,-1.079806387424468994e-01,-1.263467222452163696e-02,-8.426761627197265625e-02,-4.568087160587310791e-01,-5.236037075519561768e-02,4.288243949413299561e-01,2.283742576837539673e-01,8.145425915718078613e-01,1.256214261054992676e+00,2.153440117835998535e-01,-1.313474178314208984e+00,6.564048767089843750e+00,1.050568342208862305e+00,-3.325175046920776367e+00,-5.481887817382812500e+00,3.466927111148834229e-01,-2.650687932968139648e+00,4.046433568000793457e-01,-6.859301328659057617e-01,3.659592866897583008e-01,-6.232233643531799316e-01,3.032923340797424316e-01,-5.466085672378540039e-01,-2.952751517295837402e-02,-1.143683195114135742e-01,-2.416616380214691162e-01,-2.121123969554901123e-01,-2.895106077194213867e-01,-1.033136010169982910e+00,-7.701287269592285156e-01,6.751706600189208984e-01,-2.932198643684387207e-01,-8.718521147966384888e-02,7.030410170555114746e-01
-3.922866880893707275e-01,3.263602852821350098e-01,6.775724291801452637e-01,4.232571423053741455e-01,-3.983721435070037842e-01,-2.383297234773635864e-01,-4.281440675258636475e-01,-2.237443998456001282e-02,-1.897186756134033203e+00,-6.956403255462646484e-01,-1.579546928405761719e+00,1.212444305419921875e+00,-1.953299641609191895e-01,8.663463592529296875e-01,1.120122522115707397e-01,1.177169680595397949e+00,-1.878276586532592773e+00,5.805510282516479492e-02,-1.356217265129089355e-02,-9.664410352706909180e-01,-1.192468285560607910e+00,-3.629029691219329834e-01,3.030105233192443848e-01,-1.471963524818420410e-02,-2.942264974117279053e-01,4.290712773799896240e-01,7.536536455154418945e-01,-1.357762455940246582e+00,-2.026186227798461914e+00,-9.413692355155944824e-01,6.186746358871459961e-01,-3.688486814498901367e-01,-7.210025191307067871e-02,-6.477346420288085938e-01,-2.585212588310241699e-01,-3.268223404884338379e-01,5.481157898902893066e-01,6.146597266197204590e-01,1.031091332435607910e+00,-2.067038118839263916e-01,-1.515116214752197266e+00,6.253345012664794922e+00,7.377750277519226074e-01,-2.314860343933105469e+00,-4.193243503570556641e+00,4.382230639457702637e-01,-3.550171375274658203e+00,1.228624224662780762e+00,-5.739948749542236328e-01,2.820740938186645508e-01,-8.103746175765991211e-02,6.287491917610168457e-01,-8.878635764122009277e-01,-3.799657821655273438e-01,5.451639890670776367e-01,-5.519498586654663086e-01,3.408815860748291016e-01,-5.602801442146301270e-01,-9.914383888244628906e-01,-9.294805526733398438e-01,7.469338774681091309e-01,-5.039832592010498047e-01,-1.281429678201675415e-01,-1.476222872734069824e-01
-1.072785705327987671e-01,-4.347713589668273926e-01,1.232707262039184570e+00,6.249512434005737305e-01,-6.378823518753051758e-01,3.285893797874450684e-01,-3.601782023906707764e-02,-4.119531810283660889e-01,-5.831192135810852051e-01,-1.283171176910400391e+00,-1.290844440460205078e+00,7.721561789512634277e-01,9.637966752052307129e-01,1.614394187927246094e+00,8.851523399353027344e-01,-3.336127996444702148e-01,-1.120576500892639160e+00,-1.239757061004638672e+00,3.849467635154724121e-02,1.790952682495117188e-02,-5.505995154380798340e-01,-2.065429925918579102e+00,-2.901798784732818604e-01,2.038766592741012573e-01,-1.119071096181869507e-01,1.265530467033386230e+00,-4.079935550689697266e-01,-4.118765592575073242e-01,-1.254754066467285156e+00,-6.693225502967834473e-01,-7.650562524795532227e-01,8.931259512901306152e-01,-3.723379671573638916e-01,-2.920773923397064209e-01,5.430182814598083496e-01,9.730647802352905273e-01,-2.055342793464660645e-01,4.169152677059173584e-01,1.221588850021362305e+00,-5.822880268096923828e-01,-1.690408110618591309e+00,7.309768676757812500e+00,-4.146017432212829590e-01,-3.435672998428344727e+00,-5.618445396423339844e+00,-1.142773151397705078e+00,-1.752461671829223633e+00,-3.185560703277587891e+00,-4.442591369152069092e-01,5.884054303169250488e-01,-1.129006221890449524e-01,-1.037387475371360779e-01,-5.481590628623962402e-01,2.568671107292175293e-01,2.037168592214584351e-01,1.104726046323776245e-01,-1.606120914220809937e-01,1.328113675117492676e-02,-1.463515311479568481e-01,-4.793369472026824951e-01,6.138890981674194336e-01,-5.912806987762451172e-01,-4.615347087383270264e-01,1.204986572265625000e+00
-4.728389084339141846e-01,-1.575281023979187012e-01,4.621995687484741211e-01,3.702385127544403076e-01,-5.931825041770935059e-01,-3.035299479961395264e-02,-2.068397104740142822e-01,-8.163738995790481567e-02,-1.436627864837646484e+00,3.550603091716766357e-01,-1.003450393676757812e+00,9.415746331214904785e-01,3.861837983131408691e-01,7.514002323150634766e-01,-2.607158124446868896e-01,5.427110195159912109e-01,-6.406162977218627930e-01,3.269469738006591797e-01,-5.490244030952453613e-01,-2.550722360610961914e-01,-6.324381828308105469e-01,-5.289474129676818848e-02,9.161734580993652344e-01,-2.555585205554962158e-01,-1.451194435358047485e-01,2.969790101051330566e-01,8.610906600952148438e-01,-5.840907096862792969e-01,-1.338062405586242676e+00,1.459848582744598389e-01,1.871990710496902466e-01,-3.809485137462615967e-01,1.702473759651184082e-01,-8.585091680288314819e-02,-3.567323982715606689e-01,-4.567561745643615723e-01,4.861340224742889404e-01,5.588072538375854492e-01,1.401901483535766602e+00,2.266952991485595703e-01,-1.364101648330688477e+00,3.870721817016601562e+00,1.401642322540283203e+00,-1.603977799415588379e+00,-3.338264703750610352e+00,7.463034391403198242e-01,-2.856328487396240234e+00,8.519679903984069824e-01,-4.349717795848846436e-01,4.667851924896240234e-01,4.741469025611877441e-02,4.962322711944580078e-01,-9.280860424041748047e-01,-2.649074494838714600e-01,-2.202210128307342529e-01,-8.345997333526611328e-01,-1.005990803241729736e-01,-1.058288067579269409e-01,-9.443677663803100586e-01,-7.696195840835571289e-01,4.873553514480590820e-01,4.396390914916992188e-02,7.519106566905975342e-02,5.323398113250732422e-02
-8.963845670223236084e-03,-6.281011700630187988e-01,1.282124519348144531e+00,8.316122293472290039e-01,-2.495248764753341675e-01,1.254323720932006836e-01,-2.076908499002456665e-01,-3.145527243614196777e-01,-5.778980255126953125e-01,-9.430406689643859863e-01,-9.866743683815002441e-01,7.284332513809204102e-01,5.193538069725036621e-01,1.194707751274108887e+00,1.336629629135131836e+00,9.699196368455886841e-02,-1.450762987136840820e+00,-1.222960472106933594e+00,-5.374637842178344727e-01,4.702156782150268555e-01,-9.786857366561889648e-01,-2.007054567337036133e+00,6.210520267486572266e-01,9.014003276824951172e-01,-4.191038012504577637e-02,1.144163012504577637e+00,1.975864171981811523e-03,-5.569252967834472656e-01,-8.468787670135498047e-01,-6.809757947921752930e-01,-6.099625825881958008e-01,1.977121382951736450e-01,-4.855010211467742920e-01,-2.795362770557403564e-01,4.327501058578491211e-01,9.579536318778991699e-01,-1.316613554954528809e-01,5.659922957420349121e-01,1.166134595870971680e+00,-5.223155617713928223e-01,-1.026615500450134277e+00,5.277023315429687500e+00,1.669114530086517334e-01,-2.912102460861206055e+00,-4.273074626922607422e+00,-1.712096810340881348e+00,-1.510313630104064941e+00,-2.698706626892089844e+00,-4.198780953884124756e-01,2.084729522466659546e-01,-1.386711895465850830e-01,-3.206676840782165527e-01,6.847125291824340820e-02,1.371914148330688477e-01,3.584398329257965088e-01,-1.136878132820129395e-02,2.684255242347717285e-01,-9.503482282161712646e-02,-5.396848917007446289e-02,-4.208796322345733643e-01,8.362701535224914551e-01,-5.260596275329589844e-01,-9.100358188152313232e-02,1.003357052803039551e+00
4.903960525989532471e-01,2.855740785598754883e-01,5.723226070404052734e-01,-5.043761134147644043e-01,-6.726552844047546387e-01,-1.521241068840026855e-01,-2.257002145051956177e-02,-4.267168343067169189e-01,-1.567748308181762695e+00,-8.396987915039062500e-01,-1.363005161285400391e+00,1.439157962799072266e+00,1.032900661230087280e-01,2.269190311431884766e+00,-9.626614451408386230e-01,5.206460952758789062e-01,-1.906828403472900391e+00,-1.257071971893310547e+00,-4.046148359775543213e-01,3.676472902297973633e-01,-8.715735673904418945e-01,-9.282414913177490234e-01,2.533501625061035156e+00,2.165249139070510864e-01,-7.332631349563598633e-01,4.905672967433929443e-01,1.732279419898986816e+00,-1.479829430580139160e+00,-2.805109977722167969e+00,-9.108970165252685547e-01,5.100846290588378906e-01,-6.919426918029785156e-01,-5.280489921569824219e-01,-5.001584291458129883e-01,3.779999911785125732e-02,-9.735659509897232056e-02,2.751093357801437378e-02,1.261854410171508789e+00,1.808067202568054199e+00,2.063642442226409912e-02,-1.174188971519470215e+00,6.557333469390869141e+00,-1.069527044892311096e-01,-3.814922809600830078e+00,-5.654242038726806641e+00,1.689019680023193359e+00,-3.448933362960815430e+00,-9.631091356277465820e-01,-5.194327831268310547e-01,8.337128162384033203e-01,-4.245864748954772949e-01,3.295802772045135498e-01,-1.686497926712036133e+00,-6.035308539867401123e-02,-2.610354125499725342e-02,-1.932216525077819824e+00,9.848824143409729004e-01,-3.357881009578704834e-01,-1.437129497528076172e+00,-1.615393996238708496e+00,8.099318146705627441e-01,1.494474560022354126e-01,3.770493865013122559e-01,-3.380166888236999512e-01
-5.065029263496398926e-01,-2.699168324470520020e-01,3.037724196910858154e-01,2.974515259265899658e-01,-7.777233123779296875e-01,3.262783586978912354e-02,7.912455499172210693e-02,-2.890258729457855225e-01,-9.405697584152221680e-01,-3.727575540542602539e-01,-6.897795200347900391e-02,3.799719214439392090e-01,5.271003842353820801e-01,5.858725309371948242e-01,-6.199626326560974121e-01,-9.197990298271179199e-01,-2.341810464859008789e-01,4.844606220722198486e-01,-2.152786850929260254e-01,-1.826924979686737061e-01,3.181666135787963867e-02,-6.287536621093750000e-01,6.302995681762695312e-01,1.116443276405334473e+00,2.775526046752929688e-01,7.171252369880676270e-01,-1.346852779388427734e-01,-4.092281460762023926e-01,-2.526816427707672119e-01,5.858832597732543945e-01,3.584572076797485352e-01,-6.185676455497741699e-01,1.250675320625305176e-01,-3.895793855190277100e-01,-3.055280745029449463e-01,-3.798620030283927917e-02,1.540488451719284058e-01,4.296885728836059570e-01,1.376886844635009766e+00,2.687998414039611816e-01,-1.562412738800048828e+00,4.615685939788818359e+00,6.906315088272094727e-01,-2.188933610916137695e+00,-3.740107536315917969e+00,1.209384351968765259e-01,-2.609025478363037109e+00,1.519090414047241211e+00,2.272453904151916504e-01,2.428929358720779419e-01,-2.086322009563446045e-01,5.870856046676635742e-01,-9.277631640434265137e-01,-6.422899663448333740e-02,-3.155526816844940186e-01,-8.761997222900390625e-01,-5.733940005302429199e-01,-2.084781825542449951e-01,-1.019304394721984863e+00,-2.778562605381011963e-01,6.406305432319641113e-01,1.390095055103302002e-02,-2.015329599380493164e-01,2.373205572366714478e-01
-5.399318933486938477e-01,-6.342806816101074219e-01,6.525232195854187012e-01,3.690929710865020752e-01,-3.077527880668640137e-01,-1.169134527444839478e-01,-9.990395605564117432e-02,-8.305692672729492188e-02,-3.210028409957885742e-01,-7.898947000503540039e-01,-1.158944845199584961e+00,-4.323628544807434082e-02,9.045665860176086426e-01,3.147344589233398438e-01,5.471666157245635986e-02,-8.390817642211914062e-01,-4.659982323646545410e-01,-9.112408757209777832e-01,3.686384260654449463e-01,1.337438821792602539e+00,9.994173049926757812e-02,-9.179664850234985352e-01,1.528264880180358887e-01,-4.062975943088531494e-01,6.827493906021118164e-01,1.270141452550888062e-01,-1.318459361791610718e-01,1.981132477521896362e-01,2.881394922733306885e-01,-8.796825259923934937e-02,-3.289287984371185303e-01,1.586303859949111938e-01,1.250130534172058105e-01,-7.271446585655212402e-01,8.085905313491821289e-01,1.859815865755081177e-01,7.413918524980545044e-02,1.599383056163787842e-01,1.319107413291931152e+00,3.055405914783477783e-01,-1.843307495117187500e+00,4.901197433471679688e+00,9.520526528358459473e-01,-1.994465827941894531e+00,-4.429236888885498047e+00,-8.587871789932250977e-01,-2.543824434280395508e+00,-3.666505813598632812e-01,-6.491975188255310059e-01,9.265336394309997559e-02,-3.035053610801696777e-02,-1.884512901306152344e-01,-4.733888432383537292e-02,6.731281876564025879e-01,-2.066017985343933105e-01,3.859925866127014160e-01,-1.141553968191146851e-01,2.373474240303039551e-01,-7.237294316291809082e-02,-4.293328821659088135e-01,4.341049194335937500e-01,-1.400704383850097656e-01,-2.566792368888854980e-01,7.947292327880859375e-01
2.348151654005050659e-01,-6.499201655387878418e-01,7.147392034530639648e-01,2.323690801858901978e-01,-5.265390872955322266e-01,-2.209892719984054565e-01,9.748294949531555176e-02,-1.341279745101928711e-01,-9.501938223838806152e-01,1.533378660678863525e-01,-1.426447629928588867e+00,9.777715206146240234e-01,4.264104962348937988e-01,2.081350088119506836e+00,-7.750714421272277832e-01,-1.046997159719467163e-01,-1.556154847145080566e+00,6.843620538711547852e-02,-3.426334857940673828e-01,5.205141305923461914e-01,-2.471092343330383301e-02,-7.325472831726074219e-01,1.779287934303283691e+00,1.088590502738952637e+00,-3.730925321578979492e-01,6.398629546165466309e-01,1.321780920028686523e+00,-7.458114624023437500e-01,-1.897546768188476562e+00,-7.766103744506835938e-01,6.779950857162475586e-02,-4.650735557079315186e-01,-2.705292403697967529e-01,-5.062349885702133179e-02,1.399436444044113159e-01,-5.579565465450286865e-02,-5.744384527206420898e-01,1.360875725746154785e+00,1.530939817428588867e+00,1.655544340610504150e-01,-5.862131118774414062e-01,3.409814357757568359e+00,1.285022616386413574e+00,-2.306476354598999023e+00,-4.102418899536132812e+00,1.185843944549560547e+00,-2.585060358047485352e+00,4.478510022163391113e-01,-5.488643646240234375e-01,3.062085509300231934e-01,-4.497610330581665039e-01,-1.148801669478416443e-01,-1.393638372421264648e+00,-2.086422443389892578e-01,-1.040132641792297363e-01,-1.543437838554382324e+00,4.271808862686157227e-01,-8.930169045925140381e-02,-1.333935737609863281e+00,-1.136891603469848633e+00,1.019550681114196777e+00,4.146136343479156494e-02,-1.640585362911224365e-01,2.351531237363815308e-01
-1.379087269306182861e-01,-1.772048473358154297e-01,6.680602431297302246e-01,2.303129136562347412e-01,-3.396563827991485596e-01,-4.259850978851318359e-01,-1.164686083793640137e-01,1.983657479286193848e-01,-5.732297301292419434e-01,-1.622438281774520874e-01,-1.392491102218627930e+00,3.768639564514160156e-01,-1.479359716176986694e-01,4.588090181350708008e-01,-9.537261128425598145e-01,3.916297554969787598e-01,-5.507034659385681152e-01,4.928249120712280273e-02,-2.156016826629638672e-01,2.596614360809326172e-01,-4.351338744163513184e-01,-1.272624135017395020e-01,6.594309806823730469e-01,-4.610919654369354248e-01,5.005407333374023438e-02,-5.413844808936119080e-02,8.563284873962402344e-01,-8.346625566482543945e-01,-1.621859192848205566e+00,-4.069727063179016113e-01,1.288641542196273804e-01,-3.866359889507293701e-01,1.396501809358596802e-01,-3.883771598339080811e-01,-8.210331201553344727e-03,-6.570811271667480469e-01,6.875867843627929688e-01,9.713988900184631348e-01,1.267990231513977051e+00,2.387016713619232178e-01,-1.147313594818115234e+00,4.560595035552978516e+00,9.916858673095703125e-01,-2.320569515228271484e+00,-4.197241783142089844e+00,1.296071052551269531e+00,-3.067793130874633789e+00,8.191559314727783203e-01,-3.738141953945159912e-01,2.378261238336563110e-01,-7.632000744342803955e-02,3.066987097263336182e-01,-9.524069428443908691e-01,-2.541273534297943115e-01,-7.535737752914428711e-02,-6.607140898704528809e-01,3.434554636478424072e-01,-4.629348218441009521e-02,-9.043306112289428711e-01,-8.010107278823852539e-01,6.634864211082458496e-01,-1.835046857595443726e-01,-2.359166927635669708e-02,1.941628903150558472e-01
-2.377447634935379028e-01,-2.197886109352111816e-01,6.295664906501770020e-01,-1.305720508098602295e-01,-7.911583781242370605e-01,-1.613447815179824829e-01,8.361246436834335327e-03,-2.440415918827056885e-01,-9.359274506568908691e-01,-6.585915088653564453e-01,-1.380842447280883789e+00,7.416193485260009766e-01,4.375044703483581543e-01,1.618315815925598145e+00,-7.580193877220153809e-01,-4.667810797691345215e-01,-1.049697399139404297e+00,-9.766182303428649902e-01,1.994452774524688721e-01,9.334127902984619141e-01,-3.019536137580871582e-01,-8.127123117446899414e-01,1.288462400436401367e+00,-6.700454950332641602e-01,2.075427025556564331e-01,2.119868695735931396e-01,9.108086824417114258e-01,-8.098877668380737305e-01,-1.636390209197998047e+00,-1.964066624641418457e-01,1.014384925365447998e-01,-2.909615039825439453e-01,-1.264935731887817383e-01,-4.175749421119689941e-01,1.361742764711380005e-01,-3.949155211448669434e-01,1.015217304229736328e-01,6.973310112953186035e-01,1.595940232276916504e+00,2.183057665824890137e-01,-1.903550148010253906e+00,5.598331928253173828e+00,6.295947432518005371e-01,-2.898289203643798828e+00,-5.002483367919921875e+00,7.615429162979125977e-01,-3.011343955993652344e+00,-5.279421806335449219e-01,-1.571101844310760498e-01,3.563526272773742676e-01,5.894158780574798584e-02,1.086566671729087830e-01,-1.091931819915771484e+00,-1.572114229202270508e-02,-1.373868286609649658e-01,-1.140481829643249512e+00,2.653784155845642090e-01,1.603708565235137939e-01,-6.614269018173217773e-01,-1.174104094505310059e+00,7.244835495948791504e-01,-7.234302163124084473e-02,-5.507296323776245117e-02,2.076279819011688232e-01
