8.106737136840820312e-01,4.282507598400115967e-01,-5.242068767547607422e-01,-3.550426959991455078e-01,-8.419895172119140625e-02,5.628330707550048828e-01,1.081519424915313721e-01,4.891553521156311035e-01,-2.318930387496948242e+00,-3.337999820709228516e+00,9.270461201667785645e-01,3.916703701019287109e+00,-3.057477474212646484e+00,-4.599135220050811768e-01,2.371582746505737305e+00,-1.563253998756408691e+00,-2.221078634262084961e+00,1.205626249313354492e+00,4.336220264434814453e+00,4.066378116607666016e+00,-4.743844032287597656e+00,-3.335102081298828125e+00,-2.627128839492797852e+00,-5.410429239273071289e-01,1.639334559440612793e-01,-1.615184843540191650e-01,-5.079035162925720215e-01,4.353123605251312256e-01,-9.465166181325912476e-02,5.980691313743591309e-01,-1.247417703270912170e-01,-5.150947570800781250e-01,1.257642984390258789e+00,1.116408228874206543e+00,-1.933068037033081055e+00,-1.400897979736328125e+00,-7.877583503723144531e-01,1.437944293022155762e+00,1.582542538642883301e+00,6.432482600212097168e-01,-1.991817504167556763e-01,-1.313533067703247070e+00,-1.621064543724060059e+00,-1.420262921601533890e-02,-3.615630269050598145e-01,-6.143290996551513672e-01,-2.452659010887145996e-01,9.523113965988159180e-01,-7.553295493125915527e-01,-1.046228766441345215e+00,1.769341677427291870e-01,1.045871805399656296e-02,4.027003288269042969e+00,2.438638359308242798e-01,2.528688907623291016e+00,-1.131409630179405212e-01,-4.663689434528350830e-01,-1.988507986068725586e+00,-7.772302031517028809e-01,-1.344223618507385254e-01,4.667102098464965820e-01,-9.280443191528320312e-02,4.663803577423095703e-01,-2.642475962638854980e-01
-7.790763378143310547e-01,-1.307937860488891602e+00,1.463720321655273438e+00,-7.296284288167953491e-02,-8.616521358489990234e-01,-1.792853116989135742e+00,-1.225319862365722656e+00,-1.003482937812805176e+00,-1.116366982460021973e+00,-4.145812690258026123e-01,-7.537189126014709473e-01,1.687670111656188965e+00,-3.048709154129028320e+00,-1.972309470176696777e+00,1.982630252838134766e+00,5.115469098091125488e-01,-1.392596721649169922e+00,4.924738779664039612e-02,-5.557045936584472656e-01,-5.035134553909301758e-01,-8.940485119819641113e-01,3.642631053924560547e+00,2.309149503707885742e+00,1.277522444725036621e+00,-1.063712537288665771e-01,-6.058427095413208008e-01,-7.366012334823608398e-01,-9.230372309684753418e-02,4.976231455802917480e-01,8.704128265380859375e-01,-1.220784801989793777e-02,-5.517909526824951172e-01,9.149842709302902222e-02,-8.727448582649230957e-01,-1.558040142059326172e+00,-5.472220182418823242e-01,1.023024678230285645e+00,2.266269475221633911e-01,4.918887019157409668e-01,-1.356259822845458984e+00,7.301810383796691895e-01,-8.332536816596984863e-01,-1.058815956115722656e+00,-1.304199814796447754e+00,2.663994207978248596e-02,-3.810254037380218506e-01,-7.199683189392089844e-01,5.256377458572387695e-01,-2.254315018653869629e-01,2.437260448932647705e-01,4.017952978610992432e-01,4.508413076400756836e-01,1.688660383224487305e+00,2.931756675243377686e-01,1.118688508868217468e-01,7.535934448242187500e-02,7.239447832107543945e-01,-5.436521768569946289e-01,-3.062232136726379395e-01,-1.020160317420959473e+00,-5.250288844108581543e-01,-7.091500163078308105e-01,-6.676573157310485840e-01,3.667398393154144287e-01
5.453846454620361328e-01,6.303882598876953125e-02,-9.019030630588531494e-02,-2.559509575366973877e-01,-2.644813954830169678e-01,5.120296496897935867e-03,-1.561702787876129150e-01,1.652634441852569580e-01,-1.824299216270446777e+00,-1.688156127929687500e+00,3.803879320621490479e-01,2.779442548751831055e+00,-2.934397697448730469e+00,-1.244751453399658203e+00,1.933447003364562988e+00,-2.139727026224136353e-01,-1.535480976104736328e+00,2.880463600158691406e-01,-1.596533320844173431e-02,6.343333721160888672e-01,-2.594592332839965820e+00,2.426852226257324219e+00,1.866512894630432129e+00,7.036685347557067871e-01,1.473640799522399902e-01,-9.332055598497390747e-02,-6.609981060028076172e-01,5.309646129608154297e-01,1.111702546477317810e-01,8.919609785079956055e-01,-1.829805821180343628e-01,-8.310822248458862305e-01,7.386613488197326660e-01,5.464313626289367676e-01,-1.419206023216247559e+00,-6.771085858345031738e-01,-7.989364117383956909e-02,1.353962063789367676e+00,9.592689275741577148e-01,-1.190000772476196289e-02,-1.423711888492107391e-02,-1.180048465728759766e+00,-1.585085272789001465e+00,9.719904065132141113e-01,-9.028877019882202148e-01,-8.751704096794128418e-01,7.686161994934082031e-02,9.344031214714050293e-01,-5.067046284675598145e-01,-5.478611588478088379e-01,3.885453939437866211e-01,2.634369730949401855e-01,2.908841609954833984e+00,3.200495243072509766e-01,1.507383584976196289e+00,-1.190430968999862671e-01,1.293200999498367310e-01,-1.478638768196105957e+00,-4.754459559917449951e-01,-6.045703887939453125e-01,-3.899500519037246704e-02,-3.888114094734191895e-01,-1.242124363780021667e-01,8.796328306198120117e-02
1.581353098154067993e-01,-3.686196804046630859e-01,3.959106206893920898e-01,-2.015653401613235474e-01,-4.155987203121185303e-01,-6.038920283317565918e-01,-4.524497091770172119e-01,-2.066704034805297852e-01,-1.060301899909973145e+00,-2.501538395881652832e-01,-1.782555431127548218e-01,1.700437307357788086e+00,-2.811442136764526367e+00,-1.692138195037841797e+00,1.738029718399047852e+00,5.401265621185302734e-01,-1.448853731155395508e+00,-3.017802238464355469e-01,-1.360696554183959961e-01,4.363969564437866211e-01,-1.927028536796569824e+00,2.861912727355957031e+00,2.064028501510620117e+00,4.178948402404785156e-01,2.695225477218627930e-01,-1.588703840970993042e-01,-1.073440551757812500e+00,2.304727733135223389e-01,7.882979512214660645e-01,1.276862740516662598e+00,-3.229600489139556885e-01,-1.021025061607360840e+00,2.769089937210083008e-01,-8.921709656715393066e-02,-1.101445555686950684e+00,-1.754470616579055786e-01,5.935220122337341309e-01,1.062430977821350098e+00,4.580762982368469238e-01,-7.108688950538635254e-01,8.800219744443893433e-02,-1.132348418235778809e+00,-1.517854809761047363e+00,7.861943840980529785e-01,-8.275804519653320312e-01,-8.456649184226989746e-01,3.607267141342163086e-02,8.891327381134033203e-01,-1.460972242057323456e-02,4.634690880775451660e-01,4.919700324535369873e-01,5.385818481445312500e-01,1.580942869186401367e+00,1.852748394012451172e-01,-5.050286650657653809e-01,1.724389642477035522e-01,2.448431402444839478e-01,-1.128016829490661621e+00,-5.266336798667907715e-01,-6.224313974380493164e-01,-1.224842220544815063e-01,-4.103871285915374756e-01,-2.248771637678146362e-01,8.092125505208969116e-02
5.176129937171936035e-02,-4.906443655490875244e-01,5.417398214340209961e-01,-1.496853977441787720e-01,-4.884680807590484619e-01,-7.587636113166809082e-01,-5.598171949386596680e-01,-3.118759095668792725e-01,-1.568595528602600098e+00,-1.157660841941833496e+00,-3.801257014274597168e-01,2.306308507919311523e+00,-3.076330661773681641e+00,-1.595198631286621094e+00,2.093359231948852539e+00,2.194909304380416870e-01,-1.374219059944152832e+00,-4.834462702274322510e-02,1.922343522310256958e-01,8.833215832710266113e-01,-2.039498567581176758e+00,2.323000669479370117e+00,1.765575766563415527e+00,3.365641236305236816e-01,1.183145791292190552e-01,-4.088273942470550537e-01,-7.281059622764587402e-01,1.288413405418395996e-01,2.521142065525054932e-01,7.548974752426147461e-01,-9.160087257623672485e-02,-4.752657711505889893e-01,1.265579760074615479e-01,-2.355449497699737549e-01,-1.247173190116882324e+00,-2.773260474205017090e-01,5.728985667228698730e-01,4.292931258678436279e-01,4.377866387367248535e-01,-8.921642303466796875e-01,3.981322795152664185e-02,-1.152389645576477051e+00,-1.544167995452880859e+00,8.381069302558898926e-01,-8.450010418891906738e-01,-8.520651459693908691e-01,4.595756158232688904e-02,9.096456170082092285e-01,-2.501782178878784180e-01,9.259662777185440063e-02,3.725383579730987549e-01,3.585984110832214355e-01,2.135254859924316406e+00,2.303583920001983643e-01,4.468500614166259766e-01,8.185260742902755737e-02,1.006154492497444153e-01,-1.485574960708618164e+00,-5.035120844841003418e-01,-7.339338660240173340e-01,-1.956777833402156830e-02,-3.590615391731262207e-01,-1.337383687496185303e-01,4.871857166290283203e-02
2.262503504753112793e-01,-1.924795210361480713e-01,1.920709908008575439e-01,-3.443001806735992432e-01,-2.580330967903137207e-01,-3.633040487766265869e-01,-2.250752300024032593e-01,-4.446739703416824341e-02,-1.310750484466552734e+00,-4.830656945705413818e-01,-2.141668796539306641e-01,1.929851412773132324e+00,-2.829520463943481445e+00,-1.454099535942077637e+00,1.787241816520690918e+00,6.273334026336669922e-01,-1.528709888458251953e+00,-2.073189616203308105e-01,3.644550219178199768e-02,5.521386861801147461e-01,-1.872255921363830566e+00,2.723924160003662109e+00,2.067650079727172852e+00,6.241333484649658203e-01,5.871396660804748535e-01,2.711839973926544189e-01,-1.278361320495605469e+00,6.050734519958496094e-01,8.638766407966613770e-01,1.493285179138183594e+00,-6.332153081893920898e-01,-1.398234367370605469e+00,2.677366137504577637e-01,6.599978543817996979e-03,-1.155883312225341797e+00,-2.498193979263305664e-01,4.296901226043701172e-01,7.480843067169189453e-01,4.988516569137573242e-01,-6.535367369651794434e-01,5.490816235542297363e-01,-9.437005519866943359e-01,-1.140750408172607422e+00,-1.539944529533386230e+00,1.275049299001693726e-01,-3.102200031280517578e-01,-8.525670766830444336e-01,5.980286002159118652e-01,-3.995766341686248779e-01,-3.308845758438110352e-01,4.217478036880493164e-01,2.883130311965942383e-01,2.770936727523803711e+00,2.833153009414672852e-01,1.376070976257324219e+00,-7.273858040571212769e-02,2.160055041313171387e-01,-1.034555435180664062e+00,-6.055304408073425293e-01,-4.820339381694793701e-01,-1.031173393130302429e-01,-3.640617430210113525e-01,-1.987228691577911377e-01,1.044786721467971802e-02
1.220927238464355469e-01,-4.204584658145904541e-01,4.577223956584930420e-01,-1.680336296558380127e-01,-4.514144659042358398e-01,-6.706438660621643066e-01,-5.034690499305725098e-01,-2.525251209735870361e-01,-1.758148074150085449e+00,-1.420832633972167969e+00,-3.347828388214111328e-01,2.479231834411621094e+00,-3.011796712875366211e+00,-1.316943407058715820e+00,2.087510824203491211e+00,2.705355882644653320e-01,-1.466179132461547852e+00,1.522809267044067383e-01,-3.690701127052307129e-01,-2.826209366321563721e-01,-1.325369715690612793e+00,3.259324550628662109e+00,2.172858238220214844e+00,1.288868784904479980e+00,1.435949001461267471e-02,-3.272504806518554688e-01,-6.154223680496215820e-01,2.122198939323425293e-01,1.579490005970001221e-01,7.342618703842163086e-01,-1.163079440593719482e-01,-5.991973280906677246e-01,3.823524713516235352e-02,-4.433892667293548584e-01,-1.169882893562316895e+00,-1.500140875577926636e-01,8.084535598754882812e-01,5.078092217445373535e-01,3.256062865257263184e-01,-1.092572331428527832e+00,1.176665902137756348e+00,-7.131857275962829590e-01,-8.475968241691589355e-01,-1.784195423126220703e+00,1.737098246812820435e-01,-3.783670067787170410e-01,-7.566857933998107910e-01,4.028315842151641846e-01,-1.893408596515655518e-01,3.587922751903533936e-01,3.742751479148864746e-01,4.162215292453765869e-01,1.838902354240417480e+00,3.009141981601715088e-01,4.904712364077568054e-02,1.833210587501525879e-01,2.022814154624938965e-01,-1.375342488288879395e+00,-4.439698457717895508e-01,-6.687943339347839355e-01,-9.921632707118988037e-02,-4.481413066387176514e-01,-1.856217384338378906e-01,1.418801546096801758e-01
-8.733078092336654663e-02,-5.846800804138183594e-01,6.435821652412414551e-01,-1.979343146085739136e-01,-5.059121847152709961e-01,-8.675869107246398926e-01,-5.990209579467773438e-01,-3.839139938354492188e-01,-1.436526179313659668e+00,-8.380635380744934082e-01,-4.331352114677429199e-01,2.073359489440917969e+00,-2.977661609649658203e+00,-1.524356126785278320e+00,1.998123526573181152e+00,4.367005825042724609e-01,-1.469721794128417969e+00,6.262303888797760010e-02,-1.259085386991500854e-01,3.306101560592651367e-01,-1.808526635169982910e+00,2.828828096389770508e+00,2.061619043350219727e+00,8.280809521675109863e-01,1.478503197431564331e-01,-2.213565260171890259e-01,-7.731249332427978516e-01,3.228248357772827148e-01,3.157280981540679932e-01,9.311933517456054688e-01,-2.005928903818130493e-01,-7.656924724578857422e-01,7.583937793970108032e-02,-6.224361062049865723e-01,-1.339600801467895508e+00,-2.947979569435119629e-01,9.642853140830993652e-01,5.116156935691833496e-01,3.933164775371551514e-01,-1.235677599906921387e+00,3.509367704391479492e-01,-1.011174201965332031e+00,-1.335870385169982910e+00,1.503942012786865234e-01,-5.730663537979125977e-01,-7.337356209754943848e-01,-1.388542354106903076e-01,7.708845734596252441e-01,-3.646401762962341309e-01,-1.787763833999633789e-01,4.279047250747680664e-01,3.470017015933990479e-01,2.351784229278564453e+00,3.210749030113220215e-01,9.599383473396301270e-01,-4.585910588502883911e-02,3.556365370750427246e-01,-1.131752848625183105e+00,-4.209987223148345947e-01,-6.581608057022094727e-01,-2.392214089632034302e-01,-4.894991815090179443e-01,-3.417250812053680420e-01,1.657165884971618652e-01
-1.592115908861160278e-01,-6.892805099487304688e-01,7.614336013793945312e-01,-1.556283831596374512e-01,-5.511267185211181641e-01,-1.016419649124145508e+00,-6.931159496307373047e-01,-4.779324829578399658e-01,-8.104428052902221680e-01,1.501571200788021088e-02,-8.260563611984252930e-01,1.339727997779846191e+00,-2.970833301544189453e+00,-2.177130699157714844e+00,1.973282098770141602e+00,5.530745387077331543e-01,-1.419248342514038086e+00,-5.972108244895935059e-01,3.417349187657237053e-03,3.944340050220489502e-01,-1.203745126724243164e+00,3.021157979965209961e+00,2.112645864486694336e+00,4.022909104824066162e-01,2.658717632293701172e-01,-1.641923785209655762e-01,-1.029552817344665527e+00,1.918630003929138184e-01,7.204127907752990723e-01,1.183949112892150879e+00,-3.396188914775848389e-01,-9.469963908195495605e-01,1.608644127845764160e-01,-1.217895627021789551e+00,-1.882084012031555176e+00,-9.018117785453796387e-01,1.219619512557983398e+00,4.725016653537750244e-02,6.696554422378540039e-01,-1.579097628593444824e+00,8.495861291885375977e-01,-8.031080961227416992e-01,-1.021678686141967773e+00,-9.971522092819213867e-01,-1.473411321640014648e-01,-5.231167674064636230e-01,-5.022112131118774414e-01,5.328711271286010742e-01,-2.380844652652740479e-01,1.297519505023956299e-01,4.177439212799072266e-01,4.176504909992218018e-01,1.956739306449890137e+00,2.758326828479766846e-01,3.325302004814147949e-01,5.771425738930702209e-02,2.622175514698028564e-01,-1.089715600013732910e+00,-5.264571309089660645e-01,-6.995251178741455078e-01,-1.493194997310638428e-01,-4.190170764923095703e-01,-2.640014290809631348e-01,7.762796431779861450e-02
-8.238166570663452148e-02,-5.803869962692260742e-01,6.362979412078857422e-01,-2.021299451589584351e-01,-4.953147768974304199e-01,-8.656181693077087402e-01,-5.936353802680969238e-01,-3.792861998081207275e-01,-1.260918736457824707e+00,-5.856710672378540039e-01,-3.910086452960968018e-01,1.910360813140869141e+00,-2.958492517471313477e+00,-1.685290813446044922e+00,1.922657847404479980e+00,4.379458725452423096e-01,-1.406419515609741211e+00,2.180093340575695038e-02,-2.659919857978820801e-01,1.591576039791107178e-01,-1.709768295288085938e+00,3.000193834304809570e+00,2.108464956283569336e+00,8.066798448562622070e-01,9.129995107650756836e-02,-2.440910786390304565e-01,-8.553741574287414551e-01,2.401936948299407959e-01,5.092328786849975586e-01,1.061896562576293945e+00,-2.237616181373596191e-01,-9.032831788063049316e-01,2.172843180596828461e-02,-4.329232871532440186e-01,-1.291792631149291992e+00,-2.918962240219116211e-01,7.343761324882507324e-01,3.358995616436004639e-01,4.158018529415130615e-01,-1.113394141197204590e+00,2.765114903450012207e-01,-1.052354812622070312e+00,-1.386158704757690430e+00,2.235222607851028442e-01,-5.898444652557373047e-01,-7.345924377441406250e-01,-1.354019790887832642e-01,8.001215457916259766e-01,-2.058001458644866943e-01,1.867330372333526611e-01,4.078100621700286865e-01,4.093170464038848877e-01,2.043140888214111328e+00,2.438912242650985718e-01,3.079464733600616455e-01,9.459409117698669434e-02,4.055954217910766602e-01,-9.739007949829101562e-01,-4.427065253257751465e-01,-6.729508042335510254e-01,-2.670646309852600098e-01,-4.955674707889556885e-01,-3.793813288211822510e-01,1.665068268775939941e-01
-1.534322053194046021e-01,-6.991643905639648438e-01,7.815597653388977051e-01,-1.354407668113708496e-01,-5.957748889923095703e-01,-1.035197019577026367e+00,-7.475811243057250977e-01,-4.900973439216613770e-01,-1.360646963119506836e+00,-7.581617832183837891e-01,-5.691452622413635254e-01,1.980393290519714355e+00,-3.022107839584350586e+00,-1.677561998367309570e+00,2.003861665725708008e+00,4.673380553722381592e-01,-1.442789673805236816e+00,-8.538214489817619324e-03,-1.179375946521759033e-01,2.231125235557556152e-01,-1.453600883483886719e+00,2.914883852005004883e+00,2.059250831604003906e+00,8.440872430801391602e-01,1.160580739378929138e-01,-3.556672930717468262e-01,-7.675393223762512207e-01,1.848011314868927002e-01,3.317656815052032471e-01,8.815039396286010742e-01,-1.348013579845428467e-01,-6.220020651817321777e-01,1.394238322973251343e-01,-1.244383811950683594e+00,-1.915404081344604492e+00,-8.376687765121459961e-01,1.297001838684082031e+00,3.605463728308677673e-02,6.149985790252685547e-01,-1.651105999946594238e+00,1.786362081766128540e-01,-1.091669082641601562e+00,-1.455219149589538574e+00,5.589448809623718262e-01,-7.351903915405273438e-01,-8.025779724121093750e-01,-3.247899934649467468e-02,8.451018333435058594e-01,-4.414065480232238770e-01,-2.131268233060836792e-01,3.843977749347686768e-01,3.020594418048858643e-01,2.300085544586181641e+00,3.907242417335510254e-01,1.116321563720703125e+00,-4.993142932653427124e-02,2.847821414470672607e-01,-1.328163981437683105e+00,-4.001332819461822510e-01,-7.016050219535827637e-01,-1.944370418787002563e-01,-4.820596873760223389e-01,-2.794351577758789062e-01,1.647910773754119873e-01
7.868535816669464111e-02,-4.474547803401947021e-01,4.784570336341857910e-01,-2.028474360704421997e-01,-4.201534688472747803e-01,-7.089593410491943359e-01,-4.755903780460357666e-01,-2.734206616878509521e-01,-1.420236945152282715e+00,-8.385466337203979492e-01,-1.216399967670440674e-01,2.138080596923828125e+00,-2.899083137512207031e+00,-1.505511760711669922e+00,1.921080708503723145e+00,3.219760358333587646e-01,-1.438568592071533203e+00,-3.978519141674041748e-01,2.586062550544738770e-01,8.674593567848205566e-01,-1.741006255149841309e+00,2.514527559280395508e+00,1.885154843330383301e+00,2.536595761775970459e-01,3.451486229896545410e-01,5.232416465878486633e-02,-8.977584242820739746e-01,6.109313368797302246e-01,3.457260429859161377e-01,1.122373104095458984e+00,-3.415781855583190918e-01,-1.027481079101562500e+00,8.913351595401763916e-02,-5.080249905586242676e-01,-1.273399591445922852e+00,-2.400148808956146240e-01,8.774961233139038086e-01,5.648410320281982422e-01,3.761853575706481934e-01,-1.130700945854187012e+00,1.770114153623580933e-01,-1.103747844696044922e+00,-1.448264122009277344e+00,3.716096282005310059e-01,-6.582695245742797852e-01,-7.637695670127868652e-01,-1.033272817730903625e-01,8.460614085197448730e-01,-3.283789753913879395e-01,3.052177466452121735e-02,3.057030737400054932e-01,2.069064080715179443e-01,2.511298418045043945e+00,2.997170090675354004e-01,9.548656344413757324e-01,1.471416801214218140e-01,9.856215119361877441e-02,-1.278272747993469238e+00,-5.947185158729553223e-01,-4.569068551063537598e-01,-1.571779511868953705e-02,-3.399475514888763428e-01,-7.859934866428375244e-02,-5.147635005414485931e-03
6.335611343383789062e-01,2.265451708808541298e-03,-2.300660684704780579e-02,-1.141122058033943176e-01,-3.551152646541595459e-01,-1.102550178766250610e-01,-2.881184220314025879e-01,9.113683551549911499e-02,-1.856380820274353027e+00,-1.782261848449707031e+00,6.644267588853836060e-02,2.800776720046997070e+00,-3.071213483810424805e+00,-1.423620939254760742e+00,2.073541879653930664e+00,-1.281652003526687622e-01,-1.428724765777587891e+00,4.088963568210601807e-01,6.279479861259460449e-01,1.363634586334228516e+00,-2.936742305755615234e+00,1.364416360855102539e+00,1.072841048240661621e+00,2.086478769779205322e-01,-7.150831073522567749e-02,-5.307231545448303223e-01,-4.356004297733306885e-01,-4.259594902396202087e-02,3.148835152387619019e-02,4.806190729141235352e-01,5.622582510113716125e-02,-2.321016639471054077e-01,4.227307438850402832e-01,3.381101489067077637e-01,-1.176834583282470703e+00,-3.505903184413909912e-01,1.210601255297660828e-01,1.023143291473388672e+00,6.676792502403259277e-01,-3.312142491340637207e-01,-1.268882583826780319e-02,-1.179350733757019043e+00,-1.583466410636901855e+00,9.661168456077575684e-01,-8.997812271118164062e-01,-8.744015693664550781e-01,7.637170702219009399e-02,9.335228204727172852e-01,-3.153927326202392578e-01,7.686247676610946655e-02,3.030750453472137451e-01,2.984794378280639648e-01,2.277513742446899414e+00,2.908850014209747314e-01,5.730172991752624512e-01,1.415117383003234863e-01,-1.810575425624847412e-01,-1.840986609458923340e+00,-5.974041819572448730e-01,-5.567506551742553711e-01,2.160613089799880981e-01,-2.136159539222717285e-01,1.135590896010398865e-01,-8.469360321760177612e-02
7.439849972724914551e-01,3.934075832366943359e-01,-4.897119402885437012e-01,-4.239274859428405762e-01,-3.132176026701927185e-02,4.983472526073455811e-01,1.719958782196044922e-01,4.613048732280731201e-01,-2.116894483566284180e+00,-2.575192451477050781e+00,4.831749200820922852e-01,3.345849514007568359e+00,-2.986598491668701172e+00,-8.011828064918518066e-01,2.164292573928833008e+00,-7.686866521835327148e-01,-2.199915170669555664e+00,1.182826757431030273e+00,4.239850044250488281e+00,4.005350589752197266e+00,-4.698866367340087891e+00,-3.212610244750976562e+00,-2.522450447082519531e+00,-5.208242535591125488e-01,2.366882413625717163e-01,-1.677866578102111816e-01,-6.723049879074096680e-01,4.387984573841094971e-01,9.369831532239913940e-02,7.902243137359619141e-01,-1.514515578746795654e-01,-6.155962347984313965e-01,1.145985245704650879e+00,9.565132856369018555e-01,-1.814143419265747070e+00,-1.216694712638854980e+00,-5.628664493560791016e-01,1.465942621231079102e+00,1.419389724731445312e+00,4.749740064144134521e-01,-1.811519823968410492e-02,-1.181762456893920898e+00,-1.586432933807373047e+00,9.688605070114135742e-01,-9.006807804107666016e-01,-8.743994235992431641e-01,7.613171637058258057e-02,9.357432723045349121e-01,-5.031968951225280762e-01,-6.663966774940490723e-01,3.877784013748168945e-01,2.567537426948547363e-01,3.130608081817626953e+00,2.417329400777816772e-01,1.589349746704101562e+00,-1.522312611341476440e-01,-3.212344646453857422e-01,-1.903827548027038574e+00,-6.945707798004150391e-01,-2.029815614223480225e-01,3.342086672782897949e-01,-1.318054646253585815e-01,2.927273809909820557e-01,-1.932760477066040039e-01
-2.552736699581146240e-01,-7.776740789413452148e-01,8.653604388236999512e-01,-1.354968696832656860e-01,-6.108800172805786133e-01,-1.120683431625366211e+00,-7.761459946632385254e-01,-5.524848103523254395e-01,-1.253393173217773438e+00,-5.746274590492248535e-01,-2.231934368610382080e-01,1.952324032783508301e+00,-2.925396442413330078e+00,-1.643996238708496094e+00,1.876954913139343262e+00,3.722192347049713135e-01,-1.414278984069824219e+00,-1.600516960024833679e-02,-1.807045787572860718e-01,2.722902595996856689e-01,-1.806854605674743652e+00,2.873692989349365234e+00,2.067790031433105469e+00,7.369590401649475098e-01,1.938196718692779541e-01,-7.486705482006072998e-02,-7.916887402534484863e-01,4.752591848373413086e-01,2.971166968345642090e-01,1.004009604454040527e+00,-2.551917731761932373e-01,-9.244475364685058594e-01,1.210533604025840759e-01,-4.202736914157867432e-01,-1.267425537109375000e+00,-2.540552318096160889e-01,7.861407995223999023e-01,5.657624006271362305e-01,4.033408463001251221e-01,-1.050722718238830566e+00,4.098719656467437744e-01,-9.911194443702697754e-01,-1.299578070640563965e+00,-2.082550339400768280e-02,-5.071251392364501953e-01,-7.016119360923767090e-01,-1.965477466583251953e-01,7.432616949081420898e-01,-2.027923464775085449e-01,2.850228250026702881e-01,3.204182088375091553e-01,3.165377974510192871e-01,2.165080308914184570e+00,2.252535969018936157e-01,3.902691006660461426e-01,1.957109719514846802e-01,4.643497467041015625e-01,-9.048290252685546875e-01,-4.122525453567504883e-01,-7.945492863655090332e-01,-3.182912468910217285e-01,-5.451361536979675293e-01,-4.492578506469726562e-01,2.095604836940765381e-01
4.572392106056213379e-01,-1.024985238909721375e-01,1.023583337664604187e-01,-1.879028975963592529e-01,-3.633245527744293213e-01,-2.625209093093872070e-01,-3.352416157722473145e-01,1.096945349127054214e-02,-1.725302100181579590e+00,-1.144712328910827637e+00,-3.183543980121612549e-01,2.506837129592895508e+00,-2.975871801376342773e+00,-1.005009651184082031e+00,2.022126436233520508e+00,5.306067466735839844e-01,-1.508993148803710938e+00,1.214456334710121155e-01,1.101011186838150024e-01,7.378419637680053711e-01,-2.241717100143432617e+00,2.400217771530151367e+00,1.829523801803588867e+00,5.767689347267150879e-01,1.107342094182968140e-01,-4.790351986885070801e-01,-7.233665585517883301e-01,7.434951514005661011e-02,3.018740117549896240e-01,7.761026620864868164e-01,-5.241158604621887207e-02,-4.175977408885955811e-01,2.979422211647033691e-01,-6.385448575019836426e-02,-1.145645856857299805e+00,-1.884411424398422241e-01,5.391104817390441895e-01,8.438113331794738770e-01,4.455914497375488281e-01,-6.768741607666015625e-01,9.184259772300720215e-01,-8.776696920394897461e-01,-1.132617592811584473e+00,-2.477385699748992920e-01,-4.877826571464538574e-01,-6.984860897064208984e-01,-2.501288056373596191e-01,5.435917973518371582e-01,-4.024529755115509033e-01,-6.190887466073036194e-02,2.245814353227615356e-01,1.593942940235137939e-01,2.827948570251464844e+00,2.916484475135803223e-01,1.207048773765563965e+00,1.717147231101989746e-01,1.931609511375427246e-01,-1.360159993171691895e+00,-4.653048813343048096e-01,-4.855908751487731934e-01,-8.732883632183074951e-02,-4.357661902904510498e-01,-1.213527247309684753e-01,1.258628070354461670e-01
-4.650386869907379150e-01,-1.116568326950073242e+00,1.249871611595153809e+00,3.868969529867172241e-02,-8.633558750152587891e-01,-1.555364727973937988e+00,-1.152590870857238770e+00,-8.558139204978942871e-01,-1.809587121009826660e+00,-1.632041692733764648e+00,-6.528465747833251953e-01,2.534213542938232422e+00,-3.282747030258178711e+00,-1.671724438667297363e+00,2.287580728530883789e+00,7.579896599054336548e-02,-1.470890760421752930e+00,2.780212461948394775e-01,-3.301497697830200195e-01,-1.271228343248367310e-01,-1.654558420181274414e+00,3.085425853729248047e+00,2.037474155426025391e+00,1.144116520881652832e+00,-2.782849967479705811e-01,-6.895822882652282715e-01,-4.569087326526641846e-01,-1.390102207660675049e-01,1.230073943734169006e-01,5.288940668106079102e-01,1.187884584069252014e-01,-3.141082823276519775e-01,3.091755509376525879e-02,-1.039635658264160156e+00,-1.746404051780700684e+00,-6.873048543930053711e-01,1.112381935119628906e+00,-5.676105618476867676e-03,5.605388879776000977e-01,-1.571603178977966309e+00,7.387257218360900879e-01,-8.547021150588989258e-01,-1.084508776664733887e+00,-8.561134338378906250e-01,-1.637210845947265625e-01,-5.421756505966186523e-01,-4.526205956935882568e-01,5.937969088554382324e-01,-2.576248347759246826e-01,4.154036939144134521e-02,4.609906375408172607e-01,4.674399197101593018e-01,1.352196335792541504e+00,2.950439155101776123e-01,1.746814250946044922e-01,-5.423039570450782776e-02,6.565174460411071777e-01,-9.186056852340698242e-01,-2.183605581521987915e-01,-1.186993360519409180e+00,-4.908683896064758301e-01,-6.872242689132690430e-01,-6.704491972923278809e-01,3.948633372783660889e-01
5.230768918991088867e-01,1.357954889535903931e-01,-1.763191968202590942e-01,-3.763430416584014893e-01,-1.488827168941497803e-01,1.056068390607833862e-01,-1.451673544943332672e-02,2.382173687219619751e-01,-1.925859808921813965e+00,-1.651535153388977051e+00,-3.140834271907806396e-01,2.836806297302246094e+00,-3.070720911026000977e+00,-9.377645254135131836e-01,2.131205320358276367e+00,2.945860326290130615e-01,-1.751253485679626465e+00,5.450778007507324219e-01,1.748225212097167969e+00,2.150686502456665039e+00,-3.022825002670288086e+00,1.966505348682403564e-01,1.580566316843032837e-01,9.464842826128005981e-02,1.875608228147029877e-02,-5.670522451400756836e-01,-4.586011767387390137e-01,-1.101997941732406616e-01,3.523614257574081421e-02,4.052070975303649902e-01,2.701524086296558380e-02,-9.173315018415451050e-02,2.330272085964679718e-02,-4.147514700889587402e-01,-1.086129546165466309e+00,-5.024125799536705017e-02,8.385514020919799805e-01,5.704604387283325195e-01,2.652791142463684082e-01,-1.078338027000427246e+00,3.435827493667602539e-01,-1.043268322944641113e+00,-1.390668869018554688e+00,5.548054575920104980e-01,-7.558169960975646973e-01,-8.328412771224975586e-01,1.847068965435028076e-02,7.926697731018066406e-01,-5.162038207054138184e-01,-2.779219448566436768e-01,1.194446459412574768e-01,8.984264731407165527e-02,3.241402149200439453e+00,2.526291310787200928e-01,1.464061617851257324e+00,1.675625443458557129e-01,-2.034795284271240234e-01,-1.918215751647949219e+00,-5.652397274971008301e-01,-1.612864583730697632e-01,2.322980612516403198e-01,-2.698890864849090576e-01,2.798934876918792725e-01,-4.833212122321128845e-02
2.892799377441406250e-01,-3.831631243228912354e-01,4.211069643497467041e-01,-3.244135156273841858e-02,-5.453188419342041016e-01,-6.287779211997985840e-01,-5.969781279563903809e-01,-2.377947419881820679e-01,-1.582728505134582520e+00,-1.169388055801391602e+00,-4.990374743938446045e-01,2.280645132064819336e+00,-3.099478483200073242e+00,-1.557727813720703125e+00,2.129250049591064453e+00,2.607671022415161133e-01,-1.424136519432067871e+00,2.679120898246765137e-01,1.455766856670379639e-01,8.423389792442321777e-01,-2.527177095413208008e+00,2.153913736343383789e+00,1.632151722908020020e+00,4.828230440616607666e-01,-2.783422470092773438e-01,-5.855001211166381836e-01,-5.490531325340270996e-01,-7.343193888664245605e-02,2.873647511005401611e-01,7.245040535926818848e-01,4.962018877267837524e-02,-5.739312171936035156e-01,3.252193629741668701e-01,4.688487574458122253e-02,-1.150978803634643555e+00,-2.307936549186706543e-01,4.400681555271148682e-01,1.018062949180603027e+00,5.147494673728942871e-01,-5.872585773468017578e-01,5.303660780191421509e-02,-1.145596265792846680e+00,-1.533867120742797852e+00,8.074923753738403320e-01,-8.287995457649230957e-01,-8.462030291557312012e-01,4.057678952813148499e-02,9.024747014045715332e-01,-5.196252837777137756e-02,6.733303070068359375e-01,3.856863975524902344e-01,5.182144045829772949e-01,1.358691930770874023e+00,2.610504031181335449e-01,-7.284125089645385742e-01,2.815077304840087891e-01,2.172952443361282349e-01,-1.352729082107543945e+00,-4.503675103187561035e-01,-8.880864381790161133e-01,-1.183794066309928894e-01,-4.315452277660369873e-01,-2.631627917289733887e-01,1.214049980044364929e-01
-5.199953913688659668e-03,-4.572806358337402344e-01,4.952839016914367676e-01,-2.593501806259155273e-01,-4.017855226993560791e-01,-7.010205388069152832e-01,-4.482956230640411377e-01,-2.707827389240264893e-01,-1.556655168533325195e+00,-1.155973196029663086e+00,-1.864556372165679932e-01,2.291227817535400391e+00,-2.956142663955688477e+00,-1.441717386245727539e+00,2.050081491470336914e+00,1.847199648618698120e-01,-1.439785003662109375e+00,-1.151124387979507446e-01,-2.200316451489925385e-02,5.431141853332519531e-01,-1.989367604255676270e+00,2.677639245986938477e+00,1.987687706947326660e+00,5.294092893600463867e-01,1.983234584331512451e-01,-1.458616647869348526e-02,-7.078881263732910156e-01,5.879369378089904785e-01,1.339155137538909912e-01,9.155444502830505371e-01,-2.530174553394317627e-01,-9.010621309280395508e-01,3.839283883571624756e-01,2.117612212896347046e-01,-1.218816399574279785e+00,-3.356149494647979736e-01,2.421055138111114502e-01,9.027495980262756348e-01,6.102039813995361328e-01,-4.487891793251037598e-01,2.318015694618225098e-02,-1.160684108734130859e+00,-1.556537628173828125e+00,8.794839382171630859e-01,-8.646305203437805176e-01,-8.602458834648132324e-01,5.577495694160461426e-02,9.181022644042968750e-01,-4.926654696464538574e-01,-3.625976443290710449e-01,2.749221920967102051e-01,1.595157384872436523e-01,3.053886890411376953e+00,2.877560257911682129e-01,1.569303512573242188e+00,3.044326789677143097e-02,1.818565875291824341e-01,-1.150946855545043945e+00,-5.722527503967285156e-01,-6.198990941047668457e-01,-8.792951703071594238e-02,-3.838728666305541992e-01,-1.884372383356094360e-01,2.778740227222442627e-02
-4.092021286487579346e-01,-7.899425625801086426e-01,8.754854202270507812e-01,-3.084681332111358643e-01,-5.023835897445678711e-01,-1.129363894462585449e+00,-6.672263741493225098e-01,-5.403515696525573730e-01,-8.247464299201965332e-01,-2.835428528487682343e-02,-4.565149545669555664e-01,1.421958923339843750e+00,-2.841082811355590820e+00,-1.966875553131103516e+00,1.949927210807800293e+00,4.587364196777343750e-01,-1.397092938423156738e+00,-3.951798975467681885e-01,-6.680868566036224365e-02,3.712655901908874512e-01,-1.477435350418090820e+00,2.952464818954467773e+00,2.105221509933471680e+00,4.938232600688934326e-01,2.997845411300659180e-01,4.259060695767402649e-02,-1.056248784065246582e+00,3.993439078330993652e-01,6.968545317649841309e-01,1.259798645973205566e+00,-4.524726867675781250e-01,-1.202806830406188965e+00,4.373035952448844910e-02,-3.701928257942199707e-01,-1.285442948341369629e+00,-3.432974815368652344e-01,6.329162120819091797e-01,2.998033761978149414e-01,4.635127782821655273e-01,-1.039825201034545898e+00,2.895525693893432617e-01,-1.032393455505371094e+00,-1.315863966941833496e+00,-4.339051246643066406e-01,-3.164363205432891846e-01,-5.755521059036254883e-01,-4.028025865554809570e-01,7.586769461631774902e-01,-3.670386672019958496e-01,-3.202065527439117432e-01,4.312716126441955566e-01,3.005149662494659424e-01,2.782573461532592773e+00,2.226847410202026367e-01,1.356024980545043945e+00,-8.523275703191757202e-02,5.739191174507141113e-01,-4.204052090644836426e-01,-5.185208320617675781e-01,-8.442126512527465820e-01,-4.074264466762542725e-01,-5.425543189048767090e-01,-5.734905004501342773e-01,1.481474190950393677e-01
2.488788068294525146e-01,-3.121623992919921875e-01,3.332392871379852295e-01,-1.723040938377380371e-01,-4.233049452304840088e-01,-5.278811454772949219e-01,-4.416490197181701660e-01,-1.639604419469833374e-01,-1.415176033973693848e+00,-5.889798998832702637e-01,-3.855427205562591553e-01,2.072260856628417969e+00,-2.955350637435913086e+00,-1.480853676795959473e+00,1.775880336761474609e+00,7.502587437629699707e-01,-1.438636422157287598e+00,1.609324961900711060e-01,-6.041899323463439941e-02,4.712555706501007080e-01,-1.911105275154113770e+00,2.638216495513916016e+00,1.934179425239562988e+00,7.335335016250610352e-01,-4.965177923440933228e-02,-4.010263085365295410e-01,-6.917993426322937012e-01,7.096429169178009033e-02,4.081219732761383057e-01,8.997196555137634277e-01,-1.246968954801559448e-01,-6.989257931709289551e-01,-7.620645314455032349e-02,-9.649367928504943848e-01,-1.442971944808959961e+00,-3.357091546058654785e-01,1.185953617095947266e+00,1.684467792510986328e-01,3.404492735862731934e-01,-1.560574173927307129e+00,1.252236217260360718e-01,-1.115484356880187988e+00,-1.492518424987792969e+00,7.108763456344604492e-01,-7.939231395721435547e-01,-8.328866362571716309e-01,1.996481791138648987e-02,8.723506331443786621e-01,-1.518605649471282959e-01,5.269387364387512207e-01,2.491831630468368530e-01,3.309867382049560547e-01,1.952160239219665527e+00,2.447367608547210693e-01,-1.593494564294815063e-01,3.610114753246307373e-01,9.688622504472732544e-02,-1.364415049552917480e+00,-5.536121129989624023e-01,-3.876262307167053223e-01,-1.769833080470561981e-02,-3.770717382431030273e-01,-4.746950045228004456e-02,3.081445395946502686e-02
5.725672245025634766e-01,1.766718924045562744e-02,-5.090418085455894470e-02,-1.822224557399749756e-01,-2.886672317981719971e-01,-5.993284285068511963e-02,-1.969767212867736816e-01,1.198584884405136108e-01,-1.935802102088928223e+00,-1.880009293556213379e+00,-1.688082069158554077e-01,2.882028341293334961e+00,-3.065322637557983398e+00,-1.094367265701293945e+00,2.149350643157958984e+00,1.693622558377683163e-03,-1.967320680618286133e+00,9.112243652343750000e-01,2.957612037658691406e+00,3.041952610015869141e+00,-4.057292461395263672e+00,-1.557674407958984375e+00,-1.206375241279602051e+00,-1.759475767612457275e-01,-1.611077338457107544e-01,-4.198601543903350830e-01,-3.732499182224273682e-01,2.828095257282257080e-01,-1.728345006704330444e-01,5.380902886390686035e-01,5.767460912466049194e-02,-4.562768936157226562e-01,3.384038209915161133e-01,1.403147876262664795e-01,-1.116567730903625488e+00,-2.320198863744735718e-01,3.671801090240478516e-01,1.049064993858337402e+00,5.421105623245239258e-01,-5.089111328125000000e-01,1.812372058629989624e-01,-1.114600896835327148e+00,-1.469243288040161133e+00,6.443135738372802734e-01,-7.716570496559143066e-01,-8.375669717788696289e-01,2.458622492849826813e-02,8.561314940452575684e-01,-1.361317038536071777e-01,7.584691643714904785e-01,8.721789717674255371e-02,1.808978766202926636e-01,2.030678510665893555e+00,2.466617524623870850e-01,-2.594757676124572754e-01,5.910715460777282715e-01,-7.269564270973205566e-02,-1.868346810340881348e+00,-4.813249707221984863e-01,-5.829016566276550293e-01,1.268990039825439453e-01,-3.217887580394744873e-01,6.657776236534118652e-02,4.369582980871200562e-02
1.310265660285949707e-01,-3.990879952907562256e-01,4.363906383514404297e-01,-1.804447472095489502e-01,-4.380576610565185547e-01,-6.460890769958496094e-01,-4.830816984176635742e-01,-2.341258078813552856e-01,-1.526390314102172852e+00,-9.768645763397216797e-01,-7.813622057437896729e-02,2.270962715148925781e+00,-2.888400316238403320e+00,-1.312692523002624512e+00,1.911237478256225586e+00,3.401773869991302490e-01,-1.464956641197204590e+00,7.816515117883682251e-02,-2.833414375782012939e-01,1.058703660964965820e-01,-1.941907048225402832e+00,2.941954851150512695e+00,2.113400459289550781e+00,9.136487841606140137e-01,2.230352610349655151e-01,-1.008119061589241028e-02,-8.425449728965759277e-01,4.248998463153839111e-01,4.143509566783905029e-01,1.068520903587341309e+00,-3.239540755748748779e-01,-1.009080767631530762e+00,3.652368187904357910e-01,1.167637333273887634e-01,-1.165040850639343262e+00,-2.748250961303710938e-01,3.762948215007781982e-01,1.016031861305236816e+00,5.608752369880676270e-01,-5.213919878005981445e-01,5.397897958755493164e-02,-1.147019267082214355e+00,-1.539988994598388672e+00,8.604996204376220703e-01,-8.575423955917358398e-01,-8.592458367347717285e-01,5.730739980936050415e-02,9.054153561592102051e-01,4.299410060048103333e-02,4.545460641384124756e-01,5.261920094490051270e-01,5.671219229698181152e-01,1.729384064674377441e+00,9.344790875911712646e-02,-4.380806684494018555e-01,1.393107920885086060e-01,1.599826663732528687e-01,-1.437500238418579102e+00,-4.677770733833312988e-01,-5.592275261878967285e-01,-5.544978380203247070e-02,-3.876451551914215088e-01,-1.509643197059631348e-01,9.582062810659408569e-02
-7.358946800231933594e-01,-1.175443172454833984e+00,1.314034461975097656e+00,-1.858280003070831299e-01,-7.374531030654907227e-01,-1.618666648864746094e+00,-1.046782732009887695e+00,-8.749091029167175293e-01,-6.461116075515747070e-01,2.379649281501770020e-01,-5.248492956161499023e-01,1.217312932014465332e+00,-2.855224132537841797e+00,-2.175743579864501953e+00,1.854843258857727051e+00,4.683446884155273438e-01,-1.436493039131164551e+00,-7.919748425483703613e-01,-1.459456831216812134e-01,3.604152202606201172e-01,-1.323870539665222168e+00,3.201040029525756836e+00,2.139212846755981445e+00,1.213065460324287415e-01,3.077803924679756165e-02,-3.852504789829254150e-01,-9.671471714973449707e-01,9.675689041614532471e-02,7.500629425048828125e-01,1.196882605552673340e+00,-1.722976565361022949e-01,-9.378456473350524902e-01,1.167995631694793701e-01,-6.806928515434265137e-01,-1.444124102592468262e+00,-3.874696791172027588e-01,9.995651841163635254e-01,4.987612664699554443e-01,4.426677227020263672e-01,-1.268641114234924316e+00,6.744594573974609375e-01,-8.770679831504821777e-01,-1.161267399787902832e+00,-2.917976975440979004e-01,-3.929482996463775635e-01,-6.406516432762145996e-01,-2.754493057727813721e-01,6.124220490455627441e-01,2.829444594681262970e-02,3.687638938426971436e-01,5.682867169380187988e-01,5.882363915443420410e-01,1.564362406730651855e+00,1.020273715257644653e-01,-3.780636787414550781e-01,5.319099500775337219e-02,7.562577128410339355e-01,-5.845385193824768066e-01,-2.659796774387359619e-01,-1.012427210807800293e+00,-5.644604563713073730e-01,-6.908885836601257324e-01,-7.503989338874816895e-01,3.531868755817413330e-01
-3.591882288455963135e-01,-8.396689295768737793e-01,9.351275563240051270e-01,-1.743747442960739136e-01,-6.045992374420166016e-01,-1.197131633758544922e+00,-7.881587147712707520e-01,-5.981529951095581055e-01,-1.284871816635131836e+00,-7.104395031929016113e-01,-5.325250029563903809e-01,1.942725658416748047e+00,-3.043129205703735352e+00,-1.780490398406982422e+00,1.981003284454345703e+00,4.027585685253143311e-01,-1.338967084884643555e+00,-1.039875764399766922e-02,-2.672087848186492920e-01,1.418090611696243286e-01,-1.463557600975036621e+00,3.041825294494628906e+00,2.076557874679565430e+00,7.320115566253662109e-01,-1.440844591706991196e-02,-3.615901470184326172e-01,-5.724468827247619629e-01,2.286198139190673828e-01,1.007055789232254028e-01,7.240326404571533203e-01,-5.347950384020805359e-02,-5.627831816673278809e-01,-4.677671939134597778e-02,-1.014548778533935547e+00,-1.556824564933776855e+00,-4.396073520183563232e-01,1.212808132171630859e+00,1.575457453727722168e-01,4.111198782920837402e-01,-1.617800116539001465e+00,1.172916963696479797e-01,-1.114333510398864746e+00,-1.498920679092407227e+00,7.739073038101196289e-01,-8.217189908027648926e-01,-8.466370105743408203e-01,4.445055127143859863e-02,8.783183097839355469e-01,-1.452473104000091553e-01,4.182450771331787109e-01,3.765554428100585938e-01,4.624320268630981445e-01,1.661874294281005859e+00,2.576083242893218994e-01,-2.844600677490234375e-01,1.915993541479110718e-01,2.525454163551330566e-01,-1.375411510467529297e+00,-4.092094004154205322e-01,-7.217706441879272461e-01,-1.574527323246002197e-01,-4.496828317642211914e-01,-2.625293433666229248e-01,1.517795026302337646e-01
-3.294336199760437012e-01,-9.055943489074707031e-01,1.005663514137268066e+00,-6.287944316864013672e-02,-6.878321170806884766e-01,-1.285822272300720215e+00,-8.999882936477661133e-01,-6.659222245216369629e-01,-8.324725627899169922e-01,-4.328839853405952454e-02,-2.317947596311569214e-01,1.466814994812011719e+00,-2.829442977905273438e+00,-1.943658113479614258e+00,1.747491121292114258e+00,3.956466615200042725e-01,-1.405486941337585449e+00,-4.397567212581634521e-01,-1.915277093648910522e-01,2.170970290899276733e-01,-1.371704339981079102e+00,3.130995750427246094e+00,2.159627676010131836e+00,5.062012076377868652e-01,3.043323159217834473e-01,-7.364636659622192383e-02,-9.903249144554138184e-01,3.007529675960540771e-01,5.817122459411621094e-01,1.112106084823608398e+00,-3.734376132488250732e-01,-9.551325440406799316e-01,1.500753909349441528e-01,-8.606861829757690430e-01,-1.656083583831787109e+00,-6.014081239700317383e-01,1.072211861610412598e+00,2.951368093490600586e-01,5.357149839401245117e-01,-1.372952222824096680e+00,6.239989027380943298e-02,-1.143097519874572754e+00,-1.536028265953063965e+00,8.579357862472534180e-01,-8.576649427413940430e-01,-8.595010638236999512e-01,5.796750262379646301e-02,9.022207856178283691e-01,-8.422027528285980225e-02,1.440825462341308594e-01,5.158694386482238770e-01,4.772095680236816406e-01,1.924843430519104004e+00,1.220434755086898804e-01,9.371624886989593506e-02,2.452801167964935303e-02,3.128405809402465820e-01,-1.316681981086730957e+00,-3.821043968200683594e-01,-7.366378307342529297e-01,-1.969144344329833984e-01,-4.792407453060150146e-01,-3.043749034404754639e-01,1.853948682546615601e-01
-4.733460247516632080e-01,-1.193368673324584961e+00,1.335829854011535645e+00,1.184202954173088074e-01,-9.411054253578186035e-01,-1.664509773254394531e+00,-1.271579623222351074e+00,-9.319955706596374512e-01,-1.156313896179199219e+00,-6.757006049156188965e-01,-1.941104382276535034e-01,1.868288993835449219e+00,-2.912926197052001953e+00,-1.704555392265319824e+00,1.988104581832885742e+00,1.576177328824996948e-01,-1.087104797363281250e+00,3.306034803390502930e-01,-6.869058609008789062e-01,-5.649693012237548828e-01,-6.160169243812561035e-01,3.663906812667846680e+00,2.291234016418457031e+00,1.269140005111694336e+00,2.794280350208282471e-01,-2.520428299903869629e-01,-8.326971530914306641e-01,2.561656534671783447e-01,3.446717262268066406e-01,8.877696394920349121e-01,-2.009460628032684326e-01,-6.102533936500549316e-01,1.560696363449096680e-01,-1.173269867897033691e+00,-1.879491209983825684e+00,-9.212476015090942383e-01,1.127340674400329590e+00,-6.890323758125305176e-02,6.705952882766723633e-01,-1.499182462692260742e+00,1.099232882261276245e-01,-1.119564771652221680e+00,-1.500108003616333008e+00,7.228840589523315430e-01,-8.068498373031616211e-01,-8.383137583732604980e-01,2.196090854704380035e-02,8.825777173042297363e-01,-4.670400619506835938e-01,-5.595352053642272949e-01,4.551364481449127197e-01,2.593326866626739502e-01,2.626909971237182617e+00,2.833876907825469971e-01,1.708864808082580566e+00,-2.176065295934677124e-01,5.133627057075500488e-01,-1.033540606498718262e+00,-3.078138232231140137e-01,-8.022873997688293457e-01,-3.661246597766876221e-01,-6.108277440071105957e-01,-4.652290940284729004e-01,3.073519468307495117e-01
1.071784719824790955e-01,-5.509686470031738281e-01,6.085622906684875488e-01,-4.060925543308258057e-02,-5.939095616340637207e-01,-8.608950972557067871e-01,-7.050260901451110840e-01,-3.802900314331054688e-01,-1.491222977638244629e+00,-1.028652548789978027e+00,9.492284804582595825e-02,2.281780242919921875e+00,-2.859732389450073242e+00,-1.376709461212158203e+00,1.912188410758972168e+00,1.709973216056823730e-01,-1.395751953125000000e+00,6.932659447193145752e-02,-1.031501442193984985e-01,5.129514336585998535e-01,-2.240082502365112305e+00,2.601956129074096680e+00,1.923029184341430664e+00,5.443265438079833984e-01,1.295071095228195190e-01,-4.601429402828216553e-02,-7.000890970230102539e-01,4.969484806060791016e-01,2.260017544031143188e-01,9.726896882057189941e-01,-2.411602437496185303e-01,-9.537963867187500000e-01,4.854604005813598633e-01,2.307443320751190186e-01,-1.276789069175720215e+00,-4.079677462577819824e-01,2.613167762756347656e-01,1.107281565666198730e+00,6.761765480041503906e-01,-3.777694106101989746e-01,-7.634139154106378555e-03,-1.176144599914550781e+00,-1.578850865364074707e+00,9.491902589797973633e-01,-8.920488357543945312e-01,-8.712016344070434570e-01,7.253898680210113525e-02,9.310674071311950684e-01,-1.052219122648239136e-01,3.228726685047149658e-01,3.835149407386779785e-01,3.562113642692565918e-01,2.177691459655761719e+00,1.604517996311187744e-01,2.211065441370010376e-01,2.014642506837844849e-01,9.909708797931671143e-02,-1.495592117309570312e+00,-4.974172413349151611e-01,-4.526254832744598389e-01,-1.356835104525089264e-02,-3.596847951412200928e-01,-7.826123386621475220e-02,5.939223989844322205e-02
3.707191050052642822e-01,-1.963498294353485107e-01,1.992028206586837769e-01,-1.629173904657363892e-01,-4.011158645153045654e-01,-3.555109798908233643e-01,-3.777233362197875977e-01,-6.294959038496017456e-02,-1.692923307418823242e+00,-1.189814686775207520e+00,-4.718197584152221680e-01,2.351951599121093750e+00,-3.023184299468994141e+00,-1.342357516288757324e+00,2.048236131668090820e+00,4.542050361633300781e-01,-1.485476255416870117e+00,1.748268455266952515e-01,-2.958059608936309814e-01,-1.464434117078781128e-01,-1.436193346977233887e+00,3.133661985397338867e+00,2.138374805450439453e+00,1.247397184371948242e+00,1.542031019926071167e-01,-2.848525643348693848e-01,-9.471240639686584473e-01,2.076784670352935791e-01,6.076943278312683105e-01,1.145123600959777832e+00,-2.150978595018386841e-01,-8.848008513450622559e-01,8.344693481922149658e-02,-5.586237907409667969e-01,-1.264894604682922363e+00,-2.644790410995483398e-01,8.880819082260131836e-01,5.086680054664611816e-01,3.808640539646148682e-01,-1.149739742279052734e+00,1.426136255264282227e+00,-6.305844187736511230e-01,-7.062709331512451172e-01,-2.604684829711914062e+00,5.102591514587402344e-01,-1.784556210041046143e-01,-1.107964515686035156e+00,2.627858817577362061e-01,-1.575436294078826904e-01,2.427581846714019775e-01,5.371102690696716309e-01,5.451735854148864746e-01,1.532786965370178223e+00,3.209188282489776611e-01,-5.289978533983230591e-02,1.988512277603149414e-02,3.495727777481079102e-01,-1.292035579681396484e+00,-3.558325767517089844e-01,-7.276336550712585449e-01,-2.232219427824020386e-01,-5.057229399681091309e-01,-3.321588933467864990e-01,2.214808464050292969e-01
-1.821555793285369873e-01,-8.592947125434875488e-01,9.612807035446166992e-01,1.114823576062917709e-02,-7.529131174087524414e-01,-1.259506344795227051e+00,-9.762036800384521484e-01,-6.441940665245056152e-01,-9.809936881065368652e-01,-2.659997344017028809e-01,-3.350468575954437256e-01,1.617504835128784180e+00,-2.878781080245971680e+00,-1.876339912414550781e+00,1.852179765701293945e+00,4.034974873065948486e-01,-1.357170939445495605e+00,-9.974567592144012451e-02,-3.651580810546875000e-01,1.625286191701889038e-01,-1.736106514930725098e+00,3.091549634933471680e+00,2.129317760467529297e+00,5.759748816490173340e-01,-2.439777553081512451e-01,-5.840516686439514160e-01,-8.172568082809448242e-01,-1.676903963088989258e-01,8.153725862503051758e-01,1.126375198364257812e+00,-3.603443503379821777e-02,-8.787058591842651367e-01,3.482359647750854492e-01,1.521841585636138916e-01,-1.190030336380004883e+00,-2.913183867931365967e-01,3.187995851039886475e-01,9.240154027938842773e-01,5.669528841972351074e-01,-5.105486512184143066e-01,2.831074781715869904e-02,-1.157697677612304688e+00,-1.550610661506652832e+00,8.411738872528076172e-01,-8.424814343452453613e-01,-8.486714363098144531e-01,4.183823615312576294e-02,9.114558100700378418e-01,1.847917027771472931e-02,4.709230959415435791e-01,4.544722735881805420e-01,4.698033928871154785e-01,1.856469869613647461e+00,8.654993027448654175e-02,-2.015119493007659912e-01,1.833506077527999878e-01,6.683460474014282227e-01,-6.504029035568237305e-01,-3.229052722454071045e-01,-9.337177872657775879e-01,-4.774586856365203857e-01,-6.357104778289794922e-01,-6.563036441802978516e-01,3.067270219326019287e-01
2.648135721683502197e-01,-2.681971490383148193e-01,2.829815745353698730e-01,-1.856682151556015015e-01,-4.060595035552978516e-01,-4.513240456581115723e-01,-4.033749103546142578e-01,-1.197117418050765991e-01,-1.414425849914550781e+00,-8.908162117004394531e-01,-3.059877455234527588e-01,2.111610174179077148e+00,-2.972939729690551758e+00,-1.487112283706665039e+00,2.003420829772949219e+00,3.124861419200897217e-01,-1.509340643882751465e+00,-2.028343379497528076e-01,1.267932504415512085e-01,7.308836579322814941e-01,-2.036263942718505859e+00,2.588270902633666992e+00,1.992461919784545898e+00,4.893151819705963135e-01,2.764136791229248047e-01,-1.855890005826950073e-01,-9.112189412117004395e-01,3.548746705055236816e-01,4.307640790939331055e-01,1.051673650741577148e+00,-2.386063337326049805e-01,-8.076239228248596191e-01,1.099129989743232727e-01,-2.550219595432281494e-01,-1.216225743293762207e+00,-2.462520450353622437e-01,6.396857500076293945e-01,5.469034910202026367e-01,4.318902492523193359e-01,-9.438722729682922363e-01,9.486859291791915894e-02,-1.127880692481994629e+00,-1.508580684661865234e+00,7.288306355476379395e-01,-8.011397719383239746e-01,-8.335394859313964844e-01,1.838574185967445374e-02,8.853861093521118164e-01,-3.769941329956054688e-01,-1.980522871017456055e-01,3.784447908401489258e-01,3.039527237415313721e-01,2.623974561691284180e+00,2.813161909580230713e-01,1.087786555290222168e+00,-5.169318057596683502e-03,2.102986127138137817e-01,-1.213612794876098633e+00,-5.212007164955139160e-01,-5.669236183166503906e-01,-1.139483675360679626e-01,-4.069654941558837891e-01,-1.980311721563339233e-01,6.677573919296264648e-02
6.911733150482177734e-01,3.347100317478179932e-01,-4.174804687500000000e-01,-4.213142096996307373e-01,-5.660253763198852539e-02,4.132396578788757324e-01,1.316790729761123657e-01,4.144103229045867920e-01,-1.990870356559753418e+00,-2.067832946777343750e+00,1.590070426464080811e-01,3.023101091384887695e+00,-3.045143842697143555e+00,-1.070094823837280273e+00,2.116638422012329102e+00,-3.013792335987091064e-01,-2.168003082275390625e+00,1.147971153259277344e+00,4.071547508239746094e+00,3.888015747070312500e+00,-4.621470928192138672e+00,-2.994590520858764648e+00,-2.345609664916992188e+00,-4.804819226264953613e-01,3.853078186511993408e-02,-3.070384562015533447e-01,-5.969457626342773438e-01,3.043433427810668945e-01,1.238661408424377441e-01,7.906122803688049316e-01,-6.474797427654266357e-02,-6.218228936195373535e-01,8.954896330833435059e-01,7.473329901695251465e-01,-1.574230074882507324e+00,-9.076387882232666016e-01,-3.112139999866485596e-01,1.371082782745361328e+00,1.159997105598449707e+00,2.000392228364944458e-01,-1.675655320286750793e-02,-1.181336045265197754e+00,-1.586581587791442871e+00,9.742512106895446777e-01,-9.036167860031127930e-01,-8.754399418830871582e-01,7.723692804574966431e-02,9.354087710380554199e-01,-4.459972679615020752e-01,-1.081811636686325073e-01,1.545046269893646240e-01,1.818645149469375610e-01,2.802469730377197266e+00,2.807618677616119385e-01,9.114012718200683594e-01,1.874964535236358643e-01,-2.319152504205703735e-01,-1.893073916435241699e+00,-6.189979910850524902e-01,-3.826902508735656738e-01,2.638462781906127930e-01,-2.078663706779479980e-01,2.070263326168060303e-01,-1.117013692855834961e-01
1.743437051773071289e-01,-2.528369724750518799e-01,2.652810513973236084e-01,-2.971301376819610596e-01,-3.260813951492309570e-01,-4.176342189311981201e-01,-3.049540221691131592e-01,-9.214140474796295166e-02,-1.717122673988342285e+00,-1.281643986701965332e+00,-4.414182603359222412e-01,2.422122478485107422e+00,-3.095144987106323242e+00,-1.382783651351928711e+00,2.124723672866821289e+00,2.833824753761291504e-01,-1.532675266265869141e+00,2.046121507883071899e-01,3.084070980548858643e-01,9.593630433082580566e-01,-2.391988277435302734e+00,2.139267206192016602e+00,1.638726353645324707e+00,5.073395371437072754e-01,7.718364894390106201e-02,-3.916976749897003174e-01,-6.921640038490295410e-01,2.585454881191253662e-01,1.758614629507064819e-01,7.771168351173400879e-01,-6.913051009178161621e-02,-5.402258634567260742e-01,2.045643627643585205e-01,-9.801352769136428833e-02,-1.188500046730041504e+00,-2.297986000776290894e-01,5.169821381568908691e-01,6.900281906127929688e-01,4.565307199954986572e-01,-7.654299736022949219e-01,1.283702373504638672e+00,-7.901750802993774414e-01,-8.900467157363891602e-01,-2.477559089660644531e+00,5.028758049011230469e-01,-9.787800163030624390e-02,-1.260526776313781738e+00,2.991107702255249023e-01,-6.854609251022338867e-01,-4.678515493869781494e-01,1.938855648040771484e-01,7.701858878135681152e-02,3.044296026229858398e+00,4.740148484706878662e-01,1.987107634544372559e+00,8.050281554460525513e-03,3.430799543857574463e-01,-9.478094577789306641e-01,-5.063792467117309570e-01,-7.296917438507080078e-01,-2.246962934732437134e-01,-4.761883616447448730e-01,-3.264301121234893799e-01,1.162509992718696594e-01
2.866631150245666504e-01,-3.021475076675415039e-01,3.186006546020507812e-01,-1.386239379644393921e-01,-4.366843700408935547e-01,-5.120857954025268555e-01,-4.512298703193664551e-01,-1.569894105195999146e-01,-1.383167505264282227e+00,-9.151433110237121582e-01,-3.261818587779998779e-01,2.073679924011230469e+00,-2.980566024780273438e+00,-1.583059787750244141e+00,2.057034492492675781e+00,2.254593372344970703e-01,-1.538063645362854004e+00,-2.290891259908676147e-01,-1.007355656474828720e-02,5.066844224929809570e-01,-2.068245410919189453e+00,2.739725828170776367e+00,2.058082818984985352e+00,5.801872611045837402e-01,1.843485832214355469e-01,-1.062465980648994446e-01,-7.943271398544311523e-01,4.809526205062866211e-01,2.792967557907104492e-01,1.014684796333312988e+00,-2.102069556713104248e-01,-9.102976322174072266e-01,3.097356855869293213e-01,6.465824693441390991e-02,-1.177379131317138672e+00,-2.765980064868927002e-01,4.217244982719421387e-01,9.660289883613586426e-01,5.469554662704467773e-01,-6.075046658515930176e-01,1.500355079770088196e-02,-1.165336132049560547e+00,-1.562824964523315430e+00,8.967777490615844727e-01,-8.710694313049316406e-01,-8.624994158744812012e-01,5.919256433844566345e-02,9.212071299552917480e-01,-3.431438207626342773e-01,-1.989118754863739014e-01,4.220035374164581299e-01,3.403101861476898193e-01,2.539475202560424805e+00,2.715477347373962402e-01,1.000766992568969727e+00,-3.186998888850212097e-02,2.659440338611602783e-01,-1.114208817481994629e+00,-5.043795108795166016e-01,-6.550287604331970215e-01,-1.558247655630111694e-01,-4.400082230567932129e-01,-2.565075755119323730e-01,1.025746166706085205e-01
1.439989209175109863e-01,-4.376174807548522949e-01,4.746180474758148193e-01,-1.380266547203063965e-01,-4.821908771991729736e-01,-7.001000642776489258e-01,-5.455974340438842773e-01,-2.718409895896911621e-01,-1.321042418479919434e+00,-6.114358305931091309e-01,-1.532040238380432129e-01,2.008942127227783203e+00,-2.866357326507568359e+00,-1.525233268737792969e+00,1.836932182312011719e+00,4.556147158145904541e-01,-1.470478653907775879e+00,-7.661564648151397705e-02,-2.098595798015594482e-01,3.683575093746185303e-01,-2.173045635223388672e+00,2.832931756973266602e+00,2.070298910140991211e+00,5.968210697174072266e-01,4.812067374587059021e-02,-2.782580852508544922e-01,-9.229880571365356445e-01,1.573890149593353271e-01,7.040005326271057129e-01,1.194347381591796875e+00,-2.089337855577468872e-01,-1.008936285972595215e+00,4.232255816459655762e-01,3.277459740638732910e-01,-1.179837107658386230e+00,-3.541767597198486328e-01,1.707383692264556885e-01,1.096726894378662109e+00,6.690971851348876953e-01,-3.472680151462554932e-01,7.569556683301925659e-02,-1.141678571701049805e+00,-1.515135049819946289e+00,6.632478237152099609e-01,-7.599306702613830566e-01,-8.130856156349182129e-01,-7.509128656238317490e-03,8.865454792976379395e-01,1.110383495688438416e-01,6.917966604232788086e-01,4.219715893268585205e-01,4.796538949012756348e-01,1.810258507728576660e+00,4.545756429433822632e-02,-6.212438941001892090e-01,3.276363611221313477e-01,3.119094371795654297e-01,-1.029619455337524414e+00,-4.991742074489593506e-01,-6.383002996444702148e-01,-1.728860884904861450e-01,-4.443630874156951904e-01,-2.925063669681549072e-01,1.190557777881622314e-01
-1.631169915199279785e-01,-6.912618279457092285e-01,7.734903693199157715e-01,-1.499722450971603394e-01,-5.724406242370605469e-01,-1.028035402297973633e+00,-7.229237556457519531e-01,-4.818120896816253662e-01,-1.043371677398681641e+00,-2.416775524616241455e-01,-2.545059621334075928e-01,1.676698684692382812e+00,-2.849943399429321289e+00,-1.750336289405822754e+00,1.773635149002075195e+00,5.059049725532531738e-01,-1.397918105125427246e+00,-8.856066316366195679e-02,-3.861788511276245117e-01,-1.251551806926727295e-01,-1.271541476249694824e+00,3.312053442001342773e+00,2.231542825698852539e+00,9.599328041076660156e-01,1.986769735813140869e-01,-3.548852205276489258e-01,-1.026973247528076172e+00,2.006288385018706322e-03,7.978031039237976074e-01,1.144684910774230957e+00,-2.549045085906982422e-01,-7.886679768562316895e-01,1.447189599275588989e-01,-4.866544008255004883e-01,-1.320078253746032715e+00,-3.229467868804931641e-01,8.061372041702270508e-01,4.875506162643432617e-01,4.226881861686706543e-01,-1.058044314384460449e+00,2.001153677701950073e-01,-1.081593513488769531e+00,-1.443446636199951172e+00,5.303401350975036621e-01,-7.254655361175537109e-01,-7.978020906448364258e-01,-3.890599682927131653e-02,8.360220789909362793e-01,5.709590390324592590e-03,4.189182817935943604e-01,4.898494184017181396e-01,5.063462257385253906e-01,1.810561537742614746e+00,9.433783590793609619e-02,-1.592645347118377686e-01,1.233640015125274658e-01,4.597789347171783447e-01,-1.043330430984497070e+00,-3.579233884811401367e-01,-8.207131028175354004e-01,-3.138207793235778809e-01,-5.628815293312072754e-01,-4.305256605148315430e-01,2.489794939756393433e-01
6.139326691627502441e-01,-7.964657992124557495e-02,6.311871111392974854e-02,-4.880276694893836975e-02,-4.222841262817382812e-01,-2.150396555662155151e-01,-3.791868388652801514e-01,1.642960682511329651e-02,-2.013548374176025391e+00,-2.414389371871948242e+00,-5.725254118442535400e-02,3.128010988235473633e+00,-3.184085130691528320e+00,-1.198878049850463867e+00,2.327240228652954102e+00,-5.053520202636718750e-01,-2.162670612335205078e+00,1.087335228919982910e+00,3.797130107879638672e+00,3.614585638046264648e+00,-4.522813796997070312e+00,-2.621934652328491211e+00,-2.085038185119628906e+00,-3.701259493827819824e-01,-1.770328581333160400e-01,-6.023554801940917969e-01,-3.300198912620544434e-01,1.144798249006271362e-01,-2.028732895851135254e-01,4.179328978061676025e-01,1.803885102272033691e-01,-1.953371912240982056e-01,2.176446765661239624e-01,-9.698560461401939392e-03,-1.196757674217224121e+00,-2.390852421522140503e-01,4.372451007366180420e-01,6.803060173988342285e-01,4.740407168865203857e-01,-6.950312852859497070e-01,7.634758949279785156e-03,-1.168518424034118652e+00,-1.566813230514526367e+00,9.086795449256896973e-01,-8.739709854125976562e-01,-8.647301793098449707e-01,6.473584473133087158e-02,9.242143630981445312e-01,-3.051409721374511719e-01,2.922299802303314209e-01,2.994194626808166504e-01,3.512322306632995605e-01,1.762501835823059082e+00,3.917906880378723145e-01,2.027101814746856689e-01,1.816490441560745239e-01,-1.497122496366500854e-01,-2.014644145965576172e+00,-4.910569787025451660e-01,-5.950471758842468262e-01,1.857821643352508545e-01,-2.728995382785797119e-01,1.143206357955932617e-01,4.114435520023107529e-03
-2.818316221237182617e-01,-9.390236139297485352e-01,1.045678138732910156e+00,3.045975230634212494e-03,-7.596715092658996582e-01,-1.352276802062988281e+00,-1.001439690589904785e+00,-7.086098790168762207e-01,-1.523128151893615723e+00,-1.201183319091796875e+00,-4.682105779647827148e-01,2.216781139373779297e+00,-3.070037603378295898e+00,-1.584953427314758301e+00,2.170405864715576172e+00,1.797347217798233032e-01,-1.369848608970642090e+00,9.637112170457839966e-02,-5.170097351074218750e-01,-3.010134994983673096e-01,-1.218142390251159668e+00,3.444652318954467773e+00,2.249486923217773438e+00,1.107136964797973633e+00,4.870266094803810120e-02,-3.204881250858306885e-01,-6.357559561729431152e-01,3.127613663673400879e-01,1.135032251477241516e-01,7.484701275825500488e-01,-8.129644393920898438e-02,-5.978451371192932129e-01,1.414538919925689697e-01,-1.394626051187515259e-01,-1.170726895332336426e+00,-2.068975716829299927e-01,4.973461031913757324e-01,4.818197190761566162e-01,4.148477017879486084e-01,-8.054236769676208496e-01,2.157094776630401611e-01,-1.072549939155578613e+00,-1.422098517417907715e+00,3.622839450836181641e-01,-6.539713740348815918e-01,-7.618468999862670898e-01,-9.821410477161407471e-02,8.268118500709533691e-01,-4.779649376869201660e-01,-1.848381012678146362e-01,2.846315801143646240e-01,1.785789430141448975e-01,2.581501483917236328e+00,3.829330503940582275e-01,1.411277770996093750e+00,3.716264665126800537e-02,5.007519125938415527e-01,-9.076102375984191895e-01,-3.735195696353912354e-01,-8.300758004188537598e-01,-3.523265123367309570e-01,-5.734044909477233887e-01,-4.727930724620819092e-01,2.490532994270324707e-01
4.553727507591247559e-01,-1.198037788271903992e-01,1.113024577498435974e-01,-1.816294193267822266e-01,-3.380579948425292969e-01,-2.885737419128417969e-01,-3.111828565597534180e-01,-5.214991047978401184e-03,-1.660643577575683594e+00,-1.354232788085937500e+00,-2.751671336591243744e-02,2.502650976181030273e+00,-2.934099197387695312e+00,-1.233837723731994629e+00,2.019141197204589844e+00,1.529450863599777222e-01,-1.436998963356018066e+00,-3.303454220294952393e-01,1.035692393779754639e-01,7.381122708320617676e-01,-2.051004409790039062e+00,2.533376693725585938e+00,1.861451625823974609e+00,2.325333207845687866e-01,1.580921709537506104e-01,-3.428953289985656738e-01,-7.056712508201599121e-01,2.190892994403839111e-01,2.194280475378036499e-01,7.727964520454406738e-01,-1.110650599002838135e-01,-5.103807449340820312e-01,6.388800144195556641e-01,3.404937386512756348e-01,-1.389968752861022949e+00,-5.532829165458679199e-01,1.364750415086746216e-01,1.133553862571716309e+00,8.001730442047119141e-01,-2.223523259162902832e-01,1.641462184488773346e-02,-1.166475296020507812e+00,-1.565396428108215332e+00,9.221823215484619141e-01,-8.826617598533630371e-01,-8.686761856079101562e-01,6.911649554967880249e-02,9.215465784072875977e-01,-3.441063165664672852e-01,-1.136385463178157806e-02,2.768744826316833496e-01,2.213815450668334961e-01,2.618102550506591797e+00,2.778146266937255859e-01,9.218701720237731934e-01,1.581928580999374390e-01,-8.780632913112640381e-02,-1.631319403648376465e+00,-6.000415086746215820e-01,-3.846088349819183350e-01,1.484643518924713135e-01,-2.837920784950256348e-01,1.179954409599304199e-01,-4.150658473372459412e-02
2.668265998363494873e-01,-3.825631141662597656e-01,4.216954112052917480e-01,-5.027651041746139526e-02,-5.334639549255371094e-01,-6.316115856170654297e-01,-5.919021368026733398e-01,-2.356888502836227417e-01,-1.678879261016845703e+00,-1.383637070655822754e+00,-4.361868500709533691e-01,2.413151741027832031e+00,-3.103761196136474609e+00,-1.385987758636474609e+00,2.192831754684448242e+00,1.828816235065460205e-01,-1.473854064941406250e+00,-2.169954963028430939e-02,3.906672894954681396e-01,1.066658139228820801e+00,-2.061481952667236328e+00,2.172502517700195312e+00,1.682113885879516602e+00,3.589071333408355713e-01,1.420316398143768311e-01,-6.090680956840515137e-01,-6.664218306541442871e-01,-5.990634858608245850e-02,2.063021957874298096e-01,5.965774059295654297e-01,3.292345628142356873e-02,-1.341836601495742798e-01,1.636209636926651001e-01,-7.931638360023498535e-01,-1.563852190971374512e+00,-5.233741998672485352e-01,1.015882730484008789e+00,3.447457849979400635e-01,4.892084300518035889e-01,-1.277897477149963379e+00,2.832725942134857178e-01,-1.064492821693420410e+00,-1.413725256919860840e+00,5.158345699310302734e-01,-7.343991994857788086e-01,-8.178986310958862305e-01,-1.147827878594398499e-02,8.162603974342346191e-01,-4.950722754001617432e-01,-1.481017917394638062e-01,2.551408112049102783e-01,2.120563536882400513e-01,2.507143735885620117e+00,3.970307409763336182e-01,1.181099295616149902e+00,6.346776336431503296e-02,5.072195548564195633e-03,-1.700546741485595703e+00,-4.809774160385131836e-01,-4.912725687026977539e-01,5.629725754261016846e-02,-3.672313988208770752e-01,4.134576022624969482e-02,6.505907326936721802e-02
4.443007707595825195e-01,-2.365389913320541382e-01,2.544047534465789795e-01,-3.742723166942596436e-02,-5.119354128837585449e-01,-4.262919723987579346e-01,-5.112258195877075195e-01,-1.145643517374992371e-01,-1.979739189147949219e+00,-1.771620273590087891e+00,-4.237788021564483643e-01,2.819988250732421875e+00,-3.234407663345336914e+00,-1.414171814918518066e+00,2.150837421417236328e+00,1.356248110532760620e-01,-2.073501586914062500e+00,7.458232045173645020e-01,2.353309869766235352e+00,2.268028974533081055e+00,-3.815879821777343750e+00,-6.597115993499755859e-01,-6.771482825279235840e-01,1.703274399042129517e-01,-2.089286804199218750e+00,-2.299374103546142578e+00,-2.781585231423377991e-02,-1.603890180587768555e+00,1.074688553810119629e+00,8.822406530380249023e-01,1.003806710243225098e+00,-4.355173707008361816e-01,1.592705100774765015e-01,1.640459150075912476e-01,-9.503763318061828613e-01,-7.725954055786132812e-02,3.023596704006195068e-01,9.439433813095092773e-01,4.501411020755767822e-01,-5.737512707710266113e-01,2.320827245712280273e+00,-7.286784648895263672e-01,-7.566601634025573730e-01,-3.389019012451171875e+00,1.503008127212524414e+00,6.892220973968505859e-01,-2.201076030731201172e+00,-4.343074858188629150e-01,6.694667339324951172e-01,1.715497136116027832e+00,4.726757109165191650e-01,7.043935656547546387e-01,8.812616467475891113e-01,-2.582609355449676514e-01,-2.531751632690429688e+00,6.587914824485778809e-01,5.860994458198547363e-01,-9.659866690635681152e-01,-2.630965709686279297e-01,-1.287167310714721680e+00,-4.258843660354614258e-01,-6.362737417221069336e-01,-6.511148810386657715e-01,3.425555825233459473e-01
5.521077513694763184e-01,8.989094197750091553e-02,-1.342403888702392578e-01,-3.230310678482055664e-01,-1.888250410556793213e-01,2.291421405971050262e-02,-8.832926303148269653e-02,1.910201311111450195e-01,-1.789172172546386719e+00,-1.691536784172058105e+00,9.895888715982437134e-02,2.695986270904541016e+00,-2.935790061950683594e+00,-1.124435305595397949e+00,2.095309495925903320e+00,-1.460764706134796143e-01,-1.942219734191894531e+00,8.235881924629211426e-01,3.052117824554443359e+00,3.198536872863769531e+00,-3.998116254806518555e+00,-1.630516290664672852e+00,-1.226764082908630371e+00,-3.000209331512451172e-01,-4.150605574250221252e-02,-2.389739602804183960e-01,-5.910406708717346191e-01,3.876283168792724609e-01,1.102204546332359314e-01,8.265464901924133301e-01,-1.076634600758552551e-01,-7.938977479934692383e-01,8.766580820083618164e-01,7.090169787406921387e-01,-1.545850753784179688e+00,-8.734307289123535156e-01,-2.572621405124664307e-01,1.427277922630310059e+00,1.132842063903808594e+00,1.732312142848968506e-01,-8.095860248431563377e-04,-1.173750638961791992e+00,-1.574911594390869141e+00,9.412851929664611816e-01,-8.887549638748168945e-01,-8.706107735633850098e-01,7.195603847503662109e-02,9.281326532363891602e-01,5.713080242276191711e-02,6.506153345108032227e-01,3.879735767841339111e-01,4.667807221412658691e-01,1.798610091209411621e+00,8.605054765939712524e-02,-6.221372485160827637e-01,3.408288955688476562e-01,-2.912089824676513672e-01,-1.894612908363342285e+00,-6.826650500297546387e-01,-4.537767171859741211e-01,3.174328804016113281e-01,-1.533500850200653076e-01,2.344914823770523071e-01,-1.817123889923095703e-01
3.114598095417022705e-01,-2.780085504055023193e-01,3.091342151165008545e-01,-1.181241124868392944e-01,-4.743912220001220703e-01,-4.837845265865325928e-01,-4.908035695552825928e-01,-1.406725496053695679e-01,-1.312402129173278809e+00,-3.824548423290252686e-01,-4.661893844604492188e-01,1.924761056900024414e+00,-2.948588132858276367e+00,-1.380618214607238770e+00,1.829190015792846680e+00,7.860777378082275391e-01,-1.538278579711914062e+00,-5.189261212944984436e-02,-1.498485952615737915e-01,1.293228417634963989e-01,-1.524710059165954590e+00,2.984049797058105469e+00,2.110196828842163086e+00,9.646360874176025391e-01,-4.958002269268035889e-02,-6.230450868606567383e-01,-7.969260215759277344e-01,-1.828815191984176636e-01,6.130065321922302246e-01,9.170099496841430664e-01,-4.876813292503356934e-02,-5.145092606544494629e-01,5.289867892861366272e-02,-6.429169178009033203e-01,-1.194992423057556152e+00,-1.503196209669113159e-01,1.027429580688476562e+00,6.002238392829895020e-01,2.941617369651794434e-01,-1.232373833656311035e+00,2.290211677551269531e+00,-3.612576425075531006e-01,-4.539173543453216553e-01,-2.251256942749023438e+00,2.981268763542175293e-01,-2.164690792560577393e-01,-1.053784370422363281e+00,-1.489816755056381226e-01,-2.529704868793487549e-01,1.537682712078094482e-01,3.256306648254394531e-01,3.109801709651947021e-01,2.356025218963623047e+00,2.499432861804962158e-01,5.995790958404541016e-01,1.641434878110885620e-01,5.291594266891479492e-01,-1.017508625984191895e+00,-2.991612851619720459e-01,-7.589113712310791016e-01,-3.699679970741271973e-01,-6.302517652511596680e-01,-4.486033022403717041e-01,3.255677819252014160e-01
4.320611059665679932e-01,-8.885367214679718018e-02,6.592534482479095459e-02,-2.553969919681549072e-01,-2.830171883106231689e-01,-2.135882973670959473e-01,-2.211714535951614380e-01,3.577863052487373352e-02,-1.441029310226440430e+00,-9.539635777473449707e-01,-3.505303561687469482e-01,2.115483760833740234e+00,-2.985926389694213867e+00,-1.605790615081787109e+00,2.098289012908935547e+00,2.175614237785339355e-01,-1.399568915367126465e+00,-6.666447967290878296e-02,2.233518958091735840e-01,9.661702513694763184e-01,-2.277651309967041016e+00,2.257033824920654297e+00,1.752914071083068848e+00,2.687249481678009033e-01,-1.993487775325775146e-01,-4.364523291587829590e-01,-8.190945982933044434e-01,-2.881574258208274841e-02,7.433092594146728516e-01,1.128132462501525879e+00,-1.236477866768836975e-01,-1.005699157714843750e+00,8.085834980010986328e-01,6.604064106941223145e-01,-1.486441373825073242e+00,-7.642546296119689941e-01,-2.123289704322814941e-01,1.315423130989074707e+00,1.035624384880065918e+00,9.006404876708984375e-02,3.341899216175079346e-01,-1.069722890853881836e+00,-1.348880887031555176e+00,-4.995324313640594482e-01,-2.765557765960693359e-01,-5.306754708290100098e-01,-4.724369943141937256e-01,7.414445877075195312e-01,-2.916688024997711182e-01,4.115993157029151917e-02,3.486868441104888916e-01,3.065193295478820801e-01,2.471686601638793945e+00,2.485821843147277832e-01,8.595556616783142090e-01,8.973881602287292480e-02,3.194308280944824219e-01,-7.941243648529052734e-01,-5.929619669914245605e-01,-8.780462145805358887e-01,-1.936538219451904297e-01,-4.158863425254821777e-01,-3.743936717510223389e-01,3.624533861875534058e-02
-7.377699613571166992e-01,-1.299150943756103516e+00,1.453482151031494141e+00,-2.934694103896617889e-02,-8.840225338935852051e-01,-1.768921256065368652e+00,-1.232595682144165039e+00,-9.966952800750732422e-01,-1.097272872924804688e+00,-4.311123192310333252e-01,-6.137828826904296875e-01,1.718119025230407715e+00,-3.039314985275268555e+00,-1.985558867454528809e+00,2.023058652877807617e+00,3.511611521244049072e-01,-1.253576993942260742e+00,1.781341135501861572e-01,-6.279507279396057129e-01,-4.622198641300201416e-01,-8.540337681770324707e-01,3.634449720382690430e+00,2.292095422744750977e+00,1.180320143699645996e+00,-1.224913299083709717e-01,-8.599069118499755859e-01,-8.573482036590576172e-01,-4.273906052112579346e-01,7.576426863670349121e-01,9.079173803329467773e-01,6.307329982519149780e-02,-3.610617518424987793e-01,1.397774666547775269e-01,-1.012620806694030762e+00,-1.798556447029113770e+00,-8.573713302612304688e-01,1.018074870109558105e+00,9.068056009709835052e-03,6.724555492401123047e-01,-1.425518751144409180e+00,1.580063462257385254e+00,-5.526035428047180176e-01,-6.360318064689636230e-01,-2.953307390213012695e+00,6.917129158973693848e-01,-9.963804623112082481e-04,-1.375042080879211426e+00,1.103242859244346619e-01,-1.740728318691253662e-01,-7.460958510637283325e-02,4.705041646957397461e-01,3.961620926856994629e-01,1.735467195510864258e+00,9.878364950418472290e-02,4.887047708034515381e-01,-7.022415846586227417e-02,1.041193842887878418e+00,-2.657881975173950195e-01,-1.082518473267555237e-01,-1.200631380081176758e+00,-7.842271924018859863e-01,-8.878702521324157715e-01,-9.658080339431762695e-01,5.666550397872924805e-01
-2.369846105575561523e-01,-8.427214622497558594e-01,9.307839870452880859e-01,-6.973789632320404053e-02,-6.582911610603332520e-01,-1.223475813865661621e+00,-8.553876876831054688e-01,-6.181306838989257812e-01,-1.340192675590515137e+00,-9.653215408325195312e-01,-5.207412838935852051e-01,1.983813285827636719e+00,-3.061483621597290039e+00,-1.728850007057189941e+00,2.183983802795410156e+00,1.237069964408874512e-01,-1.432032465934753418e+00,-1.053418144583702087e-01,-4.727341532707214355e-01,-6.596838682889938354e-02,-1.475734472274780273e+00,3.362057924270629883e+00,2.206162691116333008e+00,7.426267862319946289e-01,-1.292672455310821533e-01,-3.785898089408874512e-01,-6.500703692436218262e-01,1.528718620538711548e-01,2.932518720626831055e-01,8.210558891296386719e-01,-8.668430149555206299e-02,-7.527526021003723145e-01,2.971356511116027832e-01,-6.962945312261581421e-02,-1.211268782615661621e+00,-2.490911036729812622e-01,5.227352380752563477e-01,8.622884750366210938e-01,4.836339950561523438e-01,-6.865339875221252441e-01,9.033833742141723633e-01,-8.279911875724792480e-01,-1.045371770858764648e+00,-9.147822856903076172e-01,-1.532803773880004883e-01,-5.336256623268127441e-01,-4.782584607601165771e-01,5.307362079620361328e-01,-1.138455048203468323e-01,4.037889838218688965e-01,3.644410967826843262e-01,3.648607134819030762e-01,1.912210702896118164e+00,2.005802094936370850e-01,1.153802201151847839e-01,2.060513347387313843e-01,5.513393282890319824e-01,-8.095797300338745117e-01,-3.621323406696319580e-01,-8.952414989471435547e-01,-3.818062245845794678e-01,-5.982757806777954102e-01,-5.201216936111450195e-01,2.735540270805358887e-01
4.257346391677856445e-01,-2.747830701991915703e-03,-1.990541815757751465e-02,-3.447741866111755371e-01,-2.088102102279663086e-01,-1.088789030909538269e-01,-1.277105063199996948e-01,1.148758381605148315e-01,-1.650495529174804688e+00,-1.126109838485717773e+00,-1.968935281038284302e-01,2.421695709228515625e+00,-2.944244623184204102e+00,-1.215921044349670410e+00,1.961765050888061523e+00,4.076136052608489990e-01,-1.460860490798950195e+00,-1.943892836570739746e-01,3.190484941005706787e-01,1.010078668594360352e+00,-2.075973510742187500e+00,2.286892890930175781e+00,1.768113374710083008e+00,2.713556587696075439e-01,1.080143526196479797e-01,-3.505767583847045898e-01,-7.140913605690002441e-01,2.200981676578521729e-01,2.651358246803283691e-01,8.317992687225341797e-01,-1.064878702163696289e-01,-5.846256017684936523e-01,6.017976999282836914e-01,3.330565094947814941e-01,-1.365590810775756836e+00,-5.260047912597656250e-01,1.437160819768905640e-01,1.069729924201965332e+00,7.744355201721191406e-01,-2.516463100910186768e-01,1.715243421494960785e-02,-1.165856361389160156e+00,-1.563953042030334473e+00,9.116498231887817383e-01,-8.772870302200317383e-01,-8.659878969192504883e-01,6.517288088798522949e-02,9.203946590423583984e-01,-4.964596331119537354e-01,-3.133396506309509277e-01,2.118931114673614502e-01,1.353742480278015137e-01,3.086916446685791016e+00,2.881593704223632812e-01,1.469581723213195801e+00,9.715758264064788818e-02,6.988758593797683716e-02,-1.400900363922119141e+00,-5.621768236160278320e-01,-4.156505465507507324e-01,6.712298374623060226e-03,-3.511907160282135010e-01,-3.015950508415699005e-02,1.693231053650379181e-02
7.447375357151031494e-02,-6.974728107452392578e-01,7.815652489662170410e-01,1.260126084089279175e-01,-7.545238137245178223e-01,-1.043138504028320312e+00,-9.183659553527832031e-01,-5.196468234062194824e-01,-1.740975141525268555e+00,-1.758375287055969238e+00,-3.929746150970458984e-01,2.575074672698974609e+00,-3.184730291366577148e+00,-1.389596581459045410e+00,2.372156143188476562e+00,-1.334686577320098877e-01,-1.651611924171447754e+00,2.156342715024948120e-01,-2.729474939405918121e-02,2.630342245101928711e-01,-2.190505981445312500e+00,2.629688024520874023e+00,1.820227861404418945e+00,9.449157714843750000e-01,-1.238962709903717041e-01,-6.426346898078918457e-01,-4.501108825206756592e-01,4.361337050795555115e-03,-5.007545277476310730e-02,4.510037302970886230e-01,1.256362795829772949e-01,-1.720661073923110962e-01,4.480329900979995728e-02,-1.047381997108459473e+00,-1.697085261344909668e+00,-5.973260402679443359e-01,1.163266539573669434e+00,4.858791083097457886e-02,4.792844951152801514e-01,-1.535666823387145996e+00,1.886530369520187378e-01,-1.084618330001831055e+00,-1.457641482353210449e+00,6.763865351676940918e-01,-7.884589433670043945e-01,-8.374434709548950195e-01,3.098406456410884857e-02,8.522603511810302734e-01,4.388366639614105225e-02,7.460417747497558594e-01,4.287018477916717529e-01,5.559920072555541992e-01,1.163980245590209961e+00,1.799096912145614624e-01,-9.362788796424865723e-01,2.600675225257873535e-01,1.722672283649444580e-01,-1.823901057243347168e+00,-2.916807830333709717e-01,-8.880655765533447266e-01,-8.500886708498001099e-02,-4.628542959690093994e-01,-1.708282828330993652e-01,2.368847876787185669e-01
-1.892701834440231323e-01,-8.387880921363830566e-01,9.343025684356689453e-01,-2.390242367982864380e-02,-7.094841003417968750e-01,-1.227896332740783691e+00,-9.164708256721496582e-01,-6.223290562629699707e-01,-1.406982064247131348e+00,-1.009908437728881836e+00,-4.450345039367675781e-01,2.103362798690795898e+00,-3.076140880584716797e+00,-1.698659181594848633e+00,2.134570598602294922e+00,1.463553458452224731e-01,-1.437823176383972168e+00,3.393062576651573181e-02,-2.376442700624465942e-01,2.370090186595916748e-01,-1.956049203872680664e+00,2.892251253128051758e+00,2.043581008911132812e+00,7.207434177398681641e-01,-1.455631852149963379e-01,-5.097883343696594238e-01,-6.263245940208435059e-01,2.353910543024539948e-02,3.044814169406890869e-01,7.852084636688232422e-01,7.202578708529472351e-03,-5.934226512908935547e-01,1.902366876602172852e-01,-1.400640457868576050e-01,-1.181687116622924805e+00,-2.195231914520263672e-01,5.706647038459777832e-01,7.556118369102478027e-01,4.497616887092590332e-01,-8.107211589813232422e-01,1.139246821403503418e-01,-1.118630051612854004e+00,-1.489828824996948242e+00,6.099104881286621094e-01,-7.413611412048339844e-01,-8.031668663024902344e-01,-2.268616482615470886e-02,8.700937032699584961e-01,-1.791951358318328857e-01,3.392732739448547363e-01,3.662708401679992676e-01,3.853714764118194580e-01,1.924742341041564941e+00,2.617002725601196289e-01,1.972908675670623779e-01,1.697331964969635010e-01,4.355123937129974365e-01,-1.002065062522888184e+00,-3.921050429344177246e-01,-8.160230517387390137e-01,-2.972593903541564941e-01,-5.444862842559814453e-01,-4.161961972713470459e-01,2.241424024105072021e-01
4.469314515590667725e-01,-5.574819073081016541e-02,4.102612286806106567e-02,-2.342257648706436157e-01,-3.087739348411560059e-01,-1.549197435379028320e-01,-2.357325851917266846e-01,6.446448713541030884e-02,-1.750186920166015625e+00,-1.478026628494262695e+00,-2.249433696269989014e-01,2.561440944671630859e+00,-3.037853240966796875e+00,-1.239537239074707031e+00,2.121529579162597656e+00,1.491643786430358887e-01,-1.726228952407836914e+00,5.978772044181823730e-01,1.743651866912841797e+00,2.184544563293457031e+00,-3.305757761001586914e+00,1.005841717123985291e-01,1.088973730802536011e-01,7.197380810976028442e-02,1.699319109320640564e-02,-4.827189743518829346e-01,-5.900742411613464355e-01,1.945485770702362061e-01,8.236192166805267334e-02,6.868554949760437012e-01,2.675224468111991882e-02,-4.046348631381988525e-01,3.962084352970123291e-01,7.994269579648971558e-02,-1.216866135597229004e+00,-3.027341663837432861e-01,4.181314408779144287e-01,1.046879410743713379e+00,5.669307708740234375e-01,-5.316923260688781738e-01,8.637363091111183167e-03,-1.168413162231445312e+00,-1.569067478179931641e+00,9.297761321067810059e-01,-8.852161765098571777e-01,-8.688592314720153809e-01,6.920411437749862671e-02,9.245364665985107422e-01,-4.971244633197784424e-01,-1.309728920459747314e-01,2.384964972734451294e-01,2.301032543182373047e-01,2.497217178344726562e+00,4.079561233520507812e-01,1.036740541458129883e+00,9.241336584091186523e-02,-8.061391301453113556e-03,-1.745079755783081055e+00,-4.898387789726257324e-01,-6.492292284965515137e-01,7.278712093830108643e-02,-3.311331570148468018e-01,-7.981975562870502472e-03,3.407455235719680786e-02
7.301399111747741699e-01,2.715702056884765625e-01,-3.464558720588684082e-01,-2.882736623287200928e-01,-1.650974601507186890e-01,3.314562439918518066e-01,6.639863364398479462e-03,3.484602570533752441e-01,-2.362503290176391602e+00,-3.304214477539062500e+00,4.418787658214569092e-01,3.817205667495727539e+00,-3.227671623229980469e+00,-7.312573790550231934e-01,2.424111604690551758e+00,-1.228300213813781738e+00,-2.221692800521850586e+00,1.200042247772216797e+00,4.317727565765380859e+00,4.047724723815917969e+00,-4.737050056457519531e+00,-3.308337211608886719e+00,-2.607903242111206055e+00,-5.327454805374145508e-01,-7.400409877300262451e-02,-5.538549423217773438e-01,-3.037572801113128662e-01,2.596265673637390137e-01,-3.428737819194793701e-01,3.274212181568145752e-01,1.802941709756851196e-01,-9.704711288213729858e-02,7.081888914108276367e-01,5.120805501937866211e-01,-1.440545916557312012e+00,-6.621845960617065430e-01,-6.761653721332550049e-02,1.213332891464233398e+00,9.248997569084167480e-01,-5.254917219281196594e-02,2.278639658470638096e-05,-1.172468781471252441e+00,-1.573921680450439453e+00,9.373401403427124023e-01,-8.880501389503479004e-01,-8.698345422744750977e-01,7.012177258729934692e-02,9.282878637313842773e-01,-8.342965245246887207e-01,-6.011204123497009277e-01,1.018687039613723755e-01,1.165447942912578583e-02,3.123598814010620117e+00,5.827036499977111816e-01,2.146475315093994141e+00,2.421398274600505829e-02,-1.783083528280258179e-01,-1.956186175346374512e+00,-5.237199664115905762e-01,-4.003147482872009277e-01,2.121688425540924072e-01,-3.023266792297363281e-01,2.202815562486648560e-01,-5.716570653021335602e-03
4.763284027576446533e-01,-4.226575046777725220e-02,2.698423527181148529e-02,-2.372325658798217773e-01,-3.030225634574890137e-01,-1.556744277477264404e-01,-2.384155392646789551e-01,7.138814777135848999e-02,-1.567547917366027832e+00,-1.006294012069702148e+00,-5.112806558609008789e-01,2.233293771743774414e+00,-3.026644945144653320e+00,-1.284154057502746582e+00,2.087663412094116211e+00,4.794719219207763672e-01,-1.556635260581970215e+00,-1.885706186294555664e-02,8.818414807319641113e-02,6.818227171897888184e-01,-2.045087575912475586e+00,2.573073625564575195e+00,1.960660815238952637e+00,6.260850429534912109e-01,1.133173033595085144e-01,-5.371761918067932129e-01,-8.547617197036743164e-01,3.026546910405158997e-03,4.990980029106140137e-01,9.045777320861816406e-01,-6.579644978046417236e-02,-4.828027784824371338e-01,2.242630720138549805e-01,-1.568085253238677979e-01,-1.131448626518249512e+00,-1.731162667274475098e-01,6.018319129943847656e-01,7.712097167968750000e-01,4.130240380764007568e-01,-7.834821939468383789e-01,1.243842244148254395e+00,-6.742647886276245117e-01,-8.469489812850952148e-01,-1.743649125099182129e+00,1.410361826419830322e-01,-3.082241415977478027e-01,-8.811305165290832520e-01,3.007918000221252441e-01,-4.843730032444000244e-01,-2.107571661472320557e-01,2.894221246242523193e-01,2.128451019525527954e-01,2.700777292251586914e+00,3.855733275413513184e-01,1.392979860305786133e+00,3.285397589206695557e-02,3.859274387359619141e-01,-1.050585269927978516e+00,-4.246870577335357666e-01,-7.164644002914428711e-01,-2.509028911590576172e-01,-5.163085460662841797e-01,-3.390298187732696533e-01,1.907234787940979004e-01
4.769828319549560547e-01,-7.323250174522399902e-02,5.486362054944038391e-02,-2.030891329050064087e-01,-3.112977445125579834e-01,-1.969207674264907837e-01,-2.476219087839126587e-01,4.150191321969032288e-02,-2.007259845733642578e+00,-2.271252155303955078e+00,-9.108619391918182373e-02,2.936558961868286133e+00,-3.168212890625000000e+00,-1.240499854087829590e+00,2.329422473907470703e+00,-4.364024698734283447e-01,-2.077280998229980469e+00,9.600136280059814453e-01,3.125042676925659180e+00,3.076848983764648438e+00,-4.279802322387695312e+00,-1.746114253997802734e+00,-1.418067097663879395e+00,-1.769915372133255005e-01,-2.610498368740081787e-01,-4.767287671566009521e-01,-3.985345363616943359e-01,1.892009228467941284e-01,-7.579217106103897095e-02,5.594446659088134766e-01,7.826846837997436523e-02,-5.237028002738952637e-01,6.670029759407043457e-01,4.901996254920959473e-01,-1.400175213813781738e+00,-6.040412187576293945e-01,-2.358525432646274567e-02,1.197308301925659180e+00,8.734739422798156738e-01,-9.541694074869155884e-02,1.254915148019790649e-01,-1.120662450790405273e+00,-1.488186359405517578e+00,6.203271150588989258e-01,-7.536032795906066895e-01,-8.147363662719726562e-01,-1.066613290458917618e-02,8.723098039627075195e-01,-1.676604896783828735e-01,4.947734475135803223e-01,3.589934408664703369e-01,4.495574235916137695e-01,1.530508995056152344e+00,3.304851055145263672e-01,-2.858943343162536621e-01,2.250471562147140503e-01,8.757116645574569702e-02,-1.585121750831604004e+00,-4.696221351623535156e-01,-7.907736897468566895e-01,-9.328042156994342804e-03,-3.697754740715026855e-01,-1.307367384433746338e-01,7.619731128215789795e-02
4.482563436031341553e-01,2.031450858339667320e-03,-2.028957754373550415e-02,-3.029739260673522949e-01,-2.584570944309234619e-01,-8.111061900854110718e-02,-1.701972782611846924e-01,1.188487336039543152e-01,-1.852654695510864258e+00,-1.412103533744812012e+00,-3.537959456443786621e-01,2.638993978500366211e+00,-3.020460844039916992e+00,-9.725973010063171387e-01,2.083495616912841797e+00,4.146563708782196045e-01,-1.685116648674011230e+00,2.632815241813659668e-01,2.126873731613159180e-01,6.839113235473632812e-01,-2.297111511230468750e+00,2.298592567443847656e+00,1.676092743873596191e+00,7.377145886421203613e-01,1.405848423019051552e-03,-6.030595302581787109e-01,-7.509551048278808594e-01,-8.572906255722045898e-02,4.357646107673645020e-01,8.176364302635192871e-01,-2.294982597231864929e-02,-4.245578944683074951e-01,2.039135396480560303e-01,-2.119058668613433838e-01,-1.120433568954467773e+00,-1.463903933763504028e-01,6.598001718521118164e-01,7.836110591888427734e-01,3.850446641445159912e-01,-8.314955234527587891e-01,2.501208066940307617e+00,-2.873751819133758545e-01,-3.185051381587982178e-01,-3.330563306808471680e+00,7.826893329620361328e-01,9.727434813976287842e-02,-1.615477681159973145e+00,-3.148697316646575928e-01,-5.714575052261352539e-01,-3.184932172298431396e-01,2.347974181175231934e-01,1.276057660579681396e-01,2.920621395111083984e+00,4.221202731132507324e-01,1.749949574470520020e+00,3.755473345518112183e-02,3.651339411735534668e-01,-1.164100646972656250e+00,-3.917839825153350830e-01,-6.775031685829162598e-01,-2.356516569852828979e-01,-5.350777506828308105e-01,-2.978089749813079834e-01,2.181071341037750244e-01
3.126149773597717285e-01,-5.717062950134277344e-01,6.457996964454650879e-01,2.308851331472396851e-01,-7.887412309646606445e-01,-8.990312814712524414e-01,-9.266736507415771484e-01,-4.309576153755187988e-01,-1.995612978935241699e+00,-2.464408397674560547e+00,-1.649080663919448853e-01,3.069015979766845703e+00,-3.250266790390014648e+00,-1.244635820388793945e+00,2.446132183074951172e+00,-5.542547106742858887e-01,-2.140888452529907227e+00,1.425667405128479004e-01,6.054428219795227051e-01,4.176715016365051270e-01,-2.875656843185424805e+00,1.971207976341247559e+00,1.160129427909851074e+00,9.799157977104187012e-01,-2.696215510368347168e-01,-7.691828012466430664e-01,-1.927115619182586670e-01,2.554699312895536423e-03,-3.874144256114959717e-01,1.482871323823928833e-01,2.938106656074523926e-01,9.963343292474746704e-02,1.391124725341796875e-01,-5.547354221343994141e-01,-1.341703772544860840e+00,-2.471470385789871216e-01,9.207091927528381348e-01,5.874179005622863770e-01,3.571965694427490234e-01,-1.122812628746032715e+00,5.219412967562675476e-02,-1.147785902023315430e+00,-1.543470025062561035e+00,8.846130967140197754e-01,-8.695905804634094238e-01,-8.650354146957397461e-01,6.622298806905746460e-02,9.078665375709533691e-01,-1.978303194046020508e-01,4.310038983821868896e-01,3.959999978542327881e-01,5.007422566413879395e-01,1.087433099746704102e+00,3.839079737663269043e-01,-5.132896304130554199e-01,1.529627740383148193e-01,2.760109864175319672e-02,-2.181051969528198242e+00,-2.814761400222778320e-01,-9.975897073745727539e-01,3.126409277319908142e-02,-3.664765954017639160e-01,-9.148901700973510742e-02,1.987623870372772217e-01
3.619160056114196777e-01,-2.394002676010131836e-01,2.433761060237884521e-01,-1.433431953191757202e-01,-3.916740119457244873e-01,-4.374931752681732178e-01,-3.893935084342956543e-01,-1.061052754521369934e-01,-1.677346825599670410e+00,-1.637537717819213867e+00,-2.074161171913146973e-01,2.482962369918823242e+00,-3.055823564529418945e+00,-1.457067489624023438e+00,2.279675245285034180e+00,-1.853620409965515137e-01,-1.416892290115356445e+00,-5.622617434710264206e-03,3.120909035205841064e-01,9.963197708129882812e-01,-2.289892435073852539e+00,2.101477384567260742e+00,1.603717684745788574e+00,2.897994518280029297e-01,-9.943733364343643188e-02,-1.061820834875106812e-01,-4.038744270801544189e-01,6.709812283515930176e-01,-2.482429593801498413e-01,6.987636089324951172e-01,-7.120225578546524048e-02,-8.385462164878845215e-01,4.792710840702056885e-01,2.917937934398651123e-01,-1.276735186576843262e+00,-4.126729965209960938e-01,1.923881322145462036e-01,1.047079443931579590e+00,6.852982640266418457e-01,-3.394670784473419189e-01,3.847925737500190735e-02,-1.156704068183898926e+00,-1.545862555503845215e+00,8.240926265716552734e-01,-8.393421769142150879e-01,-8.497804403305053711e-01,4.078637808561325073e-02,9.104998111724853516e-01,-1.984620094299316406e-01,4.089696705341339111e-01,2.436728179454803467e-01,2.372551262378692627e-01,2.246052742004394531e+00,2.513604760169982910e-01,3.849172592163085938e-01,3.200260400772094727e-01,-8.020860701799392700e-02,-1.642791390419006348e+00,-5.996282100677490234e-01,-6.291803717613220215e-01,1.267847120761871338e-01,-2.643519341945648193e-01,2.271420694887638092e-02,-6.910371035337448120e-02
8.027029782533645630e-02,-5.077947974205017090e-01,5.548607110977172852e-01,-1.240883320569992065e-01,-5.243501663208007812e-01,-7.850962877273559570e-01,-6.101177930831909180e-01,-3.306976854801177979e-01,-1.262420177459716797e+00,-6.726760864257812500e-01,-4.346887767314910889e-01,1.894107699394226074e+00,-2.971928119659423828e+00,-1.702756404876708984e+00,2.021500825881958008e+00,3.298615217208862305e-01,-1.439872622489929199e+00,2.671907469630241394e-02,-3.384804427623748779e-01,-2.256601117551326752e-02,-1.643866658210754395e+00,3.113296031951904297e+00,2.154986143112182617e+00,9.416732192039489746e-01,-3.106352388858795166e-01,-8.559626936912536621e-01,-8.832947611808776855e-01,-4.594379961490631104e-01,1.022345900535583496e+00,1.160177826881408691e+00,5.242627859115600586e-02,-6.922389268875122070e-01,1.733813583850860596e-01,-3.530350327491760254e-01,-1.339706778526306152e+00,-3.701814711093902588e-01,7.014222741127014160e-01,5.836066007614135742e-01,4.958996772766113281e-01,-9.792615771293640137e-01,5.925264358520507812e-01,-9.385700821876525879e-01,-1.193084359169006348e+00,-6.561148762702941895e-01,-2.280223518610000610e-01,-5.399278402328491211e-01,-4.603682458400726318e-01,6.362152695655822754e-01,-5.012973025441169739e-02,1.830129325389862061e-01,6.169745326042175293e-01,6.163660287857055664e-01,1.443888425827026367e+00,1.565561890602111816e-01,-1.427020281553268433e-01,-7.852450013160705566e-02,5.418404340744018555e-01,-8.240570425987243652e-01,-3.684532940387725830e-01,-8.889270424842834473e-01,-3.722385764122009277e-01,-5.838303565979003906e-01,-5.184556245803833008e-01,2.606449723243713379e-01
-4.339955374598503113e-02,-6.882844567298889160e-01,7.748357653617858887e-01,-1.663594879209995270e-02,-6.648215651512145996e-01,-1.031183004379272461e+00,-8.258081674575805664e-01,-4.946369528770446777e-01,-1.736224651336669922e+00,-1.849102616310119629e+00,-4.940735697746276855e-01,2.540201425552368164e+00,-3.279486179351806641e+00,-1.596299648284912109e+00,2.462999105453491211e+00,-2.927230298519134521e-01,-1.666160106658935547e+00,3.587459921836853027e-01,4.894458353519439697e-01,8.518223166465759277e-01,-2.756561040878295898e+00,1.772549152374267578e+00,1.220005154609680176e+00,5.920291543006896973e-01,-2.421474307775497437e-01,-8.309558629989624023e-01,-4.719783365726470947e-01,-2.806118130683898926e-01,1.324379444122314453e-01,4.521296024322509766e-01,1.809770017862319946e-01,-9.143397957086563110e-02,8.129292726516723633e-02,-8.734878301620483398e-01,-1.583394527435302734e+00,-4.944391846656799316e-01,1.055823087692260742e+00,1.679532080888748169e-01,4.390669465065002441e-01,-1.373874902725219727e+00,2.656260430812835693e-01,-1.066077589988708496e+00,-1.419399857521057129e+00,5.799924135208129883e-01,-7.522053122520446777e-01,-8.298227190971374512e-01,1.799846999347209930e-02,8.214208483695983887e-01,-9.454810619354248047e-02,4.836741685867309570e-01,3.987865149974822998e-01,4.975197017192840576e-01,1.185342073440551758e+00,2.309013605117797852e-01,-5.463948249816894531e-01,1.610811948776245117e-01,1.656668633222579956e-01,-1.821267008781433105e+00,-3.094042837619781494e-01,-9.837018251419067383e-01,-8.339548856019973755e-02,-4.335325956344604492e-01,-2.035861462354660034e-01,2.043236196041107178e-01
3.911752700805664062e-01,-2.233200669288635254e-01,2.365942895412445068e-01,-9.724541008472442627e-02,-4.521510004997253418e-01,-3.963542580604553223e-01,-4.436010420322418213e-01,-9.199587255716323853e-02,-1.898082733154296875e+00,-2.020478248596191406e+00,-1.283338963985443115e-01,2.799830198287963867e+00,-3.172367811203002930e+00,-1.352544546127319336e+00,2.319040298461914062e+00,-3.483778834342956543e-01,-1.699475884437561035e+00,4.399643540382385254e-01,4.841514527797698975e-01,9.513934850692749023e-01,-3.090877294540405273e+00,1.719823837280273438e+00,1.223544478416442871e+00,5.762397646903991699e-01,-1.758277118206024170e-01,-5.933280587196350098e-01,-4.523304998874664307e-01,8.981776982545852661e-02,-2.826334163546562195e-02,5.398011803627014160e-01,1.224369704723358154e-01,-3.300685584545135498e-01,6.170154213905334473e-01,3.861749470233917236e-01,-1.367561936378479004e+00,-5.335108041763305664e-01,8.879745006561279297e-02,1.196941852569580078e+00,8.006790280342102051e-01,-1.931729167699813843e-01,4.484471306204795837e-02,-1.151219367980957031e+00,-1.544342756271362305e+00,8.641973137855529785e-01,-8.574962615966796875e-01,-8.596802353858947754e-01,5.862245708703994751e-02,9.093487262725830078e-01,-3.431896865367889404e-01,2.327425330877304077e-01,2.532345354557037354e-01,2.826483249664306641e-01,2.089003086090087891e+00,3.767901659011840820e-01,4.972175657749176025e-01,2.046020478010177612e-01,2.062992006540298462e-01,-1.545615792274475098e+00,-3.770410120487213135e-01,-8.656237721443176270e-01,-1.068827062845230103e-01,-4.562988281250000000e-01,-2.114636152982711792e-01,1.816131919622421265e-01
7.919278740882873535e-02,-6.723574399948120117e-01,7.462302446365356445e-01,7.522445917129516602e-02,-7.062810659408569336e-01,-1.016946792602539062e+00,-8.619047999382019043e-01,-4.947262108325958252e-01,-1.690889716148376465e+00,-1.726186394691467285e+00,-3.788043558597564697e-01,2.496410608291625977e+00,-3.174615621566772461e+00,-1.525415420532226562e+00,2.372997522354125977e+00,-2.047230452299118042e-01,-1.617819190025329590e+00,6.360654532909393311e-02,-2.526378631591796875e-01,3.958053886890411377e-02,-2.075395107269287109e+00,2.971003532409667969e+00,2.046461582183837891e+00,9.695363640785217285e-01,-2.062901556491851807e-01,-5.852249860763549805e-01,-4.788184762001037598e-01,1.082006841897964478e-01,1.767296902835369110e-02,6.047182083129882812e-01,1.231815442442893982e-01,-4.218126237392425537e-01,1.989055573940277100e-01,-2.338899672031402588e-01,-1.266177058219909668e+00,-2.578772902488708496e-01,6.388553977012634277e-01,6.839880347251892090e-01,4.400458335876464844e-01,-8.652822971343994141e-01,1.344615817070007324e-01,-1.110149979591369629e+00,-1.484820723533630371e+00,6.691245436668395996e-01,-7.807532548904418945e-01,-8.266233205795288086e-01,6.931380368769168854e-03,8.701014518737792969e-01,-4.759546369314193726e-03,6.054999828338623047e-01,4.290748238563537598e-01,4.948258996009826660e-01,1.341865658760070801e+00,1.885283142328262329e-01,-5.257114768028259277e-01,2.113880813121795654e-01,4.456560015678405762e-01,-1.225188612937927246e+00,-2.908943295478820801e-01,-1.024122357368469238e+00,-3.101057708263397217e-01,-5.802998542785644531e-01,-4.441534280776977539e-01,2.997964918613433838e-01
