-4.631478190422058105e-01,3.456991195678710938e+01,-2.626802206039428711e+00,1.721389412879943848e+00,1.133025527000427246e+00,1.636155843734741211e+00,4.054165267944335938e+01,2.377114295959472656e+00,-2.275753021240234375e+01,-1.584767222404479980e+00,2.678901433944702148e+00,6.798783302307128906e+00,-3.972607421875000000e+01,3.925714492797851562e+01,-6.606393337249755859e+00,-2.130684852600097656e-01,-2.682045173645019531e+01,3.650940704345703125e+01,-2.222362756729125977e+00,3.515723466873168945e+00,-7.127746939659118652e-01,3.208476781845092773e+00,-2.147894382476806641e+00,3.544691562652587891e+00,-4.378390789031982422e+00,-5.498732566833496094e+00,-1.056515598297119141e+01,-1.827417135238647461e+00,3.832986450195312500e+01,-5.168702602386474609e-01,-7.383342266082763672e+00,-2.334989547729492188e+00,4.576529502868652344e+00,-4.347527325153350830e-01,-1.279116868972778320e+00,4.610600471496582031e+00,-5.198085784912109375e+00,-7.109800338745117188e+00,2.217561960220336914e+00,4.067384338378906250e+01,-2.928961038589477539e+00,3.145912933349609375e+01,9.524412155151367188e+00,2.664211273193359375e+00,8.545693397521972656e+00,-4.816776275634765625e+00,1.241114616394042969e+00,-2.594800949096679688e+01,-3.777565765380859375e+01,-3.995021820068359375e+01,-3.948237609863281250e+01,1.111929416656494141e+01,4.240647315979003906e+00,-2.849429893493652344e+01,3.081983804702758789e+00,-1.884805262088775635e-01,7.479768276214599609e+00,7.846558094024658203e+00,4.080503582954406738e-01,3.518643188476562500e+01,-7.045695781707763672e-01,-3.736185073852539062e+01,-2.411851882934570312e+00,2.401358604431152344e+00
5.469709873199462891e+00,-6.076920032501220703e+00,4.848755836486816406e+00,-2.857200384140014648e+00,-1.260827332735061646e-01,-3.399000644683837891e+00,-1.279558753967285156e+01,-9.648720026016235352e-01,7.279486179351806641e+00,1.438381075859069824e+00,-4.950743198394775391e+00,1.277047252655029297e+01,1.655673599243164062e+01,-6.483146190643310547e+00,-1.250016880035400391e+01,1.757157921791076660e+00,-9.896488785743713379e-01,-8.347574234008789062e+00,-8.773773193359375000e+00,-4.047735214233398438e+00,3.033404588699340820e+00,6.611258029937744141e+00,-4.899909019470214844e+00,1.365998172760009766e+01,-9.685698509216308594e+00,-1.512106227874755859e+01,5.373224258422851562e+00,-9.692383766174316406e+00,-1.201877593994140625e+01,7.726269364356994629e-01,-1.385515689849853516e+01,2.680175542831420898e+00,9.586029052734375000e+00,7.943323850631713867e-01,6.701596736907958984e+00,1.144691467285156250e+01,-5.760384559631347656e+00,-1.236501026153564453e+01,-2.003111600875854492e+00,-1.541526031494140625e+01,-6.593865394592285156e+00,-1.678943252563476562e+01,-5.865031242370605469e+00,-2.776689291000366211e+00,-5.462428092956542969e+00,9.150792360305786133e-01,-1.545260190963745117e+00,5.744964599609375000e+00,1.446269798278808594e+01,4.251775741577148438e+00,5.893448829650878906e+00,-6.797487735748291016e+00,9.701251029968261719e+00,-4.280669212341308594e+00,-6.377171039581298828e+00,5.224332332611083984e+00,1.105420589447021484e+01,-3.762153148651123047e+00,5.146657466888427734e+00,-1.676308631896972656e+01,-4.430357456207275391e+00,9.310025215148925781e+00,5.286204338073730469e+00,-5.085630416870117188e+00
3.363479375839233398e+00,1.201649379730224609e+01,-6.765878200531005859e-01,-1.851136207580566406e+00,-3.673185706138610840e-01,-3.172238588333129883e+00,9.005592346191406250e+00,4.626722037792205811e-01,-2.345619678497314453e+00,9.233480691909790039e-01,-2.303510427474975586e+00,9.208361625671386719e+00,-6.665881156921386719e+00,1.304618930816650391e+01,-1.043498039245605469e+01,-1.591007590293884277e+00,-1.061956691741943359e+01,1.272307872772216797e+01,-6.299561500549316406e+00,-8.714211583137512207e-01,1.890283346176147461e+00,4.066489219665527344e+00,5.856664180755615234e-01,8.418749809265136719e+00,-7.098322391510009766e+00,-1.104992771148681641e+01,6.258465051651000977e-01,-5.484141349792480469e+00,1.162394714355468750e+01,1.658387660980224609e+00,-1.020319652557373047e+01,1.007186770439147949e+00,7.305920600891113281e+00,3.428720831871032715e-01,4.172586441040039062e+00,8.670749664306640625e+00,-2.070209980010986328e+00,-1.076606655120849609e+01,-2.931162714958190918e-01,7.671442508697509766e+00,-3.617275476455688477e+00,3.920996427536010742e+00,-1.887143969535827637e+00,-1.784818291664123535e+00,-8.173855543136596680e-01,-2.352305889129638672e+00,-5.586636066436767578e-01,-7.333121299743652344e+00,-7.224470138549804688e+00,-1.351286792755126953e+01,-1.486102867126464844e+01,-2.333068847656250000e+00,8.524395942687988281e+00,-1.347889995574951172e+01,3.785560429096221924e-01,2.046880006790161133e+00,7.522948265075683594e+00,-1.748782634735107422e+00,3.437970638275146484e+00,4.195323467254638672e+00,-2.594562530517578125e+00,-1.100846767425537109e+01,3.678869724273681641e+00,5.983225107192993164e-01
2.469533205032348633e+00,4.406213760375976562e+00,3.669486284255981445e+00,-6.679212093353271484e+00,-4.313329696655273438e+00,-1.289546012878417969e+00,6.348820924758911133e-01,-3.085764169692993164e+00,-2.234415769577026367e+00,3.258477210998535156e+00,-1.754668593406677246e+00,1.103010082244873047e+01,5.156955242156982422e+00,4.544953823089599609e+00,-1.161862754821777344e+01,-4.107615947723388672e+00,-6.133675575256347656e+00,3.212282419204711914e+00,-4.591816425323486328e+00,-4.943890094757080078e+00,5.453961849212646484e+00,5.538475990295410156e+00,-3.967752695083618164e+00,8.901157379150390625e+00,-8.245181083679199219e+00,-1.303185939788818359e+01,5.650554597377777100e-02,-6.053231716156005859e+00,1.067112326622009277e+00,4.099195003509521484e+00,-1.105869865417480469e+01,3.871925592422485352e+00,8.758836746215820312e+00,2.304680585861206055e+00,3.459040403366088867e+00,1.050380420684814453e+01,-5.821291446685791016e+00,-1.107536792755126953e+01,-3.535296916961669922e+00,-3.682948112487792969e+00,-4.706212043762207031e+00,-6.142680168151855469e+00,-8.132797479629516602e-01,-3.757125616073608398e+00,-4.698520898818969727e-01,-4.059556961059570312e+00,-3.811065196990966797e+00,2.840856909751892090e-01,3.320527553558349609e+00,-6.003036499023437500e+00,-6.285287380218505859e+00,-7.735721468925476074e-01,8.954056739807128906e+00,-9.194169044494628906e+00,-1.096855640411376953e+00,2.702528238296508789e+00,8.342852592468261719e+00,-2.677648365497589111e-01,3.456069469451904297e+00,-6.260864257812500000e+00,-1.122241139411926270e+00,-1.255219459533691406e+00,2.965482234954833984e+00,-2.091755867004394531e+00
2.318941116333007812e+00,6.145572662353515625e+00,2.571451425552368164e+00,-4.363626956939697266e+00,-2.751429080963134766e+00,-1.105196952819824219e+00,3.831068754196166992e+00,-1.662876367568969727e+00,-3.217554569244384766e+00,2.025055646896362305e+00,-1.234858989715576172e+00,1.149795913696289062e+01,1.150921702384948730e+00,7.251212120056152344e+00,-1.188763618469238281e+01,-2.217132329940795898e+00,-8.161118507385253906e+00,5.784979343414306641e+00,-5.307453632354736328e+00,-2.654572248458862305e+00,3.649255037307739258e+00,5.617251873016357422e+00,-3.120367527008056641e+00,9.578236579895019531e+00,-8.127962112426757812e+00,-1.312369632720947266e+01,-5.337770581245422363e-01,-6.512197494506835938e+00,4.126800537109375000e+00,2.878179073333740234e+00,-1.174262714385986328e+01,2.321036338806152344e+00,8.887863159179687500e+00,1.258257389068603516e+00,2.760929107666015625e+00,1.010515785217285156e+01,-5.409595489501953125e+00,-1.125297164916992188e+01,-2.098014831542968750e+00,7.906273007392883301e-01,-5.214743137359619141e+00,-2.375375747680664062e+00,-2.008461654186248779e-01,-1.983013868331909180e+00,-2.597676515579223633e-01,-2.988308668136596680e+00,-2.471949100494384766e+00,-3.089393854141235352e+00,-4.569944739341735840e-01,-9.303510665893554688e+00,-8.849962234497070312e+00,8.899801969528198242e-02,8.884284019470214844e+00,-1.109119701385498047e+01,-1.220903873443603516e+00,2.978420734405517578e+00,9.150545120239257812e+00,4.647181630134582520e-01,3.171117305755615234e+00,-1.531190991401672363e+00,-1.843797922134399414e+00,-4.563645362854003906e+00,2.371758460998535156e+00,-1.958105802536010742e+00
3.651140451431274414e+00,8.294254302978515625e+00,4.389721870422363281e+00,-6.509647369384765625e+00,-3.127048492431640625e+00,-2.897539138793945312e+00,2.153442382812500000e+00,-3.672473192214965820e+00,-2.570188522338867188e+00,3.800537109375000000e+00,-3.864358186721801758e+00,8.844385147094726562e+00,-5.086880922317504883e-01,7.171025276184082031e+00,-9.291297912597656250e+00,-4.851645469665527344e+00,-6.772267818450927734e+00,5.750412464141845703e+00,-4.714656829833984375e+00,-6.603769779205322266e+00,5.827893257141113281e+00,3.648219347000122070e+00,-5.349794387817382812e+00,8.423017501831054688e+00,-6.939612388610839844e+00,-1.087892246246337891e+01,6.921915411949157715e-01,-5.500160217285156250e+00,4.035888195037841797e+00,4.475960254669189453e+00,-9.338118553161621094e+00,5.326306819915771484e+00,7.198853492736816406e+00,3.909655332565307617e+00,6.561554431915283203e+00,8.427783012390136719e+00,-4.210031509399414062e+00,-9.738314628601074219e+00,-4.138430595397949219e+00,2.537864446640014648e-02,-2.818618535995483398e+00,-3.900142431259155273e+00,-8.311403393745422363e-01,-5.673435688018798828e+00,2.136272668838500977e+00,-5.045721530914306641e+00,-4.281740188598632812e+00,-1.319277286529541016e+00,-4.475607872009277344e-01,-8.420519828796386719e+00,-8.569491386413574219e+00,-2.533737659454345703e+00,7.392549037933349609e+00,-1.200908851623535156e+01,-1.627564430236816406e+00,2.046209573745727539e+00,7.116225242614746094e+00,-1.185075283050537109e+00,3.390047073364257812e+00,-4.838681697845458984e+00,-1.252587795257568359e+00,-4.249648094177246094e+00,4.292600154876708984e+00,-3.529110550880432129e-01
1.716056108474731445e+00,9.515442252159118652e-01,3.585867404937744141e+00,-3.505367279052734375e+00,-3.289658069610595703e+00,5.506929159164428711e-01,-1.831067204475402832e+00,-2.549427747726440430e+00,-9.299381971359252930e-01,2.219130754470825195e+00,-1.648983240127563477e+00,8.495899200439453125e+00,3.841412305831909180e+00,1.264906644821166992e+00,-7.400491714477539062e+00,-3.147331476211547852e+00,-3.453988552093505859e+00,5.094757676124572754e-01,-2.712211847305297852e+00,-3.735360860824584961e+00,3.021757364273071289e+00,3.181959629058837891e+00,-3.589364051818847656e+00,6.975959777832031250e+00,-5.824706554412841797e+00,-9.531847953796386719e+00,1.591699719429016113e-01,-4.281291007995605469e+00,-7.628909349441528320e-01,4.359502315521240234e+00,-8.787376403808593750e+00,2.705181360244750977e+00,6.151521682739257812e+00,1.151280999183654785e+00,3.474898576736450195e+00,6.775855541229248047e+00,-3.981113195419311523e+00,-7.451539039611816406e+00,-2.596434354782104492e+00,-2.287607669830322266e+00,-3.673212528228759766e+00,-4.428998947143554688e+00,-1.142830371856689453e+00,-2.785503149032592773e+00,7.455942034721374512e-02,-2.342444658279418945e+00,-2.211556911468505859e+00,-7.998121976852416992e-01,2.908381462097167969e+00,-4.067201137542724609e+00,-3.229737043380737305e+00,2.795025110244750977e-01,6.190708160400390625e+00,-6.552029132843017578e+00,-1.522751331329345703e+00,2.052713632583618164e+00,6.487370491027832031e+00,1.282705783843994141e+00,1.672474861145019531e+00,-4.960938453674316406e+00,-1.983841061592102051e-01,-9.622557163238525391e-01,2.093042373657226562e+00,-1.617296814918518066e+00
4.004637241363525391e+00,3.327852010726928711e+00,3.781663894653320312e+00,-4.940840721130371094e+00,-2.111015319824218750e+00,-2.955108165740966797e+00,-1.714835882186889648e+00,-2.128548622131347656e+00,2.791582942008972168e-01,2.393979072570800781e+00,-3.346065044403076172e+00,1.191545104980468750e+01,5.787013530731201172e+00,3.421092033386230469e+00,-1.232247829437255859e+01,-1.728620409965515137e+00,-5.780131340026855469e+00,1.795477747917175293e+00,-7.118682861328125000e+00,-4.168366432189941406e+00,4.411630630493164062e+00,5.942581176757812500e+00,-3.866888761520385742e+00,1.147266292572021484e+01,-8.889212608337402344e+00,-1.400919628143310547e+01,2.034734487533569336e+00,-7.727931499481201172e+00,-6.973786354064941406e-01,2.623131275177001953e+00,-1.256515026092529297e+01,3.406573295593261719e+00,9.386481285095214844e+00,2.043488502502441406e+00,5.267044544219970703e+00,1.081477737426757812e+01,-5.137415409088134766e+00,-1.216555118560791016e+01,-2.679773569107055664e+00,-4.695698738098144531e+00,-5.331876754760742188e+00,-7.689245223999023438e+00,-2.559752225875854492e+00,-3.359544277191162109e+00,-1.722791790962219238e+00,-2.503371953964233398e+00,-2.846491098403930664e+00,5.151894092559814453e-01,4.336536884307861328e+00,-5.231491088867187500e+00,-4.720260620117187500e+00,-3.360721349716186523e+00,9.460135459899902344e+00,-9.835737228393554688e+00,-2.977891206741333008e+00,3.603043317794799805e+00,9.698071479797363281e+00,-1.784126758575439453e+00,4.355304241180419922e+00,-7.205146789550781250e+00,-2.946876764297485352e+00,-1.569310128688812256e-01,4.342020511627197266e+00,-2.611925601959228516e+00
3.012291193008422852e+00,5.963370203971862793e-01,5.522140979766845703e+00,-5.812851428985595703e+00,-2.932111740112304688e+00,-1.652739405632019043e+00,-4.395973682403564453e+00,-3.227562427520751953e+00,-2.907698452472686768e-01,3.217564821243286133e+00,-2.888052701950073242e+00,1.205807018280029297e+01,8.648115158081054688e+00,1.030133366584777832e-01,-1.184901618957519531e+01,-1.986452698707580566e+00,-4.370114326477050781e+00,-1.642322421073913574e+00,-6.956353664398193359e+00,-5.874474525451660156e+00,5.670898437500000000e+00,6.486812114715576172e+00,-6.345075130462646484e+00,1.195870590209960938e+01,-9.420872688293457031e+00,-1.423545837402343750e+01,1.006004452705383301e+00,-7.961343288421630859e+00,-4.834224700927734375e+00,3.019171476364135742e+00,-1.252046680450439453e+01,4.582304477691650391e+00,9.864375114440917969e+00,2.944972276687622070e+00,4.911608219146728516e+00,1.105288791656494141e+01,-7.364818096160888672e+00,-1.218621063232421875e+01,-3.567945957183837891e+00,-8.199347496032714844e+00,-5.758810043334960938e+00,-1.136686897277832031e+01,-1.558593392372131348e+00,-4.066547870635986328e+00,-3.572128713130950928e-01,-3.049682855606079102e+00,-3.692543268203735352e+00,2.898092985153198242e+00,8.082932472229003906e+00,-2.428660869598388672e+00,-8.630666732788085938e-01,-2.365143060684204102e+00,9.359235763549804688e+00,-8.456428527832031250e+00,-3.796940326690673828e+00,4.534249305725097656e+00,9.919273376464843750e+00,-5.690432190895080566e-01,4.272455692291259766e+00,-1.108593368530273438e+01,-2.858556985855102539e+00,2.878559827804565430e+00,3.577482700347900391e+00,-3.842242002487182617e+00
3.870772361755371094e+00,1.751709818840026855e+00,4.246912002563476562e+00,-5.661532402038574219e+00,-2.857281684875488281e+00,-2.479862689971923828e+00,-3.341255426406860352e+00,-2.627917766571044922e+00,7.735919952392578125e-01,2.791897296905517578e+00,-3.158944845199584961e+00,1.201520633697509766e+01,8.008451461791992188e+00,1.618942022323608398e+00,-1.233615112304687500e+01,-2.341544151306152344e+00,-4.660998821258544922e+00,2.270279973745346069e-01,-6.226154804229736328e+00,-4.814681529998779297e+00,4.776409626007080078e+00,6.058709144592285156e+00,-4.257895946502685547e+00,1.093752193450927734e+01,-8.937733650207519531e+00,-1.416821098327636719e+01,2.034026861190795898e+00,-7.567664623260498047e+00,-2.431774139404296875e+00,3.025644063949584961e+00,-1.238146781921386719e+01,3.656589508056640625e+00,9.407976150512695312e+00,2.176546335220336914e+00,5.056822776794433594e+00,1.103250789642333984e+01,-5.494113445281982422e+00,-1.194608306884765625e+01,-3.132023334503173828e+00,-6.838187217712402344e+00,-5.464835643768310547e+00,-9.212588310241699219e+00,-2.686996459960937500e+00,-3.709148168563842773e+00,-1.953911185264587402e+00,-2.533780813217163086e+00,-3.293295621871948242e+00,1.796438217163085938e+00,6.278408050537109375e+00,-3.418029546737670898e+00,-3.066085338592529297e+00,-3.019885063171386719e+00,9.379309654235839844e+00,-8.320311546325683594e+00,-2.906114578247070312e+00,3.573020696640014648e+00,9.506207466125488281e+00,-1.640284538269042969e+00,4.286391258239746094e+00,-9.021856307983398438e+00,-2.511253118515014648e+00,1.613083243370056152e+00,4.160182476043701172e+00,-2.987770795822143555e+00
4.093946933746337891e+00,1.430212974548339844e+00,3.679429292678833008e+00,-4.247995376586914062e+00,-1.365557789802551270e+00,-3.279070377349853516e+00,-3.829678058624267578e+00,-1.621701002120971680e+00,1.703704118728637695e+00,2.050669193267822266e+00,-3.167928934097290039e+00,1.367925357818603516e+01,8.526045799255371094e+00,1.376274585723876953e+00,-1.407314395904541016e+01,-3.590938746929168701e-01,-5.357960224151611328e+00,-3.622305765748023987e-02,-9.426822662353515625e+00,-3.522802591323852539e+00,4.142768383026123047e+00,7.371879577636718750e+00,-3.592230796813964844e+00,1.397431659698486328e+01,-1.049581336975097656e+01,-1.601753997802734375e+01,2.298710584640502930e+00,-9.316976547241210938e+00,-3.392228364944458008e+00,1.590952038764953613e+00,-1.457469940185546875e+01,2.945077896118164062e+00,1.110554885864257812e+01,1.635427713394165039e+00,4.986574649810791016e+00,1.228399658203125000e+01,-5.919304370880126953e+00,-1.417448616027832031e+01,-2.097705364227294922e+00,-7.290096759796142578e+00,-6.642294406890869141e+00,-1.029272174835205078e+01,-3.320285797119140625e+00,-2.623108625411987305e+00,-2.790996313095092773e+00,-1.755402922630310059e+00,-2.430518150329589844e+00,1.835770964622497559e+00,7.225914001464843750e+00,-3.593021154403686523e+00,-2.534537792205810547e+00,-3.983983755111694336e+00,1.090199661254882812e+01,-9.294340133666992188e+00,-3.554729938507080078e+00,5.017243862152099609e+00,1.106464576721191406e+01,-1.888476371765136719e+00,5.297358036041259766e+00,-9.203577041625976562e+00,-4.487755775451660156e+00,1.893960237503051758e+00,4.388713359832763672e+00,-3.688878297805786133e+00
2.958818435668945312e+00,7.091448307037353516e+00,3.762338399887084961e+00,-5.600219726562500000e+00,-3.004908084869384766e+00,-2.156772136688232422e+00,2.598941087722778320e+00,-2.904371976852416992e+00,-3.264993667602539062e+00,2.955300331115722656e+00,-2.331310749053955078e+00,1.154007911682128906e+01,1.489389896392822266e+00,7.030423641204833984e+00,-1.216238689422607422e+01,-3.140671491622924805e+00,-7.867392539978027344e+00,5.263727188110351562e+00,-6.114540100097656250e+00,-4.549664974212646484e+00,5.266244411468505859e+00,5.822678565979003906e+00,-4.467183113098144531e+00,1.052008724212646484e+01,-8.499932289123535156e+00,-1.360099887847900391e+01,-1.289955377578735352e-01,-6.901922225952148438e+00,3.342651605606079102e+00,3.344635963439941406e+00,-1.191819381713867188e+01,3.868331432342529297e+00,9.459027290344238281e+00,2.809851646423339844e+00,4.274135589599609375e+00,1.045786190032958984e+01,-5.663940906524658203e+00,-1.195291996002197266e+01,-3.188916921615600586e+00,-5.943077802658081055e-01,-4.930957317352294922e+00,-4.217938423156738281e+00,-5.468419194221496582e-01,-3.513181209564208984e+00,5.576977729797363281e-01,-4.379790782928466797e+00,-3.652037620544433594e+00,-1.506665825843811035e+00,4.106328189373016357e-01,-9.089183807373046875e+00,-8.357574462890625000e+00,-1.187931776046752930e+00,9.267718315124511719e+00,-1.238377285003662109e+01,-1.627773523330688477e+00,3.084358215332031250e+00,9.376784324645996094e+00,-2.347392439842224121e-01,3.737863540649414062e+00,-3.739784240722656250e+00,-2.140653371810913086e+00,-3.786652326583862305e+00,3.310540199279785156e+00,-1.796265482902526855e+00
-4.801820963621139526e-02,1.181132984161376953e+01,-4.480005502700805664e-01,-1.761525154113769531e+00,-2.675136566162109375e+00,1.393033623695373535e+00,1.387903594970703125e+01,-1.454334855079650879e-01,-7.861334800720214844e+00,6.448696255683898926e-01,1.341709971427917480e+00,8.836033821105957031e+00,-9.748713493347167969e+00,1.476454448699951172e+01,-8.912898063659667969e+00,-2.530024528503417969e+00,-1.202052211761474609e+01,1.427887248992919922e+01,-2.236723661422729492e+00,5.003714561462402344e-01,1.405066251754760742e+00,3.656642198562622070e+00,-3.807972073554992676e-01,5.681340217590332031e+00,-5.746493816375732422e+00,-9.314755439758300781e+00,-3.837944030761718750e+00,-3.437801122665405273e+00,1.377356052398681641e+01,3.018275737762451172e+00,-8.976058006286621094e+00,-2.352899312973022461e-02,6.505414009094238281e+00,-5.514168739318847656e-01,-1.910420656204223633e-01,7.099113941192626953e+00,-3.842810869216918945e+00,-8.424765586853027344e+00,-2.871941328048706055e-01,1.201618957519531250e+01,-3.820878744125366211e+00,8.354133605957031250e+00,2.403618574142456055e+00,2.079747170209884644e-01,1.426894187927246094e+00,-2.844207763671875000e+00,-7.029274106025695801e-01,-1.009947299957275391e+01,-1.082143211364746094e+01,-1.650193214416503906e+01,-1.670992469787597656e+01,4.623733520507812500e+00,6.651887416839599609e+00,-1.284353733062744141e+01,1.792073249816894531e+00,1.193870306015014648e+00,6.733892917633056641e+00,3.290406942367553711e+00,1.076812148094177246e+00,9.728202819824218750e+00,1.012765169143676758e-01,-1.352833461761474609e+01,-1.384041756391525269e-01,2.153443694114685059e-01
-2.807004451751708984e-01,3.197638702392578125e+01,-9.297146201133728027e-01,-9.614198207855224609e-01,-5.844413042068481445e-01,1.419515371322631836e+00,3.765935516357421875e+01,1.081742048263549805e+00,-2.245080375671386719e+01,-3.643196225166320801e-01,2.761319398880004883e+00,8.468927383422851562e+00,-3.402508163452148438e+01,3.634215927124023438e+01,-8.370926856994628906e+00,-1.290311336517333984e+00,-2.548679733276367188e+01,3.317247009277343750e+01,-2.415115118026733398e+00,1.737841606140136719e+00,1.069371461868286133e+00,4.397284030914306641e+00,-3.453345060348510742e+00,4.211003303527832031e+00,-5.769923686981201172e+00,-7.352508068084716797e+00,-1.012849044799804688e+01,-2.536182403564453125e+00,3.440439605712890625e+01,3.028622865676879883e-01,-8.502555847167968750e+00,-1.074851274490356445e+00,5.753349304199218750e+00,4.207414388656616211e-01,-1.514660596847534180e+00,6.564709186553955078e+00,-7.153170585632324219e+00,-8.300885200500488281e+00,7.587181925773620605e-01,3.540717315673828125e+01,-3.767868280410766602e+00,2.669519615173339844e+01,9.629981040954589844e+00,1.603161573410034180e+00,8.035294532775878906e+00,-5.504900455474853516e+00,-2.248442173004150391e-01,-2.220965576171875000e+01,-3.283277130126953125e+01,-3.693151855468750000e+01,-3.666580581665039062e+01,1.102827262878417969e+01,5.195335388183593750e+00,-2.725613403320312500e+01,2.412647247314453125e+00,1.614346504211425781e-01,8.334758758544921875e+00,7.257888317108154297e+00,1.101667761802673340e+00,3.048041152954101562e+01,-8.016470670700073242e-01,-3.323179626464843750e+01,-2.082758426666259766e+00,9.405856132507324219e-01
4.445788860321044922e+00,1.974464654922485352e+00,4.121807098388671875e+00,-4.705013275146484375e+00,-1.873493313789367676e+00,-2.934653997421264648e+00,-3.610032558441162109e+00,-1.945870995521545410e+00,1.291125297546386719e+00,2.225250244140625000e+00,-3.718805551528930664e+00,1.218652534484863281e+01,8.088012695312500000e+00,1.956718444824218750e+00,-1.254974269866943359e+01,-1.083213567733764648e+00,-5.411575794219970703e+00,4.018317908048629761e-03,-7.138547897338867188e+00,-4.311390876770019531e+00,4.358574867248535156e+00,6.240338802337646484e+00,-4.619794845581054688e+00,1.165192317962646484e+01,-9.002182006835937500e+00,-1.447060871124267578e+01,2.660973787307739258e+00,-8.112136840820312500e+00,-2.795600414276123047e+00,2.255554914474487305e+00,-1.278322410583496094e+01,3.315835952758789062e+00,9.436755180358886719e+00,1.895677089691162109e+00,5.627925395965576172e+00,1.120872688293457031e+01,-5.644136905670166016e+00,-1.211127090454101562e+01,-2.697235345840454102e+00,-7.198083877563476562e+00,-5.695628643035888672e+00,-9.814626693725585938e+00,-3.160068273544311523e+00,-3.278389692306518555e+00,-2.621293544769287109e+00,-1.879743337631225586e+00,-2.713482618331909180e+00,1.655393600463867188e+00,6.265075683593750000e+00,-3.677906751632690430e+00,-2.876813650131225586e+00,-3.999720335006713867e+00,9.478893280029296875e+00,-9.157013893127441406e+00,-3.760454654693603516e+00,3.763368606567382812e+00,1.028739833831787109e+01,-2.416317701339721680e+00,4.458497047424316406e+00,-9.312644958496093750e+00,-3.049890995025634766e+00,1.775422811508178711e+00,4.569608688354492188e+00,-3.317531824111938477e+00
1.248184919357299805e+00,6.955725669860839844e+00,1.135474443435668945e+00,-2.375389814376831055e+00,-2.426299095153808594e+00,9.262492507696151733e-02,6.210311889648437500e+00,-8.786154985427856445e-01,-3.432413578033447266e+00,1.051106333732604980e+00,-7.867769002914428711e-01,8.897356033325195312e+00,-3.721832990646362305e+00,9.128125190734863281e+00,-8.798371315002441406e+00,-2.839103221893310547e+00,-8.322699546813964844e+00,8.107751846313476562e+00,-3.408427238464355469e+00,-1.304984688758850098e+00,2.112220287322998047e+00,3.383350610733032227e+00,-1.605252623558044434e+00,7.737308502197265625e+00,-6.127902030944824219e+00,-9.707989692687988281e+00,-7.698547244071960449e-01,-4.204443454742431641e+00,7.087532997131347656e+00,3.514903783798217773e+00,-9.180320739746093750e+00,1.598903298377990723e+00,6.595417022705078125e+00,3.943395018577575684e-01,2.304222345352172852e+00,7.074256896972656250e+00,-3.107794523239135742e+00,-8.796047210693359375e+00,-1.247293949127197266e+00,4.721863746643066406e+00,-3.539801836013793945e+00,1.543366312980651855e+00,3.775373846292495728e-02,-1.315313577651977539e+00,2.502529025077819824e-01,-2.545461654663085938e+00,-1.119410753250122070e+00,-5.575399875640869141e+00,-4.212537765502929688e+00,-1.069426155090332031e+01,-1.062963390350341797e+01,1.144222021102905273e+00,6.824390888214111328e+00,-1.054229259490966797e+01,-2.627759575843811035e-01,1.601116895675659180e+00,6.613390922546386719e+00,1.237519502639770508e+00,1.442588567733764648e+00,2.227962493896484375e+00,-4.385657012462615967e-01,-7.325979232788085938e+00,1.778120398521423340e+00,1.577133536338806152e-01
4.614016532897949219e+00,-3.478721380233764648e+00,4.382856369018554688e+00,-2.220838069915771484e+00,-2.214390933513641357e-01,-2.149491071701049805e+00,-8.198196411132812500e+00,-8.741245269775390625e-01,3.748437643051147461e+00,1.164173722267150879e+00,-3.665702819824218750e+00,1.351909542083740234e+01,1.239733123779296875e+01,-3.071816444396972656e+00,-1.272092342376708984e+01,2.195695400238037109e+00,-2.938132047653198242e+00,-4.947347164154052734e+00,-8.416197776794433594e+00,-2.895643949508666992e+00,2.406194925308227539e+00,7.209958553314208984e+00,-4.597111701965332031e+00,1.318793678283691406e+01,-9.755713462829589844e+00,-1.525413703918457031e+01,3.413409709930419922e+00,-9.357430458068847656e+00,-8.074480056762695312e+00,8.082917928695678711e-01,-1.435326290130615234e+01,1.753296732902526855e+00,9.757242202758789062e+00,3.254220783710479736e-01,5.293883800506591797e+00,1.160315418243408203e+01,-6.533249378204345703e+00,-1.246624755859375000e+01,-1.436848640441894531e+00,-1.005025482177734375e+01,-7.385742187500000000e+00,-1.220019531250000000e+01,-4.423317909240722656e+00,-1.718721747398376465e+00,-4.246518611907958984e+00,8.974772691726684570e-01,-1.304790258407592773e+00,2.813616991043090820e+00,1.018531131744384766e+01,3.195331394672393799e-01,2.060604333877563477e+00,-4.017018795013427734e+00,9.841699600219726562e+00,-6.654052257537841797e+00,-5.596694946289062500e+00,5.208342552185058594e+00,1.174639797210693359e+01,-1.575373291969299316e+00,4.791508674621582031e+00,-1.126941299438476562e+01,-4.282701492309570312e+00,5.314389228820800781e+00,4.171973228454589844e+00,-5.567489147186279297e+00
-9.198156595230102539e-01,1.490882205963134766e+01,1.092225670814514160e+00,-3.129637479782104492e+00,-3.836442947387695312e+00,2.281447410583496094e+00,1.823703575134277344e+01,-1.573855161666870117e+00,-1.232677173614501953e+01,1.075409650802612305e+00,1.996800899505615234e+00,8.916086196899414062e+00,-1.473885059356689453e+01,1.848395729064941406e+01,-8.438323974609375000e+00,-4.021663665771484375e+00,-1.393512439727783203e+01,1.683544349670410156e+01,-1.291255235671997070e+00,-3.202735781669616699e-01,2.561137676239013672e+00,3.559120655059814453e+00,-2.502439975738525391e+00,5.979014873504638672e+00,-5.471309661865234375e+00,-8.515100479125976562e+00,-5.972802639007568359e+00,-2.762163162231445312e+00,1.686965751647949219e+01,4.000810146331787109e+00,-8.727124214172363281e+00,9.571945071220397949e-01,6.519085884094238281e+00,6.923047304153442383e-01,-8.334230184555053711e-01,6.210568904876708984e+00,-4.608934402465820312e+00,-8.018205642700195312e+00,-1.239053249359130859e+00,1.640413856506347656e+01,-3.509596347808837891e+00,1.146164989471435547e+01,5.256367683410644531e+00,5.606968700885772705e-02,4.104187965393066406e+00,-4.792115211486816406e+00,-1.811125278472900391e+00,-1.159760761260986328e+01,-1.491883468627929688e+01,-2.078333854675292969e+01,-2.007397651672363281e+01,7.543594837188720703e+00,5.813350200653076172e+00,-1.570139122009277344e+01,1.764622688293457031e+00,6.540358066558837891e-01,6.536673069000244141e+00,5.705693244934082031e+00,2.973156571388244629e-01,1.375970458984375000e+01,1.001289844512939453e+00,-1.658421134948730469e+01,-1.006681203842163086e+00,7.128463983535766602e-01
1.008745074272155762e+00,4.285862922668457031e+00,1.734698295593261719e+00,-3.450072765350341797e+00,-3.386226177215576172e+00,1.033520340919494629e+00,4.516976833343505859e+00,-9.989703297615051270e-01,-3.562712907791137695e+00,1.480041265487670898e+00,3.167870342731475830e-01,1.092004203796386719e+01,1.628371953964233398e+00,6.517426967620849609e+00,-1.075434970855712891e+01,-1.972781658172607422e+00,-7.815133571624755859e+00,5.446663379669189453e+00,-3.625501394271850586e+00,-1.394938111305236816e+00,2.631233692169189453e+00,5.324831962585449219e+00,-2.362357139587402344e+00,7.982824325561523438e+00,-7.459327697753906250e+00,-1.205706214904785156e+01,-1.694431185722351074e+00,-5.272415161132812500e+00,3.846985101699829102e+00,3.026774644851684570e+00,-1.107353019714355469e+01,1.190830230712890625e+00,7.920682907104492188e+00,-5.069919303059577942e-02,9.211807250976562500e-01,9.354334831237792969e+00,-5.715641498565673828e+00,-9.960704803466796875e+00,-1.441767215728759766e+00,1.067621231079101562e+00,-5.295338153839111328e+00,-1.427031040191650391e+00,3.204134702682495117e-01,-7.759264111518859863e-01,-1.121790647506713867e+00,-2.086646318435668945e+00,-1.682922840118408203e+00,-3.580381631851196289e+00,-4.724562168121337891e-01,-8.490917205810546875e+00,-8.405063629150390625e+00,2.391641855239868164e+00,8.135297775268554688e+00,-8.677683830261230469e+00,-5.504622459411621094e-01,2.496164321899414062e+00,8.725946426391601562e+00,1.838403344154357910e+00,2.178516864776611328e+00,-1.812795996665954590e-01,-7.686248421669006348e-01,-4.331853866577148438e+00,8.371038436889648438e-01,-2.197986602783203125e+00
4.096521854400634766e+00,8.395482063293457031e+00,1.299597024917602539e+00,-2.986015081405639648e+00,-4.506517648696899414e-01,-3.924347162246704102e+00,3.718578815460205078e+00,-2.860504388809204102e-01,-3.970654904842376709e-01,1.384223580360412598e+00,-3.184792757034301758e+00,1.100672435760498047e+01,-6.337481737136840820e-01,8.927526473999023438e+00,-1.234319210052490234e+01,-1.063302159309387207e+00,-8.943817138671875000e+00,7.587992668151855469e+00,-7.711143493652343750e+00,-2.188149213790893555e+00,2.962191581726074219e+00,5.208177566528320312e+00,-1.524707078933715820e+00,1.099463939666748047e+01,-8.349194526672363281e+00,-1.331961441040039062e+01,1.998760938644409180e+00,-7.418862342834472656e+00,5.982506752014160156e+00,1.337758898735046387e+00,-1.194583415985107422e+01,2.207462549209594727e+00,8.831408500671386719e+00,1.257508277893066406e+00,5.116403579711914062e+00,1.020092868804931641e+01,-3.314488887786865234e+00,-1.224240207672119141e+01,-1.263408422470092773e+00,1.376497983932495117e+00,-4.564078330993652344e+00,-2.233160018920898438e+00,-2.520334243774414062e+00,-2.449312686920166016e+00,-1.620244145393371582e+00,-2.437427759170532227e+00,-1.508377790451049805e+00,-3.658545732498168945e+00,-1.590187072753906250e+00,-9.914002418518066406e+00,-1.016749858856201172e+01,-4.027866363525390625e+00,9.542353630065917969e+00,-1.243921756744384766e+01,-1.715193033218383789e+00,3.071904897689819336e+00,9.409160614013671875e+00,-2.788859128952026367e+00,4.118218898773193359e+00,-1.762414336204528809e+00,-3.490469455718994141e+00,-5.902882575988769531e+00,4.419292449951171875e+00,-6.664974093437194824e-01
5.835716247558593750e+00,2.992344856262207031e+00,5.146190643310546875e+00,-6.091196060180664062e+00,-1.254886269569396973e+00,-5.051924228668212891e+00,-4.930924892425537109e+00,-2.574458599090576172e+00,2.338579654693603516e+00,3.015291452407836914e+00,-5.469961643218994141e+00,1.232941246032714844e+01,8.374524116516113281e+00,1.921732425689697266e+00,-1.333792304992675781e+01,-1.231121420860290527e+00,-5.139779090881347656e+00,-3.726215064525604248e-01,-8.352642059326171875e+00,-6.203822135925292969e+00,5.678141117095947266e+00,6.445304870605468750e+00,-5.784233093261718750e+00,1.284277820587158203e+01,-9.687938690185546875e+00,-1.524569797515869141e+01,4.043234348297119141e+00,-9.263072013854980469e+00,-3.354665756225585938e+00,1.836808562278747559e+00,-1.303376293182373047e+01,4.884432315826416016e+00,9.978856086730957031e+00,3.500205993652343750e+00,7.795702457427978516e+00,1.198466682434082031e+01,-5.657502174377441406e+00,-1.324630928039550781e+01,-3.531263113021850586e+00,-8.607917785644531250e+00,-5.444857597351074219e+00,-1.182794094085693359e+01,-3.754987001419067383e+00,-5.072177886962890625e+00,-2.031900644302368164e+00,-2.637355089187622070e+00,-3.692720174789428711e+00,2.838372230529785156e+00,7.172169685363769531e+00,-3.044568538665771484e+00,-2.455914735794067383e+00,-6.694159507751464844e+00,1.003153038024902344e+01,-1.016266345977783203e+01,-4.866932392120361328e+00,4.209803581237792969e+00,1.062760353088378906e+01,-4.230796337127685547e+00,5.578679084777832031e+00,-1.200861549377441406e+01,-3.877122640609741211e+00,2.448979854583740234e+00,6.087635517120361328e+00,-3.119125604629516602e+00
1.390755057334899902e+00,1.722463369369506836e+00,3.655072927474975586e+00,-5.629629611968994141e+00,-4.757905483245849609e+00,2.087287157773971558e-01,-2.855231165885925293e-01,-3.133667469024658203e+00,-1.911049604415893555e+00,2.795875072479248047e+00,-5.370860099792480469e-01,1.200145721435546875e+01,5.922520637512207031e+00,2.609289884567260742e+00,-1.175559902191162109e+01,-3.819016695022583008e+00,-5.159564018249511719e+00,1.952798128128051758e+00,-4.464721679687500000e+00,-3.725675106048583984e+00,4.703859806060791016e+00,5.959445953369140625e+00,-3.402018785476684570e+00,1.014675045013427734e+01,-8.514563560485839844e+00,-1.344985771179199219e+01,-9.276966452598571777e-01,-6.127250194549560547e+00,-6.274030208587646484e-01,4.338310718536376953e+00,-1.210924434661865234e+01,3.009240150451660156e+00,9.502941131591796875e+00,1.529020309448242188e+00,2.103001356124877930e+00,1.017192840576171875e+01,-5.647245883941650391e+00,-1.139769840240478516e+01,-3.011324644088745117e+00,-4.257607936859130859e+00,-5.468877315521240234e+00,-6.362358093261718750e+00,-7.504917383193969727e-01,-2.418738842010498047e+00,-1.000642180442810059e+00,-3.364177942276000977e+00,-3.399502277374267578e+00,5.678787231445312500e-01,4.388479232788085938e+00,-5.264552593231201172e+00,-4.639759063720703125e+00,1.331903696060180664e+00,9.051478385925292969e+00,-7.553349494934082031e+00,-8.168366551399230957e-01,3.170976161956787109e+00,8.529582023620605469e+00,1.498307824134826660e+00,2.933325290679931641e+00,-5.348471641540527344e+00,-1.125113606452941895e+00,-6.419003009796142578e-02,1.874117851257324219e+00,-2.524105787277221680e+00
-1.651202440261840820e+00,1.819753456115722656e+01,1.182866454124450684e+00,-2.250587940216064453e+00,-3.734920501708984375e+00,4.481436729431152344e+00,2.452531623840332031e+01,-6.683635115623474121e-01,-1.734174919128417969e+01,4.033094048500061035e-01,3.812234640121459961e+00,9.806655883789062500e+00,-1.832185173034667969e+01,2.292976951599121094e+01,-8.592981338500976562e+00,-2.292652845382690430e+00,-1.807948112487792969e+01,2.002754020690917969e+01,-4.716684520244598389e-01,8.243878483772277832e-01,1.899995565414428711e+00,4.790529251098632812e+00,-4.667273998260498047e+00,4.652244567871093750e+00,-5.685762882232666016e+00,-8.838798522949218750e+00,-9.062874794006347656e+00,-2.590969324111938477e+00,2.023352622985839844e+01,2.764858007431030273e+00,-9.292267799377441406e+00,-3.834759593009948730e-01,6.346295356750488281e+00,-8.514559268951416016e-02,-2.881603956222534180e+00,6.913881778717041016e+00,-8.171041488647460938e+00,-7.434637069702148438e+00,-6.015397310256958008e-01,2.077413558959960938e+01,-4.862362861633300781e+00,1.491002655029296875e+01,8.071557044982910156e+00,1.762744903564453125e+00,4.826541423797607422e+00,-4.368802547454833984e+00,-1.289606332778930664e+00,-1.435835361480712891e+01,-1.911767005920410156e+01,-2.523106002807617188e+01,-2.389698219299316406e+01,1.170227909088134766e+01,5.215811252593994141e+00,-1.822150039672851562e+01,1.356086969375610352e+00,5.452117323875427246e-01,8.789083480834960938e+00,7.923838615417480469e+00,-7.184326648712158203e-02,1.882314300537109375e+01,1.080104112625122070e+00,-2.009183120727539062e+01,-3.142097949981689453e+00,-1.199021339416503906e+00
2.828044891357421875e+00,5.435236454010009766e+00,2.963054418563842773e+00,-5.750973701477050781e+00,-3.601604461669921875e+00,-1.737461209297180176e+00,1.179807901382446289e+00,-2.447335481643676758e+00,-1.705935478210449219e+00,2.867522001266479492e+00,-1.884083867073059082e+00,1.090034389495849609e+01,3.971014499664306641e+00,5.245024204254150391e+00,-1.140356445312500000e+01,-3.797872304916381836e+00,-6.448828697204589844e+00,4.235648632049560547e+00,-5.172117233276367188e+00,-4.172593116760253906e+00,4.455758094787597656e+00,5.195353507995605469e+00,-2.882825613021850586e+00,8.794202804565429688e+00,-8.030451774597167969e+00,-1.285870265960693359e+01,4.344421625137329102e-01,-6.045705318450927734e+00,2.406750202178955078e+00,3.701910018920898438e+00,-1.116732215881347656e+01,3.252881526947021484e+00,8.452250480651855469e+00,1.829012989997863770e+00,3.773308277130126953e+00,1.016592597961425781e+01,-4.705145359039306641e+00,-1.092388534545898438e+01,-2.993417739868164062e+00,-2.144086360931396484e+00,-4.562994480133056641e+00,-4.699363708496093750e+00,-1.454585790634155273e+00,-3.389743566513061523e+00,-8.227449655532836914e-01,-3.668231725692749023e+00,-3.197097778320312500e+00,-5.832097530364990234e-01,2.246051549911499023e+00,-6.916779518127441406e+00,-7.392110347747802734e+00,-1.218289852142333984e+00,8.979270935058593750e+00,-9.649473190307617188e+00,-7.503004074096679688e-01,2.621780395507812500e+00,8.369026184082031250e+00,-6.278285384178161621e-01,3.492966175079345703e+00,-4.811462402343750000e+00,-1.695349454879760742e+00,-2.624982118606567383e+00,3.193573474884033203e+00,-1.626666188240051270e+00
5.337387084960937500e+00,-1.794953107833862305e+00,6.049958705902099609e+00,-5.823112010955810547e+00,-1.559928894042968750e+00,-3.524443626403808594e+00,-8.833364486694335938e+00,-2.514461994171142578e+00,2.989979505538940430e+00,2.828143835067749023e+00,-4.677260875701904297e+00,1.392448997497558594e+01,1.461077499389648438e+01,-2.558101415634155273e+00,-1.428166866302490234e+01,2.710517048835754395e-01,-3.659002065658569336e+00,-5.518753528594970703e+00,-8.578203201293945312e+00,-6.186130046844482422e+00,5.648718833923339844e+00,8.070565223693847656e+00,-7.142549991607666016e+00,1.378161907196044922e+01,-1.075109672546386719e+01,-1.660850143432617188e+01,3.890600919723510742e+00,-9.986381530761718750e+00,-9.115996360778808594e+00,1.414211869239807129e+00,-1.441805839538574219e+01,4.388569355010986328e+00,1.084560108184814453e+01,2.652850389480590820e+00,6.440437316894531250e+00,1.339145374298095703e+01,-8.295652389526367188e+00,-1.383897781372070312e+01,-3.561197757720947266e+00,-1.373246955871582031e+01,-7.147245407104492188e+00,-1.613096809387207031e+01,-3.740070581436157227e+00,-4.171382904052734375e+00,-3.366986751556396484e+00,-1.659366250038146973e+00,-3.457649469375610352e+00,5.579162597656250000e+00,1.250013256072998047e+01,9.885606765747070312e-01,2.274160861968994141e+00,-5.795009613037109375e+00,1.086659336090087891e+01,-7.985569000244140625e+00,-6.041903495788574219e+00,5.315728187561035156e+00,1.213597869873046875e+01,-3.315194606781005859e+00,5.688220977783203125e+00,-1.592701053619384766e+01,-4.119489669799804688e+00,7.260295867919921875e+00,5.277903556823730469e+00,-5.652376174926757812e+00
3.417413711547851562e+00,-6.183158159255981445e-01,4.138911724090576172e+00,-5.016752719879150391e+00,-2.739766120910644531e+00,-1.959872841835021973e+00,-4.877507686614990234e+00,-2.209938764572143555e+00,1.379221677780151367e+00,2.323069334030151367e+00,-2.353099346160888672e+00,1.342609882354736328e+01,1.102219009399414062e+01,-4.995335340499877930e-01,-1.351277065277099609e+01,-1.091109871864318848e+00,-4.221027374267578125e+00,-1.950083851814270020e+00,-7.390364170074462891e+00,-3.820873260498046875e+00,4.358889102935791016e+00,7.205866813659667969e+00,-3.957582473754882812e+00,1.245536613464355469e+01,-9.892177581787109375e+00,-1.564858150482177734e+01,1.790520191192626953e+00,-8.447317123413085938e+00,-4.988770961761474609e+00,2.371052503585815430e+00,-1.397027969360351562e+01,2.800561666488647461e+00,1.059307861328125000e+01,1.283277392387390137e+00,3.943088769912719727e+00,1.202729129791259766e+01,-6.434301853179931641e+00,-1.298629856109619141e+01,-2.542094230651855469e+00,-8.932217597961425781e+00,-6.660939693450927734e+00,-1.098809909820556641e+01,-2.910872697830200195e+00,-2.484181642532348633e+00,-3.122504949569702148e+00,-1.801812410354614258e+00,-2.757720470428466797e+00,2.820798873901367188e+00,8.822286605834960938e+00,-2.089885473251342773e+00,-9.701796174049377441e-01,-2.579703569412231445e+00,1.040679740905761719e+01,-7.305457592010498047e+00,-3.126701354980468750e+00,4.574703693389892578e+00,1.069262027740478516e+01,-1.169471979141235352e+00,4.571137905120849609e+00,-1.005633258819580078e+01,-3.317650556564331055e+00,3.545721292495727539e+00,3.673285961151123047e+00,-4.257009983062744141e+00
4.802308082580566406e+00,1.830718517303466797e+00,5.092440605163574219e+00,-6.697560310363769531e+00,-2.479632854461669922e+00,-3.845989704132080078e+00,-5.342085838317871094e+00,-2.892364501953125000e+00,1.188919663429260254e+00,3.172809123992919922e+00,-3.886543035507202148e+00,1.399453258514404297e+01,1.138397979736328125e+01,6.770911216735839844e-01,-1.479785442352294922e+01,-1.584014534950256348e+00,-5.286329746246337891e+00,-1.352094650268554688e+00,-9.115708351135253906e+00,-5.766068935394287109e+00,6.038268566131591797e+00,7.876109123229980469e+00,-5.536422252655029297e+00,1.359048175811767578e+01,-1.083544158935546875e+01,-1.684590339660644531e+01,2.655764818191528320e+00,-9.799329757690429688e+00,-4.985250473022460938e+00,2.268762588500976562e+00,-1.456650066375732422e+01,4.432849407196044922e+00,1.151179599761962891e+01,2.955295801162719727e+00,5.827272415161132812e+00,1.344974422454833984e+01,-7.158786773681640625e+00,-1.448286056518554688e+01,-3.582208395004272461e+00,-1.041050338745117188e+01,-6.646625041961669922e+00,-1.328253650665283203e+01,-3.107371091842651367e+00,-4.171662330627441406e+00,-2.460110902786254883e+00,-3.008347511291503906e+00,-3.939901351928710938e+00,4.034276485443115234e+00,9.528196334838867188e+00,-2.580515623092651367e+00,-1.676298379898071289e+00,-4.935987949371337891e+00,1.135536384582519531e+01,-9.761350631713867188e+00,-4.005433559417724609e+00,5.051540374755859375e+00,1.142752647399902344e+01,-2.771719455718994141e+00,5.840268611907958984e+00,-1.284663677215576172e+01,-4.180557250976562500e+00,3.797126531600952148e+00,5.067888736724853516e+00,-4.363873481750488281e+00
7.047500610351562500e+00,-1.301648259162902832e+00,4.109398841857910156e+00,-3.977610349655151367e+00,6.862552762031555176e-01,-6.599249839782714844e+00,-1.090015602111816406e+01,-9.125587344169616699e-01,7.040942192077636719e+00,1.554774165153503418e+00,-6.034299373626708984e+00,1.459302234649658203e+01,1.490552616119384766e+01,-2.796040296554565430e+00,-1.566971492767333984e+01,1.571451902389526367e+00,-3.479986667633056641e+00,-4.535868167877197266e+00,-1.242502880096435547e+01,-4.007753849029541016e+00,3.875884056091308594e+00,8.001238822937011719e+00,-3.521131992340087891e+00,1.618390846252441406e+01,-1.154699420928955078e+01,-1.784945297241210938e+01,6.518330097198486328e+00,-1.179227352142333984e+01,-8.763916969299316406e+00,-8.599882945418357849e-03,-1.594612503051757812e+01,3.124267339706420898e+00,1.208204555511474609e+01,1.840858936309814453e+00,7.976593494415283203e+00,1.374845600128173828e+01,-4.889407157897949219e+00,-1.574205493927001953e+01,-1.900839090347290039e+00,-1.404288101196289062e+01,-7.112360000610351562e+00,-1.646993255615234375e+01,-6.849638938903808594e+00,-3.228907346725463867e+00,-5.752382278442382812e+00,1.979249715805053711e-02,-2.003364801406860352e+00,5.246343612670898438e+00,1.281551170349121094e+01,8.456375002861022949e-01,2.228961706161499023e+00,-9.684511184692382812e+00,1.196878528594970703e+01,-8.480938911437988281e+00,-6.023542881011962891e+00,5.938466072082519531e+00,1.227049446105957031e+01,-5.772158622741699219e+00,7.190779209136962891e+00,-1.597306632995605469e+01,-6.563466072082519531e+00,6.815110206604003906e+00,7.115437030792236328e+00,-4.503547668457031250e+00
3.183137416839599609e+00,7.080457210540771484e+00,1.781353235244750977e+00,-3.664933919906616211e+00,-1.926335930824279785e+00,-2.211685895919799805e+00,3.168230056762695312e+00,-9.351993799209594727e-01,-1.502854704856872559e+00,1.713472247123718262e+00,-2.097472667694091797e+00,1.128786849975585938e+01,1.623202443122863770e+00,7.525418281555175781e+00,-1.205811977386474609e+01,-1.880055785179138184e+00,-8.560714721679687500e+00,6.364946842193603516e+00,-6.417088985443115234e+00,-2.543153047561645508e+00,3.269735097885131836e+00,5.580565452575683594e+00,-2.293240785598754883e+00,1.001828289031982422e+01,-8.309460639953613281e+00,-1.330878067016601562e+01,7.268985509872436523e-01,-6.893629074096679688e+00,4.231040477752685547e+00,2.261008739471435547e+00,-1.196718788146972656e+01,2.158521413803100586e+00,8.874127388000488281e+00,9.836348891258239746e-01,3.908607482910156250e+00,1.040432453155517578e+01,-4.546272277832031250e+00,-1.170875644683837891e+01,-1.765025615692138672e+00,-2.915170192718505859e-01,-4.946002483367919922e+00,-3.340045928955078125e+00,-1.798725843429565430e+00,-2.219640493392944336e+00,-1.625004291534423828e+00,-2.592476129531860352e+00,-1.958369016647338867e+00,-2.577724218368530273e+00,9.818959236145019531e-02,-8.974833488464355469e+00,-8.972429275512695312e+00,-1.920357227325439453e+00,9.340917587280273438e+00,-1.127542018890380859e+01,-1.230329275131225586e+00,3.017112493515014648e+00,9.299474716186523438e+00,-1.299415707588195801e+00,3.724464416503906250e+00,-2.649758815765380859e+00,-2.637719631195068359e+00,-4.353105545043945312e+00,3.360750675201416016e+00,-1.559125781059265137e+00
1.686950564384460449e+00,1.607010364532470703e+00,5.016387939453125000e+00,-5.461502075195312500e+00,-4.391282558441162109e+00,7.409052252769470215e-01,-1.711444497108459473e+00,-4.005535602569580078e+00,-2.520907640457153320e+00,3.427360534667968750e+00,-1.947010278701782227e+00,8.009366989135742188e+00,3.619500398635864258e+00,1.250272870063781738e+00,-6.595745086669921875e+00,-4.649500370025634766e+00,-3.083305120468139648e+00,2.784208655357360840e-01,-1.961580753326416016e+00,-5.846439838409423828e+00,4.542606353759765625e+00,2.984657049179077148e+00,-5.514234066009521484e+00,6.056119441986083984e+00,-5.721153736114501953e+00,-8.955091476440429688e+00,-5.779498219490051270e-01,-3.699520826339721680e+00,-1.093998670578002930e+00,5.559440612792968750e+00,-8.054275512695312500e+00,4.179997920989990234e+00,5.745773315429687500e+00,2.522890806198120117e+00,4.096807003021240234e+00,6.620207786560058594e+00,-5.042964458465576172e+00,-6.964508056640625000e+00,-3.873886108398437500e+00,-2.377486944198608398e+00,-3.211465120315551758e+00,-5.019248008728027344e+00,-1.843653917312622070e-01,-4.314150333404541016e+00,1.928394317626953125e+00,-3.605089902877807617e+00,-3.574814558029174805e+00,9.049958735704421997e-02,3.116386175155639648e+00,-3.919054746627807617e+00,-3.310076713562011719e+00,1.005271911621093750e+00,5.644082069396972656e+00,-7.169442176818847656e+00,-1.614394426345825195e+00,1.800893902778625488e+00,6.053201198577880859e+00,1.989840388298034668e+00,1.724215626716613770e+00,-5.987140178680419922e+00,4.131956398487091064e-01,-6.490424871444702148e-01,2.090661525726318359e+00,-1.758333921432495117e+00
4.363572597503662109e+00,2.951541543006896973e-01,3.038949728012084961e+00,-3.969002962112426758e+00,-1.388694405555725098e+00,-2.728073358535766602e+00,-4.695068359375000000e+00,-7.219720482826232910e-01,2.924921274185180664e+00,1.688689589500427246e+00,-3.160435438156127930e+00,1.292090225219726562e+01,1.043140125274658203e+01,7.973015308380126953e-01,-1.369218540191650391e+01,-1.006560027599334717e-01,-5.227265357971191406e+00,-8.572079539299011230e-01,-7.442969799041748047e+00,-3.187162399291992188e+00,3.503277778625488281e+00,6.880815029144287109e+00,-3.406750202178955078e+00,1.188016605377197266e+01,-9.615983009338378906e+00,-1.522310447692871094e+01,3.125788211822509766e+00,-8.702651023864746094e+00,-3.939186096191406250e+00,1.286671400070190430e+00,-1.340295791625976562e+01,2.459757089614868164e+00,9.877531051635742188e+00,9.600735902786254883e-01,4.661442279815673828e+00,1.212216281890869141e+01,-5.741475582122802734e+00,-1.298653602600097656e+01,-2.012143135070800781e+00,-9.052673339843750000e+00,-6.302976131439208984e+00,-1.094519996643066406e+01,-3.649497747421264648e+00,-2.425202846527099609e+00,-4.362686634063720703e+00,-8.932257294654846191e-01,-2.061961412429809570e+00,1.920476555824279785e+00,7.972482681274414062e+00,-1.882385253906250000e+00,-1.847678422927856445e+00,-4.379448890686035156e+00,1.025015544891357422e+01,-7.330218791961669922e+00,-3.782512426376342773e+00,4.140152931213378906e+00,1.080301761627197266e+01,-2.817011833190917969e+00,4.675366401672363281e+00,-1.047453403472900391e+01,-3.321198701858520508e+00,3.103277206420898438e+00,4.072011947631835938e+00,-3.491374492645263672e+00
2.929333209991455078e+00,7.015896320343017578e+00,2.969274044036865234e+00,-5.469522476196289062e+00,-2.987385749816894531e+00,-2.216121673583984375e+00,3.243001222610473633e+00,-2.382259607315063477e+00,-2.677152395248413086e+00,2.654809713363647461e+00,-2.188474893569946289e+00,1.119789981842041016e+01,8.455771207809448242e-01,7.618784427642822266e+00,-1.197210025787353516e+01,-3.272475004196166992e+00,-7.792075634002685547e+00,6.183066844940185547e+00,-5.797416687011718750e+00,-3.870315074920654297e+00,4.709582805633544922e+00,5.357405185699462891e+00,-3.247249841690063477e+00,9.902260780334472656e+00,-8.188299179077148438e+00,-1.314828491210937500e+01,1.787982583045959473e-01,-6.582282066345214844e+00,4.413341522216796875e+00,3.416914701461791992e+00,-1.151314640045166016e+01,3.473163843154907227e+00,9.013720512390136719e+00,2.357218503952026367e+00,4.034521102905273438e+00,1.017012310028076172e+01,-4.797198772430419922e+00,-1.169488906860351562e+01,-2.761505603790283203e+00,2.219763398170471191e-01,-4.646480560302734375e+00,-3.231463193893432617e+00,-7.790650129318237305e-01,-3.306943178176879883e+00,7.688590884208679199e-02,-3.932904958724975586e+00,-3.205319166183471680e+00,-2.287779569625854492e+00,-3.018642663955688477e-01,-9.220105171203613281e+00,-9.243590354919433594e+00,-1.264237403869628906e+00,9.086364746093750000e+00,-1.169717597961425781e+01,-1.217820882797241211e+00,2.745572328567504883e+00,8.776914596557617188e+00,-5.236157178878784180e-01,3.572956562042236328e+00,-2.852816581726074219e+00,-1.907051205635070801e+00,-4.475074768066406250e+00,3.375631809234619141e+00,-1.208688139915466309e+00
-1.009458780288696289e+00,2.803528976440429688e+01,-4.484050869941711426e-01,-1.145130038261413574e+00,-1.576874375343322754e+00,2.730132102966308594e+00,3.475521087646484375e+01,8.001887202262878418e-01,-2.135445213317871094e+01,-2.875821590423583984e-01,3.531605720520019531e+00,9.009449958801269531e+00,-2.991784286499023438e+01,3.291181945800781250e+01,-8.542956352233886719e+00,-1.491159915924072266e+00,-2.387741470336914062e+01,2.980386924743652344e+01,-1.682977199554443359e+00,1.798738837242126465e+00,1.207362890243530273e+00,4.625342845916748047e+00,-3.875972270965576172e+00,4.382772445678710938e+00,-5.856593132019042969e+00,-7.842212677001953125e+00,-1.028721237182617188e+01,-2.510372400283813477e+00,3.065769577026367188e+01,8.716063499450683594e-01,-8.840167045593261719e+00,-1.112559795379638672e+00,5.967169761657714844e+00,1.288963481783866882e-03,-2.453698635101318359e+00,6.721037864685058594e+00,-7.806750297546386719e+00,-8.078268051147460938e+00,5.037736892700195312e-01,3.148423576354980469e+01,-4.215623378753662109e+00,2.357145309448242188e+01,9.657216072082519531e+00,2.042240142822265625e+00,7.000559806823730469e+00,-5.101346492767333984e+00,-4.087881743907928467e-01,-2.029554557800292969e+01,-2.926900100708007812e+01,-3.390289306640625000e+01,-3.332746505737304688e+01,1.194071483612060547e+01,5.137560844421386719e+00,-2.445205688476562500e+01,2.150726556777954102e+00,2.511379122734069824e-01,8.622682571411132812e+00,7.770053386688232422e+00,6.074473857879638672e-01,2.772142219543457031e+01,-1.220839321613311768e-01,-2.967757034301757812e+01,-2.812371730804443359e+00,2.638962268829345703e-01
2.571521759033203125e+00,6.960474491119384766e+00,1.940901160240173340e+00,-1.302166223526000977e+00,-6.965390443801879883e-01,-8.697405457496643066e-01,5.321898460388183594e+00,-5.871790051460266113e-01,-2.392541646957397461e+00,8.277791142463684082e-01,-2.712052106857299805e+00,7.528273582458496094e+00,-5.099575042724609375e+00,8.666099548339843750e+00,-6.998938560485839844e+00,-1.144203066825866699e+00,-8.002664566040039062e+00,7.303277015686035156e+00,-3.405832290649414062e+00,-2.142207860946655273e+00,1.777354955673217773e+00,2.457333087921142578e+00,-3.346105575561523438e+00,7.529828548431396484e+00,-5.356125831604003906e+00,-8.396457672119140625e+00,2.882868349552154541e-01,-4.338360786437988281e+00,6.260546207427978516e+00,2.722342014312744141e+00,-8.295665740966796875e+00,1.778110384941101074e+00,5.264788627624511719e+00,7.028428316116333008e-01,4.710254669189453125e+00,5.864421367645263672e+00,-3.172873735427856445e+00,-7.510119438171386719e+00,-1.025086879730224609e+00,5.164504528045654297e+00,-2.914516925811767578e+00,1.381045222282409668e+00,-6.665316820144653320e-01,-2.123339414596557617e+00,7.816394567489624023e-01,-1.523114323616027832e+00,-7.168241143226623535e-01,-6.083903312683105469e+00,-4.934731483459472656e+00,-1.014737224578857422e+01,-9.484484672546386719e+00,-6.329565048217773438e-01,5.523246288299560547e+00,-1.102549743652343750e+01,-2.009117841720581055e+00,1.679491639137268066e+00,6.660526752471923828e+00,8.871964365243911743e-02,1.658989071846008301e+00,1.671799540519714355e+00,-8.149564266204833984e-01,-7.135704994201660156e+00,2.806989192962646484e+00,-2.196264863014221191e-01
3.303940773010253906e+00,7.278641700744628906e+00,2.069681882858276367e+00,-4.504013538360595703e+00,-2.041578769683837891e+00,-2.816277265548706055e+00,3.294364929199218750e+00,-1.383766651153564453e+00,-1.585105776786804199e+00,2.156318664550781250e+00,-2.475175857543945312e+00,1.094560050964355469e+01,7.022835016250610352e-01,7.926394939422607422e+00,-1.203852176666259766e+01,-2.348643541336059570e+00,-8.112559318542480469e+00,6.618545532226562500e+00,-6.536969184875488281e+00,-3.120925426483154297e+00,3.999837636947631836e+00,5.207764625549316406e+00,-2.268460273742675781e+00,9.930000305175781250e+00,-8.169169425964355469e+00,-1.314069652557373047e+01,9.186495542526245117e-01,-6.802966117858886719e+00,4.943413257598876953e+00,2.553216457366943359e+00,-1.155351734161376953e+01,2.918013095855712891e+00,8.771525382995605469e+00,1.817855834960937500e+00,4.325327396392822266e+00,1.021255397796630859e+01,-4.255005836486816406e+00,-1.178715801239013672e+01,-2.053910255432128906e+00,4.232200980186462402e-01,-4.548068523406982422e+00,-3.041031599044799805e+00,-1.552327632904052734e+00,-2.989210128784179688e+00,-8.973666429519653320e-01,-3.274200201034545898e+00,-2.435741424560546875e+00,-2.724922180175781250e+00,-5.219146013259887695e-01,-9.135014533996582031e+00,-9.561248779296875000e+00,-2.449252367019653320e+00,9.272847175598144531e+00,-1.153460121154785156e+01,-1.299477815628051758e+00,2.811110496520996094e+00,9.053780555725097656e+00,-1.635465502738952637e+00,3.801457881927490234e+00,-2.756865501403808594e+00,-2.468800783157348633e+00,-4.958722114562988281e+00,3.718338012695312500e+00,-1.001609683036804199e+00
2.460232973098754883e+00,4.248861312866210938e+00,2.532766580581665039e+00,-4.712905406951904297e+00,-3.242105007171630859e+00,-9.513144493103027344e-01,1.042519450187683105e+00,-1.704303860664367676e+00,-1.104722619056701660e+00,2.327502727508544922e+00,-1.484219551086425781e+00,1.104123592376708984e+01,4.295861721038818359e+00,4.883240222930908203e+00,-1.145257091522216797e+01,-2.941684484481811523e+00,-6.603519439697265625e+00,3.844854593276977539e+00,-4.761045455932617188e+00,-3.411231040954589844e+00,3.845762252807617188e+00,5.365931034088134766e+00,-2.884702444076538086e+00,9.004209518432617188e+00,-8.033395767211914062e+00,-1.281338977813720703e+01,3.233824074268341064e-01,-6.082238197326660156e+00,1.735860824584960938e+00,3.210185289382934570e+00,-1.122393512725830078e+01,2.693843126296997070e+00,8.383301734924316406e+00,1.194489121437072754e+00,3.180079460144042969e+00,1.014002037048339844e+01,-5.028525352478027344e+00,-1.093146324157714844e+01,-2.497685909271240234e+00,-2.820732831954956055e+00,-4.855810642242431641e+00,-5.071280479431152344e+00,-1.439641833305358887e+00,-2.679841279983520508e+00,-1.505543589591979980e+00,-2.824388742446899414e+00,-2.612366676330566406e+00,-8.961613178253173828e-01,2.595071315765380859e+00,-6.194765090942382812e+00,-6.618692874908447266e+00,-7.300145626068115234e-01,8.888430595397949219e+00,-8.693973541259765625e+00,-1.071543455123901367e+00,2.711101531982421875e+00,8.617818832397460938e+00,-4.092370867729187012e-01,3.108194828033447266e+00,-4.896391391754150391e+00,-1.493427753448486328e+00,-1.947221994400024414e+00,2.628075599670410156e+00,-1.751782417297363281e+00
3.860596179962158203e+00,2.508713304996490479e-01,4.436313152313232422e+00,-6.144088745117187500e+00,-3.171498775482177734e+00,-2.417487859725952148e+00,-5.524519443511962891e+00,-2.719783306121826172e+00,1.605463981628417969e+00,2.927168607711791992e+00,-3.019596815109252930e+00,1.235129165649414062e+01,1.089060783386230469e+01,-2.600020766258239746e-01,-1.275517177581787109e+01,-2.526249885559082031e+00,-3.876608133316040039e+00,-1.727217435836791992e+00,-6.576633453369140625e+00,-5.025791168212890625e+00,5.047249317169189453e+00,6.309802532196044922e+00,-4.316605567932128906e+00,1.102943134307861328e+01,-9.252372741699218750e+00,-1.458234786987304688e+01,2.292106866836547852e+00,-7.824440002441406250e+00,-4.707695484161376953e+00,3.158773899078369141e+00,-1.253232383728027344e+01,3.831916570663452148e+00,9.724321365356445312e+00,2.212579488754272461e+00,4.737658023834228516e+00,1.150697231292724609e+01,-5.745730876922607422e+00,-1.219947719573974609e+01,-3.395552158355712891e+00,-9.510951042175292969e+00,-5.668544292449951172e+00,-1.144656276702880859e+01,-2.832199335098266602e+00,-3.716638803482055664e+00,-2.491973638534545898e+00,-2.584371566772460938e+00,-3.498755455017089844e+00,3.304020166397094727e+00,8.749960899353027344e+00,-1.533798694610595703e+00,-1.268213987350463867e+00,-3.420044660568237305e+00,9.695833206176757812e+00,-7.323266029357910156e+00,-3.007713556289672852e+00,3.762861013412475586e+00,9.485140800476074219e+00,-1.713327050209045410e+00,4.465795516967773438e+00,-1.158752727508544922e+01,-2.456486940383911133e+00,3.593657732009887695e+00,4.021608829498291016e+00,-3.270244598388671875e+00
-1.409469008445739746e+00,2.159176063537597656e+01,2.097157239913940430e+00,-2.969758033752441406e+00,-3.597287654876708984e+00,4.456180572509765625e+00,2.860848045349121094e+01,-1.145004391670227051e+00,-2.118411636352539062e+01,4.973954558372497559e-01,3.930945634841918945e+00,1.090062618255615234e+01,-2.182256126403808594e+01,2.665375137329101562e+01,-9.589446067810058594e+00,-1.602035522460937500e+00,-2.068651771545410156e+01,2.294172096252441406e+01,-7.034341096878051758e-01,5.704513788223266602e-01,2.384915828704833984e+00,5.784752845764160156e+00,-6.298197269439697266e+00,4.728513240814208984e+00,-6.302251338958740234e+00,-9.574310302734375000e+00,-1.063654232025146484e+01,-3.368996858596801758e+00,2.327170562744140625e+01,2.348312139511108398e+00,-1.020723342895507812e+01,-3.904253840446472168e-01,7.146599769592285156e+00,5.317554473876953125e-01,-3.186193227767944336e+00,7.889899253845214844e+00,-1.017129516601562500e+01,-8.093978881835937500e+00,-7.885756492614746094e-01,2.486307525634765625e+01,-5.781047344207763672e+00,1.783425140380859375e+01,9.986426353454589844e+00,1.832163810729980469e+00,6.547942638397216797e+00,-4.932549476623535156e+00,-1.852420806884765625e+00,-1.647751617431640625e+01,-2.291658782958984375e+01,-2.933986473083496094e+01,-2.739605903625488281e+01,1.341918373107910156e+01,5.338037967681884766e+00,-2.178682327270507812e+01,7.018125653266906738e-01,8.540797233581542969e-01,1.004742717742919922e+01,9.364154815673828125e+00,5.541499853134155273e-01,2.227193069458007812e+01,7.973955869674682617e-01,-2.333254814147949219e+01,-3.504460811614990234e+00,-2.374724626541137695e+00
5.241362094879150391e+00,9.473242759704589844e-01,2.430177927017211914e+00,-2.220354795455932617e+00,3.530663251876831055e-01,-4.312554836273193359e+00,-5.280952930450439453e+00,-7.457990199327468872e-02,4.513140678405761719e+00,9.305387735366821289e-01,-4.322299480438232422e+00,1.221442127227783203e+01,8.399709701538085938e+00,1.177788138389587402e+00,-1.308993339538574219e+01,8.571811914443969727e-01,-4.919036865234375000e+00,-4.107052087783813477e-01,-8.952586174011230469e+00,-2.199654340744018555e+00,2.272532224655151367e+00,5.834813117980957031e+00,-2.125263452529907227e+00,1.260198497772216797e+01,-9.004100799560546875e+00,-1.467357826232910156e+01,4.593281745910644531e+00,-9.048742294311523438e+00,-2.829359769821166992e+00,6.541784405708312988e-01,-1.325330543518066406e+01,1.962292432785034180e+00,9.464099884033203125e+00,6.908892989158630371e-01,6.084063053131103516e+00,1.094406127929687500e+01,-3.593292951583862305e+00,-1.262839889526367188e+01,-1.137191534042358398e+00,-7.090063095092773438e+00,-5.684817314147949219e+00,-9.514380455017089844e+00,-4.886703014373779297e+00,-2.167703628540039062e+00,-4.389863967895507812e+00,-2.239853590726852417e-01,-1.063765525817871094e+00,6.155958175659179688e-01,6.384483337402343750e+00,-2.858083248138427734e+00,-2.213308811187744141e+00,-6.463186264038085938e+00,9.804485321044921875e+00,-8.468558311462402344e+00,-4.153931140899658203e+00,4.069432258605957031e+00,1.058927726745605469e+01,-4.028220653533935547e+00,4.807749748229980469e+00,-9.214531898498535156e+00,-4.363397598266601562e+00,1.613240838050842285e+00,5.218563556671142578e+00,-2.522022724151611328e+00
1.164177179336547852e+00,9.564173698425292969e+00,-5.939362645149230957e-01,-1.520847082138061523e+00,-1.535087704658508301e+00,-7.364450097084045410e-01,8.563532829284667969e+00,1.095596328377723694e-01,-3.402508497238159180e+00,8.320263028144836426e-01,-2.660731077194213867e-01,9.263165473937988281e+00,-5.432230949401855469e+00,1.124561023712158203e+01,-1.010051155090332031e+01,-2.248813152313232422e+00,-9.756734848022460938e+00,1.083256053924560547e+01,-4.876286506652832031e+00,-2.334248870611190796e-01,1.657784461975097656e+00,3.973893880844116211e+00,3.211267292499542236e-01,8.147684097290039062e+00,-6.786536693572998047e+00,-1.070114994049072266e+01,-1.178502917289733887e+00,-4.764633655548095703e+00,9.965452194213867188e+00,2.342222690582275391e+00,-9.919058799743652344e+00,7.995591163635253906e-01,7.434528350830078125e+00,-1.762620210647583008e-01,1.736804962158203125e+00,7.955159664154052734e+00,-2.718914508819580078e+00,-1.012392997741699219e+01,-3.567312955856323242e-01,6.966818332672119141e+00,-3.782556295394897461e+00,3.661688566207885742e+00,-2.155020833015441895e-01,-7.497158646583557129e-01,-2.632458508014678955e-02,-2.806600332260131836e+00,-5.927227139472961426e-01,-7.101431846618652344e+00,-5.972030639648437500e+00,-1.257983303070068359e+01,-1.309654998779296875e+01,5.339727401733398438e-01,8.120670318603515625e+00,-1.166299343109130859e+01,1.123980998992919922e+00,2.096932888031005859e+00,7.071440219879150391e+00,6.532458662986755371e-01,2.121997833251953125e+00,4.179844379425048828e+00,-1.533610939979553223e+00,-9.912986755371093750e+00,1.674812436103820801e+00,6.277018785476684570e-01
1.257931470870971680e+00,6.099108219146728516e+00,1.771244406700134277e+00,-2.809083461761474609e+00,-2.434780120849609375e+00,-7.825587689876556396e-02,5.382085800170898438e+00,-1.136516213417053223e+00,-3.925312757492065430e+00,1.211132884025573730e+00,-4.255519807338714600e-01,1.115025806427001953e+01,-1.282827973365783691e+00,8.179991722106933594e+00,-1.114450931549072266e+01,-1.750701189041137695e+00,-8.631566047668457031e+00,6.916389465332031250e+00,-5.319456577301025391e+00,-1.189954400062561035e+00,2.705878257751464844e+00,5.301651954650878906e+00,-2.289857387542724609e+00,9.902537345886230469e+00,-7.772286415100097656e+00,-1.226765441894531250e+01,-1.460648059844970703e+00,-6.045021533966064453e+00,5.169014930725097656e+00,2.901034832000732422e+00,-1.155885314941406250e+01,1.484179973602294922e+00,8.772819519042968750e+00,4.704972803592681885e-01,1.745259284973144531e+00,9.089400291442871094e+00,-4.981516838073730469e+00,-1.095503520965576172e+01,-1.209930181503295898e+00,3.135773420333862305e+00,-5.173273563385009766e+00,-3.041151463985443115e-01,3.383648097515106201e-01,-7.756404280662536621e-01,3.328638523817062378e-02,-2.511403083801269531e+00,-1.568677186965942383e+00,-4.793023109436035156e+00,-2.335693597793579102e+00,-1.063860702514648438e+01,-9.567705154418945312e+00,1.444846153259277344e+00,8.437252044677734375e+00,-1.126096916198730469e+01,-8.161073327064514160e-01,2.966676950454711914e+00,8.560344696044921875e+00,1.882800102233886719e+00,2.517855644226074219e+00,1.129317641258239746e+00,-1.586891174316406250e+00,-6.028070449829101562e+00,1.583009243011474609e+00,-1.473277091979980469e+00
-4.244677543640136719e+00,6.171424865722656250e+00,2.971081733703613281e+00,4.051245748996734619e-01,-3.926346778869628906e+00,1.038983631134033203e+01,1.553991317749023438e+01,-4.592550992965698242e-01,-1.442532348632812500e+01,-1.011875122785568237e-01,5.826404094696044922e+00,7.715771198272705078e+00,-1.149986076354980469e+01,1.109992980957031250e+01,-3.238117456436157227e+00,-4.868547618389129639e-01,-1.236055088043212891e+01,9.313017845153808594e+00,4.021529197692871094e+00,-6.170324981212615967e-02,-5.427673459053039551e-02,2.964978933334350586e+00,-7.466529369354248047e+00,1.490039587020874023e+00,-3.837812423706054688e+00,-4.297785758972167969e+00,-1.093085193634033203e+01,-3.668208420276641846e-01,9.317922592163085938e+00,3.297246932983398438e+00,-6.598614215850830078e+00,-1.154065847396850586e+00,2.732903718948364258e+00,-1.313756465911865234e+00,-5.611059188842773438e+00,3.349499225616455078e+00,-9.949303627014160156e+00,-3.249132871627807617e+00,-8.943916559219360352e-01,1.372439002990722656e+01,-4.767607688903808594e+00,1.020806026458740234e+01,8.755711555480957031e+00,2.366007566452026367e+00,5.063340187072753906e+00,-2.146545648574829102e+00,-5.970128774642944336e-01,-1.099779510498046875e+01,-1.164677906036376953e+01,-1.436479663848876953e+01,-1.286959171295166016e+01,1.657277297973632812e+01,2.424512624740600586e+00,-9.420610427856445312e+00,-3.073491156101226807e-01,8.403433561325073242e-01,7.652730464935302734e+00,1.240110301971435547e+01,-3.138355255126953125e+00,1.251551628112792969e+01,3.691256999969482422e+00,-1.155918121337890625e+01,-7.328876972198486328e+00,-2.787344932556152344e+00
-1.251259326934814453e+00,2.174626159667968750e+01,4.934461116790771484e-01,-2.622733592987060547e+00,-3.297337055206298828e+00,3.362418413162231445e+00,2.712085342407226562e+01,-2.812242507934570312e-01,-1.778210449218750000e+01,7.641578912734985352e-01,3.583223581314086914e+00,9.430567741394042969e+00,-2.081045341491699219e+01,2.546606063842773438e+01,-8.757045745849609375e+00,-2.617183208465576172e+00,-1.947610092163085938e+01,2.302106285095214844e+01,-1.117998600006103516e+00,2.724689841270446777e-01,2.088466405868530273e+00,4.945880889892578125e+00,-4.037473201751708984e+00,4.446638107299804688e+00,-6.227237701416015625e+00,-8.881377220153808594e+00,-9.165601730346679688e+00,-2.597033023834228516e+00,2.323686599731445312e+01,2.112769842147827148e+00,-9.167434692382812500e+00,-1.379243433475494385e-01,6.427044868469238281e+00,1.709294021129608154e-01,-2.400533437728881836e+00,7.491935729980468750e+00,-8.122756004333496094e+00,-8.163180351257324219e+00,-6.111139059066772461e-01,2.295576095581054688e+01,-4.530212879180908203e+00,1.674399757385253906e+01,7.979332447052001953e+00,1.053129553794860840e+00,5.482038021087646484e+00,-5.093149185180664062e+00,-1.287759304046630859e+00,-1.520228099822998047e+01,-2.089229393005371094e+01,-2.701441001892089844e+01,-2.650362205505371094e+01,1.097721862792968750e+01,5.899996280670166016e+00,-1.979325866699218750e+01,2.158422470092773438e+00,7.208921313285827637e-01,8.358906745910644531e+00,7.136408805847167969e+00,6.789886951446533203e-01,2.000511360168457031e+01,2.452814280986785889e-01,-2.269838142395019531e+01,-2.629559993743896484e+00,-7.081578969955444336e-01
1.439835906028747559e+00,5.793012976646423340e-01,3.909333229064941406e+00,-3.215562105178833008e+00,-2.930871009826660156e+00,9.576202630996704102e-01,-1.410825848579406738e+00,-2.265743970870971680e+00,-1.207971334457397461e+00,1.718937635421752930e+00,-1.661679863929748535e+00,8.153582572937011719e+00,2.846608161926269531e+00,1.820203542709350586e+00,-6.822035789489746094e+00,-2.709181070327758789e+00,-4.369049549102783203e+00,4.109815657138824463e-01,-2.666033506393432617e+00,-3.752171516418457031e+00,3.115378618240356445e+00,2.858324050903320312e+00,-4.638107776641845703e+00,7.369528293609619141e+00,-5.752724170684814453e+00,-8.572280883789062500e+00,2.287408709526062012e-01,-4.104545593261718750e+00,-1.226670026779174805e+00,4.290984153747558594e+00,-8.168981552124023438e+00,2.968145847320556641e+00,5.672402381896972656e+00,1.355111002922058105e+00,3.184782505035400391e+00,6.241312026977539062e+00,-4.487574577331542969e+00,-7.297637939453125000e+00,-2.568724155426025391e+00,-2.701467990875244141e+00,-3.487687826156616211e+00,-5.174086093902587891e+00,-4.547444283962249756e-01,-2.629440784454345703e+00,3.237793445587158203e-01,-2.079958915710449219e+00,-1.881314277648925781e+00,-7.987952232360839844e-01,2.693462848663330078e+00,-3.895238161087036133e+00,-2.880992650985717773e+00,5.534490346908569336e-01,5.637570858001708984e+00,-7.079179763793945312e+00,-2.606719493865966797e+00,1.982388138771057129e+00,6.197911262512207031e+00,1.327073574066162109e+00,1.128857374191284180e+00,-5.414608478546142578e+00,1.775321662425994873e-01,-4.438576698303222656e-01,1.914818286895751953e+00,-1.455439567565917969e+00
1.908744812011718750e+00,8.172798156738281250e+00,1.860261410474777222e-01,-1.382966279983520508e+00,-8.157184123992919922e-01,-7.567757964134216309e-01,6.983963489532470703e+00,4.232335090637207031e-01,-2.262299776077270508e+00,9.732325077056884766e-01,-1.162684202194213867e+00,8.764638900756835938e+00,-4.473247528076171875e+00,9.784645080566406250e+00,-9.184114456176757812e+00,-1.187647938728332520e+00,-9.067264556884765625e+00,9.218627929687500000e+00,-4.442803382873535156e+00,-1.134020328521728516e+00,1.660823106765747070e+00,3.911396503448486328e+00,-1.236278176307678223e+00,7.831523418426513672e+00,-6.761531352996826172e+00,-1.017850589752197266e+01,-5.273283720016479492e-01,-4.814151287078857422e+00,7.949280738830566406e+00,1.648956298828125000e+00,-9.446846008300781250e+00,1.210940718650817871e+00,6.604072570800781250e+00,1.795146763324737549e-01,2.920786857604980469e+00,7.834897994995117188e+00,-3.586515188217163086e+00,-9.610257148742675781e+00,-5.139425992965698242e-01,5.217369079589843750e+00,-3.791121959686279297e+00,1.836072206497192383e+00,-5.997415781021118164e-01,-1.431577324867248535e+00,-3.087974190711975098e-01,-1.870288729667663574e+00,-5.964401364326477051e-01,-6.247305393218994141e+00,-4.659647941589355469e+00,-1.034967231750488281e+01,-1.114867496490478516e+01,-2.297998070716857910e-01,7.461229801177978516e+00,-1.043530845642089844e+01,-4.326887726783752441e-01,2.178224325180053711e+00,7.427266597747802734e+00,6.357424706220626831e-02,2.335506916046142578e+00,2.179844856262207031e+00,-1.515896439552307129e+00,-8.232268333435058594e+00,1.882573008537292480e+00,-3.700415790081024170e-02
5.968719482421875000e+00,-7.211557388305664062e+00,5.437575817108154297e+00,-1.935142397880554199e+00,8.754937648773193359e-01,-3.291451930999755859e+00,-1.436922836303710938e+01,-7.862264513969421387e-01,8.008795738220214844e+00,1.105529904365539551e+00,-5.922922611236572266e+00,1.154705047607421875e+01,1.634240722656250000e+01,-7.907532215118408203e+00,-1.052403926849365234e+01,2.711333036422729492e+00,-6.271109730005264282e-02,-9.945406913757324219e+00,-8.128772735595703125e+00,-4.568994045257568359e+00,2.469030380249023438e+00,5.830722332000732422e+00,-6.116218090057373047e+00,1.292096614837646484e+01,-8.938595771789550781e+00,-1.339166641235351562e+01,6.145426273345947266e+00,-9.210786819458007812e+00,-1.383365345001220703e+01,6.097182035446166992e-01,-1.250380992889404297e+01,2.680318832397460938e+00,8.196122169494628906e+00,8.078556656837463379e-01,7.779261589050292969e+00,1.013537693023681641e+01,-5.698789119720458984e+00,-1.097417163848876953e+01,-1.819450378417968750e+00,-1.584687900543212891e+01,-6.153906345367431641e+00,-1.729143524169921875e+01,-6.288630008697509766e+00,-3.049952030181884766e+00,-5.033767223358154297e+00,2.104881286621093750e+00,-1.053819656372070312e+00,5.849665164947509766e+00,1.484635734558105469e+01,5.897682189941406250e+00,7.894099235534667969e+00,-7.420809745788574219e+00,8.345243453979492188e+00,-4.003902912139892578e+00,-7.626053333282470703e+00,5.153989791870117188e+00,1.026975345611572266e+01,-3.779558420181274414e+00,4.830309391021728516e+00,-1.763605880737304688e+01,-4.157762050628662109e+00,1.036383628845214844e+01,5.597273349761962891e+00,-5.403507232666015625e+00
3.506670236587524414e+00,-5.780377984046936035e-02,3.132629394531250000e+00,-2.502812147140502930e+00,-1.119570016860961914e+00,-1.520867228507995605e+00,-4.260251522064208984e+00,-8.225619196891784668e-01,2.109712600708007812e+00,1.352372765541076660e+00,-3.040962934494018555e+00,1.057363700866699219e+01,7.545320034027099609e+00,5.241531133651733398e-01,-1.039317989349365234e+01,-1.167736873030662537e-01,-4.326659202575683594e+00,-1.075549602508544922e+00,-5.774082183837890625e+00,-3.023154020309448242e+00,2.527392625808715820e+00,4.981349945068359375e+00,-3.614356040954589844e+00,9.970594406127929688e+00,-7.686206340789794922e+00,-1.230264663696289062e+01,2.643915176391601562e+00,-6.882053852081298828e+00,-3.198167562484741211e+00,1.893689274787902832e+00,-1.115431118011474609e+01,2.199887752532958984e+00,7.722937583923339844e+00,6.322548985481262207e-01,4.760578155517578125e+00,9.296617507934570312e+00,-4.783281803131103516e+00,-1.011291313171386719e+01,-1.681650161743164062e+00,-6.154474258422851562e+00,-5.104504108428955078e+00,-8.353808403015136719e+00,-3.115405321121215820e+00,-2.310857772827148438e+00,-2.820992231369018555e+00,-5.936234593391418457e-01,-1.335324764251708984e+00,3.751860857009887695e-01,5.890157699584960938e+00,-2.289045333862304688e+00,-1.498340010643005371e+00,-3.402683973312377930e+00,8.135356903076171875e+00,-7.014778614044189453e+00,-3.607117414474487305e+00,3.349813699722290039e+00,9.250593185424804688e+00,-1.686489105224609375e+00,3.243894100189208984e+00,-8.338715553283691406e+00,-2.336135149002075195e+00,1.547473073005676270e+00,3.558407783508300781e+00,-2.803636550903320312e+00
1.921697497367858887e+00,1.033477306365966797e+01,-5.817804336547851562e-01,-1.585081696510314941e+00,-1.028172492980957031e+00,-1.745911836624145508e+00,8.987769126892089844e+00,3.305213451385498047e-01,-2.793140172958374023e+00,8.277834057807922363e-01,-9.933408498764038086e-01,9.356695175170898438e+00,-6.310063362121582031e+00,1.209598731994628906e+01,-1.045012187957763672e+01,-2.035815477371215820e+00,-1.010239982604980469e+01,1.148704051971435547e+01,-5.436994552612304688e+00,-3.497567772865295410e-01,1.802852869033813477e+00,4.022363185882568359e+00,3.272671103477478027e-01,8.852046012878417969e+00,-7.032527446746826172e+00,-1.091769313812255859e+01,-4.541829824447631836e-01,-5.089600086212158203e+00,1.063833713531494141e+01,1.929665803909301758e+00,-1.015365505218505859e+01,1.008902192115783691e+00,7.506535530090332031e+00,9.333223849534988403e-02,2.574691534042358398e+00,8.113842964172363281e+00,-2.349927902221679688e+00,-1.063704204559326172e+01,-3.307943940162658691e-01,7.301446914672851562e+00,-3.650769948959350586e+00,3.757265329360961914e+00,-6.186409592628479004e-01,-1.000929594039916992e+00,-3.037802577018737793e-01,-2.778611660003662109e+00,-5.751963853836059570e-01,-7.223297595977783203e+00,-6.555892944335937500e+00,-1.299425601959228516e+01,-1.378462696075439453e+01,-4.978407621383666992e-01,8.274141311645507812e+00,-1.221999359130859375e+01,6.942111849784851074e-01,2.069377422332763672e+00,7.213735580444335938e+00,-2.981631159782409668e-01,2.492551803588867188e+00,4.450934410095214844e+00,-1.956178665161132812e+00,-1.026320362091064453e+01,2.384668827056884766e+00,9.043021202087402344e-01
1.290213942527770996e+00,4.451767802238464355e-01,3.384363412857055664e+00,-3.977899074554443359e+00,-3.687165737152099609e+00,1.200199127197265625e+00,-5.889272093772888184e-01,-1.995029091835021973e+00,-2.405322551727294922e+00,1.723935484886169434e+00,7.530634105205535889e-02,1.312977409362792969e+01,7.235344886779785156e+00,1.948049783706665039e+00,-1.218269443511962891e+01,-1.344983339309692383e+00,-5.715003967285156250e+00,6.277404427528381348e-01,-5.507355213165283203e+00,-2.159600496292114258e+00,3.119724988937377930e+00,6.813119411468505859e+00,-3.607465505599975586e+00,1.029511547088623047e+01,-8.849470138549804688e+00,-1.429206848144531250e+01,-1.357777237892150879e+00,-6.954174518585205078e+00,-1.824313759803771973e+00,3.301049470901489258e+00,-1.319915866851806641e+01,1.517884969711303711e+00,9.711215972900390625e+00,2.477075755596160889e-01,1.240382194519042969e+00,1.085418224334716797e+01,-7.051290512084960938e+00,-1.139481353759765625e+01,-1.851676702499389648e+00,-3.868705034255981445e+00,-6.952844142913818359e+00,-6.218507289886474609e+00,-5.733089447021484375e-01,-8.454534411430358887e-01,-1.643062472343444824e+00,-1.688748955726623535e+00,-2.173656225204467773e+00,-4.322765171527862549e-01,4.870000839233398438e+00,-5.367462635040283203e+00,-3.957904815673828125e+00,2.146735191345214844e+00,9.388134002685546875e+00,-7.907461166381835938e+00,-1.750822067260742188e+00,3.947112083435058594e+00,1.029005813598632812e+01,2.508776426315307617e+00,3.009463310241699219e+00,-4.718999385833740234e+00,-1.848500013351440430e+00,-8.340567350387573242e-03,1.170404195785522461e+00,-4.194981575012207031e+00
3.538263559341430664e+00,1.413617372512817383e+00,2.632431507110595703e+00,-3.134636878967285156e+00,-1.433933258056640625e+00,-1.927391886711120605e+00,-2.233358621597290039e+00,-6.514882445335388184e-01,1.304437875747680664e+00,1.298723936080932617e+00,-2.466557979583740234e+00,1.232032394409179688e+01,7.302844047546386719e+00,2.505997896194458008e+00,-1.270105075836181641e+01,-1.271545737981796265e-01,-5.899084568023681641e+00,9.470757842063903809e-01,-6.809657573699951172e+00,-2.230570793151855469e+00,2.788095712661743164e+00,6.198564052581787109e+00,-2.861105203628540039e+00,1.119316673278808594e+01,-8.796148300170898438e+00,-1.423041439056396484e+01,2.041451454162597656e+00,-7.905712127685546875e+00,-1.551881313323974609e+00,1.633006215095520020e+00,-1.289093589782714844e+01,1.823284864425659180e+00,9.275474548339843750e+00,4.574905335903167725e-01,3.947162151336669922e+00,1.095839786529541016e+01,-5.252843379974365234e+00,-1.196589088439941406e+01,-1.509578704833984375e+00,-5.390535831451416016e+00,-6.005156993865966797e+00,-7.647588729858398438e+00,-2.841168880462646484e+00,-1.719210863113403320e+00,-3.418752670288085938e+00,-8.936263918876647949e-01,-1.600734233856201172e+00,-2.366195023059844971e-01,4.965081214904785156e+00,-4.286880493164062500e+00,-3.726889371871948242e+00,-2.795915603637695312e+00,9.515437126159667969e+00,-8.231412887573242188e+00,-3.097715139389038086e+00,3.745405673980712891e+00,1.036324787139892578e+01,-1.550006985664367676e+00,3.922749996185302734e+00,-6.860746383666992188e+00,-2.871228694915771484e+00,5.211532115936279297e-01,3.438905715942382812e+00,-3.026376724243164062e+00
7.483949661254882812e-01,1.502636528015136719e+01,6.589589118957519531e-01,-2.553034782409667969e+00,-2.199275493621826172e+00,6.402405500411987305e-01,1.723434829711914062e+01,-2.559657394886016846e-01,-1.048622989654541016e+01,6.471568942070007324e-01,8.800500631332397461e-01,1.008614349365234375e+01,-1.233878803253173828e+01,1.833014678955078125e+01,-1.016419410705566406e+01,-1.789509892463684082e+00,-1.483522224426269531e+01,1.625169372558593750e+01,-3.675794124603271484e+00,-5.091916024684906006e-02,2.214576005935668945e+00,4.839056491851806641e+00,-2.695047378540039062e+00,7.302905559539794922e+00,-6.841098308563232422e+00,-1.050401782989501953e+01,-4.514718532562255859e+00,-4.509502887725830078e+00,1.564244174957275391e+01,2.181407213211059570e+00,-1.033522415161132812e+01,5.144834518432617188e-01,7.393819808959960938e+00,2.713078856468200684e-01,3.711285293102264404e-01,8.248074531555175781e+00,-5.862048149108886719e+00,-9.622019767761230469e+00,-5.991525053977966309e-01,1.411983203887939453e+01,-4.557150840759277344e+00,9.000391006469726562e+00,3.843061923980712891e+00,1.267402321100234985e-01,2.287349939346313477e+00,-3.547108173370361328e+00,-1.147697925567626953e+00,-1.088613033294677734e+01,-1.313070583343505859e+01,-1.981771278381347656e+01,-1.945789527893066406e+01,5.054867744445800781e+00,7.055308341979980469e+00,-1.631708717346191406e+01,3.811900615692138672e-01,1.540121912956237793e+00,8.556897163391113281e+00,3.446273088455200195e+00,1.869947552680969238e+00,1.150532436370849609e+01,-8.226280212402343750e-01,-1.530185985565185547e+01,1.593797802925109863e-01,-6.476644873619079590e-01
-9.029123187065124512e-01,2.922191047668457031e+01,-1.473722934722900391e+00,1.088288426399230957e+00,5.378091335296630859e-02,2.800238847732543945e+00,3.694431304931640625e+01,1.815341353416442871e+00,-2.228587722778320312e+01,-1.601182937622070312e+00,3.474378585815429688e+00,8.720417022705078125e+00,-3.361816024780273438e+01,3.516941452026367188e+01,-8.186739921569824219e+00,4.735685884952545166e-01,-2.498317337036132812e+01,3.168801307678222656e+01,-1.863562345504760742e+00,3.942256212234497070e+00,-4.321917295455932617e-01,4.392693042755126953e+00,-2.913371562957763672e+00,4.199493408203125000e+00,-5.122096538543701172e+00,-7.107021331787109375e+00,-1.044591999053955078e+01,-2.412547349929809570e+00,3.324023818969726562e+01,-7.189713418483734131e-02,-8.708213806152343750e+00,-2.666640043258666992e+00,5.610582351684570312e+00,-8.980655670166015625e-01,-2.786096334457397461e+00,5.798643589019775391e+00,-7.106427669525146484e+00,-7.507318496704101562e+00,1.963449001312255859e+00,3.595694351196289062e+01,-4.513952255249023438e+00,2.766540718078613281e+01,9.791524887084960938e+00,3.539470911026000977e+00,7.020966053009033203e+00,-3.936940908432006836e+00,8.933088183403015137e-01,-2.357446479797363281e+01,-3.340562438964843750e+01,-3.657514953613281250e+01,-3.536911392211914062e+01,1.223505973815917969e+01,4.550412178039550781e+00,-2.622052192687988281e+01,1.889694690704345703e+00,9.388989210128784180e-02,8.879458427429199219e+00,8.549154281616210938e+00,3.137823939323425293e-01,3.226326751708984375e+01,-1.491671800613403320e-01,-3.265343475341796875e+01,-3.072778224945068359e+00,3.905452191829681396e-01
1.356363654136657715e+00,5.359371662139892578e+00,2.087043046951293945e+00,-2.634156465530395508e+00,-2.407332420349121094e+00,2.868529558181762695e-01,4.210268974304199219e+00,-1.510284781455993652e+00,-2.768481254577636719e+00,1.545636653900146484e+00,-1.417264342308044434e+00,7.572910785675048828e+00,-3.076543569564819336e+00,7.104181766510009766e+00,-7.047511577606201172e+00,-2.920206546783447266e+00,-6.707260608673095703e+00,6.015066623687744141e+00,-2.588320970535278320e+00,-2.552039623260498047e+00,2.546984434127807617e+00,2.458778619766235352e+00,-2.870461702346801758e+00,6.660336017608642578e+00,-5.275475978851318359e+00,-8.298648834228515625e+00,-6.223526000976562500e-01,-3.538397312164306641e+00,5.076118946075439453e+00,4.000936031341552734e+00,-7.858643531799316406e+00,2.369727134704589844e+00,5.440904617309570312e+00,1.036303281784057617e+00,3.175089597702026367e+00,5.906395912170410156e+00,-3.264408349990844727e+00,-7.397987365722656250e+00,-1.741419553756713867e+00,3.610321044921875000e+00,-2.868738174438476562e+00,4.031941592693328857e-01,1.291517019271850586e-01,-2.307796001434326172e+00,1.193242192268371582e+00,-2.561125755310058594e+00,-1.501028299331665039e+00,-4.776333808898925781e+00,-3.140988588333129883e+00,-8.685364723205566406e+00,-8.489368438720703125e+00,8.450847864151000977e-01,5.658779144287109375e+00,-9.476877212524414062e+00,-9.137477278709411621e-01,1.338161826133728027e+00,5.824857711791992188e+00,1.315995573997497559e+00,1.142707586288452148e+00,3.103671073913574219e-01,1.903065741062164307e-01,-5.871643066406250000e+00,1.842367291450500488e+00,1.119736433029174805e-01
-4.235107302665710449e-01,1.902631378173828125e+01,1.032951593399047852e+00,-1.597419023513793945e+00,-2.207314014434814453e+00,3.251339435577392578e+00,2.470712471008300781e+01,1.375404894351959229e-01,-1.661596107482910156e+01,1.129952743649482727e-01,2.830622673034667969e+00,1.032113552093505859e+01,-1.851471138000488281e+01,2.350971412658691406e+01,-9.300241470336914062e+00,-4.712603688240051270e-01,-1.852010536193847656e+01,2.040598487854003906e+01,-1.686124801635742188e+00,8.715312480926513672e-01,1.354176044464111328e+00,5.506574153900146484e+00,-4.676270484924316406e+00,5.170642852783203125e+00,-6.514371871948242188e+00,-9.550611495971679688e+00,-8.135721206665039062e+00,-3.537990808486938477e+00,2.054961395263671875e+01,1.263946175575256348e+00,-1.003579044342041016e+01,-8.233771324157714844e-01,6.570165634155273438e+00,-3.536783754825592041e-01,-1.849224925041198730e+00,7.936525821685791016e+00,-8.830191612243652344e+00,-8.253069877624511719e+00,-3.555789589881896973e-02,2.134954833984375000e+01,-5.572812557220458984e+00,1.523322296142578125e+01,7.178080081939697266e+00,1.636965751647949219e+00,4.253452301025390625e+00,-3.364784955978393555e+00,-7.288725972175598145e-01,-1.479254817962646484e+01,-1.944202041625976562e+01,-2.526953506469726562e+01,-2.427296257019042969e+01,1.019043350219726562e+01,5.809202671051025391e+00,-1.910454750061035156e+01,3.741011023521423340e-01,1.146398782730102539e+00,9.724364280700683594e+00,6.867597103118896484e+00,1.056807875633239746e+00,1.888831710815429688e+01,-1.455066949129104614e-01,-2.069495391845703125e+01,-2.236440181732177734e+00,-2.196128845214843750e+00
7.175732851028442383e-01,6.357373714447021484e+00,2.173757314682006836e+00,-1.019131541252136230e+00,-1.699671149253845215e+00,1.505513429641723633e+00,6.296609878540039062e+00,-1.220496773719787598e+00,-4.346885204315185547e+00,8.127213716506958008e-01,-1.213758468627929688e+00,5.645288944244384766e+00,-7.384571552276611328e+00,8.403078079223632812e+00,-4.022058963775634766e+00,-2.509125471115112305e+00,-7.480641365051269531e+00,7.257251739501953125e+00,-1.124640226364135742e+00,-2.239907741546630859e+00,1.358046293258666992e+00,8.432596921920776367e-01,-3.580019474029541016e+00,5.035054206848144531e+00,-3.740514278411865234e+00,-5.213520050048828125e+00,-1.388373494148254395e+00,-1.981703758239746094e+00,6.853983402252197266e+00,4.194724082946777344e+00,-5.810249328613281250e+00,1.787778377532958984e+00,3.298887729644775391e+00,6.454204916954040527e-01,2.951925754547119141e+00,3.395464897155761719e+00,-2.809325933456420898e+00,-4.947206497192382812e+00,-1.375076293945312500e+00,7.284243583679199219e+00,-1.917094588279724121e+00,3.662320852279663086e+00,1.066594243049621582e+00,-1.927988886833190918e+00,2.731414556503295898e+00,-2.096208333969116211e+00,-6.477489471435546875e-01,-6.811662673950195312e+00,-6.462628364562988281e+00,-1.014787292480468750e+01,-9.391969680786132812e+00,2.420370340347290039e+00,3.632668256759643555e+00,-1.033267116546630859e+01,-1.172160625457763672e+00,6.647986769676208496e-01,4.525729656219482422e+00,2.674304246902465820e+00,-2.366089224815368652e-01,3.406665325164794922e+00,1.019288182258605957e+00,-8.060892105102539062e+00,1.077310562133789062e+00,6.894993782043457031e-01
4.574484825134277344e-01,5.232336521148681641e+00,1.445108175277709961e+00,-1.709332585334777832e+00,-2.520331859588623047e+00,2.108486175537109375e+00,6.584811210632324219e+00,-5.436436533927917480e-01,-5.844097614288330078e+00,4.512339830398559570e-01,1.212126731872558594e+00,1.206059551239013672e+01,-6.668672561645507812e-01,8.116374015808105469e+00,-1.120346450805664062e+01,-2.716237604618072510e-01,-9.315271377563476562e+00,6.654905319213867188e+00,-4.964678764343261719e+00,2.794742584228515625e-01,1.419102191925048828e+00,5.923057079315185547e+00,-2.139293193817138672e+00,8.606970787048339844e+00,-7.604368209838867188e+00,-1.261176872253417969e+01,-3.239515781402587891e+00,-6.004347801208496094e+00,5.379674911499023438e+00,2.546803712844848633e+00,-1.227054405212402344e+01,-1.642012149095535278e-01,8.531920433044433594e+00,-8.876803517341613770e-01,-2.020735889673233032e-01,9.564752578735351562e+00,-6.527996063232421875e+00,-1.015532684326171875e+01,-3.525599241256713867e-01,4.583539485931396484e+00,-6.510410785675048828e+00,1.211828947067260742e+00,1.307903051376342773e+00,7.045039534568786621e-01,-5.171878337860107422e-01,-1.678990602493286133e+00,-7.609810233116149902e-01,-5.855668544769287109e+00,-3.038258790969848633e+00,-1.140664482116699219e+01,-1.032867622375488281e+01,4.326283454895019531e+00,8.412836074829101562e+00,-1.080739784240722656e+01,-6.628277301788330078e-01,3.163457155227661133e+00,1.005463886260986328e+01,3.894726991653442383e+00,2.148867607116699219e+00,3.043868064880371094e+00,-1.406234145164489746e+00,-6.982564926147460938e+00,-1.309509724378585815e-01,-3.204202413558959961e+00
1.139270186424255371e+00,9.602362632751464844e+00,3.526493310928344727e-01,-2.157900333404541016e+00,-2.064286231994628906e+00,-8.626693487167358398e-02,9.158769607543945312e+00,-2.053517997264862061e-01,-4.987397670745849609e+00,1.142709851264953613e+00,8.880462497472763062e-02,9.871544837951660156e+00,-4.914019107818603516e+00,1.133575820922851562e+01,-1.026451015472412109e+01,-1.854860067367553711e+00,-1.046174335479736328e+01,1.048220634460449219e+01,-4.556315898895263672e+00,-6.849597692489624023e-01,2.091894149780273438e+00,4.596885204315185547e+00,-1.182152509689331055e+00,7.813196659088134766e+00,-6.925663471221923828e+00,-1.134370422363281250e+01,-2.027686595916748047e+00,-4.960044384002685547e+00,9.623818397521972656e+00,2.273180007934570312e+00,-1.039679145812988281e+01,9.620627164840698242e-01,7.644371986389160156e+00,2.111670374870300293e-01,1.524333119392395020e+00,8.489233970642089844e+00,-4.340240478515625000e+00,-9.959761619567871094e+00,-6.810106635093688965e-01,6.807222843170166016e+00,-4.411269187927246094e+00,3.118979930877685547e+00,5.960358381271362305e-01,-7.762995362281799316e-01,1.953714191913604736e-01,-2.918799877166748047e+00,-1.057998299598693848e+00,-6.929269313812255859e+00,-5.864765167236328125e+00,-1.314179229736328125e+01,-1.307104206085205078e+01,1.673501253128051758e+00,8.032000541687011719e+00,-1.213114356994628906e+01,5.202561616897583008e-01,2.149948120117187500e+00,8.472995758056640625e+00,1.139313817024230957e+00,2.144389629364013672e+00,4.331615447998046875e+00,-1.509393453598022461e+00,-9.723093032836914062e+00,1.176444411277770996e+00,-4.776311218738555908e-01
2.797856092453002930e+00,-3.230861425399780273e-01,4.039439678192138672e+00,-4.898046016693115234e+00,-3.039266109466552734e+00,-6.512519121170043945e-01,-3.901247978210449219e+00,-2.347666740417480469e+00,5.259633064270019531e-01,2.583142280578613281e+00,-2.261713266372680664e+00,1.090309238433837891e+01,8.118301391601562500e+00,-3.938770294189453125e-02,-1.050318145751953125e+01,-2.168963909149169922e+00,-3.435059785842895508e+00,-1.006579041481018066e+00,-4.516511917114257812e+00,-4.449747085571289062e+00,3.978254795074462891e+00,5.413059711456298828e+00,-4.171045303344726562e+00,9.215817451477050781e+00,-8.099303245544433594e+00,-1.238815212249755859e+01,1.103199839591979980e+00,-6.376297950744628906e+00,-3.522128343582153320e+00,3.325772762298583984e+00,-1.106395053863525391e+01,3.161752462387084961e+00,8.172049522399902344e+00,1.536679267883300781e+00,3.860330581665039062e+00,9.827827453613281250e+00,-5.742072582244873047e+00,-1.040360260009765625e+01,-2.872797250747680664e+00,-6.511168956756591797e+00,-5.219076156616210938e+00,-8.385068893432617188e+00,-1.986442089080810547e+00,-3.264456510543823242e+00,-1.559711337089538574e+00,-1.946900963783264160e+00,-2.877959966659545898e+00,1.389286041259765625e+00,6.445893287658691406e+00,-1.752290725708007812e+00,-1.701685309410095215e+00,-1.229708671569824219e+00,8.314200401306152344e+00,-6.207338333129882812e+00,-2.735970497131347656e+00,3.315059185028076172e+00,8.386686325073242188e+00,1.582906246185302734e-01,3.404006958007812500e+00,-8.693010330200195312e+00,-1.356451749801635742e+00,2.070230007171630859e+00,2.786811351776123047e+00,-3.069205999374389648e+00
1.100511670112609863e+00,3.485539913177490234e+00,3.228760957717895508e+00,-3.568012714385986328e+00,-3.174344062805175781e+00,1.540300846099853516e+00,3.858083009719848633e+00,-1.454723954200744629e+00,-5.190533161163330078e+00,1.346824884414672852e+00,3.452389538288116455e-01,1.283997726440429688e+01,2.835682868957519531e+00,5.768870830535888672e+00,-1.180344676971435547e+01,-6.822142004966735840e-01,-8.172830581665039062e+00,3.988110542297363281e+00,-4.835285186767578125e+00,-1.630194783210754395e+00,2.746798038482666016e+00,6.790956497192382812e+00,-4.232563972473144531e+00,9.622368812561035156e+00,-8.580892562866210938e+00,-1.351647949218750000e+01,-2.366189718246459961e+00,-6.671159267425537109e+00,1.810351848602294922e+00,2.742516994476318359e+00,-1.271088123321533203e+01,1.078048110008239746e+00,9.180884361267089844e+00,7.727780193090438843e-02,8.294898867607116699e-01,1.058150577545166016e+01,-7.801578044891357422e+00,-1.088595485687255859e+01,-1.484279394149780273e+00,4.868909716606140137e-01,-6.904585361480712891e+00,-2.648090600967407227e+00,9.393566846847534180e-01,-4.082249999046325684e-01,-5.796284675598144531e-01,-1.582237601280212402e+00,-1.907103776931762695e+00,-3.220494508743286133e+00,5.231611132621765137e-01,-8.736396789550781250e+00,-7.264960289001464844e+00,3.382054090499877930e+00,8.706156730651855469e+00,-1.004288864135742188e+01,-1.965601444244384766e+00,3.657944679260253906e+00,1.048646831512451172e+01,3.331632137298583984e+00,2.777596473693847656e+00,-6.251056194305419922e-01,-1.534561991691589355e+00,-3.418879508972167969e+00,6.420993208885192871e-01,-4.210892200469970703e+00
1.362682938575744629e+00,9.058768272399902344e+00,-7.258791327476501465e-01,-2.441734522581100464e-01,-8.092159628868103027e-01,2.774828076362609863e-01,1.013914203643798828e+01,1.255649089813232422e+00,-4.376224994659423828e+00,-2.390832751989364624e-01,1.503397524356842041e-01,1.007600688934326172e+01,-5.836584568023681641e+00,1.220590686798095703e+01,-1.016071605682373047e+01,-2.380962669849395752e-02,-1.107568550109863281e+01,1.126502227783203125e+01,-4.700725078582763672e+00,1.271720409393310547e+00,2.944835126399993896e-01,4.612629413604736328e+00,-1.305647790431976318e-01,7.780741214752197266e+00,-6.848393917083740234e+00,-1.089146232604980469e+01,-1.665345668792724609e+00,-5.029353618621826172e+00,1.019649696350097656e+01,1.378270387649536133e+00,-1.058734512329101562e+01,-7.454161643981933594e-01,7.106946945190429688e+00,-1.421914577484130859e+00,1.094750761985778809e+00,8.327946662902832031e+00,-4.080035209655761719e+00,-9.638313293457031250e+00,6.991930603981018066e-01,8.288295745849609375e+00,-4.951047897338867188e+00,4.812112808227539062e+00,1.384520232677459717e-01,6.870720386505126953e-01,-1.174267530441284180e+00,-8.417204022407531738e-01,4.708740711212158203e-01,-8.638128280639648438e+00,-7.307964324951171875e+00,-1.350945281982421875e+01,-1.373852539062500000e+01,1.911437273025512695e+00,7.662835597991943359e+00,-1.179358196258544922e+01,1.250324398279190063e-02,2.144659519195556641e+00,8.568917274475097656e+00,1.414946079254150391e+00,2.085994243621826172e+00,6.455153465270996094e+00,-1.575349688529968262e+00,-1.048598003387451172e+01,1.027323246002197266e+00,-8.891550302505493164e-01
2.390727281570434570e+00,1.005308151245117188e+00,2.413558483123779297e+00,-3.026479959487915039e+00,-2.311879634857177734e+00,-2.489869147539138794e-01,-1.089110493659973145e+00,-9.049456715583801270e-01,-3.327489197254180908e-01,1.339732289314270020e+00,-1.111401796340942383e+00,1.207270431518554688e+01,6.627609729766845703e+00,2.475465297698974609e+00,-1.187282276153564453e+01,-5.786766409873962402e-01,-5.602899551391601562e+00,1.128347754478454590e+00,-5.675546169281005859e+00,-1.740354418754577637e+00,2.427713394165039062e+00,5.969368934631347656e+00,-2.478747606277465820e+00,9.622459411621093750e+00,-8.213209152221679688e+00,-1.358797740936279297e+01,4.631679952144622803e-01,-6.856941223144531250e+00,-7.925853729248046875e-01,2.394830465316772461e+00,-1.231078338623046875e+01,1.296845316886901855e+00,8.738129615783691406e+00,5.299683660268783569e-02,2.469492673873901367e+00,1.036244583129882812e+01,-5.588047981262207031e+00,-1.095368385314941406e+01,-1.315111398696899414e+00,-3.578092813491821289e+00,-6.164242267608642578e+00,-5.743216037750244141e+00,-1.883392333984375000e+00,-1.144496798515319824e+00,-2.703819513320922852e+00,-1.053076028823852539e+00,-1.508661985397338867e+00,-1.097063899040222168e+00,4.015156745910644531e+00,-4.877176284790039062e+00,-4.393784999847412109e+00,-3.825464844703674316e-01,9.052191734313964844e+00,-7.760581493377685547e+00,-2.075947523117065430e+00,3.372320652008056641e+00,1.003876781463623047e+01,3.197708725929260254e-01,3.140806674957275391e+00,-4.964775085449218750e+00,-2.033884048461914062e+00,-5.906237363815307617e-01,2.151845455169677734e+00,-3.209481954574584961e+00
