7.301831245422363281e-01,2.668613195419311523e-01,-7.071483135223388672e-02,4.503001570701599121e-01,-4.337995946407318115e-01,9.990584105253219604e-02,-4.683184325695037842e-01,3.711014613509178162e-02,-8.529102802276611328e-01,-5.970183610916137695e-01,-3.964837193489074707e-01,8.001786470413208008e-01,-7.841582298278808594e-01,1.035401821136474609e-01,4.010537862777709961e-01,-2.518154680728912354e-03,-2.330206930637359619e-01,-1.109329760074615479e-01,7.024911046028137207e-02,2.598039805889129639e-01,-1.993487179279327393e-01,1.499789357185363770e-01,-1.490836441516876221e-01,-4.677273631095886230e-01,-5.924482941627502441e-01,-3.006031811237335205e-01,1.879396140575408936e-01,-5.594936609268188477e-01,8.744631707668304443e-02,-1.129242181777954102e-01,1.749753803014755249e-01,2.185995876789093018e-01,-9.633070975542068481e-02,-2.740367949008941650e-01,7.824353873729705811e-03,1.178256422281265259e-01,1.769179850816726685e-01,3.768070638179779053e-01,1.953749358654022217e-02,-2.799217030405998230e-02,-1.709112152457237244e-02,-1.181744337081909180e+00,-1.587343215942382812e+00,9.779273271560668945e-01,-9.055044651031494141e-01,-8.761146068572998047e-01,7.790033519268035889e-02,9.356804490089416504e-01,-1.584448516368865967e-01,-9.613293409347534180e-01,6.180433630943298340e-01,4.827263951301574707e-01,-3.942147195339202881e-01,-1.844163686037063599e-01,-9.395296871662139893e-02,-4.802938699722290039e-01,1.521394401788711548e-01,-3.843468427658081055e-02,-7.979043573141098022e-02,-1.959542557597160339e-02,-2.102330923080444336e-01,-2.330408990383148193e-01,1.684438139200210571e-01,1.634112149477005005e-01
-9.557971000671386719e+00,-5.731257915496826172e+00,4.321328163146972656e+00,-7.377041339874267578e+00,1.709248900413513184e+00,-5.154007434844970703e+00,1.933071374893188477e+00,-4.393314361572265625e+00,-1.886923551559448242e+00,-1.568358659744262695e+00,1.249833226203918457e+00,3.550006389617919922e+00,-3.204057931900024414e+00,-1.369217038154602051e+00,1.832162857055664062e+00,-1.596595168113708496e+00,-2.859196901321411133e+00,-1.690855026245117188e+00,9.295096993446350098e-01,-5.914541482925415039e-01,-1.709768652915954590e+00,2.782693862915039062e+00,2.273863315582275391e+00,2.647570610046386719e+00,2.913506031036376953e+00,2.688808441162109375e+00,-2.321084499359130859e+00,1.135572075843811035e+00,7.193044424057006836e-01,4.656499028205871582e-01,-2.016010522842407227e+00,-1.914626479148864746e+00,-1.653811573982238770e+00,1.008052945137023926e+00,-6.635856032371520996e-01,1.555594444274902344e+00,-9.656957983970642090e-01,-2.235447645187377930e+00,-9.903766512870788574e-01,-1.383559107780456543e+00,4.091896057128906250e+00,1.516896963119506836e+00,1.087380766868591309e+00,-5.466792583465576172e+00,3.740537166595458984e+00,1.199169874191284180e+00,-2.863033294677734375e+00,-1.622529983520507812e+00,2.015828639268875122e-01,4.972083568572998047e+00,-2.264682531356811523e+00,-2.431853532791137695e+00,3.791922807693481445e+00,4.250693023204803467e-01,8.469823002815246582e-01,2.977116107940673828e+00,-4.964751720428466797e+00,-1.496198415756225586e+00,-5.044019699096679688e+00,-1.746528983116149902e+00,4.649888992309570312e+00,2.893568515777587891e+00,4.520532131195068359e+00,-4.703156471252441406e+00
3.598964452743530273e+00,1.715012073516845703e+00,-2.678217411041259766e+00,1.343304514884948730e+00,3.296346902847290039e+00,1.721129894256591797e+00,2.821182966232299805e+00,9.189039468765258789e-01,-3.566805362701416016e+00,9.993420839309692383e-01,-5.414057970046997070e-01,3.596401929855346680e+00,-2.466282129287719727e+00,1.136566042900085449e+00,-7.740184664726257324e-02,4.795521259307861328e+00,-1.733540058135986328e+00,4.392859041690826416e-01,-4.694272875785827637e-01,-3.439087569713592529e-01,-1.987863302230834961e+00,1.965903043746948242e+00,1.435498952865600586e+00,6.505640745162963867e-01,6.341648101806640625e-02,-4.291422367095947266e+00,-1.457114219665527344e+00,-2.208231925964355469e+00,1.973448753356933594e+00,1.452846527099609375e+00,1.473401427268981934e+00,2.817754268646240234e+00,1.022608160972595215e+00,-1.222045660018920898e+00,-2.187834262847900391e+00,-1.999650001525878906e-01,1.485460400581359863e+00,8.265057802200317383e-01,-4.880147278308868408e-01,-1.574384927749633789e+00,5.881298780441284180e-01,-9.307190775871276855e-01,-1.058522701263427734e+00,-2.507842302322387695e+00,3.502502918243408203e+00,2.686239957809448242e+00,-4.050324916839599609e+00,-1.245573043823242188e+00,-4.750720560550689697e-01,-3.639345645904541016e+00,2.482535362243652344e+00,9.841373562812805176e-01,3.467187643051147461e+00,-1.591086983680725098e-01,4.284377574920654297e+00,-2.480319499969482422e+00,2.026837110519409180e+00,-1.825826168060302734e-01,1.087337136268615723e+00,-4.196437835693359375e+00,-1.570792436599731445e+00,-1.624849081039428711e+00,-1.788317561149597168e+00,2.006118059158325195e+00
2.591639280319213867e+00,-9.687712192535400391e-01,1.432435035705566406e+00,3.198070526123046875e+00,-2.097395420074462891e+00,-2.491633176803588867e+00,-2.090516328811645508e+00,-1.742200732231140137e+00,-2.881610155105590820e+00,-1.521540522575378418e+00,6.094936132431030273e-01,4.524064064025878906e+00,-4.086418628692626953e+00,2.425006926059722900e-01,2.164378166198730469e+00,1.140090703964233398e+00,-1.252379655838012695e+00,1.851028501987457275e-01,-6.729773879051208496e-01,7.258880734443664551e-01,-3.288218975067138672e+00,2.955942153930664062e+00,2.759011268615722656e+00,-2.020038366317749023e-01,-2.505454778671264648e+00,-2.285937547683715820e+00,2.172313928604125977e+00,-1.746393918991088867e+00,-2.382190227508544922e+00,-1.149311065673828125e+00,1.546382427215576172e+00,1.509327292442321777e+00,1.247621700167655945e-01,1.209045767784118652e+00,4.290362596511840820e-01,9.860546588897705078e-01,7.266941666603088379e-01,2.051985263824462891e+00,-6.577031016349792480e-01,1.524694114923477173e-01,3.963381528854370117e+00,-9.753508567810058594e-01,-9.596698284149169922e-01,-1.162785172462463379e+00,1.746837973594665527e+00,2.742930412292480469e+00,-4.542738914489746094e+00,-3.141711473464965820e+00,9.671708345413208008e-01,-2.465075016021728516e+00,3.440458059310913086e+00,2.500476121902465820e+00,1.667003750801086426e+00,-9.846886396408081055e-01,-5.041727423667907715e-01,-1.683518409729003906e+00,4.450116679072380066e-02,-2.297594785690307617e+00,-1.916081607341766357e-01,1.476613879203796387e+00,3.612949252128601074e-01,-3.801702260971069336e-01,7.711869478225708008e-01,6.823631525039672852e-01
3.844404935836791992e+00,1.980338573455810547e+00,-2.458102464675903320e+00,-3.482536673545837402e-01,-5.193875432014465332e-01,2.223538160324096680e+00,-1.267764717340469360e-01,2.428055286407470703e+00,-1.006114482879638672e+00,7.276947498321533203e-01,-6.710799336433410645e-01,9.942218065261840820e-01,-2.225015878677368164e+00,-1.069464325904846191e+00,2.526914119720458984e+00,1.105705738067626953e+00,-2.783680915832519531e+00,3.473249375820159912e-01,-8.455539345741271973e-01,-4.012772142887115479e-01,-2.203423261642456055e+00,2.779481410980224609e+00,1.100780487060546875e+00,1.604398041963577271e-01,-1.219904184341430664e+00,-2.064600229263305664e+00,-1.095376253128051758e+00,-6.561565995216369629e-01,3.298046350479125977e+00,3.761388063430786133e+00,8.552408814430236816e-01,-2.032528400421142578e+00,1.514709293842315674e-01,-8.163296580314636230e-01,4.892440438270568848e-01,8.658323884010314941e-01,1.449190139770507812e+00,3.197458028793334961e+00,1.288693547248840332e-01,-8.407688140869140625e-01,2.123256206512451172e+00,-9.106497168540954590e-01,-1.379777193069458008e+00,-4.146497726440429688e+00,3.054365873336791992e+00,1.380503892898559570e+00,-4.894599914550781250e+00,3.238190710544586182e-01,-2.096493482589721680e+00,-3.035314798355102539e+00,7.071018218994140625e-02,-1.702522188425064087e-01,3.116892099380493164e+00,2.633731126785278320e+00,5.187374591827392578e+00,-4.904205203056335449e-01,2.113249540328979492e+00,6.906106472015380859e-01,6.425342559814453125e-01,-3.821990489959716797e+00,-2.080841541290283203e+00,-2.488790035247802734e+00,-1.937674403190612793e+00,1.785432577133178711e+00
-3.734933137893676758e+00,-4.898303508758544922e+00,3.957536935806274414e+00,-5.654187202453613281e-01,5.184103846549987793e-01,-4.451210021972656250e+00,1.161879301071166992e+00,-3.848270893096923828e+00,-2.024628400802612305e+00,3.581933379173278809e-01,3.689145326614379883e+00,3.696630716323852539e+00,-2.562053203582763672e+00,-5.964654684066772461e-02,-1.102855682373046875e+00,1.473823070526123047e+00,-1.481390714645385742e+00,-1.219374179840087891e+00,3.197425007820129395e-01,-5.957957506179809570e-01,-1.592247009277343750e+00,2.141430377960205078e+00,2.506515264511108398e+00,1.665725111961364746e+00,1.133059978485107422e+00,2.256758689880371094e+00,1.288484334945678711e-01,3.193007946014404297e+00,-2.957167148590087891e+00,6.851934641599655151e-02,-4.894849956035614014e-01,-1.584283828735351562e+00,-9.027963280677795410e-01,2.083281755447387695e+00,9.434391558170318604e-02,1.730464458465576172e+00,-7.526586055755615234e-01,-8.354652523994445801e-01,-1.434296607971191406e+00,4.802581369876861572e-01,2.914713144302368164e+00,7.051378488540649414e-01,1.413412094116210938e-01,3.344396829605102539e+00,1.735576510429382324e+00,2.282223463058471680e+00,-1.782068729400634766e+00,-2.563287258148193359e+00,2.343176364898681641e+00,5.238137245178222656e+00,-5.631574988365173340e-01,-1.664511203765869141e+00,2.978646039962768555e+00,-3.854454457759857178e-01,-6.441248655319213867e-01,2.821303367614746094e+00,-4.007996082305908203e+00,-8.697919249534606934e-01,-4.095345973968505859e+00,1.737469673156738281e+00,4.329827785491943359e+00,3.260863780975341797e+00,3.208689451217651367e+00,-2.848863840103149414e+00
-5.059537410736083984e+00,-4.226271152496337891e+00,2.951697349548339844e+00,-2.166590690612792969e+00,1.139083653688430786e-01,-1.445577144622802734e+00,3.937755525112152100e-02,-2.873391389846801758e+00,-2.689227104187011719e+00,-5.518451929092407227e-01,5.404128432273864746e-01,3.628241300582885742e+00,-2.740319013595581055e+00,-1.131939888000488281e+00,6.197661161422729492e-01,8.735923171043395996e-01,-6.351042985916137695e-01,5.945247411727905273e-02,-6.102781295776367188e-01,9.327269792556762695e-01,-1.204190850257873535e+00,1.800140380859375000e+00,2.216128349304199219e+00,1.879290103912353516e+00,6.165188789367675781e+00,5.481480598449707031e+00,-5.478041172027587891e+00,2.702999830245971680e+00,3.639605522155761719e+00,3.624238014221191406e+00,-4.536872386932373047e+00,-5.482607364654541016e+00,2.815533876419067383e+00,3.859942913055419922e+00,-2.388683080673217773e+00,-1.593592166900634766e+00,-2.594664573669433594e+00,3.327622652053833008e+00,2.121329784393310547e+00,3.069680213928222656e+00,3.171342849731445312e+00,-1.495529890060424805e+00,-2.167360782623291016e+00,-6.705676317214965820e-01,2.176194906234741211e+00,1.214890003204345703e+00,-3.162499189376831055e+00,-4.616980552673339844e-01,5.093099474906921387e-01,8.054394721984863281e+00,-2.596891641616821289e+00,-1.557808518409729004e+00,8.843450546264648438e-01,1.199415922164916992e+00,-1.365560531616210938e+00,3.209731340408325195e+00,-1.591885805130004883e+00,2.605591058731079102e+00,-4.218033790588378906e+00,-1.986793518066406250e+00,1.630309224128723145e+00,1.562104463577270508e+00,1.950465321540832520e+00,-2.853142738342285156e+00
3.663976788520812988e-01,9.391260147094726562e-01,-1.072426557540893555e+00,-2.072929382324218750e+00,2.439954757690429688e+00,-6.868095695972442627e-02,1.754846096038818359e+00,9.404469728469848633e-01,-1.404628276824951172e+00,6.310279369354248047e-01,1.971545964479446411e-01,2.043413877487182617e+00,-1.433642864227294922e+00,-3.858998417854309082e-01,1.061488986015319824e+00,1.513037919998168945e+00,-2.441584587097167969e+00,-6.915043592453002930e-01,-5.085679888725280762e-01,-1.933526992797851562e-02,-4.688971996307373047e+00,3.519453287124633789e+00,3.254012107849121094e+00,1.805153846740722656e+00,2.815192341804504395e-01,-1.890809535980224609e+00,-2.408884286880493164e+00,5.500531196594238281e-01,7.891419529914855957e-01,1.501633524894714355e+00,-2.720115184783935547e-01,3.047197461128234863e-01,-2.065365314483642578e+00,-3.324210166931152344e+00,2.273526906967163086e+00,4.103238105773925781e+00,3.917055368423461914e+00,-7.658985257148742676e-02,-2.951585769653320312e+00,-4.010685920715332031e+00,3.368865489959716797e+00,-3.686664402484893799e-01,-1.557957410812377930e+00,-1.203893542289733887e+00,2.599614143371582031e+00,2.755680322647094727e+00,-3.633363485336303711e+00,-1.605184793472290039e+00,-3.456028699874877930e+00,-1.044365167617797852e+00,-2.109039783477783203e+00,-2.742301464080810547e+00,5.982674121856689453e+00,2.486953735351562500e+00,7.068982601165771484e+00,2.965370416641235352e+00,9.093002676963806152e-01,-4.431122303009033203e+00,6.211369037628173828e-01,-4.900851249694824219e+00,-1.380705237388610840e-01,-6.399593353271484375e-01,-9.674167037010192871e-01,7.966830134391784668e-01
-3.548907041549682617e+00,-2.701603651046752930e+00,1.904996871948242188e+00,-3.479998588562011719e+00,1.409981250762939453e+00,-1.932039856910705566e+00,2.053782224655151367e+00,-1.751127719879150391e+00,-6.440589427947998047e-01,4.129610657691955566e-01,2.495452165603637695e+00,1.888985037803649902e+00,-2.608381986618041992e+00,-1.756354570388793945e+00,1.746215701103210449e+00,-1.624384045600891113e+00,-2.764178276062011719e+00,-1.575485467910766602e+00,-8.908949494361877441e-01,-1.659791707992553711e+00,-1.355464458465576172e+00,3.594705104827880859e+00,2.755307435989379883e+00,1.788755178451538086e+00,-8.109833002090454102e-01,9.545035958290100098e-01,-7.812184691429138184e-01,2.699926853179931641e+00,-8.479483127593994141e-01,2.804785490036010742e+00,1.304562687873840332e-01,-4.253585815429687500e+00,-3.826820135116577148e+00,4.915286898612976074e-01,3.424312353134155273e+00,5.726461410522460938e+00,1.294966578483581543e+00,5.151615142822265625e-01,-3.822015285491943359e+00,-2.005939960479736328e+00,5.295422554016113281e+00,-5.211046338081359863e-01,-1.172602176666259766e+00,3.915115892887115479e-01,2.971531152725219727e+00,1.578753948211669922e+00,-3.530886173248291016e+00,-1.607045650482177734e+00,-2.065467596054077148e+00,3.063404321670532227e+00,-3.392478227615356445e+00,-4.358074188232421875e+00,3.545363664627075195e+00,2.908661127090454102e+00,4.169146060943603516e+00,5.084047794342041016e+00,-2.334738731384277344e+00,-3.074483633041381836e+00,-2.549112796783447266e+00,-2.479608058929443359e+00,2.836361408233642578e+00,1.702649831771850586e+00,1.611238598823547363e+00,-1.791164636611938477e+00
5.431139469146728516e-02,8.454317450523376465e-01,5.136994272470474243e-02,-2.168895483016967773e+00,-6.047746539115905762e-01,-7.890903949737548828e-01,-4.362300932407379150e-01,6.748430728912353516e-01,-3.803226709365844727e+00,-2.307621955871582031e+00,-1.033657670021057129e+00,3.720344305038452148e+00,-3.751639127731323242e+00,-1.303277134895324707e+00,3.123400926589965820e+00,6.781074404716491699e-02,-1.315872192382812500e+00,1.823669075965881348e+00,-4.814385771751403809e-01,1.229727983474731445e+00,-4.797825336456298828e+00,1.805704236030578613e+00,2.265258789062500000e+00,1.219869494438171387e+00,5.801842212677001953e-01,-2.161325216293334961e+00,-2.073580503463745117e+00,-1.790774226188659668e+00,7.443001270294189453e-01,1.513521075248718262e-01,2.978908121585845947e-01,2.235572099685668945e+00,-9.557851552963256836e-01,-4.091602802276611328e+00,-1.556484341621398926e+00,2.308093160390853882e-01,5.167837619781494141e+00,-5.711883306503295898e-01,-2.653114795684814453e-01,-4.607438564300537109e+00,3.020397424697875977e+00,-5.203658342361450195e-01,-9.749582409858703613e-01,-2.925836801528930664e+00,3.109636068344116211e+00,3.028843164443969727e+00,-4.277235507965087891e+00,-1.873058557510375977e+00,-1.362507939338684082e+00,-2.937754869461059570e+00,3.324899375438690186e-01,-6.960938125848770142e-02,6.579377174377441406e+00,4.657658636569976807e-01,5.792257308959960938e+00,-1.868506222963333130e-01,7.073063254356384277e-01,-4.732857942581176758e-01,8.794878721237182617e-01,-2.963180065155029297e+00,-1.036893367767333984e+00,-2.610004901885986328e+00,-6.248962879180908203e-01,8.415269851684570312e-01
-4.650728225708007812e+00,-2.978881835937500000e+00,2.282529115676879883e+00,-3.108995914459228516e+00,5.446127653121948242e-01,-3.196688175201416016e+00,1.292088031768798828e+00,-2.187632322311401367e+00,3.446913361549377441e-01,-2.423233032226562500e+00,1.390888094902038574e+00,4.841798543930053711e-01,-2.871086835861206055e+00,-3.896839857101440430e+00,2.562620639801025391e+00,-3.767792463302612305e+00,-1.826926589012145996e+00,-4.225522279739379883e-01,8.669900894165039062e-01,-1.578478515148162842e-01,-1.952545404434204102e+00,2.872819662094116211e+00,1.700171709060668945e+00,2.472162008285522461e+00,-1.800899982452392578e+00,-2.733700037002563477e+00,1.212432265281677246e+00,-4.161574244499206543e-01,-2.374171972274780273e+00,-2.489743232727050781e+00,1.972452044486999512e+00,2.153087377548217773e+00,-1.124716997146606445e+00,-3.843662738800048828e-01,-2.143053293228149414e+00,-3.940924704074859619e-01,-1.573805093765258789e+00,-3.409671783447265625e+00,4.023461639881134033e-01,-2.389469146728515625e+00,4.234582901000976562e+00,-7.803344726562500000e-01,-1.612459063529968262e+00,-2.815433740615844727e+00,2.386629581451416016e+00,2.337924003601074219e+00,-3.279089212417602539e+00,-1.017057895660400391e+00,3.334828615188598633e+00,2.925844192504882812e+00,1.214811086654663086e+00,3.464528918266296387e-01,1.106323337554931641e+01,-4.598653316497802734e+00,-2.044677585363388062e-01,1.113319158554077148e+00,-5.744987130165100098e-01,-4.543325424194335938e+00,-6.372061967849731445e-01,1.660767555236816406e+00,1.428244948387145996e+00,3.499164581298828125e-01,1.863309144973754883e-01,1.302499473094940186e-01
4.997643947601318359e+00,1.287136316299438477e+00,-2.277639389038085938e+00,2.829369068145751953e+00,-1.309922695159912109e+00,2.257379591464996338e-01,-9.867761731147766113e-01,1.564599871635437012e+00,-7.340171933174133301e-01,1.297384023666381836e+00,1.353613495826721191e+00,2.463945150375366211e+00,-2.345346450805664062e+00,-9.828568994998931885e-02,-1.767272651195526123e-01,2.779630184173583984e+00,-1.530631780624389648e+00,1.991548240184783936e-01,1.915885657072067261e-01,-8.416088819503784180e-01,-2.898718833923339844e+00,1.743127226829528809e+00,1.623992800712585449e+00,1.232676982879638672e+00,-5.749648809432983398e-02,-3.087270736694335938e+00,-1.591019511222839355e+00,-2.302851200103759766e+00,1.448792219161987305e+00,6.681836247444152832e-01,-1.560444682836532593e-01,8.727449178695678711e-01,1.461372494697570801e+00,-1.428819417953491211e+00,-8.338428139686584473e-01,5.941219255328178406e-02,2.036050796508789062e+00,3.216988444328308105e-01,2.045964896678924561e-01,-1.746651411056518555e+00,1.116135835647583008e+00,-1.338039189577102661e-01,-1.234332561492919922e+00,3.463176190853118896e-01,1.876731038093566895e+00,4.102795600891113281e+00,-3.270519495010375977e+00,-1.474700093269348145e+00,-4.595458209514617920e-01,-3.852776527404785156e+00,1.847753286361694336e+00,-2.062838077545166016e-01,4.214866638183593750e+00,6.753181219100952148e-01,3.883507490158081055e+00,-1.983137130737304688e-01,1.884732484817504883e+00,-1.626250505447387695e+00,1.138286828994750977e+00,-7.205704450607299805e-01,-7.793093323707580566e-01,-1.770569562911987305e+00,-6.695787310600280762e-01,2.314428567886352539e+00
1.262772750854492188e+01,6.087510108947753906e+00,-4.496544837951660156e+00,6.531010150909423828e+00,-2.658483266830444336e+00,4.779743671417236328e+00,-3.900538206100463867e+00,3.214921712875366211e+00,-2.096903085708618164e+00,-4.578336477279663086e-01,-3.083961725234985352e+00,2.865256547927856445e+00,-4.253870487213134766e+00,7.948318719863891602e-01,3.992202758789062500e+00,1.657469630241394043e+00,-2.298307895660400391e+00,1.332407295703887939e-01,-1.502663612365722656e+00,-7.183524370193481445e-01,-1.016569614410400391e+00,3.673024892807006836e+00,2.433986961841583252e-02,-1.759439110755920410e+00,-5.040355682373046875e+00,-6.768551826477050781e+00,4.813323169946670532e-02,-4.590969085693359375e+00,3.713628530502319336e+00,2.397912502288818359e+00,3.331895828247070312e+00,3.472198843955993652e-01,9.629544019699096680e-01,1.511909008026123047e+00,2.415693044662475586e+00,1.896020412445068359e+00,1.967590600252151489e-01,8.736876487731933594e+00,-1.220906019210815430e+00,2.550074100494384766e+00,-1.135892629623413086e+00,-2.191919088363647461e+00,-3.326925039291381836e+00,-4.095280647277832031e+00,-3.798328042030334473e-01,1.622647047042846680e+00,-3.420304298400878906e+00,1.195312261581420898e+00,-3.312757015228271484e+00,-9.320120811462402344e+00,3.996323585510253906e+00,2.763003826141357422e+00,-2.119349718093872070e+00,2.957978963851928711e+00,2.403778314590454102e+00,-4.719594478607177734e+00,7.704656124114990234e+00,-4.068157672882080078e+00,6.916706562042236328e+00,-2.059485912322998047e+00,-6.552484035491943359e+00,-5.508281230926513672e+00,-4.572073459625244141e+00,7.085712909698486328e+00
1.089511394500732422e+01,4.878560066223144531e+00,-4.066149711608886719e+00,7.179218292236328125e+00,-3.580130815505981445e+00,3.035616636276245117e+00,-4.238030433654785156e+00,2.525336265563964844e+00,-5.311209678649902344e+00,-1.907458543777465820e+00,-3.144817113876342773e+00,5.142359733581542969e+00,-4.205127239227294922e+00,2.148800134658813477e+00,2.983961343765258789e+00,4.065903186798095703e+00,-2.327504634857177734e+00,4.717227816581726074e-02,-1.188085079193115234e+00,1.147300958633422852e+00,-5.408719062805175781e+00,2.553673744201660156e+00,1.691874027252197266e+00,-1.563883066177368164e+00,-2.538091182708740234e+00,-3.547708511352539062e+00,-8.606866002082824707e-01,-2.921660661697387695e+00,2.766072273254394531e+00,1.684576272964477539e+00,6.546831727027893066e-01,9.631178379058837891e-01,3.729429244995117188e+00,1.167891025543212891e+00,-7.179614901542663574e-01,-1.251126289367675781e+00,5.282133221626281738e-01,6.916508674621582031e+00,2.088665246963500977e+00,1.942549467086791992e+00,-4.559442698955535889e-01,-1.551879048347473145e+00,-2.437850475311279297e+00,-1.350608706474304199e+00,-1.407284140586853027e+00,2.656556844711303711e+00,-2.264004945755004883e+00,4.949644207954406738e-02,-4.167962968349456787e-01,-5.583496093750000000e+00,4.958412647247314453e+00,3.960964202880859375e+00,-1.164332270622253418e+00,8.185508251190185547e-01,2.865721285343170166e-02,-4.722889423370361328e+00,5.942673683166503906e+00,1.708875894546508789e+00,5.243740558624267578e+00,-2.759718894958496094e-01,-5.298082351684570312e+00,-6.599303722381591797e+00,-3.890336036682128906e+00,5.543746948242187500e+00
2.331583261489868164e+00,7.040898799896240234e-01,-1.823815822601318359e+00,-1.672846227884292603e-01,1.083595871925354004e+00,1.020982027053833008e+00,1.989740610122680664e+00,1.184117078781127930e+00,-2.432461023330688477e+00,3.630948066711425781e-01,7.040772438049316406e-01,3.022039890289306641e+00,-3.379304170608520508e+00,-7.702559232711791992e-01,7.229707241058349609e-01,3.438526391983032227e+00,-5.323818325996398926e-01,1.150273799896240234e+00,-1.225575506687164307e-01,-3.883925080299377441e-02,-2.451877355575561523e+00,7.100303173065185547e-01,7.479895949363708496e-01,1.555054187774658203e+00,3.523459732532501221e-01,-8.275073170661926270e-01,-1.511014103889465332e+00,2.267255485057830811e-01,1.084353566169738770e+00,2.319389581680297852e+00,-4.891459271311759949e-02,-1.344314813613891602e-01,5.583377480506896973e-01,-1.025262713432312012e+00,-1.895723700523376465e+00,-2.980699539184570312e-01,2.273045539855957031e+00,1.367079019546508789e+00,-1.889568269252777100e-01,-1.122904539108276367e+00,7.416907697916030884e-02,5.465319752693176270e-02,1.892613768577575684e-01,-1.495080828666687012e+00,3.716602802276611328e+00,3.279478311538696289e+00,-3.958085536956787109e+00,-1.722808361053466797e+00,-1.237718343734741211e+00,-1.443998217582702637e+00,1.847124844789505005e-01,-1.470785140991210938e-01,2.345656871795654297e+00,1.268896937370300293e+00,3.566857814788818359e+00,-5.942990183830261230e-01,1.214000582695007324e+00,9.410071969032287598e-01,-4.708297252655029297e-01,-2.657446384429931641e+00,5.381265282630920410e-02,-4.931208491325378418e-01,-9.186945557594299316e-01,7.659538388252258301e-01
-3.155542612075805664e+00,-6.487317562103271484e+00,6.509813308715820312e+00,3.761780261993408203e+00,-5.149099826812744141e+00,-7.870779037475585938e+00,-7.306968688964843750e+00,-5.722397327423095703e+00,-2.367800712585449219e+00,-4.588346958160400391e+00,1.208933830261230469e+00,4.570583343505859375e+00,-2.711823225021362305e+00,7.277916669845581055e-01,2.939289093017578125e+00,-2.707148790359497070e+00,-2.236485958099365234e+00,-3.184515714645385742e+00,1.069475412368774414e+00,1.704367250204086304e-01,-6.059491038322448730e-01,2.639420270919799805e+00,1.362483024597167969e+00,-9.512367844581604004e-01,-4.264580249786376953e+00,3.929776668548583984e+00,5.965932846069335938e+00,2.091349840164184570e+00,-5.989287853240966797e+00,-3.761806964874267578e+00,-9.006066918373107910e-01,-3.066592454910278320e+00,2.104796618223190308e-01,7.330123424530029297e+00,2.605901241302490234e+00,1.119397401809692383e+00,-6.267732143402099609e+00,1.838872671127319336e+00,1.030197739601135254e+00,4.903095722198486328e+00,7.123375892639160156e+00,-8.524555563926696777e-01,-2.022777944803237915e-01,-2.580040693283081055e+00,-3.342044830322265625e+00,-6.116986274719238281e-03,2.147054970264434814e-01,-1.326382040977478027e+00,4.385747432708740234e+00,4.864454746246337891e+00,2.384727954864501953e+00,3.092955112457275391e+00,-1.993662357330322266e+00,-3.163863897323608398e+00,-1.126645565032958984e+01,1.344909965991973877e-01,-4.991721153259277344e+00,-3.958065748214721680e+00,-2.404430389404296875e+00,9.782358169555664062e+00,4.423223018646240234e+00,2.337860584259033203e+00,5.487022876739501953e+00,-2.205484390258789062e+00
2.280512332916259766e+00,4.560462474822998047e+00,-5.035216808319091797e+00,-4.952301979064941406e+00,4.242972850799560547e+00,5.211606025695800781e+00,5.333250522613525391e+00,4.555243492126464844e+00,-4.127421677112579346e-01,1.142665505409240723e+00,-1.431525468826293945e+00,9.330856800079345703e-01,-2.894268274307250977e+00,-2.316713809967041016e+00,2.520072460174560547e+00,9.511980414390563965e-01,-3.472600221633911133e+00,-3.849492669105529785e-01,1.593255758285522461e+00,-1.616200804710388184e-01,-3.194948673248291016e+00,1.519438147544860840e+00,2.732486128807067871e-01,1.700078725814819336e+00,3.611081123352050781e+00,-1.948030948638916016e+00,-7.408666610717773438e+00,-3.189926147460937500e-01,6.831319808959960938e+00,5.609692573547363281e+00,-1.164266228675842285e+00,-1.499777793884277344e+00,-8.675245046615600586e-01,-4.232340335845947266e+00,-1.081978321075439453e+00,9.601213932037353516e-01,4.340349197387695312e+00,1.387739419937133789e+00,-1.437609076499938965e+00,-4.070259571075439453e+00,-2.001141309738159180e+00,-1.999938637018203735e-01,-8.381323218345642090e-01,-5.939527511596679688e+00,4.845830917358398438e+00,8.579569458961486816e-01,-3.263305664062500000e+00,1.530886054039001465e+00,-6.204668998718261719e+00,-2.219730854034423828e+00,-3.839276075363159180e+00,-4.210136413574218750e+00,3.610709190368652344e+00,6.209171295166015625e+00,1.097152042388916016e+01,2.442411661148071289e+00,4.611103057861328125e+00,3.499339222908020020e-01,2.070587873458862305e+00,-9.039643287658691406e+00,-3.720597267150878906e+00,-3.152352809906005859e+00,-4.484910011291503906e+00,2.487475156784057617e+00
-5.034413814544677734e+00,-4.669496536254882812e+00,5.624486446380615234e+00,-8.900396823883056641e-01,-3.292967796325683594e+00,-5.730792045593261719e+00,-5.435960292816162109e+00,-3.866286993026733398e+00,-2.709548711776733398e+00,-4.550526618957519531e+00,5.646703839302062988e-01,3.999063014984130859e+00,-3.248189449310302734e+00,-4.732636511325836182e-01,4.723532199859619141e+00,-4.459045886993408203e+00,-1.929749131202697754e+00,-1.588540196418762207e+00,-1.096991002559661865e-01,5.310775041580200195e-01,-8.327953219413757324e-01,3.738042593002319336e+00,2.568975210189819336e+00,1.827743649482727051e-02,-2.538289308547973633e+00,3.595487833023071289e+00,1.916866898536682129e+00,1.009865403175354004e+00,-2.680676460266113281e+00,-1.851279735565185547e+00,-2.016848325729370117e+00,-4.552206993103027344e+00,-3.060072183609008789e+00,2.358441352844238281e+00,4.592916488647460938e+00,3.946490287780761719e+00,-3.799829185009002686e-01,1.729537010192871094e+00,-1.312831878662109375e+00,-7.876126766204833984e-01,8.728163719177246094e+00,-3.730231523513793945e+00,-4.089701652526855469e+00,-2.321522474288940430e+00,-3.516029357910156250e+00,-6.669031381607055664e-01,-1.391635090112686157e-01,-1.088249087333679199e-01,1.539234369993209839e-01,2.872522592544555664e+00,-1.553997755050659180e+00,-1.851456880569458008e+00,2.434372901916503906e+00,4.199259579181671143e-01,-2.797070980072021484e+00,4.318305969238281250e+00,-4.415117740631103516e+00,-5.810485839843750000e+00,-1.232051968574523926e+00,3.361936092376708984e+00,3.055837392807006836e+00,5.150505304336547852e-01,4.342090129852294922e+00,-1.327852368354797363e+00
3.232251882553100586e+00,2.767786502838134766e+00,-2.932482719421386719e+00,-3.984307497739791870e-02,-1.391659080982208252e-01,4.182642459869384766e+00,1.890000581741333008e+00,2.300575017929077148e+00,-2.070523023605346680e+00,-1.698026537895202637e+00,-2.377104759216308594e+00,2.184813022613525391e+00,-4.188119888305664062e+00,-2.982049465179443359e+00,2.657063961029052734e+00,5.754668712615966797e-01,-2.117840766906738281e+00,-2.258365750312805176e-01,1.341748476028442383e+00,5.052974224090576172e-01,-5.418687820434570312e+00,1.528439283370971680e+00,1.149225115776062012e+00,1.108654022216796875e+00,2.560574531555175781e+00,-1.598528623580932617e-01,-4.662104129791259766e+00,-1.669031143188476562e+00,4.185052871704101562e+00,3.187806367874145508e+00,-1.367133498191833496e+00,-7.810881137847900391e-01,2.473201036453247070e+00,-1.014977693557739258e-02,-4.935522556304931641e+00,-3.873526811599731445e+00,4.584993124008178711e-01,2.121432065963745117e+00,2.937724351882934570e+00,6.175006628036499023e-01,-4.047681093215942383e-01,-1.294224977493286133e+00,-1.775833487510681152e+00,-6.017080307006835938e+00,4.053002357482910156e+00,9.691221117973327637e-01,-5.054927349090576172e+00,2.096953839063644409e-01,-1.703376531600952148e+00,-7.201730012893676758e-01,4.623829126358032227e-01,1.450130224227905273e+00,-3.753562867641448975e-01,2.267716646194458008e+00,2.984581947326660156e+00,-1.578846693038940430e+00,3.800504446029663086e+00,3.166020393371582031e+00,7.059003114700317383e-01,-3.554526329040527344e+00,-3.278837680816650391e+00,-2.608296871185302734e+00,-3.407294034957885742e+00,1.444011330604553223e+00
3.515110969543457031e+00,1.304591298103332520e+00,-1.512117147445678711e+00,1.852590292692184448e-01,1.497359633445739746e+00,1.021791577339172363e+00,1.137614727020263672e+00,7.818741202354431152e-01,-2.552499294281005859e+00,4.666348695755004883e-01,-1.809166669845581055e-01,2.905566453933715820e+00,-2.121235370635986328e+00,5.955715179443359375e-01,4.002924561500549316e-01,3.216697931289672852e+00,-1.508399724960327148e+00,4.141118228435516357e-01,-1.087769031524658203e+00,-7.445789575576782227e-01,-2.911562681198120117e+00,2.230370521545410156e+00,2.022155523300170898e+00,1.054211497306823730e+00,-7.115088403224945068e-03,-1.784210443496704102e+00,-2.602772712707519531e+00,5.670005679130554199e-01,2.003945112228393555e+00,2.958022356033325195e+00,1.786459684371948242e-01,-5.489286184310913086e-01,2.103235274553298950e-01,-2.662173509597778320e-01,9.045915007591247559e-01,2.644714355468750000e+00,2.421423196792602539e+00,2.679824352264404297e+00,-1.571377158164978027e+00,-1.192760586738586426e+00,6.250449419021606445e-01,4.934846162796020508e-01,2.179728746414184570e-01,-1.183882474899291992e+00,3.636340856552124023e+00,2.944577217102050781e+00,-3.324090719223022461e+00,-1.651226997375488281e+00,-3.165819883346557617e+00,-2.156041145324707031e+00,5.709006637334823608e-02,-5.227411985397338867e-01,1.127933621406555176e+00,2.953886747360229492e+00,5.634723663330078125e+00,-1.084617152810096741e-01,1.284113764762878418e+00,-5.453573465347290039e-01,3.917589783668518066e-03,-4.965547084808349609e+00,-9.534671902656555176e-01,-1.282964110374450684e+00,-1.042771339416503906e+00,8.146391510963439941e-01
5.002328753471374512e-01,7.535192966461181641e-01,-1.511977672576904297e+00,-4.331597328186035156e+00,5.314713001251220703e+00,2.061066925525665283e-01,5.744586467742919922e+00,1.423583626747131348e+00,-3.889869451522827148e-01,2.213104724884033203e+00,2.309989929199218750e+00,7.061457633972167969e-01,-1.893304586410522461e+00,-1.673851847648620605e+00,-4.378367960453033447e-01,1.727429032325744629e+00,-1.948197126388549805e+00,-1.513040214776992798e-01,2.410858869552612305e-01,-1.789477944374084473e+00,-1.052907943725585938e+00,1.134667396545410156e+00,6.989087462425231934e-01,1.589388132095336914e+00,-1.180324792861938477e+00,-5.561720371246337891e+00,-9.580757021903991699e-01,6.627326607704162598e-01,-1.013491392135620117e+00,6.020727157592773438e-01,3.832391500473022461e+00,3.163390636444091797e+00,-3.786435842514038086e+00,-4.886811733245849609e+00,2.050374269485473633e+00,5.838751316070556641e+00,5.346260070800781250e+00,-2.739243268966674805e+00,-5.179224967956542969e+00,-5.342718601226806641e+00,5.903378725051879883e-01,1.476189732551574707e+00,1.898196339607238770e-01,1.117446899414062500e+00,5.397486209869384766e+00,3.377990484237670898e+00,-3.575802326202392578e+00,-1.874489784240722656e+00,-2.659344196319580078e+00,-2.288281917572021484e+00,-2.042566537857055664e+00,-3.623859167098999023e+00,8.908849716186523438e+00,1.076595664024353027e+00,9.826294898986816406e+00,2.286900520324707031e+00,2.018317461013793945e+00,-4.912246227264404297e+00,8.614201545715332031e-01,-4.879466533660888672e+00,-1.017606735229492188e+00,5.067901015281677246e-01,-2.729266881942749023e+00,1.618844628334045410e+00
-2.245761632919311523e+00,-3.169929981231689453e+00,4.121606349945068359e+00,-2.959677875041961670e-01,-3.631646633148193359e+00,-4.230004310607910156e+00,-3.181592702865600586e+00,-2.922565221786499023e+00,-2.399241685867309570e+00,-4.235805988311767578e+00,-1.020827144384384155e-02,4.227434158325195312e+00,-5.268106460571289062e+00,-3.163071632385253906e+00,3.705995798110961914e+00,-3.759086132049560547e+00,-5.413333773612976074e-01,5.337973833084106445e-01,5.664675235748291016e-01,-2.988335192203521729e-01,-2.700881719589233398e+00,2.456587791442871094e+00,1.874100804328918457e+00,2.263144969940185547e+00,7.900111675262451172e-01,6.927415728569030762e-01,-1.419274568557739258e+00,-2.436400413513183594e+00,-6.274971961975097656e-01,-1.895934104919433594e+00,-1.720095157623291016e+00,4.856092035770416260e-01,4.214942157268524170e-01,8.007915019989013672e-01,-1.910485982894897461e+00,-1.458457708358764648e+00,4.251921772956848145e-01,2.951947152614593506e-01,1.648858428001403809e+00,-7.929795384407043457e-01,5.337735652923583984e+00,-2.769145965576171875e+00,-3.574075937271118164e+00,-2.140393257141113281e+00,1.602604866027832031e+00,2.007609605789184570e+00,-4.648306369781494141e+00,-1.474095225334167480e+00,2.074779987335205078e+00,1.309277296066284180e+00,1.147530555725097656e+00,1.162007451057434082e+00,4.259033203125000000e+00,-1.566138148307800293e+00,-1.361320495605468750e+00,1.242738485336303711e+00,-9.977884292602539062e-01,-2.907187700271606445e+00,-3.345647454261779785e-01,2.591128826141357422e+00,6.322461366653442383e-01,-7.284119725227355957e-01,2.022729873657226562e+00,-6.933416239917278290e-03
3.502682685852050781e+00,3.526152372360229492e-01,-8.051811158657073975e-02,3.833562612533569336e+00,-3.859844446182250977e+00,1.661273121833801270e+00,-2.350356340408325195e+00,4.224693477153778076e-01,-2.456590175628662109e+00,-3.912186622619628906e+00,-2.370985746383666992e+00,3.238689184188842773e+00,-4.566261768341064453e+00,-3.111857414245605469e+00,2.926238775253295898e+00,-1.437171816825866699e+00,-6.678504943847656250e-01,1.511634349822998047e+00,1.120961785316467285e+00,3.256485939025878906e+00,-4.251601219177246094e+00,-2.193243503570556641e-01,1.108530402183532715e+00,-5.051099061965942383e-01,5.255194664001464844e+00,2.063872814178466797e+00,-5.826710700988769531e+00,-3.014837265014648438e+00,5.625233650207519531e+00,2.366308927536010742e+00,-4.002348899841308594e+00,-1.560251474380493164e+00,6.922304630279541016e+00,3.397713661193847656e+00,-7.946645736694335938e+00,-8.609208106994628906e+00,-2.168435335159301758e+00,3.797861814498901367e+00,7.814733028411865234e+00,2.535801649093627930e+00,7.817074060440063477e-01,-3.548615455627441406e+00,-4.252310752868652344e+00,-3.522554397583007812e+00,1.258323907852172852e+00,1.734479904174804688e+00,-2.918822526931762695e+00,6.134225726127624512e-01,2.491458177566528320e+00,2.305855512619018555e+00,3.228943586349487305e+00,3.480297327041625977e+00,1.045708179473876953e+00,-6.218684911727905273e-01,-1.084486961364746094e+00,-1.520235180854797363e+00,3.345803260803222656e+00,7.450378417968750000e+00,6.039038300514221191e-03,2.052283287048339844e+00,-3.280525207519531250e+00,-5.056109428405761719e+00,-1.792052507400512695e+00,1.947939395904541016e+00
1.902685165405273438e+00,-1.742239110171794891e-02,1.260059177875518799e-01,1.737519741058349609e+00,-1.057042479515075684e+00,-3.801418542861938477e-01,-1.429654598236083984e+00,-5.441393852233886719e-01,-3.357151031494140625e+00,-1.390378594398498535e+00,-1.527288794517517090e+00,3.291595697402954102e+00,-2.184632778167724609e+00,1.677729249000549316e+00,2.022347927093505859e+00,2.393559932708740234e+00,-9.295811653137207031e-01,9.818651676177978516e-01,-8.746950030326843262e-01,1.519885897636413574e+00,-2.260388851165771484e+00,1.793583273887634277e+00,1.561242103576660156e+00,-7.097057700157165527e-01,8.705951273441314697e-02,-4.252861440181732178e-01,1.582941710948944092e-01,9.055569767951965332e-03,2.668476849794387817e-02,1.666517615318298340e+00,3.922624886035919189e-01,-1.096130132675170898e+00,1.304037332534790039e+00,1.174504637718200684e+00,-1.568939328193664551e+00,-9.042689800262451172e-01,8.047192692756652832e-01,3.734264373779296875e+00,3.363481163978576660e-01,5.257869958877563477e-01,3.810125827789306641e+00,-1.745886921882629395e+00,-1.477763533592224121e+00,-1.673228263854980469e+00,2.718808412551879883e+00,3.078153371810913086e+00,-5.108213901519775391e+00,-2.793769836425781250e+00,8.901466727256774902e-01,-1.340996474027633667e-01,1.735371828079223633e+00,1.601469397544860840e+00,1.871718883514404297e+00,-9.165697097778320312e-01,1.114304512739181519e-01,-1.711129426956176758e+00,1.182862877845764160e+00,2.179593324661254883e+00,-2.860186994075775146e-02,-5.465978980064392090e-01,-5.594751834869384766e-01,-1.656358838081359863e+00,1.308984607458114624e-01,9.578649401664733887e-01
1.112915277481079102e+00,-5.166295766830444336e-01,3.809266090393066406e-01,3.791186511516571045e-01,1.238552212715148926e+00,-1.103098511695861816e+00,8.066277503967285156e-01,1.551091670989990234e-01,-2.183846235275268555e+00,-1.331917405128479004e+00,2.904599010944366455e-01,2.483475208282470703e+00,-2.683030366897583008e+00,-2.249422788619995117e+00,1.694934010505676270e+00,4.347947239875793457e-01,-1.477545261383056641e+00,2.867266833782196045e-01,-5.061463117599487305e-01,6.949797272682189941e-01,-4.832749843597412109e+00,2.533244371414184570e+00,2.317481756210327148e+00,5.089257359504699707e-01,-2.062400817871093750e+00,-4.008577346801757812e+00,1.445153355598449707e+00,-1.380356669425964355e+00,-1.906616806983947754e+00,-2.181115865707397461e+00,2.599907159805297852e+00,3.683920145034790039e+00,1.667784005403518677e-01,-1.165683031082153320e+00,-7.789962291717529297e-01,1.691985279321670532e-01,1.242171645164489746e+00,-1.432804346084594727e+00,2.856520414352416992e-01,-1.996686816215515137e+00,4.112651348114013672e+00,4.092400670051574707e-01,1.819626092910766602e-01,-2.998751640319824219e+00,2.917591571807861328e+00,3.510417461395263672e+00,-4.867128372192382812e+00,-2.917768955230712891e+00,1.643183588981628418e+00,-1.358883261680603027e+00,1.902019023895263672e+00,1.762393951416015625e+00,6.894735336303710938e+00,-2.929398775100708008e+00,1.438362360000610352e+00,-1.306571483612060547e+00,1.418404221534729004e+00,-3.455042123794555664e+00,5.864331722259521484e-01,1.332645863294601440e-02,-8.535814285278320312e-01,-3.570221662521362305e-01,-1.823296308517456055e+00,1.577702760696411133e+00
2.849070787429809570e+00,9.280443787574768066e-01,-9.985553026199340820e-01,1.258605003356933594e+00,-1.589181542396545410e+00,9.374533891677856445e-01,-1.028470277786254883e+00,3.781473040580749512e-01,-4.714854240417480469e+00,-2.570695400238037109e+00,-1.708768725395202637e+00,4.897887229919433594e+00,-4.542552947998046875e+00,-1.082885980606079102e+00,4.093338012695312500e+00,6.916397809982299805e-01,-2.060878038406372070e+00,6.854804754257202148e-01,-4.962629079818725586e-01,-7.293971776962280273e-01,-5.320501327514648438e+00,2.673135042190551758e+00,2.607903718948364258e+00,2.317395687103271484e+00,1.379650592803955078e+00,-7.550025582313537598e-01,-4.075337409973144531e+00,-3.295689105987548828e+00,4.187002658843994141e+00,1.318540692329406738e+00,-1.804008245468139648e+00,-4.145236313343048096e-01,2.487550973892211914e+00,5.752182006835937500e-01,-2.150223255157470703e+00,-1.825911045074462891e+00,1.359620571136474609e+00,4.471403121948242188e+00,2.192448854446411133e+00,-7.949302196502685547e-01,2.708729982376098633e+00,-2.313634395599365234e+00,-3.006628513336181641e+00,-3.456877231597900391e+00,2.519270181655883789e+00,3.505053281784057617e+00,-5.627102851867675781e+00,-1.256759881973266602e+00,6.136421114206314087e-03,-1.269407987594604492e+00,2.070533752441406250e+00,1.441992163658142090e+00,3.611824274063110352e+00,6.999434232711791992e-01,1.574634790420532227e+00,-1.003013491630554199e+00,2.966017246246337891e+00,1.023963451385498047e+00,1.836826205253601074e+00,-3.077626705169677734e+00,-2.437163591384887695e+00,-4.803555488586425781e+00,-1.979027628898620605e+00,2.811460971832275391e+00
1.252391338348388672e+00,-1.107700347900390625e+00,9.019359350204467773e-01,8.695845603942871094e-01,-1.626027226448059082e+00,-1.206955552101135254e+00,-1.386281967163085938e+00,-4.550420343875885010e-01,8.609864115715026855e-01,-1.639394998550415039e+00,6.770964860916137695e-01,-5.181276798248291016e-01,-1.394582509994506836e+00,-1.760696172714233398e+00,3.154637336730957031e+00,-1.956061959266662598e+00,-1.313255310058593750e+00,1.039182901382446289e+00,-1.585268259048461914e+00,-9.220845699310302734e-01,-2.116954088211059570e+00,2.904355049133300781e+00,2.798326969146728516e+00,1.019118547439575195e+00,-1.293695449829101562e+00,-5.296843051910400391e-01,7.109045982360839844e-01,3.973340392112731934e-01,-9.383812546730041504e-02,1.227265357971191406e+00,1.571628153324127197e-01,-1.894871354103088379e+00,3.029610514640808105e-01,1.651267766952514648e+00,1.263594627380371094e-01,6.077438592910766602e-01,-8.914188146591186523e-01,1.538828849792480469e+00,8.511469960212707520e-01,-2.351804226636886597e-01,6.482441902160644531e+00,-6.419293880462646484e-01,-1.088664770126342773e+00,-2.223512887954711914e+00,3.438574552536010742e+00,3.148760795593261719e+00,-5.376198768615722656e+00,-2.435127496719360352e+00,2.280340343713760376e-01,3.208788335323333740e-01,6.547840833663940430e-01,5.925047993659973145e-01,5.041350364685058594e+00,-8.346095085144042969e-01,2.050525188446044922e+00,4.915573298931121826e-01,-8.136289715766906738e-01,-1.715494871139526367e+00,-8.161565065383911133e-01,-1.259887576103210449e+00,3.541015386581420898e-01,-8.082247376441955566e-01,-2.463930249214172363e-01,3.344762027263641357e-01
-1.626300960779190063e-01,-7.842183113098144531e-02,-1.179763913154602051e+00,-1.113016247749328613e+00,1.513108968734741211e+00,7.116245031356811523e-01,2.293815612792968750e-01,1.626599431037902832e+00,1.123248815536499023e+00,-6.322039365768432617e-01,1.410904645919799805e+00,-3.494077026844024658e-01,-1.038219690322875977e+00,-1.021405935287475586e+00,2.090455293655395508e+00,-6.923329830169677734e-01,8.172190189361572266e-02,1.722753882408142090e+00,-1.605964422225952148e+00,-1.730858922004699707e+00,1.625679135322570801e+00,4.821254730224609375e+00,2.501718997955322266e+00,2.105200052261352539e+00,-5.804055333137512207e-01,1.924897432327270508e+00,-1.194644689559936523e+00,5.471669673919677734e+00,7.080359458923339844e-01,4.951171398162841797e+00,-1.224686980247497559e+00,-7.158895015716552734e+00,-2.535017967224121094e+00,-7.663061022758483887e-01,2.689399957656860352e+00,4.055082321166992188e+00,7.275857925415039062e-01,1.024396777153015137e+00,-3.090950012207031250e+00,-1.181918025016784668e+00,4.045058727264404297e+00,1.760737180709838867e+00,1.209916830062866211e+00,-3.020541429519653320e+00,3.354919433593750000e+00,1.949443817138671875e+00,-4.091699600219726562e+00,-2.453241586685180664e+00,-5.829007148742675781e+00,1.012582063674926758e+00,-5.895946979522705078e+00,-5.228081703186035156e+00,1.439866781234741211e+00,5.184730052947998047e+00,5.204152584075927734e+00,4.850944995880126953e+00,-2.250968694686889648e+00,-5.947928905487060547e+00,-1.850615739822387695e+00,-4.773878574371337891e+00,2.360822916030883789e+00,2.610262870788574219e+00,7.284712195396423340e-01,-1.587055206298828125e+00
5.019908428192138672e+00,1.674971938133239746e+00,-1.492159605026245117e+00,2.508580923080444336e+00,-2.483060836791992188e+00,4.817489087581634521e-01,-2.465812206268310547e+00,1.255426883697509766e+00,-1.810574769973754883e+00,-1.492874741554260254e+00,-2.580957412719726562e+00,2.104105710983276367e+00,-1.347144246101379395e+00,9.794696569442749023e-01,2.183237552642822266e+00,2.083400964736938477e+00,-7.141681313514709473e-01,1.646939158439636230e+00,-8.361122012138366699e-01,1.219374775886535645e+00,-3.605724096298217773e+00,3.006865978240966797e+00,2.195222616195678711e+00,-2.707636654376983643e-01,-8.646162748336791992e-01,-4.384351730346679688e+00,-8.810903131961822510e-02,-3.659518241882324219e+00,1.352591514587402344e+00,-1.195135861635208130e-01,1.481510639190673828e+00,2.183095216751098633e+00,2.006418228149414062e+00,-1.492292642593383789e+00,-2.108243942260742188e+00,-2.031720876693725586e+00,1.769195437431335449e+00,1.352525711059570312e+00,9.037877917289733887e-01,-1.291464686393737793e+00,2.030768156051635742e+00,-3.517062366008758545e-01,-5.124356746673583984e-01,-4.855657577514648438e+00,2.922022342681884766e+00,3.331529617309570312e+00,-5.561846733093261719e+00,-2.584275007247924805e+00,-4.027521610260009766e-01,-6.546469688415527344e+00,3.516672849655151367e+00,3.218858718872070312e+00,2.378922700881958008e+00,-5.984258651733398438e-01,2.704477071762084961e+00,-4.022064685821533203e+00,1.551149010658264160e+00,-1.336087703704833984e+00,1.531351208686828613e+00,-1.861493229866027832e+00,-1.618856549263000488e+00,-2.372021675109863281e+00,-4.249258637428283691e-01,1.871348142623901367e+00
-3.164470195770263672e+00,-8.713379502296447754e-01,5.872340798377990723e-01,-2.737495899200439453e+00,3.017796277999877930e+00,-5.437530279159545898e-01,3.472813606262207031e+00,-7.350165843963623047e-01,-2.734337329864501953e+00,-2.967597842216491699e-01,5.730714797973632812e-01,3.082041263580322266e+00,-2.954890489578247070e+00,-9.517178535461425781e-01,9.583592414855957031e-01,1.318447351455688477e+00,-1.863351106643676758e+00,-4.242844581604003906e-01,4.289713203907012939e-01,1.809599637985229492e+00,-2.872727632522583008e+00,1.610871315002441406e+00,2.578924655914306641e+00,1.062389135360717773e+00,3.028550386428833008e+00,2.371924400329589844e+00,-3.658697605133056641e+00,3.336447954177856445e+00,1.559249758720397949e+00,4.279126167297363281e+00,-2.236649990081787109e+00,-3.584905385971069336e+00,-2.454459071159362793e-01,-3.609515428543090820e-01,-1.081558585166931152e+00,4.915855526924133301e-01,8.166819810867309570e-01,3.775930702686309814e-01,-5.593023300170898438e-01,-7.050960659980773926e-01,2.285713195800781250e+00,-1.898663163185119629e+00,-1.165144205093383789e+00,8.921719789505004883e-01,2.491008520126342773e+00,1.152535200119018555e+00,-2.540420293807983398e+00,-6.411318778991699219e-01,-8.069086670875549316e-01,5.528738021850585938e+00,-3.545792818069458008e+00,-3.216722249984741211e+00,3.596285104751586914e+00,2.114005565643310547e+00,3.513442516326904297e+00,4.315524101257324219e+00,-1.041624307632446289e+00,2.523729085922241211e+00,-2.179367303848266602e+00,-2.294107913970947266e+00,8.792998790740966797e-01,5.542056560516357422e-01,4.764446616172790527e-01,-1.186900854110717773e+00
4.078797340393066406e+00,2.357904672622680664e+00,-1.720879554748535156e+00,1.871403217315673828e+00,-1.099370002746582031e+00,8.333148360252380371e-01,-1.292868137359619141e+00,1.596520185470581055e+00,-1.465225696563720703e+00,-2.436830043792724609e+00,-2.407641410827636719e+00,1.019489169120788574e+00,-2.122168540954589844e+00,-2.686307132244110107e-01,3.038814783096313477e+00,5.056795477867126465e-01,-1.711505174636840820e+00,5.986694097518920898e-01,3.572183847427368164e-02,7.383947372436523438e-01,-3.641965150833129883e+00,2.689378976821899414e+00,7.391818165779113770e-01,-1.871530711650848389e-01,-3.539640665054321289e+00,-4.592066287994384766e+00,3.411983013153076172e+00,-1.704097628593444824e+00,-2.511251211166381836e+00,-1.115184783935546875e+00,4.097954750061035156e+00,3.696685075759887695e+00,-1.171595677733421326e-01,-1.694951653480529785e+00,-2.592037916183471680e+00,-1.166261672973632812e+00,1.315382599830627441e+00,-2.934865653514862061e-01,8.516989946365356445e-01,-1.812983751296997070e+00,1.779489040374755859e+00,9.816951751708984375e-01,1.084533572196960449e+00,-6.981707096099853516e+00,3.771302700042724609e+00,3.181334257125854492e+00,-5.556016445159912109e+00,-2.622332811355590820e+00,1.262322664260864258e+00,-4.516823768615722656e+00,3.287940979003906250e+00,3.212294101715087891e+00,5.711863994598388672e+00,-2.969022750854492188e+00,1.481076717376708984e+00,-4.423451900482177734e+00,2.970630407333374023e+00,-2.270919799804687500e+00,2.933892726898193359e+00,7.406646609306335449e-01,-2.555527925491333008e+00,-2.039688587188720703e+00,-2.590742349624633789e+00,2.117531061172485352e+00
-8.651352524757385254e-01,8.866765499114990234e-01,2.652443051338195801e-01,-2.014853715896606445e+00,3.930510878562927246e-01,-4.154659211635589600e-01,-1.401145160198211670e-01,1.176154851913452148e+00,-2.067245721817016602e+00,-1.154392719268798828e+00,1.154556035995483398e+00,1.770210266113281250e+00,-1.619272112846374512e+00,-4.877243638038635254e-01,1.704323053359985352e+00,4.246527552604675293e-01,-7.799086570739746094e-01,1.366055727005004883e+00,-5.988165140151977539e-01,4.301594197750091553e-01,-1.816601753234863281e+00,2.388457059860229492e+00,1.693140983581542969e+00,7.736141085624694824e-01,-1.615153551101684570e+00,-1.061473369598388672e+00,5.860891938209533691e-01,1.460314154624938965e+00,-1.105415582656860352e+00,1.487170904874801636e-01,1.212096691131591797e+00,-7.720240354537963867e-01,-3.021426677703857422e+00,-3.757356643676757812e+00,1.726082682609558105e+00,3.045813322067260742e+00,4.214221000671386719e+00,-1.204503774642944336e+00,-2.095436096191406250e+00,-4.287652015686035156e+00,5.412995815277099609e+00,-4.000424146652221680e-01,-9.732201099395751953e-01,-1.920920968055725098e+00,1.787516951560974121e+00,9.823092818260192871e-01,-4.813613891601562500e+00,-1.381383419036865234e+00,-1.959471225738525391e+00,-1.439160346984863281e+00,-2.803314685821533203e+00,-2.823395967483520508e+00,6.164504051208496094e+00,9.599562883377075195e-01,4.205136299133300781e+00,2.969281196594238281e+00,-2.084239274263381958e-01,-5.855392456054687500e+00,4.998750984668731689e-01,-2.143170356750488281e+00,3.422926068305969238e-01,6.259787678718566895e-01,-9.891907572746276855e-01,5.746291875839233398e-01
3.077573776245117188e+00,1.713537096977233887e+00,-1.157804369926452637e+00,2.037546157836914062e+00,-1.652924060821533203e+00,1.742974162101745605e+00,-7.401162981986999512e-01,1.864554584026336670e-01,-4.346711158752441406e+00,-2.678283691406250000e+00,-2.183478116989135742e+00,4.490096092224121094e+00,-5.017866611480712891e+00,-4.957021474838256836e-01,2.979198932647705078e+00,1.979162454605102539e+00,-9.794813394546508789e-01,9.531904458999633789e-01,6.106824278831481934e-01,1.759382843971252441e+00,-3.770175218582153320e+00,1.459621191024780273e+00,2.510163784027099609e-01,-1.506247222423553467e-01,7.837897539138793945e-02,-2.740710735321044922e+00,-5.383076071739196777e-01,-3.618197202682495117e+00,1.770977616310119629e+00,-2.008044272661209106e-01,8.738502860069274902e-01,2.536159038543701172e+00,2.573345899581909180e+00,-5.941342115402221680e-01,-6.169468402862548828e+00,-4.679588317871093750e+00,5.309957861900329590e-01,1.476198434829711914e+00,3.864174127578735352e+00,-5.680903196334838867e-01,6.601042747497558594e-01,-2.557276010513305664e+00,-2.872845172882080078e+00,-4.432805538177490234e+00,6.970249414443969727e-01,1.641754627227783203e+00,-4.027642250061035156e+00,5.963473916053771973e-01,2.909420967102050781e+00,-2.674592018127441406e+00,3.694338798522949219e+00,2.287522315979003906e+00,4.272281646728515625e+00,-3.119354248046875000e+00,-6.135689616203308105e-01,-3.754790306091308594e+00,4.136965274810791016e+00,1.698040008544921875e+00,2.056745767593383789e+00,2.071584701538085938e+00,-2.642527818679809570e+00,-2.675923824310302734e+00,-2.397994756698608398e+00,2.610471963882446289e+00
-3.333494186401367188e+00,-1.272157788276672363e+00,1.357294321060180664e+00,-3.801342725753784180e+00,7.747748494148254395e-01,-2.366719722747802734e+00,9.495669007301330566e-01,-1.334851384162902832e-01,-1.651438951492309570e+00,-4.785514473915100098e-01,2.657539606094360352e+00,2.850180149078369141e+00,-2.968850612640380859e+00,-3.042330741882324219e+00,7.293260097503662109e-01,-8.801727294921875000e-01,-1.515829324722290039e+00,-1.870122551918029785e-02,7.385368943214416504e-01,2.110361814498901367e+00,-3.013327598571777344e+00,1.079640269279479980e+00,2.206426143646240234e+00,8.045558333396911621e-01,-4.220730960369110107e-01,-1.113908648490905762e+00,-4.173427820205688477e-02,1.152192711830139160e+00,-2.220318794250488281e+00,-1.055040717124938965e+00,6.075552701950073242e-01,1.630236625671386719e+00,-2.695009708404541016e+00,-3.299294948577880859e+00,8.060405850410461426e-01,2.477060794830322266e+00,3.273954629898071289e+00,-3.219863653182983398e+00,-1.616400361061096191e+00,-4.713699340820312500e+00,2.735528230667114258e+00,6.273014545440673828e-01,4.354646205902099609e-01,-2.367605686187744141e+00,7.449263334274291992e-01,-2.704474329948425293e-01,-1.999864280223846436e-01,-3.264191150665283203e-01,-1.459124326705932617e+00,2.101587206125259399e-01,-1.247075080871582031e+00,-1.391521573066711426e+00,6.150350570678710938e+00,8.174297809600830078e-01,4.011369228363037109e+00,2.460999011993408203e+00,-1.976694703102111816e+00,-2.827275037765502930e+00,-1.916602849960327148e+00,-1.646317005157470703e+00,1.409555792808532715e+00,7.658227086067199707e-01,1.722151935100555420e-01,-1.248071908950805664e+00
-5.495999455451965332e-01,3.963223993778228760e-01,-6.895419955253601074e-01,-8.731400370597839355e-01,5.566606521606445312e-01,1.167098358273506165e-01,4.108971059322357178e-01,1.414249837398529053e-01,-2.391827106475830078e+00,-1.333397388458251953e+00,1.175325438380241394e-01,1.988448619842529297e+00,-1.580171585083007812e+00,4.623906314373016357e-01,1.393296480178833008e+00,1.235357165336608887e+00,-6.540254354476928711e-01,1.502399086952209473e+00,-9.047153592109680176e-01,9.837967157363891602e-01,-1.979142308235168457e+00,1.973386287689208984e+00,1.776051878929138184e+00,3.933043479919433594e-01,1.168280690908432007e-01,-2.068382501602172852e+00,-2.641121149063110352e-01,2.219085991382598877e-01,2.346748858690261841e-02,3.090187907218933105e-01,1.149410963058471680e+00,6.315450668334960938e-01,-1.347494125366210938e-01,-1.861954450607299805e+00,-2.618774890899658203e+00,3.484073281288146973e-02,1.593882083892822266e+00,-8.782267570495605469e-01,5.149472355842590332e-01,-2.642677545547485352e+00,3.876143455505371094e+00,2.382347583770751953e-01,-3.339028656482696533e-01,-3.407136440277099609e+00,2.294170379638671875e+00,2.684382677078247070e+00,-3.769990444183349609e+00,-1.731986761093139648e+00,3.846440315246582031e-01,-2.270353883504867554e-01,2.380296885967254639e-01,-1.058347582817077637e+00,7.706382751464843750e+00,-2.010071992874145508e+00,2.540416717529296875e+00,-4.933252930641174316e-04,1.189838886260986328e+00,-2.515172243118286133e+00,4.847542941570281982e-01,-1.136423945426940918e+00,-1.232252046465873718e-01,-5.190287232398986816e-01,-1.487226009368896484e+00,6.354264020919799805e-01
1.915453433990478516e+00,3.855181932449340820e-01,3.298869132995605469e-01,6.854109168052673340e-01,-2.694981336593627930e+00,-9.590093493461608887e-01,-1.990725517272949219e+00,-3.494686484336853027e-01,-3.336304426193237305e+00,-2.664100170135498047e+00,-2.423515796661376953e+00,3.548607826232910156e+00,-3.399524450302124023e+00,2.097861766815185547e-01,3.052132606506347656e+00,9.488841295242309570e-01,-7.939816713333129883e-01,1.325811386108398438e+00,-5.613204240798950195e-01,2.340586662292480469e+00,-4.433513641357421875e+00,1.098722815513610840e+00,8.162223100662231445e-01,-6.987404227256774902e-01,-2.194716632366180420e-01,-4.358480453491210938e+00,8.134744167327880859e-01,-4.465004920959472656e+00,-6.876495480537414551e-01,-2.167726516723632812e+00,2.661667585372924805e+00,5.741568088531494141e+00,1.746385216712951660e+00,-1.916126728057861328e+00,-4.736800670623779297e+00,-3.086899042129516602e+00,2.403605461120605469e+00,5.736486911773681641e-01,2.230722665786743164e+00,-2.171797037124633789e+00,2.244845628738403320e+00,-4.103318154811859131e-01,-9.896957874298095703e-01,-3.853055238723754883e+00,2.869129419326782227e+00,3.817260503768920898e+00,-5.148113250732421875e+00,-2.299522161483764648e+00,3.166017532348632812e+00,-4.328608512878417969e+00,5.102427959442138672e+00,3.921203374862670898e+00,6.476123332977294922e+00,-4.678773403167724609e+00,4.817101955413818359e-01,-4.736427307128906250e+00,3.319593191146850586e+00,4.065645933151245117e-01,2.083410739898681641e+00,1.687258481979370117e+00,-2.087893009185791016e+00,-2.852668762207031250e+00,-1.342242121696472168e+00,1.995554804801940918e+00
-4.539829730987548828e+00,-3.674605369567871094e+00,4.061414241790771484e+00,-2.223371028900146484e+00,-5.950040817260742188e-01,-4.300689697265625000e+00,-9.460746049880981445e-01,-2.921725511550903320e+00,2.243152260780334473e-01,-2.697531223297119141e+00,1.535538792610168457e+00,9.310497045516967773e-01,-3.319965362548828125e+00,-2.634749174118041992e+00,3.057243108749389648e+00,-2.865127563476562500e+00,-4.190420210361480713e-01,8.488457202911376953e-01,8.749344944953918457e-02,1.928668379783630371e+00,4.468028545379638672e-01,2.950099706649780273e+00,1.593708992004394531e+00,-2.397370934486389160e-01,-2.862911939620971680e+00,-9.769222736358642578e-01,3.606644630432128906e+00,1.550824880599975586e+00,-3.739114284515380859e+00,-7.556018829345703125e-01,2.361386537551879883e+00,-7.471488714218139648e-01,-2.331226825714111328e+00,4.997080862522125244e-01,-1.227951794862747192e-02,1.459564447402954102e+00,-6.338177323341369629e-01,-1.889207005500793457e+00,-1.393403172492980957e+00,-1.511734604835510254e+00,5.578899860382080078e+00,-1.925519108772277832e-02,-7.171013951301574707e-02,-2.421929359436035156e+00,2.028254747390747070e+00,1.466258287429809570e+00,-3.955646038055419922e+00,-2.718258380889892578e+00,1.358857750892639160e+00,1.911988615989685059e+00,-1.214012801647186279e-01,-7.179957032203674316e-01,6.127381801605224609e+00,-2.467983245849609375e+00,1.006976366043090820e-01,1.337479829788208008e+00,-3.066569805145263672e+00,-3.773140430450439453e+00,-2.562067508697509766e+00,3.254110336303710938e+00,3.164082527160644531e+00,2.555399894714355469e+00,3.084125995635986328e+00,-2.047834634780883789e+00
4.010867595672607422e+00,1.343986272811889648e+00,-1.327149510383605957e+00,3.164441108703613281e+00,-3.346656084060668945e+00,2.063505172729492188e+00,-2.902455806732177734e+00,6.313518881797790527e-01,-2.901101827621459961e+00,-2.216779708862304688e+00,-1.502730607986450195e+00,4.568853378295898438e+00,-5.511410713195800781e+00,-1.562762260437011719e+00,3.437726497650146484e+00,5.443738102912902832e-01,-8.954390287399291992e-01,1.412644147872924805e+00,-3.172318935394287109e-01,3.370898663997650146e-01,-3.528513669967651367e+00,2.576574087142944336e+00,2.071321487426757812e+00,1.320431590080261230e+00,2.258767604827880859e+00,2.322693824768066406e+00,-4.120837688446044922e+00,4.580885171890258789e-01,4.819214820861816406e+00,3.819236993789672852e+00,-3.463063478469848633e+00,-4.229480743408203125e+00,4.250131607055664062e+00,3.582359790802001953e+00,-3.699764251708984375e+00,-4.216221809387207031e+00,-3.142059803009033203e+00,5.940728187561035156e+00,4.890669822692871094e+00,4.295680522918701172e+00,1.535282433032989502e-01,-2.391186952590942383e+00,-2.054549932479858398e+00,-6.057059288024902344e+00,-7.786872982978820801e-02,-1.352012157440185547e-03,-1.438514113426208496e+00,2.249555587768554688e+00,-6.111957430839538574e-01,1.159514904022216797e+00,5.655360817909240723e-01,1.269526124000549316e+00,-2.403205871582031250e+00,2.237003326416015625e+00,-2.384784221649169922e+00,-9.704086780548095703e-01,2.548271417617797852e+00,1.695796966552734375e+00,3.980495035648345947e-02,-1.012889862060546875e+00,-2.328264236450195312e+00,-1.988582253456115723e+00,-2.046393632888793945e+00,9.708610773086547852e-01
2.113678455352783203e+00,-2.844361960887908936e-02,3.328329622745513916e-01,8.821107745170593262e-01,-1.462367296218872070e+00,-3.042255938053131104e-01,-2.038346290588378906e+00,1.920146644115447998e-01,-1.791542768478393555e+00,-8.824669122695922852e-01,-4.652846455574035645e-01,3.008652925491333008e+00,-2.538808822631835938e+00,-8.364903926849365234e-01,1.512406826019287109e+00,3.327279090881347656e-01,-2.514454364776611328e+00,-1.004332304000854492e+00,-3.854737877845764160e-01,-6.426192522048950195e-01,-3.527194738388061523e+00,3.888834714889526367e+00,2.590375423431396484e+00,1.147327899932861328e+00,6.503606438636779785e-01,1.613489151000976562e+00,-2.697035312652587891e+00,2.769669294357299805e+00,2.017860174179077148e+00,3.468407630920410156e+00,-1.663814187049865723e+00,-4.108083724975585938e+00,2.643202543258666992e-01,2.682669639587402344e+00,1.511365532875061035e+00,2.033465862274169922e+00,-9.231054782867431641e-01,3.793335676193237305e+00,-9.143893122673034668e-01,2.312522411346435547e+00,1.287605524063110352e+00,2.068865776062011719e+00,1.433940052986145020e+00,-4.339072704315185547e+00,2.799936532974243164e+00,1.671865940093994141e+00,-3.120471239089965820e+00,-1.722027778625488281e+00,-3.859871387481689453e+00,1.609628319740295410e+00,-1.747604131698608398e+00,-1.759165525436401367e-01,-2.933910131454467773e+00,4.426162242889404297e+00,1.243576884269714355e+00,1.437486529350280762e+00,-1.104904264211654663e-01,-1.362006664276123047e+00,-1.238214135169982910e+00,-2.630399703979492188e+00,-3.659493923187255859e-01,-5.237104892730712891e-01,2.551326453685760498e-01,-9.158287048339843750e-01
4.042852401733398438e+00,-4.229053497314453125e+00,4.810133457183837891e+00,7.640247821807861328e+00,-6.873357295989990234e+00,-4.603770732879638672e+00,-8.473980903625488281e+00,-4.254270076751708984e+00,-3.087253093719482422e+00,-3.779950618743896484e+00,-2.065202444791793823e-01,5.582787513732910156e+00,-4.646326065063476562e+00,-1.757191717624664307e-01,2.776113748550415039e+00,-8.361768126487731934e-01,-5.668902397155761719e-02,-6.705218553543090820e-02,-1.407746791839599609e+00,8.527146577835083008e-01,-1.255519986152648926e+00,3.458713293075561523e+00,2.117263793945312500e+00,-1.670534968376159668e+00,-2.610180854797363281e+00,9.325580000877380371e-01,2.422984600067138672e+00,-5.861701369285583496e-01,-1.197147607803344727e+00,-1.910578846931457520e+00,-6.782541871070861816e-01,-2.260553598403930664e+00,4.028055667877197266e+00,8.346410751342773438e+00,1.061427235603332520e+00,-1.246251106262207031e+00,-6.510149478912353516e+00,6.111351966857910156e+00,2.709891080856323242e+00,7.914478302001953125e+00,4.358752727508544922e+00,-4.188635051250457764e-01,-5.910966396331787109e-01,-2.700269937515258789e+00,-1.962484121322631836e+00,1.411696910858154297e+00,-1.713620662689208984e+00,-1.848154306411743164e+00,2.296004772186279297e+00,7.466779947280883789e-01,4.578677654266357422e+00,5.645103454589843750e+00,-6.280570030212402344e+00,-1.200822472572326660e+00,-9.561351776123046875e+00,-3.107974052429199219e+00,-1.180288076400756836e+00,-2.624979972839355469e+00,-1.602290987968444824e+00,6.749988079071044922e+00,6.594626903533935547e-01,6.447081565856933594e-01,3.129234552383422852e+00,-1.241542324423789978e-01
-3.157858133316040039e+00,-1.987094163894653320e+00,1.735518455505371094e+00,-1.663857579231262207e+00,-3.438515901565551758e+00,-2.327389478683471680e+00,-4.799742221832275391e+00,-9.901791214942932129e-01,-1.017007589340209961e+00,-3.355837821960449219e+00,1.618033349514007568e-01,2.388906717300415039e+00,-2.909325599670410156e+00,-7.686858177185058594e-01,4.990839004516601562e+00,-3.182554483413696289e+00,-1.889563918113708496e+00,-6.792842149734497070e-01,-7.147852778434753418e-01,-1.185805499553680420e-01,-9.021121263504028320e-01,4.298113822937011719e+00,2.401988983154296875e+00,1.514823883771896362e-01,-2.890733003616333008e+00,3.525846481323242188e+00,3.746522367000579834e-01,3.018937349319458008e+00,8.603830933570861816e-01,2.776898384094238281e+00,-2.316725492477416992e+00,-8.189659118652343750e+00,-1.645836472511291504e+00,1.956212639808654785e+00,4.101659774780273438e+00,3.654685020446777344e+00,-1.391888260841369629e+00,2.907798528671264648e+00,-1.068171262741088867e+00,6.431590914726257324e-01,6.743861198425292969e+00,-6.327091455459594727e-01,-8.371864557266235352e-01,-4.404180049896240234e+00,-1.330030202865600586e+00,-5.384671092033386230e-01,-1.685017943382263184e+00,4.388841986656188965e-02,-3.417695760726928711e+00,1.808171868324279785e+00,-3.479745864868164062e+00,-2.513722181320190430e+00,-1.803498268127441406e+00,3.725761175155639648e+00,-1.534487605094909668e+00,4.016868591308593750e+00,-3.206317424774169922e+00,-4.105414390563964844e+00,-1.954415678977966309e+00,4.217130839824676514e-01,2.965238571166992188e+00,6.822955012321472168e-01,3.330719709396362305e+00,-2.065666198730468750e+00
3.932140111923217773e+00,6.551547527313232422e+00,-5.456091880798339844e+00,-2.860765457153320312e+00,3.672651529312133789e+00,6.263370037078857422e+00,6.563724994659423828e+00,5.059605121612548828e+00,-6.777451038360595703e-01,-1.812085151672363281e+00,-4.474349975585937500e+00,3.130759000778198242e-01,-3.908841133117675781e+00,-3.599018096923828125e+00,3.167699813842773438e+00,3.215575814247131348e-01,-2.221730232238769531e+00,1.206502914428710938e+00,4.339601516723632812e+00,4.068436622619628906e+00,-4.745337009429931641e+00,-3.339376926422119141e+00,-2.631009578704833984e+00,-5.419034361839294434e-01,2.917380094528198242e+00,-7.152015209197998047e+00,-3.753614664077758789e+00,-7.161262035369873047e+00,3.741277456283569336e+00,-4.143660664558410645e-01,3.180684089660644531e+00,8.977800369262695312e+00,2.227043390274047852e+00,-6.400879383087158203e+00,-1.029496955871582031e+01,-7.743298530578613281e+00,4.630125999450683594e+00,-3.003124237060546875e+00,4.544810295104980469e+00,-6.223039150238037109e+00,-6.209564685821533203e+00,-3.556040763854980469e+00,-3.121022939682006836e+00,-7.573527812957763672e+00,4.243627548217773438e+00,9.796215891838073730e-01,-1.843684196472167969e+00,3.023661375045776367e+00,2.338464498519897461e+00,-5.955179214477539062e+00,4.238536357879638672e+00,1.899532079696655273e+00,1.219453525543212891e+01,-4.126052856445312500e+00,8.867105484008789062e+00,-4.797611713409423828e+00,9.116306304931640625e+00,4.666707515716552734e+00,6.414515972137451172e+00,-2.099366664886474609e+00,-7.876345157623291016e+00,-6.781006336212158203e+00,-8.094236373901367188e+00,6.137640476226806641e+00
5.284879684448242188e+00,-1.407663106918334961e+00,1.933917403221130371e+00,7.177898883819580078e+00,-4.523979663848876953e+00,-1.306972742080688477e+00,-4.317255973815917969e+00,-2.404576539993286133e+00,-3.052502870559692383e+00,-2.681286334991455078e+00,-1.221404552459716797e+00,4.384609222412109375e+00,-3.916564941406250000e+00,-8.590281009674072266e-01,1.275580406188964844e+00,1.989952921867370605e+00,-3.348351120948791504e-01,1.811676919460296631e-01,5.509682893753051758e-01,1.684529900550842285e+00,-4.756863117218017578e+00,4.637576341629028320e-01,1.104180812835693359e+00,-5.512735843658447266e-01,7.487676143646240234e-01,-1.168468594551086426e-02,8.675923943519592285e-01,-2.461189031600952148e+00,-7.346813082695007324e-01,-3.086395502090454102e+00,8.869091421365737915e-02,2.735217332839965820e+00,7.219855785369873047e+00,6.277725696563720703e+00,-5.633278846740722656e+00,-6.821553230285644531e+00,-5.838396072387695312e+00,4.043563842773437500e+00,6.512490749359130859e+00,6.942334651947021484e+00,2.099698305130004883e+00,-2.446782827377319336e+00,-2.862578153610229492e+00,-2.352725505828857422e+00,-1.623255014419555664e-02,1.424475908279418945e+00,-3.772284507751464844e+00,-5.504476428031921387e-01,5.727613449096679688e+00,1.161688446998596191e+00,7.037629604339599609e+00,7.874555587768554688e+00,-1.188485860824584961e+00,-5.252092838287353516e+00,-9.219825744628906250e+00,-5.842126846313476562e+00,3.504605293273925781e+00,1.419036626815795898e+00,-1.979203224182128906e-01,5.790705680847167969e+00,-2.595649242401123047e+00,-8.966648578643798828e-01,-2.045264482498168945e+00,1.203682780265808105e+00
-8.692975997924804688e+00,-6.886467933654785156e+00,6.777093887329101562e+00,-1.812063336372375488e+00,-5.577185153961181641e-01,-7.511131763458251953e+00,-1.601121425628662109e+00,-4.920590400695800781e+00,-1.411808252334594727e+00,-5.158200263977050781e+00,2.181111574172973633e+00,2.353629350662231445e+00,-3.211786270141601562e+00,-2.607108354568481445e+00,3.559511423110961914e+00,-5.526761054992675781e+00,-1.223562002182006836e+00,-1.209363222122192383e+00,1.229880571365356445e+00,1.750307679176330566e+00,1.004583984613418579e-01,2.449408054351806641e+00,1.676362276077270508e+00,5.222146213054656982e-02,-2.686087846755981445e+00,2.665420770645141602e+00,5.204007148742675781e+00,1.971265673637390137e+00,-7.284576892852783203e+00,-4.051180839538574219e+00,1.909009069204330444e-01,-3.011276721954345703e-01,-2.892737865447998047e+00,1.423464655876159668e+00,-1.990435272455215454e-01,4.052380919456481934e-01,-2.352389335632324219e+00,-4.669239044189453125e+00,4.354035556316375732e-01,-1.623862266540527344e+00,8.186979293823242188e+00,-1.434255719184875488e+00,-8.032873272895812988e-01,-2.872284650802612305e+00,-9.740387201309204102e-01,-1.888299733400344849e-01,-1.090487480163574219e+00,-2.102129697799682617e+00,4.511881828308105469e+00,5.956931114196777344e+00,-1.855229139328002930e-01,-2.693078219890594482e-01,7.339111328125000000e+00,-4.859629631042480469e+00,-4.563663482666015625e+00,2.786564111709594727e+00,-6.174365520477294922e+00,-3.900119066238403320e+00,-3.234284162521362305e+00,7.482505798339843750e+00,5.324773788452148438e+00,3.495997905731201172e+00,5.024261951446533203e+00,-3.273386955261230469e+00
2.304918766021728516e+00,2.416569948196411133e+00,-2.261360645294189453e+00,-2.458098888397216797e+00,5.054015159606933594e+00,2.598460912704467773e+00,6.318478107452392578e+00,2.117388963699340820e+00,2.417883276939392090e-01,6.372718214988708496e-01,5.507919192314147949e-01,3.956948518753051758e-01,-2.525333642959594727e+00,-3.077459335327148438e+00,-4.306410253047943115e-01,6.249378919601440430e-01,-1.412404775619506836e+00,5.775109529495239258e-01,7.426651716232299805e-01,1.670751690864562988e+00,-2.536426782608032227e+00,1.325846910476684570e+00,1.028084278106689453e+00,-4.070748686790466309e-01,-1.424659252166748047e+00,-5.346971988677978516e+00,2.486063838005065918e-01,4.391293525695800781e-01,-2.023154497146606445e+00,5.601259469985961914e-01,4.947506904602050781e+00,4.595163345336914062e+00,-2.977679252624511719e+00,-4.426903247833251953e+00,-2.113462686538696289e+00,1.759016990661621094e+00,3.809424638748168945e+00,-4.399367332458496094e+00,-2.747340679168701172e+00,-4.724071502685546875e+00,-1.812357425689697266e+00,6.287232637405395508e-01,3.356582522392272949e-01,-2.767952919006347656e+00,4.441584110260009766e+00,5.292380452156066895e-01,-1.133775830268859863e+00,-5.647147893905639648e-01,-2.368686676025390625e+00,-3.882233381271362305e+00,-3.657557368278503418e-01,-1.546923995018005371e+00,6.853994846343994141e+00,3.872752189636230469e-01,9.893870353698730469e+00,-6.258893609046936035e-01,2.427883148193359375e+00,-2.166868686676025391e+00,-1.413084119558334351e-01,-3.523893833160400391e+00,-1.437287092208862305e+00,7.425788640975952148e-01,-3.663045406341552734e+00,5.043861865997314453e-01
-3.813042163848876953e+00,8.441276550292968750e-01,-5.754436254501342773e-01,-7.508213043212890625e+00,4.655476093292236328e+00,-9.767192602157592773e-01,4.521382808685302734e+00,2.142821073532104492e+00,2.575374364852905273e+00,7.003569006919860840e-01,2.263797283172607422e+00,-1.845081686973571777e+00,-1.164664745330810547e+00,-1.903512239456176758e+00,3.025340557098388672e+00,-2.291009902954101562e+00,-2.222737312316894531e+00,9.838197231292724609e-01,5.015528202056884766e-02,1.750900149345397949e+00,9.213898181915283203e-01,3.047340393066406250e+00,1.409917473793029785e+00,-4.317652583122253418e-01,-3.451833963394165039e+00,-4.272176742553710938e+00,2.779601812362670898e+00,2.376617908477783203e+00,-3.013835906982421875e+00,1.088610053062438965e+00,4.291689395904541016e+00,5.533910989761352539e-01,-7.617372989654541016e+00,-7.529615879058837891e+00,4.374002933502197266e+00,7.093361377716064453e+00,6.448053836822509766e+00,-5.057978153228759766e+00,-6.292519092559814453e+00,-8.846199989318847656e+00,3.364239215850830078e+00,1.658903360366821289e+00,2.209314107894897461e+00,-5.123156547546386719e+00,3.569770812988281250e+00,-2.574237883090972900e-01,-2.090238094329833984e+00,-1.006287217140197754e+00,-5.353936672210693359e+00,-4.299494266510009766e+00,-4.238544940948486328e+00,-6.012764930725097656e+00,1.064583969116210938e+01,2.676177263259887695e+00,1.213220596313476562e+01,4.141188621520996094e+00,-2.299869775772094727e+00,-6.978302955627441406e+00,-9.113848209381103516e-01,-5.368091106414794922e+00,1.868895649909973145e+00,2.498724460601806641e+00,-1.768332123756408691e-01,-1.221203446388244629e+00
2.250621795654296875e+00,5.772899389266967773e-01,-4.763621091842651367e-01,1.691392779350280762e+00,-2.099723577499389648e+00,7.302445173263549805e-01,-2.070712566375732422e+00,1.224934339523315430e+00,-5.896397829055786133e-01,-1.336814403533935547e+00,-7.694580554962158203e-01,2.055344104766845703e+00,-1.542275786399841309e+00,-1.340141534805297852e+00,1.224077582359313965e+00,8.567343354225158691e-01,-1.480312347412109375e+00,4.819928705692291260e-01,-2.856922149658203125e-01,1.943601608276367188e+00,-4.433356285095214844e+00,3.333983421325683594e+00,3.018366098403930664e+00,2.395814508199691772e-01,1.246263504028320312e+00,1.881015896797180176e+00,-8.177309632301330566e-01,1.630541086196899414e+00,2.278736829757690430e-01,1.381546854972839355e+00,-1.050467371940612793e+00,-2.321644544601440430e+00,1.491487622261047363e+00,1.351817369461059570e+00,-1.880623698234558105e+00,-1.588221788406372070e+00,-4.037545621395111084e-01,8.467687964439392090e-01,1.638815045356750488e+00,5.202100872993469238e-01,2.068486928939819336e+00,1.194430828094482422e+00,1.250867247581481934e+00,-6.054708957672119141e+00,2.330973148345947266e+00,1.368729352951049805e+00,-2.844003438949584961e+00,-1.823832750320434570e+00,-1.938940763473510742e+00,-9.265924096107482910e-01,4.486275315284729004e-01,8.074872493743896484e-01,2.544003129005432129e-01,1.746536374092102051e+00,2.142701864242553711e+00,-7.764738798141479492e-01,-8.791776299476623535e-01,4.261547327041625977e-01,-2.241279125213623047e+00,-2.735498905181884766e+00,5.400222539901733398e-02,-1.663953065872192383e-01,-4.665324091911315918e-01,-1.623978257179260254e+00
1.234698772430419922e+00,-3.774178743362426758e+00,4.427705287933349609e+00,4.898355960845947266e+00,-5.768148899078369141e+00,-5.188786029815673828e+00,-6.740592002868652344e+00,-3.754259109497070312e+00,-4.089254856109619141e+00,-4.724878787994384766e+00,-4.463482499122619629e-01,5.900077819824218750e+00,-4.899897098541259766e+00,-7.119474411010742188e-01,3.644943952560424805e+00,-1.616208195686340332e+00,-1.241571426391601562e+00,-1.286959052085876465e+00,3.671481013298034668e-01,9.537956714630126953e-01,-2.694538116455078125e+00,2.409341335296630859e+00,1.125412702560424805e+00,-1.220591902732849121e+00,-4.306076526641845703e+00,-7.813001275062561035e-01,4.456359386444091797e+00,-1.246297717094421387e+00,-3.859771251678466797e+00,-3.999940395355224609e+00,8.852297067642211914e-01,9.419381618499755859e-01,1.864898681640625000e+00,4.987387657165527344e+00,-3.132384419441223145e-01,-1.117710828781127930e+00,-3.957472562789916992e+00,2.530556201934814453e+00,2.544327020645141602e+00,3.267601966857910156e+00,4.669270515441894531e+00,-6.342346668243408203e-01,-2.468838393688201904e-01,-3.425074100494384766e+00,-1.945867419242858887e+00,1.692395687103271484e+00,-1.156160116195678711e+00,-1.707983016967773438e+00,4.560007572174072266e+00,6.410771608352661133e-01,4.947575092315673828e+00,5.253666877746582031e+00,-2.024901807308197021e-01,-4.415701866149902344e+00,-8.821648597717285156e+00,-3.120317220687866211e+00,-7.152805328369140625e-01,-1.691400289535522461e+00,-1.949469000101089478e-02,8.414448738098144531e+00,6.306336522102355957e-01,-8.503484725952148438e-01,2.204910039901733398e+00,7.037442326545715332e-01
-3.078159570693969727e+00,-7.919644713401794434e-01,5.541725158691406250e-01,-1.747697114944458008e+00,-1.979643106460571289e+00,5.765575766563415527e-01,-2.024040222167968750e+00,-8.624365180730819702e-02,-1.426460742950439453e+00,-2.639013290405273438e+00,-6.852726340293884277e-01,2.311802387237548828e+00,-3.103783845901489258e+00,-2.120505571365356445e+00,3.172205448150634766e+00,-9.951651692390441895e-01,-1.336772561073303223e+00,1.212005257606506348e+00,4.966766536235809326e-01,-4.917849600315093994e-01,-2.420825481414794922e+00,2.276335239410400391e+00,2.109252691268920898e+00,2.667329788208007812e+00,4.478820800781250000e+00,7.056411743164062500e+00,-5.516130924224853516e+00,2.057738065719604492e+00,6.041284084320068359e+00,5.269559860229492188e+00,-6.549016475677490234e+00,-8.506711006164550781e+00,2.583393096923828125e+00,2.999825239181518555e+00,-2.787358522415161133e+00,-3.167201280593872070e+00,-2.217488765716552734e+00,3.084701299667358398e+00,3.635422229766845703e+00,2.466314792633056641e+00,4.536355972290039062e+00,-1.934247255325317383e+00,-2.111378431320190430e+00,-6.517862319946289062e+00,2.626378297805786133e+00,-4.465124309062957764e-01,-4.602753639221191406e+00,8.081482648849487305e-01,-3.164118289947509766e+00,4.159623622894287109e+00,-3.715474367141723633e+00,-1.495945334434509277e+00,-2.745187997817993164e+00,4.449587345123291016e+00,-4.650606513023376465e-01,3.130336999893188477e+00,-2.270872116088867188e+00,2.043557882308959961e+00,-3.955326795578002930e+00,-3.434955120086669922e+00,1.443461894989013672e+00,5.914051532745361328e-01,1.911450028419494629e+00,-3.071177482604980469e+00
2.136432409286499023e+00,1.829996824264526367e+00,-1.854910969734191895e+00,-3.066509664058685303e-01,-1.556151151657104492e+00,1.207440018653869629e+00,-7.112497091293334961e-01,1.919073343276977539e+00,-1.417036771774291992e+00,-1.875927090644836426e+00,-1.582096576690673828e+00,1.838785171508789062e+00,-2.971108675003051758e+00,-1.510861396789550781e+00,3.331974029541015625e+00,-2.722051143646240234e-01,-1.824311852455139160e+00,-1.673372834920883179e-01,2.069746106863021851e-01,1.052796840667724609e+00,-4.677251338958740234e+00,3.053818464279174805e+00,2.154991388320922852e+00,3.889167308807373047e-01,4.382675588130950928e-01,-8.783019781112670898e-01,-1.558359503746032715e+00,2.235762923955917358e-01,7.924193739891052246e-01,1.214214563369750977e+00,-2.460679598152637482e-02,-4.335211515426635742e-01,4.906881749629974365e-01,-1.355019330978393555e+00,-2.055127143859863281e+00,-7.164169549942016602e-01,1.441807985305786133e+00,1.004988789558410645e+00,9.158896207809448242e-01,-1.312871694564819336e+00,1.877864956855773926e+00,5.718124508857727051e-01,4.466722011566162109e-01,-6.431944847106933594e+00,2.239263772964477539e+00,1.440204381942749023e+00,-3.734248638153076172e+00,-1.312420248985290527e+00,-1.776968598365783691e+00,-1.189173817634582520e+00,-2.214720472693443298e-02,-3.851262107491493225e-02,2.722109794616699219e+00,9.890300035476684570e-01,2.347396612167358398e+00,-5.306969881057739258e-01,2.480541944503784180e+00,-7.604220509529113770e-01,9.713199138641357422e-01,-2.131830215454101562e+00,-2.048711538314819336e+00,-1.822196125984191895e+00,-2.413769960403442383e+00,6.736628413200378418e-01
-1.210174322128295898e+00,-9.424463510513305664e-01,9.862612485885620117e-01,-6.570632010698318481e-02,4.478682577610015869e-01,-9.859079122543334961e-01,5.775181055068969727e-01,-6.892703175544738770e-01,-2.497840404510498047e+00,-3.148735523223876953e+00,7.437641173601150513e-02,3.598489046096801758e+00,-4.609703063964843750e+00,-2.710857391357421875e+00,2.564298629760742188e+00,-1.199575901031494141e+00,-1.264856100082397461e+00,9.536705017089843750e-01,4.365193843841552734e-01,1.232570409774780273e+00,-3.816216945648193359e+00,3.326358795166015625e+00,2.821899652481079102e+00,1.327918529510498047e+00,-3.591227531433105469e-01,3.153534233570098877e-01,-1.408294290304183960e-01,1.172198653221130371e-01,-5.942736864089965820e-01,3.862735629081726074e-01,-4.715261161327362061e-01,-2.101202607154846191e-01,7.897844910621643066e-02,-2.731279730796813965e-01,-3.039163351058959961e+00,-2.225325345993041992e+00,-4.121276736259460449e-02,-9.159950017929077148e-01,1.690053701400756836e+00,-9.568576216697692871e-01,3.136106967926025391e+00,-1.929244756698608398e+00,-1.696638345718383789e+00,-4.825060844421386719e+00,1.608528137207031250e+00,4.499142169952392578e-01,-2.854770183563232422e+00,-5.989540815353393555e-01,2.228262573480606079e-01,4.611755013465881348e-01,4.705526828765869141e-01,8.846074342727661133e-01,3.111829280853271484e+00,-2.261306643486022949e-01,7.379788160324096680e-01,-1.576355844736099243e-02,-1.277698278427124023e+00,-5.270597934722900391e-01,-2.262704610824584961e+00,-1.456876397132873535e-01,1.271572113037109375e+00,5.830928087234497070e-01,4.976976215839385986e-01,-1.295634150505065918e+00
1.021541953086853027e+00,2.494572639465332031e+00,-1.969867229461669922e+00,-6.537096500396728516e-01,7.314051985740661621e-01,2.020604133605957031e+00,4.590000510215759277e-01,2.024739265441894531e+00,-3.273969173431396484e+00,-5.999985933303833008e-01,-4.662388563156127930e-01,4.487789154052734375e+00,-3.637071847915649414e+00,-1.545585542917251587e-01,1.040245771408081055e+00,2.464314460754394531e+00,-2.144257783889770508e+00,3.627539575099945068e-01,9.526463747024536133e-01,1.721961736679077148e+00,-2.872969627380371094e+00,2.219280719757080078e+00,2.180212736129760742e+00,6.429096460342407227e-01,2.608224630355834961e+00,1.707829952239990234e+00,-5.240480899810791016e+00,1.630986213684082031e+00,4.890296936035156250e+00,4.058359146118164062e+00,-3.487128257751464844e+00,-4.232453346252441406e+00,6.064935922622680664e-01,-8.500823974609375000e-01,-2.926999330520629883e-01,1.633232086896896362e-02,1.240564942359924316e+00,2.243749618530273438e+00,5.260078907012939453e-01,-6.449879407882690430e-01,3.571458160877227783e-02,-1.612876653671264648e+00,-1.701416850090026855e+00,-4.744232177734375000e+00,7.099917531013488770e-02,-1.548580408096313477e+00,-4.853307008743286133e-01,2.178268432617187500e+00,-4.889332771301269531e+00,-4.052524268627166748e-02,-2.784590721130371094e+00,-2.351702928543090820e+00,-1.189386129379272461e+00,5.514617919921875000e+00,3.883289098739624023e+00,2.773189067840576172e+00,5.258194208145141602e-01,2.839795351028442383e-01,-8.854711055755615234e-01,-5.260272979736328125e+00,-1.063635230064392090e+00,-1.181413650512695312e+00,-1.033587574958801270e+00,7.220445200800895691e-03
-6.129396438598632812e+00,-4.978082180023193359e+00,5.136187076568603516e+00,-7.377495169639587402e-01,-2.030758857727050781e-01,-5.634728431701660156e+00,-1.971946716308593750e+00,-3.593563556671142578e+00,-2.295647382736206055e+00,-1.535537719726562500e+00,3.937517404556274414e+00,3.997474670410156250e+00,-2.572219848632812500e+00,-1.081143975257873535e+00,5.784775018692016602e-01,-1.358213424682617188e+00,-2.626076221466064453e+00,-2.640501737594604492e+00,8.725811839103698730e-01,1.020803451538085938e+00,-1.206454515457153320e+00,3.629454135894775391e+00,2.695685148239135742e+00,2.496962100267410278e-01,-2.200356960296630859e+00,4.077858448028564453e+00,4.204161167144775391e+00,4.902144908905029297e+00,-6.178022384643554688e+00,-2.186868190765380859e+00,-6.589585542678833008e-01,-3.128201723098754883e+00,-4.062642097473144531e+00,1.794284939765930176e+00,3.244696378707885742e+00,3.902410984039306641e+00,-1.687316536903381348e+00,-3.097745418548583984e+00,-1.943642258644104004e+00,-1.507276445627212524e-01,7.207782268524169922e+00,4.201775193214416504e-01,4.332146048545837402e-01,-3.083148956298828125e+00,-2.185601711273193359e+00,-1.909990310668945312e+00,8.534424006938934326e-03,-7.542445659637451172e-01,4.067596495151519775e-01,5.086853027343750000e+00,-2.900674343109130859e+00,-2.725914955139160156e+00,2.145536899566650391e+00,4.129420220851898193e-01,-3.516993045806884766e+00,4.532161712646484375e+00,-6.077926158905029297e+00,-6.377376079559326172e+00,-4.499551296234130859e+00,4.363510131835937500e+00,5.347826004028320312e+00,5.701488018035888672e+00,4.088613033294677734e+00,-4.212646961212158203e+00
3.450252294540405273e+00,2.466029405593872070e+00,-2.193516254425048828e+00,1.548761844635009766e+00,-9.830441474914550781e-01,3.147718191146850586e+00,-2.500303089618682861e-01,1.836466908454895020e+00,-3.026154279708862305e+00,-1.061271667480468750e+00,-1.697664976119995117e+00,4.158223152160644531e+00,-3.991675853729248047e+00,-1.789193630218505859e+00,1.346017360687255859e+00,2.440454006195068359e+00,-1.452331781387329102e+00,1.057787418365478516e+00,1.255266964435577393e-01,2.363969087600708008e+00,-5.211435794830322266e+00,1.599012970924377441e+00,1.824183344841003418e+00,2.838796973228454590e-01,2.281403779983520508e+00,1.320265412330627441e+00,-3.223437070846557617e+00,7.144298553466796875e-01,2.694544076919555664e+00,2.946017026901245117e+00,-1.741994500160217285e+00,-1.283326745033264160e+00,3.289692163467407227e+00,1.330342769622802734e+00,-4.468757152557373047e+00,-3.891608476638793945e+00,-4.789468646049499512e-01,2.997420549392700195e+00,3.640435457229614258e+00,1.588262200355529785e+00,-6.515109539031982422e-01,-1.537923812866210938e+00,-9.029526114463806152e-01,-6.335132598876953125e+00,1.658610105514526367e+00,-3.340015709400177002e-01,-1.616179823875427246e+00,1.583749651908874512e+00,-1.169954895973205566e+00,-2.170773446559906006e-01,7.873849272727966309e-01,1.962100267410278320e+00,-1.007771253585815430e+00,1.687138676643371582e+00,9.055231213569641113e-01,-2.241770982742309570e+00,2.628571033477783203e+00,4.134157657623291016e+00,-9.718517065048217773e-01,-3.354489326477050781e+00,-2.397520780563354492e+00,-1.559026837348937988e+00,-2.944011688232421875e+00,1.007746756076812744e-01
-8.322079658508300781e+00,-5.417065620422363281e+00,5.793615818023681641e+00,-3.380633592605590820e+00,2.148168325424194336e+00,-7.062918663024902344e+00,8.234610557556152344e-01,-3.610526561737060547e+00,-7.800689339637756348e-02,-2.334276676177978516e+00,3.907954216003417969e+00,1.830887913703918457e+00,-2.734912395477294922e+00,-2.443166971206665039e+00,1.635675311088562012e+00,-3.883844137191772461e+00,-1.625889658927917480e+00,-1.615335464477539062e+00,2.071091175079345703e+00,2.893727302551269531e+00,7.882164120674133301e-01,1.827233195304870605e+00,1.586754679679870605e+00,-8.873237371444702148e-01,-3.793219566345214844e+00,2.010489702224731445e+00,6.018450736999511719e+00,5.306684017181396484e+00,-9.071900367736816406e+00,-3.299422979354858398e+00,1.581536173820495605e+00,-7.695907354354858398e-01,-5.503557205200195312e+00,-4.149237871170043945e-01,2.994749069213867188e+00,3.845998287200927734e+00,-5.863032341003417969e-01,-5.638264179229736328e+00,-2.860874176025390625e+00,-3.155600309371948242e+00,6.163990020751953125e+00,-1.298589229583740234e+00,4.799005985260009766e-01,-1.431567072868347168e+00,-1.607717514038085938e+00,-2.689380645751953125e+00,2.049208879470825195e+00,-7.243951559066772461e-01,1.706147670745849609e+00,5.713590145111083984e+00,-2.457436800003051758e+00,-2.616628885269165039e+00,6.718332290649414062e+00,-2.181011676788330078e+00,-1.392302989959716797e+00,5.012965202331542969e+00,-6.465250015258789062e+00,-4.843415737152099609e+00,-4.350223541259765625e+00,5.269629001617431641e+00,5.344096660614013672e+00,5.188893318176269531e+00,3.948040485382080078e+00,-3.844440221786499023e+00
-1.771152496337890625e+00,-2.054155349731445312e+00,8.533401489257812500e-01,5.084254741668701172e-01,-1.925275325775146484e+00,7.070488333702087402e-01,-3.547973394393920898e+00,-1.511333942413330078e+00,-2.604504585266113281e+00,-1.357128262519836426e+00,-8.681752681732177734e-01,3.967949867248535156e+00,-2.794160127639770508e+00,-7.708413600921630859e-01,1.585638880729675293e+00,1.319741964340209961e+00,-1.896095395088195801e+00,-3.157013654708862305e-01,-4.277164936065673828e-01,-2.084133028984069824e-02,-2.431938886642456055e+00,3.692006587982177734e+00,2.531565427780151367e+00,2.051525831222534180e+00,5.252565383911132812e+00,7.595757484436035156e+00,-5.898592472076416016e+00,1.455179095268249512e+00,6.975015163421630859e+00,4.867203235626220703e+00,-7.406648635864257812e+00,-8.432455062866210938e+00,4.764644145965576172e+00,6.557164192199707031e+00,-3.092299222946166992e+00,-4.447314262390136719e+00,-6.457195281982421875e+00,5.273555755615234375e+00,4.859167098999023438e+00,6.706916809082031250e+00,3.861299037933349609e+00,-1.476633667945861816e+00,-1.855089783668518066e+00,-1.022995185852050781e+01,5.743420124053955078e-01,-1.623714685440063477e+00,-3.273729562759399414e+00,2.060653686523437500e+00,-2.540413141250610352e+00,4.828691005706787109e+00,-2.187866687774658203e+00,8.549161553382873535e-01,-7.016627788543701172e+00,4.561966419219970703e+00,-4.904695034027099609e+00,8.832097649574279785e-01,-2.210243940353393555e+00,9.432657361030578613e-01,-4.897672653198242188e+00,-3.028101921081542969e+00,1.630429983139038086e+00,2.005899667739868164e+00,2.445369958877563477e+00,-3.665319919586181641e+00
4.301687240600585938e+00,3.805515542626380920e-02,-4.503435790538787842e-01,3.808888673782348633e+00,-1.557896256446838379e+00,1.652531266212463379e+00,-7.830446362495422363e-01,1.327406466007232666e-01,-1.313365697860717773e+00,-2.001586556434631348e-02,2.843570709228515625e-01,2.154672145843505859e+00,-2.308206319808959961e+00,-2.865612030029296875e+00,-1.456487178802490234e+00,2.084069252014160156e+00,4.820322990417480469e-02,1.440739631652832031e+00,1.464724242687225342e-01,1.270397901535034180e+00,-4.063774108886718750e+00,7.627705931663513184e-01,1.805262207984924316e+00,1.173685312271118164e+00,4.122150897979736328e+00,2.055639028549194336e-01,-3.351200580596923828e+00,-1.367401719093322754e+00,2.337226390838623047e+00,4.782410860061645508e-01,-1.384663701057434082e+00,1.133187532424926758e+00,5.553421497344970703e+00,3.019820690155029297e+00,-7.123755931854248047e+00,-6.441541671752929688e+00,-3.178411960601806641e+00,4.658306837081909180e-01,5.560605049133300781e+00,3.289713382720947266e+00,1.633335798978805542e-01,-7.215952873229980469e-01,-1.220930814743041992e+00,-3.796977519989013672e+00,2.363463163375854492e+00,1.719383955001831055e+00,-3.195553064346313477e+00,-2.614995837211608887e-01,1.765879750251770020e+00,8.410859704017639160e-01,2.994506597518920898e+00,3.587520122528076172e+00,1.055665493011474609e+00,-1.393293619155883789e+00,-1.034133434295654297e+00,-3.085168123245239258e+00,1.814941406250000000e+00,2.106322765350341797e+00,-1.979844570159912109e+00,-3.016212880611419678e-01,-1.883736968040466309e+00,-1.142590045928955078e-01,-2.238293647766113281e+00,-1.519951075315475464e-01
-4.289776802062988281e+00,-9.746205210685729980e-01,1.869019389152526855e+00,-3.794024705886840820e+00,1.005571007728576660e+00,-2.375484704971313477e+00,1.050308704376220703e+00,-5.052590370178222656e-01,5.098718404769897461e-01,-2.154010534286499023e+00,7.394554018974304199e-01,3.413979411125183105e-01,-2.136259078979492188e+00,-1.929356098175048828e+00,2.888534784317016602e+00,-2.612294912338256836e+00,-2.631519734859466553e-01,2.601951599121093750e+00,2.505392432212829590e-01,3.047652482986450195e+00,-1.806685477495193481e-01,1.691135406494140625e+00,1.691890597343444824e+00,-3.190238177776336670e-01,-1.883136987686157227e+00,-2.510438203811645508e+00,3.148124456405639648e+00,1.838897705078125000e+00,-4.042035102844238281e+00,-9.951590299606323242e-01,3.505396842956542969e+00,1.111987471580505371e+00,-3.225935459136962891e+00,-3.652345418930053711e+00,-1.187456130981445312e+00,1.119087696075439453e+00,2.361913919448852539e+00,-4.325808048248291016e+00,-1.457902789115905762e+00,-5.188124656677246094e+00,4.139678478240966797e+00,-6.013584136962890625e-02,4.005236625671386719e-01,-3.716581583023071289e+00,2.805440425872802734e+00,8.707198500633239746e-01,-2.109128236770629883e+00,-1.391292214393615723e+00,7.523621320724487305e-01,7.342141121625900269e-03,-9.056660532951354980e-01,-1.971459507942199707e+00,1.095870018005371094e+01,-2.824493646621704102e+00,4.339900493621826172e+00,1.349147200584411621e+00,-1.770921230316162109e+00,-3.232730388641357422e+00,-1.151319265365600586e+00,9.244896471500396729e-02,1.314929246902465820e+00,1.291872382164001465e+00,1.135908812284469604e-01,-1.264362812042236328e+00
-6.781154274940490723e-01,-8.109888434410095215e-02,2.783250808715820312e-02,-1.788171082735061646e-01,-3.462395429611206055e+00,3.178644776344299316e-01,-3.358990669250488281e+00,4.230442345142364502e-01,2.286921143531799316e-01,-2.513867378234863281e+00,-5.101794600486755371e-01,1.220566272735595703e+00,-3.770866394042968750e+00,-3.711207866668701172e+00,4.528776168823242188e+00,-2.225449800491333008e+00,-1.448959112167358398e+00,7.865569591522216797e-01,9.216304421424865723e-01,1.909577608108520508e+00,-2.781513452529907227e+00,2.895943403244018555e+00,1.586340069770812988e+00,5.429232716560363770e-01,-9.139471650123596191e-01,2.659930229187011719e+00,8.303425312042236328e-01,1.623638153076171875e+00,1.203835606575012207e+00,2.197620630264282227e+00,-1.484967589378356934e+00,-4.977149486541748047e+00,1.788125157356262207e+00,2.554822444915771484e+00,-2.679579496383666992e+00,-3.530748844146728516e+00,-3.318534135818481445e+00,2.155657768249511719e+00,3.804796218872070312e+00,1.841468095779418945e+00,4.081933498382568359e+00,-2.064974308013916016e+00,-4.389295578002929688e-01,-8.864915847778320312e+00,5.369226932525634766e-01,-1.510635137557983398e+00,-3.108448028564453125e+00,1.238679170608520508e+00,-2.392321377992630005e-01,1.420407891273498535e+00,-9.276273846626281738e-02,1.424285173416137695e+00,3.178091645240783691e-01,7.192103862762451172e-01,-2.903932094573974609e+00,-5.184919834136962891e-01,-8.877939581871032715e-01,1.071651220321655273e+00,-2.649354934692382812e+00,4.772016406059265137e-01,4.251214563846588135e-01,2.044873833656311035e-01,1.189132034778594971e-01,-1.616831898689270020e+00
2.024612665176391602e+00,3.015351295471191406e+00,-2.573501348495483398e+00,-1.470664381980895996e+00,1.144931197166442871e+00,2.927889585494995117e+00,1.173694610595703125e+00,2.612435340881347656e+00,-1.250300168991088867e+00,-1.136845350265502930e+00,-1.605153322219848633e+00,2.115008115768432617e+00,-3.132667303085327148e+00,-2.195425271987915039e+00,2.243842840194702148e+00,1.127792358398437500e+00,-1.051859140396118164e+00,1.589566349983215332e+00,9.183439612388610840e-02,2.583483695983886719e+00,-3.058443069458007812e+00,2.386804819107055664e+00,1.817988395690917969e+00,-6.267272830009460449e-01,1.579378545284271240e-01,-1.235328793525695801e+00,-2.253221273422241211e+00,-2.213243395090103149e-01,2.938639402389526367e+00,3.551399230957031250e+00,-2.457468062639236450e-01,-1.261775612831115723e+00,8.384227752685546875e-02,-2.114528179168701172e+00,-2.055667638778686523e+00,-9.153673052787780762e-01,2.097002983093261719e+00,6.281554698944091797e-01,1.994045376777648926e-01,-1.849284529685974121e+00,1.013063669204711914e+00,-9.695825576782226562e-01,-1.581488698720932007e-01,-7.457699775695800781e+00,2.993134021759033203e+00,-5.556521415710449219e-01,-2.971426725387573242e+00,4.648131728172302246e-01,-4.789721488952636719e+00,-4.020720481872558594e+00,-1.029843330383300781e+00,-4.424863308668136597e-02,-4.013111889362335205e-01,3.857212781906127930e+00,5.926452636718750000e+00,-7.342216968536376953e-01,7.514401078224182129e-01,5.697110295295715332e-01,-1.424482822418212891e+00,-5.273223400115966797e+00,-1.187333226203918457e+00,-4.551360607147216797e-01,-1.436712861061096191e+00,-3.926216959953308105e-01
4.869000911712646484e-01,5.771860480308532715e-01,-3.932567834854125977e-01,3.977291285991668701e-01,-1.229451894760131836e+00,8.198401927947998047e-01,-1.480370283126831055e+00,8.040947318077087402e-01,-1.037766456604003906e+00,-1.579847931861877441e+00,4.432232677936553955e-02,2.384319782257080078e+00,-3.130252599716186523e+00,-2.253905534744262695e+00,1.296371459960937500e+00,3.351704478263854980e-01,-6.774934530258178711e-01,1.421330332756042480e+00,9.379658699035644531e-01,1.913732886314392090e+00,-2.204700708389282227e+00,1.825022459030151367e+00,1.463596224784851074e+00,6.071346402168273926e-01,2.194349765777587891e+00,1.825655221939086914e+00,-1.948015332221984863e+00,1.118650674819946289e+00,1.826076030731201172e+00,2.050884723663330078e+00,-1.920770525932312012e+00,-2.487120389938354492e+00,1.986985683441162109e+00,1.111910223960876465e+00,-4.220663070678710938e+00,-3.455151081085205078e+00,-1.453639149665832520e+00,1.084050089120864868e-01,3.014220952987670898e+00,1.002253890037536621e+00,2.086705207824707031e+00,1.693360805511474609e-01,3.782061338424682617e-01,-8.343123435974121094e+00,2.350998878479003906e+00,9.585142135620117188e-02,-2.911656141281127930e+00,3.444266319274902344e-02,-1.429291844367980957e+00,9.102404713630676270e-01,-9.284576773643493652e-01,3.600252270698547363e-01,8.468410968780517578e-01,1.360386371612548828e+00,3.030741810798645020e-01,-2.284148037433624268e-01,-3.334054723381996155e-02,-2.415210157632827759e-01,-2.177371025085449219e+00,-8.264443874359130859e-01,-3.259871900081634521e-01,8.452695608139038086e-01,-6.074833273887634277e-01,-1.441646933555603027e+00
