3.525122404098510742e-01,-1.143899559974670410e+00,1.497765064239501953e+00,-5.939311981201171875e-01,5.029975175857543945e-01,-3.513095378875732422e-01,-2.321810722351074219e+00,-5.538643598556518555e-01,8.821507692337036133e-01,1.543067693710327148e-01,-6.601273417472839355e-01,4.689636826515197754e-01,2.046638727188110352e+00,-2.703843593597412109e+00,-8.041453361511230469e-01,2.878799736499786377e-01,1.459421396255493164e+00,-2.399810791015625000e+00,-9.276862740516662598e-01,-6.023835539817810059e-01,4.334377646446228027e-01,1.276440024375915527e+00,-7.586359977722167969e-01,1.291947126388549805e+00,-1.100644707679748535e+00,-1.535125970840454102e+00,1.087807416915893555e+00,-1.316013216972351074e+00,-2.287375688552856445e+00,-1.234923362731933594e+00,-6.293954849243164062e-01,5.294253826141357422e-01,7.995123863220214844e-01,4.947704672813415527e-01,2.181838899850845337e-01,1.403634071350097656e+00,-3.151448071002960205e-01,-5.924086570739746094e-01,-6.943804025650024414e-01,-2.701661348342895508e+00,-2.770965695381164551e-01,-2.433502674102783203e+00,-1.972331553697586060e-01,-2.072759568691253662e-01,-2.952818274497985840e-01,-5.124135613441467285e-01,-4.455493390560150146e-01,3.172336339950561523e+00,1.912050962448120117e+00,2.315240859985351562e+00,2.228561401367187500e+00,-7.609627246856689453e-01,8.788531422615051270e-01,8.779412508010864258e-01,-1.026371002197265625e+00,1.204685449600219727e+00,1.183558583259582520e+00,-6.457964777946472168e-01,5.121001005172729492e-01,-3.232350587844848633e+00,-1.568009614944458008e+00,2.286718845367431641e+00,1.981935501098632812e-01,-1.773367762565612793e+00
-4.803202152252197266e+00,4.958183288574218750e+00,6.792629361152648926e-01,-1.493114352226257324e+00,2.619135141372680664e+00,8.306059837341308594e+00,2.446037769317626953e+00,1.485012292861938477e+00,2.746036291122436523e+00,-4.978982508182525635e-01,2.871605634689331055e+00,-6.825240254402160645e-01,-4.912193775177001953e+00,6.422449588775634766e+00,3.572988033294677734e+00,1.619680762290954590e+00,-6.647764682769775391e+00,5.978165149688720703e+00,6.740835905075073242e-01,-2.808073520660400391e+00,-3.813939690589904785e-01,-4.290604114532470703e+00,1.899181008338928223e-01,2.704929351806640625e+00,2.920404911041259766e+00,-1.064653635025024414e+00,3.240867853164672852e+00,6.408893465995788574e-01,5.057394981384277344e+00,2.781195044517517090e-01,-1.318931221961975098e+00,-1.027946233749389648e+00,-3.018708705902099609e+00,-1.457838773727416992e+00,1.437164306640625000e+00,1.169779777526855469e+00,-3.161322832107543945e+00,2.939387321472167969e+00,-5.477465987205505371e-01,3.652951717376708984e+00,-2.819628238677978516e+00,2.270597457885742188e+00,-3.902494668960571289e+00,-3.923758983612060547e+00,-4.731254100799560547e+00,3.182437181472778320e+00,-6.195387244224548340e-02,-5.538276672363281250e+00,-4.476761817932128906e+00,-4.010237693786621094e+00,-3.615651369094848633e+00,2.918854713439941406e+00,-4.738103389739990234e+00,-4.760317325592041016e+00,-1.239292860031127930e+00,-3.179100751876831055e+00,8.625634312629699707e-01,-3.202999532222747803e-01,-6.378213882446289062e+00,2.445947647094726562e+00,2.376726865768432617e+00,-5.437582015991210938e+00,2.607990503311157227e+00,-1.454711675643920898e+00
2.673301219940185547e+00,-4.692317008972167969e+00,4.177362442016601562e+00,-3.257939338684082031e+00,-2.373510599136352539e+00,-3.104287147521972656e+00,-2.991263389587402344e+00,-9.514894485473632812e-01,-3.041606664657592773e+00,-2.591334879398345947e-01,-8.320808410644531250e-01,6.583747267723083496e-01,3.631104469299316406e+00,-6.182853698730468750e+00,-2.711202621459960938e+00,-3.942175149917602539e+00,3.616689682006835938e+00,-5.249022483825683594e+00,2.355538368225097656e+00,2.303017377853393555e-01,-6.334590315818786621e-01,3.935724496841430664e+00,-2.612301111221313477e+00,-3.530568122863769531e+00,-1.837557792663574219e+00,3.272770643234252930e-01,-4.432500362396240234e+00,-3.160710632801055908e-01,-4.322559356689453125e+00,9.101086854934692383e-01,-7.892346978187561035e-01,-6.694200634956359863e-01,3.848571777343750000e+00,5.696911811828613281e-01,9.528394937515258789e-01,-6.246429681777954102e-02,-1.654478430747985840e+00,-2.705023765563964844e+00,-2.157194167375564575e-01,-3.835421562194824219e+00,-1.321866273880004883e+00,-3.186193227767944336e+00,2.577902317047119141e+00,1.210487842559814453e+00,5.395821571350097656e+00,-2.093293428421020508e+00,-1.311343610286712646e-01,5.864735603332519531e+00,2.439930438995361328e+00,4.523577690124511719e+00,3.595806837081909180e+00,1.785788059234619141e+00,3.949987173080444336e+00,3.817057371139526367e+00,1.102152109146118164e+00,4.092131137847900391e+00,3.113353252410888672e-01,2.132393121719360352e+00,5.158924579620361328e+00,-3.906000375747680664e+00,-1.046987771987915039e+00,4.638805866241455078e+00,7.105140089988708496e-01,-4.630430936813354492e-01
-2.197828531265258789e+00,-1.221544933319091797e+01,1.006041908264160156e+01,-5.497667312622070312e+00,-2.907680988311767578e+00,1.866414451599121094e+01,-2.173775196075439453e+00,-2.647649765014648438e+00,4.344853401184082031e+00,1.722518682479858398e+00,2.800787448883056641e+00,2.200151920318603516e+00,-1.295940399169921875e+00,-5.449746131896972656e+00,3.449922561645507812e+00,-6.042085170745849609e+00,-3.162516951560974121e-01,-3.144262790679931641e+00,1.771159934997558594e+01,-1.041534614562988281e+01,4.073228836059570312e+00,-3.941779613494873047e+00,-1.088214683532714844e+01,-7.411616802215576172e+00,2.300103187561035156e+00,1.599207878112792969e+00,-9.559412956237792969e+00,6.507881164550781250e+00,-5.306619167327880859e+00,3.813223838806152344e+00,-6.132578849792480469e-02,4.238286972045898438e+00,-2.878840446472167969e+00,2.691146135330200195e+00,7.924757480621337891e+00,9.060128331184387207e-01,-9.792428970336914062e+00,6.870490550994873047e+00,-2.460422039031982422e+00,2.057596683502197266e+00,-1.851259040832519531e+01,7.664678573608398438e+00,-3.599654197692871094e+00,-5.089725971221923828e+00,4.292812347412109375e+00,-1.052413558959960938e+01,-3.818345308303833008e+00,-1.707254648208618164e+00,1.158742547035217285e+00,9.081087112426757812e+00,8.972685813903808594e+00,1.016956138610839844e+01,-5.913588047027587891e+00,8.323325157165527344e+00,5.667431354522705078e+00,-2.582303285598754883e-01,-5.809210777282714844e+00,1.460297489166259766e+01,1.087022304534912109e+00,7.626952648162841797e+00,1.075895786285400391e+01,4.519780158996582031e+00,8.457190513610839844e+00,-1.172375583648681641e+01
2.705074548721313477e-01,-7.570544242858886719e+00,6.516854286193847656e+00,-3.971321582794189453e+00,-3.152578830718994141e+00,7.939528465270996094e+00,-1.788509607315063477e+00,-1.293005943298339844e+00,5.950079560279846191e-01,6.644525527954101562e-01,3.851243555545806885e-01,1.238142490386962891e+00,2.993744313716888428e-01,-4.775300502777099609e+00,1.813068985939025879e-01,-6.140273094177246094e+00,6.573109030723571777e-01,-3.313147544860839844e+00,1.065309429168701172e+01,-5.020394325256347656e+00,1.792744159698486328e+00,-3.066537976264953613e-01,-7.593729019165039062e+00,-6.450640678405761719e+00,6.090147495269775391e-01,1.707596063613891602e+00,-7.896854400634765625e+00,3.427626371383666992e+00,-3.965975284576416016e+00,3.429122924804687500e+00,-4.074789285659790039e-01,1.043642044067382812e+00,2.525144815444946289e-02,1.448755145072937012e+00,5.322737216949462891e+00,4.251587390899658203e-01,-5.994595050811767578e+00,2.364376544952392578e+00,-8.387788534164428711e-01,-3.313260078430175781e-01,-9.840029716491699219e+00,3.157357692718505859e+00,-2.922631502151489258e-01,-2.288416624069213867e+00,4.663815021514892578e+00,-6.879386901855468750e+00,-1.786959290504455566e+00,1.364266395568847656e+00,1.448681592941284180e+00,6.193465232849121094e+00,5.534749507904052734e+00,5.651807785034179688e+00,-1.362302303314208984e+00,5.336464405059814453e+00,4.147287368774414062e+00,1.384009480476379395e+00,-3.799365520477294922e+00,8.590161323547363281e+00,3.878316402435302734e+00,2.519904851913452148e+00,5.640802383422851562e+00,3.429162979125976562e+00,5.579625129699707031e+00,-6.033947467803955078e+00
1.453997850418090820e+00,-1.630852127075195312e+01,1.496877574920654297e+01,-8.398246765136718750e+00,-7.313144207000732422e+00,1.586930370330810547e+01,-1.533400774002075195e+00,-3.733150243759155273e+00,-2.617044746875762939e-01,1.280004978179931641e+00,3.290528059005737305e+00,3.778453588485717773e+00,-1.372583389282226562e+00,-9.533014297485351562e+00,-1.245498538017272949e+00,-1.125169086456298828e+01,9.375276565551757812e-01,-4.440420150756835938e+00,2.343869590759277344e+01,-1.226621150970458984e+01,3.822296857833862305e+00,-1.157863616943359375e+00,-1.550928688049316406e+01,-1.038040161132812500e+01,1.675676107406616211e-01,1.221584558486938477e+00,-1.738478851318359375e+01,7.638462066650390625e+00,-6.877883911132812500e+00,6.639914035797119141e+00,-2.716260194778442383e+00,4.423510551452636719e+00,8.955221176147460938e-01,2.273055553436279297e+00,1.033269596099853516e+01,7.259282469749450684e-01,-1.494014358520507812e+01,3.142699241638183594e+00,-1.967240571975708008e+00,4.133751869201660156e+00,-2.561264801025390625e+01,1.125261878967285156e+01,-1.748912930488586426e+00,-4.938022136688232422e+00,1.326810836791992188e+01,-1.582585620880126953e+01,-4.148052692413330078e+00,-7.406892776489257812e-01,1.530567407608032227e+00,1.023773002624511719e+01,1.009438228607177734e+01,1.710004997253417969e+01,-9.066992402076721191e-01,1.148023796081542969e+01,1.025539875030517578e+01,3.512050628662109375e+00,-8.006301879882812500e+00,2.177813148498535156e+01,9.180095672607421875e+00,1.145499610900878906e+01,1.345120525360107422e+01,5.150138378143310547e+00,1.060349750518798828e+01,-1.300549983978271484e+01
-2.000467061996459961e+00,-1.201061439514160156e+01,9.005377769470214844e+00,-5.795508861541748047e+00,-2.190722465515136719e+00,1.908783340454101562e+01,-3.132257938385009766e+00,-2.143863201141357422e+00,4.599967002868652344e+00,1.587479114532470703e+00,1.807094573974609375e+00,1.601769685745239258e+00,-8.403286337852478027e-01,-5.300828933715820312e+00,4.250579357147216797e+00,-5.122499465942382812e+00,3.343318104743957520e-01,-3.511733531951904297e+00,1.699125099182128906e+01,-1.062298297882080078e+01,4.041335105895996094e+00,-3.782675743103027344e+00,-9.853410720825195312e+00,-6.357964515686035156e+00,2.576227188110351562e+00,3.537607192993164062e-01,-8.390360832214355469e+00,5.978404521942138672e+00,-5.708285808563232422e+00,3.223309993743896484e+00,3.920687437057495117e-01,4.338928699493408203e+00,-3.567031383514404297e+00,2.977729320526123047e+00,8.472259521484375000e+00,1.870245695114135742e+00,-8.807760238647460938e+00,7.545933723449707031e+00,-2.496125936508178711e+00,8.668197393417358398e-01,-1.712995529174804688e+01,6.151800155639648438e+00,-3.954928636550903320e+00,-4.995216846466064453e+00,2.646252870559692383e+00,-1.033464241027832031e+01,-3.649404048919677734e+00,-7.701584100723266602e-01,1.663252830505371094e+00,9.743789672851562500e+00,9.572347640991210938e+00,8.330976486206054688e+00,-6.925692558288574219e+00,8.620678901672363281e+00,4.847573757171630859e+00,-8.043262958526611328e-01,-5.465453147888183594e+00,1.250627899169921875e+01,1.427773535251617432e-01,5.672505855560302734e+00,9.803006172180175781e+00,5.115398883819580078e+00,9.237195968627929688e+00,-1.220308589935302734e+01
-3.041167736053466797e+00,-8.978323936462402344e+00,1.027192592620849609e+01,-4.282506465911865234e+00,-3.411073684692382812e+00,1.257273864746093750e+01,-3.397155404090881348e-01,-4.088056087493896484e+00,2.035266876220703125e+00,2.252859592437744141e+00,4.354309558868408203e+00,2.743499517440795898e+00,-1.003328323364257812e+00,-4.400842189788818359e+00,1.202854394912719727e+00,-7.369968414306640625e+00,-9.506370425224304199e-01,-2.689496517181396484e+00,1.424474620819091797e+01,-7.655364990234375000e+00,2.852761268615722656e+00,-3.307857036590576172e+00,-9.182252883911132812e+00,-8.074491500854492188e+00,1.344617724418640137e+00,3.584558010101318359e+00,-8.464353561401367188e+00,5.335101127624511719e+00,-3.194119453430175781e+00,4.404861927032470703e+00,-4.140813648700714111e-01,2.848429918289184570e+00,-7.746971845626831055e-01,1.461917161941528320e+00,4.142764091491699219e+00,-3.033089637756347656e-01,-8.388715744018554688e+00,4.486850261688232422e+00,-3.041713237762451172e+00,2.432481765747070312e+00,-1.442061901092529297e+01,7.043791770935058594e+00,-1.258864045143127441e+00,-4.513135910034179688e+00,5.818029403686523438e+00,-7.093260288238525391e+00,-3.023467063903808594e+00,-1.275409221649169922e+00,2.378648817539215088e-01,5.513907432556152344e+00,5.309401988983154297e+00,1.092475414276123047e+01,-3.081978082656860352e+00,6.094778537750244141e+00,3.917546033859252930e+00,3.024182319641113281e-01,-4.766912937164306641e+00,1.293576908111572266e+01,1.211255311965942383e+00,6.680881500244140625e+00,9.834490776062011719e+00,2.435746669769287109e+00,5.229771137237548828e+00,-7.976817131042480469e+00
-6.596200942993164062e+00,-9.803431510925292969e+00,1.028791618347167969e+01,-3.521232843399047852e+00,-1.391117215156555176e+00,2.191960144042968750e+01,1.409427523612976074e-01,-4.180709362030029297e+00,7.119365692138671875e+00,2.974526643753051758e+00,5.768744468688964844e+00,2.973992347717285156e+00,-3.475506782531738281e+00,-1.953868389129638672e+00,5.233523368835449219e+00,-5.019226074218750000e+00,-3.403136730194091797e+00,-6.004584431648254395e-01,1.669380378723144531e+01,-1.037754917144775391e+01,4.531239032745361328e+00,-7.363293647766113281e+00,-1.005845260620117188e+01,-7.274057865142822266e+00,3.435569763183593750e+00,4.241786003112792969e+00,-7.138053417205810547e+00,7.450099945068359375e+00,-2.460045576095581055e+00,3.609403610229492188e+00,4.273208379745483398e-01,4.777118682861328125e+00,-4.587451457977294922e+00,2.389050483703613281e+00,5.062333106994628906e+00,-5.151015520095825195e-01,-9.358591079711914062e+00,8.778768539428710938e+00,-3.865730524063110352e+00,4.719921112060546875e+00,-1.876126289367675781e+01,1.002167415618896484e+01,-4.321216106414794922e+00,-6.236946582794189453e+00,1.863196253776550293e+00,-7.545817852020263672e+00,-4.214617252349853516e+00,-5.456368446350097656e+00,-1.213679313659667969e+00,6.174541473388671875e+00,6.277269840240478516e+00,1.179989624023437500e+01,-8.207429885864257812e+00,6.054071426391601562e+00,3.840527772903442383e+00,-2.441516160964965820e+00,-5.526802062988281250e+00,1.517251682281494141e+01,-4.026995182037353516e+00,1.062514495849609375e+01,1.261280822753906250e+01,1.842744827270507812e+00,6.190789699554443359e+00,-1.129359626770019531e+01
-3.975132942199707031e+00,-9.069412231445312500e+00,1.017481040954589844e+01,-4.240839958190917969e+00,-2.371347427368164062e+00,1.576352405548095703e+01,-7.734415531158447266e-01,-3.950645208358764648e+00,4.092484474182128906e+00,2.454725980758666992e+00,4.420392990112304688e+00,2.575525999069213867e+00,-1.359729766845703125e+00,-3.529651641845703125e+00,2.764519929885864258e+00,-6.005777359008789062e+00,-1.584885597229003906e+00,-2.207145452499389648e+00,1.459747219085693359e+01,-8.594313621520996094e+00,3.335184574127197266e+00,-4.373274803161621094e+00,-9.060154914855957031e+00,-7.097342967987060547e+00,2.015821933746337891e+00,2.896489620208740234e+00,-7.084034442901611328e+00,5.621163845062255859e+00,-3.188553810119628906e+00,3.682559967041015625e+00,3.089600801467895508e-02,3.532130956649780273e+00,-2.182758808135986328e+00,1.906270623207092285e+00,4.675843715667724609e+00,3.479263782501220703e-01,-8.244661331176757812e+00,6.128122329711914062e+00,-3.320453643798828125e+00,2.526138782501220703e+00,-1.507335662841796875e+01,7.212039947509765625e+00,-2.595129013061523438e+00,-5.133620738983154297e+00,3.589584589004516602e+00,-6.902196407318115234e+00,-3.382292747497558594e+00,-2.101603746414184570e+00,1.334314346313476562e-01,5.948637962341308594e+00,5.859390258789062500e+00,1.019536209106445312e+01,-5.059264183044433594e+00,5.657366752624511719e+00,3.361354351043701172e+00,-6.787245273590087891e-01,-4.590724468231201172e+00,1.275323772430419922e+01,-8.697139620780944824e-01,6.973121166229248047e+00,1.020188236236572266e+01,2.480301618576049805e+00,5.719525814056396484e+00,-9.502688407897949219e+00
-4.448409557342529297e+00,-5.443785190582275391e+00,7.335814476013183594e+00,-1.969488620758056641e+00,-1.233477473258972168e+00,1.012128639221191406e+01,1.367955207824707031e-01,-3.779330492019653320e+00,2.662960052490234375e+00,2.426572799682617188e+00,4.302709102630615234e+00,2.221515655517578125e+00,-1.018573760986328125e+00,-2.174517393112182617e+00,1.998437166213989258e+00,-4.778944015502929688e+00,-1.505930542945861816e+00,-1.633429288864135742e+00,9.025496482849121094e+00,-5.340262889862060547e+00,2.145508050918579102e+00,-3.925828933715820312e+00,-5.812742233276367188e+00,-5.898747920989990234e+00,1.731478810310363770e+00,3.858257293701171875e+00,-4.206798076629638672e+00,3.747969865798950195e+00,-1.548331499099731445e+00,2.731399536132812500e+00,1.904990673065185547e-01,2.202608585357666016e+00,-1.404394745826721191e+00,1.045213580131530762e+00,1.587436676025390625e+00,-7.163977622985839844e-01,-5.146804809570312500e+00,4.373888492584228516e+00,-3.346137523651123047e+00,1.714204907417297363e+00,-9.149801254272460938e+00,4.916608333587646484e+00,-1.182988166809082031e+00,-3.790418863296508789e+00,2.439233779907226562e+00,-3.258641242980957031e+00,-2.297677278518676758e+00,-1.400335073471069336e+00,-5.077651143074035645e-01,3.120636463165283203e+00,3.222572803497314453e+00,7.685396671295166016e+00,-3.598059892654418945e+00,3.821304798126220703e+00,9.559637308120727539e-01,-9.050983190536499023e-01,-3.110129356384277344e+00,8.318068504333496094e+00,-1.944822311401367188e+00,4.265114784240722656e+00,7.173254966735839844e+00,1.307442903518676758e+00,2.800549268722534180e+00,-5.161850929260253906e+00
-1.031824588775634766e+00,-1.093131256103515625e+01,1.016786479949951172e+01,-5.127284526824951172e+00,-4.410899639129638672e+00,1.379281330108642578e+01,-8.221758604049682617e-01,-2.674996852874755859e+00,1.639009475708007812e+00,1.328244209289550781e+00,2.794920206069946289e+00,2.585519075393676758e+00,-1.436636686325073242e+00,-5.709571361541748047e+00,7.364289760589599609e-01,-8.015899658203125000e+00,-5.009465813636779785e-01,-2.828042507171630859e+00,1.655424499511718750e+01,-8.377915382385253906e+00,3.092288732528686523e+00,-2.395056724548339844e+00,-1.122350788116455078e+01,-8.494256973266601562e+00,1.114633917808532715e+00,2.876586914062500000e+00,-1.160988807678222656e+01,6.073002338409423828e+00,-4.399662971496582031e+00,4.887990474700927734e+00,-1.074509620666503906e+00,2.845498085021972656e+00,-6.316802501678466797e-01,1.857562780380249023e+00,6.821918487548828125e+00,-2.595481872558593750e-01,-1.008968353271484375e+01,3.887016296386718750e+00,-1.725471258163452148e+00,2.771130561828613281e+00,-1.761729621887207031e+01,7.936453819274902344e+00,-1.416854023933410645e+00,-3.991620779037475586e+00,7.439766407012939453e+00,-1.029716205596923828e+01,-3.116348981857299805e+00,-1.380272150039672852e+00,6.055095791816711426e-01,7.362004280090332031e+00,7.018183231353759766e+00,1.140479278564453125e+01,-2.587876558303833008e+00,7.487280845642089844e+00,6.554832935333251953e+00,1.313191056251525879e+00,-5.860460281372070312e+00,1.522138690948486328e+01,4.200891017913818359e+00,8.138525009155273438e+00,1.016844654083251953e+01,3.409388065338134766e+00,7.204746246337890625e+00,-9.155770301818847656e+00
2.852319955825805664e+00,-3.117078065872192383e+00,2.191546916961669922e+00,-2.569133758544921875e+00,-6.030755043029785156e-01,-8.777818679809570312e-01,-3.739063262939453125e+00,-8.183819055557250977e-02,-1.006420969963073730e+00,-5.621516704559326172e-02,-2.331248521804809570e+00,-9.134519100189208984e-02,3.150335311889648438e+00,-4.344975471496582031e+00,-1.460550308227539062e+00,-1.337199330329895020e+00,3.195243120193481445e+00,-3.796182632446289062e+00,1.207800984382629395e+00,-2.391776800155639648e+00,4.461130201816558838e-01,2.924902439117431641e+00,-1.393734216690063477e+00,6.272251605987548828e-01,-1.419514775276184082e+00,-3.835907697677612305e+00,-1.618439555168151855e-01,-1.782108783721923828e+00,-3.864226818084716797e+00,-2.981813251972198486e-01,-6.378512978553771973e-01,4.526310265064239502e-01,1.273122310638427734e+00,4.998472034931182861e-01,2.906055688858032227e+00,3.461944580078125000e+00,-1.049381256103515625e+00,-4.110068678855895996e-01,-4.774278402328491211e-01,-4.346597194671630859e+00,-4.405480325222015381e-01,-3.470112562179565430e+00,-3.198304176330566406e-01,-7.256804108619689941e-01,7.359842061996459961e-01,-2.691179513931274414e+00,-3.322260379791259766e-01,5.644723892211914062e+00,3.459429502487182617e+00,4.499875068664550781e+00,4.080835819244384766e+00,-1.222172975540161133e+00,1.269183635711669922e+00,2.937411546707153320e+00,1.048112809658050537e-01,1.740143537521362305e+00,4.174127578735351562e-01,-1.022407174110412598e+00,2.888245344161987305e+00,-5.459218502044677734e+00,-1.285426974296569824e+00,3.838082790374755859e+00,3.212139606475830078e+00,-3.461828231811523438e+00
2.024965763092041016e+00,-1.895635247230529785e+00,1.938841938972473145e+00,-1.660830497741699219e+00,-2.238717824220657349e-01,-1.130386829376220703e+00,-3.119840145111083984e+00,-3.300691843032836914e-01,-2.012927830219268799e-01,-2.321055531501770020e-02,-1.669033408164978027e+00,2.401368618011474609e-01,2.785665273666381836e+00,-3.726406812667846680e+00,-1.460132837295532227e+00,-5.135025978088378906e-01,2.428094387054443359e+00,-2.983824729919433594e+00,6.257364153861999512e-02,-1.584595918655395508e+00,4.001545310020446777e-01,2.351739168167114258e+00,-1.050595760345458984e+00,1.415443420410156250e+00,-1.467807292938232422e+00,-3.155329227447509766e+00,5.136883258819580078e-01,-1.693750977516174316e+00,-3.197543621063232422e+00,-9.034135341644287109e-01,-9.120308756828308105e-01,5.728774666786193848e-01,1.157321214675903320e+00,5.573459863662719727e-01,1.705324649810791016e+00,2.777595520019531250e+00,-7.460669875144958496e-01,-8.052697777748107910e-01,-5.478042960166931152e-01,-3.473291397094726562e+00,-4.590218663215637207e-01,-3.059111833572387695e+00,-2.862676382064819336e-01,-5.223323702812194824e-01,2.716139554977416992e-01,-1.769048094749450684e+00,-3.513694107532501221e-01,4.640713691711425781e+00,2.825594425201416016e+00,3.344034910202026367e+00,3.132485389709472656e+00,-9.638354778289794922e-01,1.295275807380676270e+00,1.754541754722595215e+00,-5.433191061019897461e-01,1.633216381072998047e+00,7.804222106933593750e-01,-9.806563854217529297e-01,2.132649183273315430e+00,-4.426886558532714844e+00,-1.594380736351013184e+00,3.020951747894287109e+00,1.869599461555480957e+00,-2.777794361114501953e+00
-4.413084983825683594e+00,-7.376206398010253906e+00,9.270090103149414062e+00,-3.191587448120117188e+00,-1.977073788642883301e+00,1.291093826293945312e+01,-1.196315288543701172e-01,-4.111368179321289062e+00,3.129993915557861328e+00,2.514927864074707031e+00,4.783821105957031250e+00,2.544000387191772461e+00,-1.307445049285888672e+00,-2.954680442810058594e+00,2.198016405105590820e+00,-5.711164474487304688e+00,-1.640108704566955566e+00,-1.910467505455017090e+00,1.214714431762695312e+01,-7.107931613922119141e+00,2.671717166900634766e+00,-4.178487300872802734e+00,-7.687643051147460938e+00,-6.659718513488769531e+00,1.788676619529724121e+00,3.458502292633056641e+00,-5.802452087402343750e+00,4.695920944213867188e+00,-2.304673910140991211e+00,3.384228229522705078e+00,-1.212233304977416992e-02,2.870982408523559570e+00,-1.585309147834777832e+00,1.272337555885314941e+00,2.989054918289184570e+00,-2.383507490158081055e-01,-7.073892593383789062e+00,5.183288097381591797e+00,-3.469461679458618164e+00,2.388399600982666016e+00,-1.250862312316894531e+01,6.455990314483642578e+00,-1.851958155632019043e+00,-4.548515796661376953e+00,3.542667150497436523e+00,-5.102809906005859375e+00,-2.843797206878662109e+00,-1.925831794738769531e+00,-3.178009390830993652e-01,4.322106838226318359e+00,4.404001235961914062e+00,9.685825347900390625e+00,-4.152813434600830078e+00,4.859525203704833984e+00,2.261732101440429688e+00,-6.893523931503295898e-01,-3.849096775054931641e+00,1.108937644958496094e+01,-1.353099107742309570e+00,5.988491535186767578e+00,9.048058509826660156e+00,1.731874942779541016e+00,4.127259731292724609e+00,-7.338208198547363281e+00
4.057875633239746094e+00,-5.841633319854736328e+00,4.658909797668457031e+00,-4.841349124908447266e+00,-3.024743795394897461e+00,6.832778453826904297e-03,-4.180720329284667969e+00,-5.520945787429809570e-02,-2.390939712524414062e+00,-4.702350199222564697e-01,-2.688353061676025391e+00,-2.574217319488525391e-02,3.578747749328613281e+00,-6.337572574615478516e+00,-2.334481716156005859e+00,-4.835846424102783203e+00,3.782500743865966797e+00,-5.421908855438232422e+00,5.535109519958496094e+00,-2.750299453735351562e+00,1.065168380737304688e-01,4.080592632293701172e+00,-4.216636657714843750e+00,-3.187687397003173828e+00,-1.449208021163940430e+00,-2.550781965255737305e+00,-4.871602535247802734e+00,-1.688199043273925781e-01,-5.163403511047363281e+00,1.973307728767395020e+00,-7.846397757530212402e-01,-3.099330663681030273e-01,2.362439155578613281e+00,7.919234037399291992e-01,4.882473468780517578e+00,3.031173706054687500e+00,-3.023300647735595703e+00,-8.263323903083801270e-01,6.892198324203491211e-02,-4.611405372619628906e+00,-3.161573410034179688e+00,-2.660231113433837891e+00,8.944896459579467773e-01,-5.902857184410095215e-01,4.009136199951171875e+00,-5.225517749786376953e+00,-3.480942249298095703e-01,6.670567035675048828e+00,3.814605712890625000e+00,6.386655807495117188e+00,5.427783966064453125e+00,8.391910791397094727e-01,2.166011571884155273e+00,4.406892299652099609e+00,2.496233701705932617e+00,3.178839206695556641e+00,-1.252891063690185547e+00,2.339795112609863281e+00,6.226193904876708984e+00,-4.554210186004638672e+00,6.510732173919677734e-01,4.852661132812500000e+00,5.203073024749755859e+00,-4.399454116821289062e+00
-5.930105686187744141e+00,-1.820608377456665039e+00,4.180545806884765625e+00,-7.011088132858276367e-01,1.788545966148376465e+00,1.043491935729980469e+01,-1.091383099555969238e-01,-2.606951951980590820e+00,4.403815269470214844e+00,2.221622228622436523e+00,4.034688949584960938e+00,1.050334930419921875e+00,-1.310694217681884766e+00,8.468709588050842285e-01,3.843937397003173828e+00,-1.102471351623535156e+00,-2.703183174133300781e+00,-3.169989585876464844e-02,4.328976154327392578e+00,-3.863206386566162109e+00,1.231206893920898438e+00,-4.644825458526611328e+00,-2.198550939559936523e+00,-2.140366554260253906e+00,2.412276744842529297e+00,2.094941854476928711e+00,8.948264122009277344e-01,2.142118692398071289e+00,2.163776159286499023e-01,7.963947057723999023e-01,7.652837038040161133e-01,1.686371803283691406e+00,-2.629142761230468750e+00,4.821694791316986084e-01,3.561935424804687500e-01,4.634525179862976074e-01,-2.428910970687866211e+00,5.085293292999267578e+00,-3.291584014892578125e+00,7.090173959732055664e-01,-4.463716030120849609e+00,2.348573207855224609e+00,-2.051860570907592773e+00,-3.662016868591308594e+00,-2.292734622955322266e+00,3.099210262298583984e-01,-1.458404421806335449e+00,-1.950638532638549805e+00,-1.123801946640014648e+00,1.341301918029785156e+00,1.321602821350097656e+00,4.082648754119873047e+00,-5.252800941467285156e+00,1.099072098731994629e+00,-1.924940466880798340e+00,-2.597489356994628906e+00,-7.985936403274536133e-01,3.310585021972656250e+00,-6.312372684478759766e+00,1.399530887603759766e+00,4.716508865356445312e+00,6.437480449676513672e-02,1.538907527923583984e+00,-4.053640365600585938e+00
5.590421199798583984e+00,-5.749361038208007812e+00,3.099701642990112305e+00,-4.408056735992431641e+00,-2.270162105560302734e+00,-1.789675712585449219e+00,-5.980494022369384766e+00,-1.311250030994415283e-01,-3.157185792922973633e+00,-2.822073400020599365e-01,-3.900751352310180664e+00,-2.936510443687438965e-01,5.135140895843505859e+00,-8.206566810607910156e+00,-2.403592586517333984e+00,-3.220829963684082031e+00,6.618911743164062500e+00,-5.950212478637695312e+00,4.053442001342773438e+00,-4.471111297607421875e+00,7.314974665641784668e-01,4.398735046386718750e+00,-2.572589159011840820e+00,7.453602552413940430e-01,-1.881664276123046875e+00,-6.677672386169433594e+00,-1.662938594818115234e+00,-2.013777971267700195e+00,-6.777982234954833984e+00,1.600949764251708984e-01,-1.374375581741333008e+00,1.319509506225585938e+00,1.447982072830200195e+00,8.709312677383422852e-01,5.544644832611083984e+00,5.770181655883789062e+00,-2.270699977874755859e+00,-3.146212697029113770e-01,-8.868104219436645508e-01,-6.011066913604736328e+00,-2.004149675369262695e+00,-4.710945606231689453e+00,-6.580811738967895508e-01,-1.368722796440124512e+00,2.251759529113769531e+00,-6.760429382324218750e+00,-4.348366260528564453e-01,9.194354057312011719e+00,5.787394046783447266e+00,7.681257247924804688e+00,7.119427204132080078e+00,-7.317003011703491211e-01,1.203760385513305664e+00,6.636183738708496094e+00,6.812032461166381836e-01,2.435604572296142578e+00,-8.829753398895263672e-01,-9.931259155273437500e-01,5.876597881317138672e+00,-7.848344326019287109e+00,-9.111902117729187012e-01,6.519532203674316406e+00,6.708780288696289062e+00,-5.903860092163085938e+00
-1.661269217729568481e-01,-5.391363143920898438e+00,3.465734481811523438e+00,-2.829898595809936523e+00,-7.938740849494934082e-01,7.812883377075195312e+00,-2.866586208343505859e+00,-1.848060786724090576e-01,2.154593229293823242e+00,6.065503358840942383e-01,-1.439243793487548828e+00,1.287385821342468262e-01,6.602446436882019043e-01,-2.800570011138916016e+00,1.678684234619140625e+00,-3.135609149932861328e+00,7.810792922973632812e-01,-2.888081073760986328e+00,6.698029518127441406e+00,-4.085943222045898438e+00,1.893767595291137695e+00,-5.613855719566345215e-01,-4.776083469390869141e+00,-3.806073665618896484e+00,1.185175299644470215e+00,4.299789667129516602e-02,-3.262617111206054688e+00,1.671001195907592773e+00,-3.389154911041259766e+00,1.536337494850158691e+00,7.501760721206665039e-01,6.544061899185180664e-01,-1.661682724952697754e+00,1.625145435333251953e+00,4.909690856933593750e+00,1.493842601776123047e+00,-2.906054258346557617e+00,3.606817722320556641e+00,-6.560475230216979980e-01,-2.148549079895019531e+00,-4.916020870208740234e+00,2.337517142295837402e-01,-1.352334856986999512e+00,-1.917459011077880859e+00,5.481818318367004395e-02,-4.172548770904541016e+00,-1.470605731010437012e+00,2.081983566284179688e+00,1.836046218872070312e+00,5.631113529205322266e+00,4.995107173919677734e+00,6.517297029495239258e-01,-3.305539369583129883e+00,3.827248811721801758e+00,1.779251575469970703e+00,-3.066644668579101562e-01,-2.199352741241455078e+00,3.688934564590454102e+00,8.004441261291503906e-01,-1.261614322662353516e+00,3.018959760665893555e+00,3.449360847473144531e+00,5.024799346923828125e+00,-5.391878604888916016e+00
3.108129978179931641e+00,-6.871023178100585938e+00,7.581790924072265625e+00,-4.272655010223388672e+00,-4.677215099334716797e+00,-2.363558530807495117e+00,-1.555000066757202148e+00,-2.656579732894897461e+00,-5.031694889068603516e+00,6.836349964141845703e-01,8.802523612976074219e-01,1.968881607055664062e+00,2.589577436447143555e+00,-7.378530979156494141e+00,-4.089344501495361328e+00,-7.816497802734375000e+00,3.216745376586914062e+00,-4.961025714874267578e+00,7.173121929168701172e+00,-2.310582637786865234e+00,9.706139564514160156e-03,3.209534883499145508e+00,-5.581899642944335938e+00,-6.595083713531494141e+00,-1.627961397171020508e+00,1.368767023086547852e+00,-8.449786186218261719e+00,1.209859371185302734e+00,-4.307723045349121094e+00,3.276580810546875000e+00,-1.878350257873535156e+00,8.057421445846557617e-02,4.555551052093505859e+00,4.989567101001739502e-01,2.530143976211547852e+00,-2.483979463577270508e-01,-5.032958984375000000e+00,-2.624964475631713867e+00,-1.298149347305297852e+00,-1.307295680046081543e+00,-6.041975975036621094e+00,7.904906868934631348e-01,2.663856506347656250e+00,-5.927095413208007812e-01,9.477966308593750000e+00,-5.149235248565673828e+00,-8.908532261848449707e-01,4.897994041442871094e+00,1.815448522567749023e+00,4.331856727600097656e+00,3.918487071990966797e+00,6.879578113555908203e+00,4.502905845642089844e+00,5.822239875793457031e+00,2.901516199111938477e+00,4.522499084472656250e+00,-2.368841171264648438e+00,6.794995307922363281e+00,8.070026397705078125e+00,-3.281028270721435547e-01,2.601809263229370117e+00,3.999981880187988281e+00,2.865623712539672852e+00,-1.719283938407897949e+00
-4.496009826660156250e+00,-8.837414741516113281e+00,1.185458850860595703e+01,-3.948149442672729492e+00,-3.326049804687500000e+00,1.435477924346923828e+01,1.024090886116027832e+00,-4.507323265075683594e+00,1.856430053710937500e+00,2.407401323318481445e+00,6.259849548339843750e+00,3.375249385833740234e+00,-2.809565067291259766e+00,-3.836189508438110352e+00,1.129689335823059082e+00,-7.703001499176025391e+00,-2.417574167251586914e+00,-1.088765382766723633e+00,1.538561534881591797e+01,-8.456381797790527344e+00,2.429953098297119141e+00,-4.502368450164794922e+00,-1.040170860290527344e+01,-7.514302730560302734e+00,1.587210774421691895e+00,3.492082595825195312e+00,-8.844397544860839844e+00,5.606245040893554688e+00,-2.135304450988769531e+00,4.599231243133544922e+00,-1.524844169616699219e+00,3.218915462493896484e+00,-8.220609426498413086e-01,6.422278881072998047e-01,4.157228946685791016e+00,-6.870225667953491211e-01,-1.047773361206054688e+01,4.506767749786376953e+00,-3.625992059707641602e+00,4.903062820434570312e+00,-1.747410964965820312e+01,9.695093154907226562e+00,-2.086406230926513672e+00,-5.010700702667236328e+00,7.110730648040771484e+00,-7.687164783477783203e+00,-3.036179065704345703e+00,-3.546041488647460938e+00,-1.401528835296630859e+00,3.941708087921142578e+00,4.511786937713623047e+00,1.445097732543945312e+01,-3.333343267440795898e+00,5.987914562225341797e+00,4.200229167938232422e+00,1.986927986145019531e-01,-4.943647384643554688e+00,1.572818374633789062e+01,5.818829536437988281e-01,9.681133270263671875e+00,1.142155075073242188e+01,1.083087444305419922e+00,5.216107368469238281e+00,-8.197505950927734375e+00
-2.503244400024414062e+00,-9.630139350891113281e+00,6.558551788330078125e+00,-3.944931507110595703e+00,-8.333978056907653809e-01,1.688791275024414062e+01,-3.084410190582275391e+00,-1.525768041610717773e+00,5.113070011138916016e+00,1.510740876197814941e+00,1.132967591285705566e+00,1.074675083160400391e+00,-5.359969735145568848e-01,-4.023486614227294922e+00,4.504356861114501953e+00,-3.470585346221923828e+00,2.273983955383300781e-01,-3.074765205383300781e+00,1.308101177215576172e+01,-8.435725212097167969e+00,3.699922561645507812e+00,-3.839897632598876953e+00,-7.967510700225830078e+00,-5.130744934082031250e+00,2.680047512054443359e+00,6.176730990409851074e-01,-5.509339809417724609e+00,4.753147125244140625e+00,-4.775098323822021484e+00,2.080961704254150391e+00,9.138786792755126953e-01,3.540079832077026367e+00,-3.925460815429687500e+00,2.675318717956542969e+00,6.770071029663085938e+00,1.401191830635070801e+00,-6.419363498687744141e+00,7.270627021789550781e+00,-2.215657234191894531e+00,-1.848661899566650391e-02,-1.295402717590332031e+01,4.234482765197753906e+00,-3.741276741027832031e+00,-4.195264339447021484e+00,3.475273847579956055e-01,-7.978924751281738281e+00,-3.187085390090942383e+00,-4.026296138763427734e-01,1.593622922897338867e+00,8.505175590515136719e+00,8.237366676330566406e+00,5.249854087829589844e+00,-7.019178867340087891e+00,6.904989242553710938e+00,3.155819892883300781e+00,-1.445243597030639648e+00,-4.211249351501464844e+00,9.335210800170898438e+00,-1.351444959640502930e+00,3.533791065216064453e+00,7.598696708679199219e+00,4.637890815734863281e+00,7.379806041717529297e+00,-1.010440158843994141e+01
4.185303211212158203e+00,-3.998475790023803711e+00,2.352107048034667969e+00,-3.207022905349731445e+00,-1.104661941528320312e+00,-7.722128629684448242e-01,-4.668708324432373047e+00,-1.092246472835540771e-01,-1.707036972045898438e+00,-9.926587343215942383e-03,-3.369067430496215820e+00,-1.218160390853881836e-01,3.681949138641357422e+00,-5.668324470520019531e+00,-1.580261349678039551e+00,-1.851679325103759766e+00,4.502967834472656250e+00,-4.100915908813476562e+00,2.586465120315551758e+00,-4.157979488372802734e+00,1.018540978431701660e+00,3.131387233734130859e+00,-1.815082788467407227e+00,1.349473237991333008e+00,-1.332663893699645996e+00,-5.678106784820556641e+00,-3.077426552772521973e-01,-1.989578008651733398e+00,-5.074128627777099609e+00,-5.086321830749511719e-01,-1.025277495384216309e+00,1.189737319946289062e+00,6.159998178482055664e-01,1.000817894935607910e+00,4.608025550842285156e+00,4.901309013366699219e+00,-1.477432727813720703e+00,2.127748131752014160e-01,-8.651230335235595703e-01,-4.604981422424316406e+00,-1.383092999458312988e+00,-3.774673938751220703e+00,-1.121595621109008789e+00,-1.415594696998596191e+00,5.665937066078186035e-01,-4.499024391174316406e+00,-5.610398650169372559e-01,6.946700572967529297e+00,4.320343017578125000e+00,5.720396995544433594e+00,5.482161045074462891e+00,-1.306939721107482910e+00,3.367649912834167480e-01,4.632364273071289062e+00,1.997900009155273438e-02,1.511968612670898438e+00,-4.749889373779296875e-01,-1.435815453529357910e+00,3.873595714569091797e+00,-6.448322772979736328e+00,-1.129961490631103516e+00,4.809645652770996094e+00,5.360182762145996094e+00,-4.979913234710693359e+00
-4.809949994087219238e-01,-1.049088382720947266e+01,9.399486541748046875e+00,-5.329132080078125000e+00,-3.594341754913330078e+00,1.283161449432373047e+01,-2.063400745391845703e+00,-2.361690282821655273e+00,1.820040225982666016e+00,1.242823839187622070e+00,1.829114675521850586e+00,1.981817245483398438e+00,-1.997759342193603516e-01,-5.827734947204589844e+00,1.149457931518554688e+00,-6.742269992828369141e+00,4.363767802715301514e-01,-3.651919841766357422e+00,1.491787815093994141e+01,-8.126082420349121094e+00,2.928164720535278320e+00,-1.703205585479736328e+00,-9.725945472717285156e+00,-7.181047916412353516e+00,1.053842902183532715e+00,1.351803064346313477e+00,-9.384103775024414062e+00,4.961622714996337891e+00,-4.985097885131835938e+00,3.872340679168701172e+00,-5.417356491088867188e-01,2.805785894393920898e+00,-8.314343690872192383e-01,2.022427320480346680e+00,6.764487266540527344e+00,8.925000429153442383e-01,-8.546596527099609375e+00,4.161970138549804688e+00,-1.811913490295410156e+00,9.542959928512573242e-01,-1.500580692291259766e+01,5.714514732360839844e+00,-1.808867812156677246e+00,-3.851428985595703125e+00,5.557318687438964844e+00,-9.236731529235839844e+00,-2.924767494201660156e+00,2.321734428405761719e-01,1.500144958496093750e+00,7.787640571594238281e+00,7.509191513061523438e+00,8.854138374328613281e+00,-2.929661750793457031e+00,7.111391544342041016e+00,5.231490612030029297e+00,1.125103473663330078e+00,-4.919701576232910156e+00,1.245412826538085938e+01,3.417346715927124023e+00,5.335095405578613281e+00,8.534163475036621094e+00,4.163997650146484375e+00,7.224306583404541016e+00,-9.251603126525878906e+00
-7.219288349151611328e+00,-3.986376523971557617e+00,7.102259635925292969e+00,-1.216657400131225586e+00,8.038722872734069824e-01,1.600128746032714844e+01,1.279762148857116699e+00,-2.925572395324707031e+00,5.336994171142578125e+00,2.371069669723510742e+00,5.600402355194091797e+00,1.993695974349975586e+00,-4.006822109222412109e+00,9.121840596199035645e-01,4.501582622528076172e+00,-2.528266429901123047e+00,-4.400159835815429688e+00,1.541116118431091309e+00,9.490139961242675781e+00,-6.727695941925048828e+00,2.206404209136962891e+00,-6.545516967773437500e+00,-6.015271186828613281e+00,-3.256224155426025391e+00,3.019164085388183594e+00,2.699262380599975586e+00,-2.068568706512451172e+00,4.150316238403320312e+00,3.721705675125122070e-01,1.694861054420471191e+00,-1.914705038070678711e-01,2.911498546600341797e+00,-3.848804950714111328e+00,5.280359983444213867e-01,2.295152425765991211e+00,-3.342236280441284180e-01,-6.325673580169677734e+00,6.547869682312011719e+00,-3.619833230972290039e+00,4.396351814270019531e+00,-1.186913394927978516e+01,7.283932685852050781e+00,-3.886523723602294922e+00,-4.757890701293945312e+00,-5.677659511566162109e-01,-2.951416254043579102e+00,-2.375448226928710938e+00,-5.392625808715820312e+00,-2.888579845428466797e+00,1.590499520301818848e+00,2.257575511932373047e+00,8.820573806762695312e+00,-6.951059341430664062e+00,2.402842998504638672e+00,6.354662179946899414e-01,-2.716989517211914062e+00,-2.693046331405639648e+00,9.497000694274902344e+00,-6.086490154266357422e+00,7.437043666839599609e+00,8.473646163940429688e+00,-7.738473415374755859e-01,3.481836080551147461e+00,-6.823778152465820312e+00
-5.459926128387451172e+00,-5.090688228607177734e+00,6.392766952514648438e+00,-1.720013618469238281e+00,3.053860664367675781e-01,1.367758178710937500e+01,-6.466361284255981445e-01,-3.189688444137573242e+00,5.476832389831542969e+00,2.492430686950683594e+00,3.782510757446289062e+00,1.676892280578613281e+00,-1.259968519210815430e+00,-7.851703166961669922e-01,4.050042629241943359e+00,-2.694335460662841797e+00,-2.177635908126831055e+00,-1.126291513442993164e+00,8.711956024169921875e+00,-6.024658203125000000e+00,2.742207050323486328e+00,-4.961563110351562500e+00,-5.286635875701904297e+00,-4.414734840393066406e+00,2.513884067535400391e+00,2.887130260467529297e+00,-1.938135862350463867e+00,3.837706804275512695e+00,-1.492087125778198242e+00,1.617602705955505371e+00,1.012631535530090332e+00,2.740439891815185547e+00,-3.298299789428710938e+00,1.580049872398376465e+00,2.120248317718505859e+00,2.038289308547973633e-01,-4.274766921997070312e+00,6.422777652740478516e+00,-3.352740287780761719e+00,1.255532145500183105e+00,-8.837442398071289062e+00,4.358189105987548828e+00,-2.730143547058105469e+00,-4.282178878784179688e+00,-1.127389907836914062e+00,-2.622524976730346680e+00,-2.594308614730834961e+00,-2.087479114532470703e+00,-4.003641009330749512e-01,3.808574676513671875e+00,3.743023872375488281e+00,5.503382682800292969e+00,-6.130912303924560547e+00,2.899763584136962891e+00,1.730990707874298096e-01,-2.218548297882080078e+00,-2.577243328094482422e+00,7.129002571105957031e+00,-4.740599632263183594e+00,3.811173439025878906e+00,7.013158798217773438e+00,1.389765620231628418e+00,3.234844684600830078e+00,-6.918034076690673828e+00
-5.785322189331054688e+00,-7.429153919219970703e+00,9.308813095092773438e+00,-2.615788698196411133e+00,-1.270331621170043945e+00,1.618301391601562500e+01,3.511978387832641602e-01,-3.990822553634643555e+00,4.850201606750488281e+00,2.646515130996704102e+00,5.455148696899414062e+00,2.692673921585083008e+00,-2.537091255187988281e+00,-2.012031793594360352e+00,3.430476188659667969e+00,-4.882634162902832031e+00,-2.794508457183837891e+00,-8.139868974685668945e-01,1.293918609619140625e+01,-7.882448673248291016e+00,3.085182905197143555e+00,-5.667729854583740234e+00,-8.368046760559082031e+00,-6.134204387664794922e+00,2.438904762268066406e+00,3.674460411071777344e+00,-5.526700496673583984e+00,5.414363384246826172e+00,-1.821566104888916016e+00,3.069324016571044922e+00,-2.526944875717163086e-02,3.506039142608642578e+00,-2.850903987884521484e+00,1.377276062965393066e+00,3.274348974227905273e+00,-5.113402605056762695e-01,-7.775962829589843750e+00,6.399948120117187500e+00,-3.647344350814819336e+00,3.672004222869873047e+00,-1.455662155151367188e+01,7.957481384277343750e+00,-2.968596220016479492e+00,-4.997988700866699219e+00,2.458866834640502930e+00,-5.558901786804199219e+00,-3.174194335937500000e+00,-3.793298244476318359e+00,-1.131748676300048828e+00,4.245018482208251953e+00,4.531042098999023438e+00,1.045825672149658203e+01,-5.768875598907470703e+00,4.658909797668457031e+00,2.444453001022338867e+00,-1.511508703231811523e+00,-4.108026027679443359e+00,1.242770004272460938e+01,-3.009373188018798828e+00,8.024837493896484375e+00,1.007167243957519531e+01,1.206912159919738770e+00,4.359912872314453125e+00,-8.380587577819824219e+00
-4.115354061126708984e+00,1.051351666450500488e+00,3.699331760406494141e+00,-1.945610404014587402e+00,1.360757708549499512e+00,7.389922142028808594e+00,1.244391560554504395e+00,-2.719267606735229492e-01,1.079158782958984375e+00,-4.543578624725341797e-02,3.636757135391235352e+00,3.838476240634918213e-01,-3.137157917022705078e+00,2.431807518005371094e+00,1.789800882339477539e+00,-7.716498970985412598e-01,-4.709499835968017578e+00,2.905336856842041016e+00,3.021301507949829102e+00,-3.476883888244628906e+00,-3.093953132629394531e-01,-3.345849037170410156e+00,-2.122514486312866211e+00,4.388858079910278320e-01,2.458460330963134766e+00,-2.164942026138305664e-02,4.706898629665374756e-01,5.798676609992980957e-01,2.310137271881103516e+00,9.936943054199218750e-01,-1.595040202140808105e+00,-7.219441533088684082e-01,-1.272995829582214355e+00,-1.078862190246582031e+00,1.612239122390747070e+00,5.916223526000976562e-01,-4.311220169067382812e+00,2.317229270935058594e+00,-1.235704898834228516e+00,2.680289745330810547e+00,-5.058191299438476562e+00,2.806460857391357422e+00,-2.624559402465820312e+00,-3.516353607177734375e+00,-8.362506031990051270e-01,1.381496191024780273e+00,-7.522467374801635742e-01,-3.659260749816894531e+00,-2.976075410842895508e+00,-2.371851444244384766e+00,-1.397401571273803711e+00,5.604316711425781250e+00,-2.742341518402099609e+00,-2.409838676452636719e+00,-5.619947314262390137e-01,-1.463031053543090820e+00,4.375678300857543945e-02,2.802383661270141602e+00,-3.490844488143920898e+00,2.052069902420043945e+00,3.307458162307739258e+00,-2.991907119750976562e+00,2.073963403701782227e+00,-1.722007989883422852e+00
1.072173118591308594e+00,-6.348648548126220703e+00,6.815702438354492188e+00,-3.874422550201416016e+00,-3.630027532577514648e+00,3.006147384643554688e+00,-1.500338435173034668e+00,-2.036779642105102539e+00,-1.715756416320800781e+00,7.837238311767578125e-01,8.113316297531127930e-01,1.447270154953002930e+00,1.409081935882568359e+00,-5.290042877197265625e+00,-1.648369550704956055e+00,-6.707559585571289062e+00,1.441697001457214355e+00,-3.837887287139892578e+00,8.419552803039550781e+00,-3.562184810638427734e+00,8.822385072708129883e-01,1.126001596450805664e+00,-6.167726039886474609e+00,-6.276391983032226562e+00,-3.905695676803588867e-01,1.627933979034423828e+00,-7.214423179626464844e+00,2.181960582733154297e+00,-3.647690296173095703e+00,3.365688323974609375e+00,-8.432626128196716309e-01,4.139698147773742676e-01,1.947216272354125977e+00,8.158661127090454102e-01,3.474213361740112305e+00,3.020099401473999023e-01,-5.047179698944091797e+00,2.661876082420349121e-01,-1.113932132720947266e+00,-9.302973747253417969e-01,-7.092867374420166016e+00,1.825278997421264648e+00,1.083866596221923828e+00,-1.668622970581054688e+00,6.108374595642089844e+00,-5.219626903533935547e+00,-1.257648706436157227e+00,2.914618253707885742e+00,1.586228489875793457e+00,4.810359477996826172e+00,4.167243957519531250e+00,5.741348743438720703e+00,1.149078726768493652e+00,4.749138355255126953e+00,3.075251579284667969e+00,2.459345817565917969e+00,-2.847344160079956055e+00,7.016767501831054688e+00,4.998169898986816406e+00,8.164470195770263672e-01,4.204471588134765625e+00,3.139811992645263672e+00,3.956128835678100586e+00,-3.866812229156494141e+00
-4.158309936523437500e+00,-1.797396659851074219e+01,1.147079563140869141e+01,-7.664267539978027344e+00,-3.264156103134155273e+00,2.927649307250976562e+01,-3.516967773437500000e+00,-2.532112598419189453e+00,7.398011684417724609e+00,1.895443558692932129e+00,4.065318107604980469e+00,2.035781145095825195e+00,-2.972160339355468750e+00,-7.336600780487060547e+00,7.368364810943603516e+00,-5.872228145599365234e+00,9.399302601814270020e-01,-3.890231609344482422e+00,2.716962432861328125e+01,-1.631847190856933594e+01,5.808011054992675781e+00,-6.419661998748779297e+00,-1.431854915618896484e+01,-9.126724243164062500e+00,4.124632358551025391e+00,7.479835152626037598e-01,-1.417669677734375000e+01,1.008541202545166016e+01,-8.386266708374023438e+00,5.300159931182861328e+00,5.755115747451782227e-01,7.513633251190185547e+00,-5.714364528656005859e+00,4.236763000488281250e+00,1.346661663055419922e+01,1.106022119522094727e+00,-1.393307495117187500e+01,1.168126964569091797e+01,-2.828317403793334961e+00,3.275184154510498047e+00,-2.792984008789062500e+01,1.142116069793701172e+01,-5.414579391479492188e+00,-6.307789802551269531e+00,6.430727481842041016e+00,-1.602210426330566406e+01,-4.942276000976562500e+00,-5.136485099792480469e+00,1.887070417404174805e+00,1.406268501281738281e+01,1.388308525085449219e+01,1.462102508544921875e+01,-1.130000305175781250e+01,1.541883182525634766e+01,9.166535377502441406e+00,-1.968290328979492188e+00,-8.761598587036132812e+00,2.022516250610351562e+01,-3.526324629783630371e-01,1.177956199645996094e+01,1.595924758911132812e+01,7.125131607055664062e+00,1.298282241821289062e+01,-1.786450767517089844e+01
-4.542289733886718750e+00,-3.566584825515747070e+00,5.855926513671875000e+00,-1.551376104354858398e+00,2.212302386760711670e-01,9.107851028442382812e+00,-3.201248645782470703e-01,-3.056817293167114258e+00,3.017659902572631836e+00,2.142551898956298828e+00,3.945241451263427734e+00,1.516204476356506348e+00,-6.289705634117126465e-01,-1.047964692115783691e+00,2.530312776565551758e+00,-2.826951265335083008e+00,-1.734555363655090332e+00,-1.199077367782592773e+00,6.202612400054931641e+00,-4.309951305389404297e+00,1.435158967971801758e+00,-3.595620155334472656e+00,-3.759605646133422852e+00,-3.753492355346679688e+00,1.816254258155822754e+00,2.449755907058715820e+00,-1.396145105361938477e+00,2.447441577911376953e+00,-9.724421501159667969e-01,1.512616276741027832e+00,4.118527173995971680e-01,1.732543468475341797e+00,-1.516302704811096191e+00,7.497742176055908203e-01,9.758391976356506348e-01,8.179622888565063477e-02,-3.516929864883422852e+00,4.237469673156738281e+00,-3.158188819885253906e+00,7.015664577484130859e-01,-6.062027454376220703e+00,2.939977645874023438e+00,-1.520873188972473145e+00,-3.482093095779418945e+00,2.736603915691375732e-01,-1.129315495491027832e+00,-1.771419286727905273e+00,-9.952061176300048828e-01,-5.153196454048156738e-01,2.202984809875488281e+00,2.343479871749877930e+00,5.402607440948486328e+00,-3.803775548934936523e+00,2.186243057250976562e+00,-6.367152333259582520e-01,-1.270181655883789062e+00,-1.567132234573364258e+00,5.281503677368164062e+00,-3.510621309280395508e+00,2.020889043807983398e+00,5.243632316589355469e+00,8.912725448608398438e-01,1.983638644218444824e+00,-4.275449752807617188e+00
1.058274269104003906e+00,-1.022986221313476562e+01,9.474545478820800781e+00,-5.500836372375488281e+00,-4.816476821899414062e+00,9.263759613037109375e+00,-1.714502096176147461e+00,-2.158561229705810547e+00,-2.908810079097747803e-01,7.954921722412109375e-01,1.328539967536926270e+00,2.096886157989501953e+00,1.457541584968566895e-01,-6.687888145446777344e+00,-8.463498353958129883e-01,-8.173260688781738281e+00,9.867277741432189941e-01,-3.969168663024902344e+00,1.451012516021728516e+01,-6.943746566772460938e+00,2.237821817398071289e+00,-8.297532796859741211e-02,-1.014488792419433594e+01,-7.855374813079833984e+00,1.338726282119750977e-01,1.540323972702026367e+00,-1.107995796203613281e+01,4.561933517456054688e+00,-4.987540245056152344e+00,4.556158542633056641e+00,-1.312358975410461426e+00,1.902110338211059570e+00,8.779402375221252441e-01,1.567805528640747070e+00,6.662011146545410156e+00,5.308725833892822266e-01,-8.846712112426757812e+00,2.030161142349243164e+00,-1.170859456062316895e+00,8.966352939605712891e-01,-1.448608875274658203e+01,5.437655448913574219e+00,-3.853124678134918213e-01,-3.035349845886230469e+00,7.941808700561523438e+00,-9.698983192443847656e+00,-2.426750183105468750e+00,1.191503405570983887e+00,1.634010076522827148e+00,7.346905708312988281e+00,6.836091041564941406e+00,9.372219085693359375e+00,-4.896370768547058105e-01,7.116418361663818359e+00,6.089739322662353516e+00,2.521387815475463867e+00,-5.008998870849609375e+00,1.271128749847412109e+01,6.276423931121826172e+00,5.065782070159912109e+00,7.875427246093750000e+00,4.017039299011230469e+00,6.954476356506347656e+00,-7.938960075378417969e+00
2.603372335433959961e+00,-2.067715167999267578e+00,1.898715257644653320e+00,-1.844266414642333984e+00,-3.395617604255676270e-01,-1.473745346069335938e+00,-3.304736137390136719e+00,-2.710215151309967041e-01,-6.344194412231445312e-01,-1.510563492774963379e-02,-2.018382072448730469e+00,1.824040412902832031e-01,2.947833538055419922e+00,-3.984564781188964844e+00,-1.625366687774658203e+00,-6.336514353752136230e-01,2.756220817565917969e+00,-3.043253421783447266e+00,2.400880157947540283e-01,-2.078984260559082031e+00,4.894228875637054443e-01,2.596652507781982422e+00,-1.004139542579650879e+00,1.652021646499633789e+00,-1.534453630447387695e+00,-3.810290813446044922e+00,5.178430080413818359e-01,-1.917841911315917969e+00,-3.454884052276611328e+00,-9.224958419799804688e-01,-1.001609444618225098e+00,6.898955702781677246e-01,1.164354562759399414e+00,5.898203849792480469e-01,2.196761846542358398e+00,3.266919612884521484e+00,-7.892745733261108398e-01,-8.002485632896423340e-01,-5.749661922454833984e-01,-3.631353855133056641e+00,-4.379528164863586426e-01,-3.213708877563476562e+00,-4.296091496944427490e-01,-6.751316785812377930e-01,3.070924878120422363e-01,-2.141222238540649414e+00,-3.477205038070678711e-01,5.075836658477783203e+00,3.086691141128540039e+00,3.608231067657470703e+00,3.432493209838867188e+00,-1.116310715675354004e+00,1.318467378616333008e+00,2.157704591751098633e+00,-4.931800067424774170e-01,1.654702663421630859e+00,6.181268692016601562e-01,-1.283773660659790039e+00,2.560186862945556641e+00,-4.851230621337890625e+00,-1.699854612350463867e+00,3.216664552688598633e+00,2.436568737030029297e+00,-3.038252592086791992e+00
5.551550388336181641e+00,-7.283593654632568359e+00,6.794414520263671875e+00,-5.789818286895751953e+00,-5.422207832336425781e+00,-2.898976325988769531e+00,-3.258048534393310547e+00,-9.547582864761352539e-01,-5.283210277557373047e+00,-6.207242012023925781e-01,-1.931585907936096191e+00,1.031982898712158203e+00,3.605499029159545898e+00,-8.231451034545898438e+00,-5.046728610992431641e+00,-7.894677162170410156e+00,4.257941246032714844e+00,-6.069706439971923828e+00,7.495090961456298828e+00,-2.244677543640136719e+00,-4.040791392326354980e-01,5.605081558227539062e+00,-6.183200359344482422e+00,-5.424417972564697266e+00,-2.501171588897705078e+00,-1.240074157714843750e+00,-9.158102035522460938e+00,5.955157876014709473e-01,-5.480105876922607422e+00,3.455594539642333984e+00,-2.087868213653564453e+00,-8.425686955451965332e-01,4.927588939666748047e+00,4.990483522415161133e-01,4.677780628204345703e+00,1.850105762481689453e+00,-4.943020820617675781e+00,-3.465633153915405273e+00,2.747367024421691895e-01,-3.287045478820800781e+00,-5.639636993408203125e+00,-1.111450195312500000e+00,2.837672472000122070e+00,6.119823455810546875e-02,9.004202842712402344e+00,-6.698275089263916016e+00,-2.832608819007873535e-01,7.154898643493652344e+00,3.445628166198730469e+00,6.173281669616699219e+00,5.005467891693115234e+00,4.505360603332519531e+00,5.406527519226074219e+00,5.555627346038818359e+00,4.308866024017333984e+00,5.455054283142089844e+00,-2.071033954620361328e+00,5.637782096862792969e+00,1.035648632049560547e+01,-2.592293500900268555e+00,1.490845441818237305e+00,4.829701423645019531e+00,4.822990417480468750e+00,-3.427245140075683594e+00
2.057196855545043945e+00,-8.328670501708984375e+00,8.683015823364257812e+00,-5.048135280609130859e+00,-5.014418601989746094e+00,3.748534679412841797e+00,-1.632973432540893555e+00,-2.325978755950927734e+00,-2.423355340957641602e+00,6.674776077270507812e-01,9.244365692138671875e-01,1.925438880920410156e+00,1.344691276550292969e+00,-6.795360565185546875e+00,-2.589561223983764648e+00,-8.369606018066406250e+00,1.843918323516845703e+00,-4.429185390472412109e+00,1.129344272613525391e+01,-4.791524887084960938e+00,1.168211817741394043e+00,1.634324312210083008e+00,-8.301733970642089844e+00,-7.365872859954833984e+00,-7.984349727630615234e-01,1.349566936492919922e+00,-9.849507331848144531e+00,2.963552474975585938e+00,-4.522327423095703125e+00,4.288909435272216797e+00,-1.553515553474426270e+00,7.935843467712402344e-01,2.581572055816650391e+00,9.215649366378784180e-01,4.873169898986816406e+00,5.127295255661010742e-01,-7.113118171691894531e+00,-1.082825064659118652e-01,-1.048555850982666016e+00,-2.724673151969909668e-01,-1.037441158294677734e+01,3.275310039520263672e+00,1.116257429122924805e+00,-2.044711589813232422e+00,8.509677886962890625e+00,-7.643148899078369141e+00,-1.628664135932922363e+00,3.070696353912353516e+00,1.910969495773315430e+00,5.891936779022216797e+00,5.236643314361572266e+00,7.992891788482666016e+00,1.897337198257446289e+00,6.048946857452392578e+00,4.803154468536376953e+00,3.416164398193359375e+00,-3.855400085449218750e+00,9.894948005676269531e+00,7.316938877105712891e+00,2.399523019790649414e+00,5.655557632446289062e+00,3.679459571838378906e+00,5.311985015869140625e+00,-5.382096290588378906e+00
-1.202507853507995605e+00,-8.342700004577636719e+00,7.713970184326171875e+00,-4.386337280273437500e+00,-2.467991113662719727e+00,1.168959426879882812e+01,-2.077435493469238281e+00,-2.024556398391723633e+00,2.508283853530883789e+00,1.273452520370483398e+00,1.456485986709594727e+00,1.431910872459411621e+00,5.663323402404785156e-02,-4.310580253601074219e+00,1.736156225204467773e+00,-5.432681083679199219e+00,7.260777056217193604e-02,-3.203924655914306641e+00,1.210371017456054688e+01,-6.727156639099121094e+00,2.517306327819824219e+00,-1.820101737976074219e+00,-7.778262615203857422e+00,-6.220281124114990234e+00,1.349360108375549316e+00,1.369720935821533203e+00,-6.727075099945068359e+00,4.087937355041503906e+00,-4.062055587768554688e+00,3.153360366821289062e+00,9.586310386657714844e-02,2.111273527145385742e+00,-1.297085881233215332e+00,1.869774222373962402e+00,5.561270236968994141e+00,1.003813743591308594e+00,-6.417264461517333984e+00,4.420927047729492188e+00,-1.760964870452880859e+00,6.327664852142333984e-02,-1.132173919677734375e+01,3.971567630767822266e+00,-1.735071897506713867e+00,-3.547353744506835938e+00,3.154598474502563477e+00,-6.687992572784423828e+00,-2.444711923599243164e+00,4.851875901222229004e-01,1.369832038879394531e+00,6.649586677551269531e+00,6.232391357421875000e+00,6.297435760498046875e+00,-3.466531991958618164e+00,5.414202213287353516e+00,3.535161733627319336e+00,3.078371882438659668e-01,-3.865908145904541016e+00,9.362803459167480469e+00,1.504871368408203125e+00,3.268939971923828125e+00,7.070010185241699219e+00,3.504770517349243164e+00,6.072360038757324219e+00,-7.941998481750488281e+00
-4.962892055511474609e+00,-7.205210685729980469e+00,8.635231018066406250e+00,-3.177645206451416016e+00,-5.985646843910217285e-01,1.645274162292480469e+01,-7.461381554603576660e-01,-3.351574182510375977e+00,5.540155887603759766e+00,2.462203264236450195e+00,4.225879192352294922e+00,2.078814268112182617e+00,-1.845149040222167969e+00,-1.713306903839111328e+00,4.040452957153320312e+00,-3.719751119613647461e+00,-2.402026653289794922e+00,-1.082152366638183594e+00,1.222429656982421875e+01,-8.030581474304199219e+00,3.166987895965576172e+00,-5.053165435791015625e+00,-7.411770343780517578e+00,-4.996304512023925781e+00,2.463321685791015625e+00,2.112760066986083984e+00,-4.194130420684814453e+00,4.845769405364990234e+00,-2.284367799758911133e+00,2.238080501556396484e+00,3.787547349929809570e-01,3.598765134811401367e+00,-3.263583183288574219e+00,1.852370977401733398e+00,4.061001300811767578e+00,6.833822727203369141e-01,-6.775081157684326172e+00,6.826863765716552734e+00,-3.385267972946166992e+00,2.443206787109375000e+00,-1.313781738281250000e+01,6.357114315032958984e+00,-3.508596897125244141e+00,-4.975689411163330078e+00,5.932981967926025391e-01,-5.111347675323486328e+00,-3.139123916625976562e+00,-2.901246547698974609e+00,-5.322492718696594238e-01,4.955861091613769531e+00,5.056156635284423828e+00,8.106416702270507812e+00,-6.414569854736328125e+00,4.154876232147216797e+00,1.846614837646484375e+00,-1.645941019058227539e+00,-3.527102947235107422e+00,1.051210021972656250e+01,-3.461074113845825195e+00,6.254655838012695312e+00,8.891901969909667969e+00,1.772439837455749512e+00,5.006908893585205078e+00,-9.193379402160644531e+00
3.917889118194580078e+00,-3.828095197677612305e+00,2.633946657180786133e+00,-3.400257825851440430e+00,-1.173723816871643066e+00,3.098264336585998535e-02,-4.474513053894042969e+00,-4.619777202606201172e-03,-1.193921566009521484e+00,-4.938915371894836426e-02,-3.369128465652465820e+00,-1.331339478492736816e-01,3.301963806152343750e+00,-5.061726093292236328e+00,-1.442585468292236328e+00,-2.037280082702636719e+00,3.826055526733398438e+00,-3.705831527709960938e+00,2.966804981231689453e+00,-4.069988250732421875e+00,9.626151919364929199e-01,2.962211132049560547e+00,-2.120122194290161133e+00,9.207864403724670410e-01,-1.202641248703002930e+00,-5.264676570892333984e+00,-6.013658642768859863e-01,-1.682679891586303711e+00,-4.693824291229248047e+00,-2.319164872169494629e-01,-9.681496620178222656e-01,9.512369632720947266e-01,4.712514281272888184e-01,1.058672189712524414e+00,4.839723110198974609e+00,4.762835502624511719e+00,-1.693454504013061523e+00,3.885239958763122559e-01,-6.762442588806152344e-01,-4.315544128417968750e+00,-1.688771247863769531e+00,-3.416270971298217773e+00,-1.151589989662170410e+00,-1.513808012008666992e+00,4.695118665695190430e-01,-4.258443355560302734e+00,-5.851026773452758789e-01,6.360503673553466797e+00,3.987967729568481445e+00,5.443246364593505859e+00,5.120071887969970703e+00,-1.183563590049743652e+00,1.490154266357421875e-01,3.965605735778808594e+00,2.827958762645721436e-01,1.400792837142944336e+00,-5.817112922668457031e-01,-9.609901905059814453e-01,3.738289594650268555e+00,-5.897840023040771484e+00,-6.913738250732421875e-01,4.439184188842773438e+00,5.468458175659179688e+00,-5.146140575408935547e+00
-2.257571458816528320e+00,-3.062673091888427734e+00,5.858016014099121094e+00,-2.894399642944335938e+00,-3.824606537818908691e-01,4.792153835296630859e+00,-3.280313611030578613e-01,-2.585004091262817383e+00,-2.631975114345550537e-01,1.357700347900390625e+00,3.364770650863647461e+00,1.309871554374694824e+00,4.032671451568603516e-02,-1.659864306449890137e+00,4.681805372238159180e-01,-3.372802734375000000e+00,-1.208202481269836426e+00,-1.231979489326477051e+00,4.963181495666503906e+00,-3.670351028442382812e+00,5.212252736091613770e-01,-1.556075811386108398e+00,-2.715804576873779297e+00,-3.081389427185058594e+00,1.114978194236755371e+00,1.194679975509643555e+00,-2.032313585281372070e+00,1.130481958389282227e+00,-8.444821834564208984e-01,1.671676754951477051e+00,-6.800866723060607910e-01,6.104803085327148438e-01,7.506158947944641113e-01,1.967299729585647583e-01,1.202401638031005859e+00,4.421518743038177490e-01,-3.708173751831054688e+00,1.694861412048339844e+00,-2.415683269500732422e+00,3.127107620239257812e-01,-4.707911968231201172e+00,1.682131290435791016e+00,-4.669601023197174072e-01,-3.031132936477661133e+00,2.487752914428710938e+00,-4.064510464668273926e-01,-1.309788107872009277e+00,3.500187397003173828e-02,-4.683906435966491699e-01,1.077827334403991699e+00,1.345283985137939453e+00,5.731722831726074219e+00,-8.681223988533020020e-01,1.668849825859069824e+00,-4.137470722198486328e-01,2.850894927978515625e-01,-7.977875471115112305e-01,3.933334112167358398e+00,-6.992635130882263184e-01,3.704081773757934570e-01,3.518314599990844727e+00,7.488194704055786133e-01,1.749420166015625000e+00,-2.360592126846313477e+00
1.818113565444946289e+00,-2.736106157302856445e+00,2.743221521377563477e+00,-2.326311349868774414e+00,-1.066316723823547363e+00,-1.236781835556030273e+00,-2.633162736892700195e+00,-3.052495419979095459e-01,-1.050460934638977051e+00,-1.251370310783386230e-01,-1.167812943458557129e+00,1.299523711204528809e-01,2.808651447296142578e+00,-3.792694091796875000e+00,-1.521892547607421875e+00,-2.206755876541137695e+00,2.060323238372802734e+00,-3.596830844879150391e+00,1.158623576164245605e+00,-4.940234422683715820e-01,-3.090729713439941406e-01,2.818879365921020508e+00,-1.628366231918334961e+00,-1.669196963310241699e+00,-1.348740816116333008e+00,-7.386162281036376953e-01,-1.872919321060180664e+00,-7.634941935539245605e-01,-3.112383365631103516e+00,5.061744451522827148e-01,-3.870550990104675293e-01,-4.734293222427368164e-01,2.259993314743041992e+00,3.620847761631011963e-01,1.374505519866943359e+00,1.212233543395996094e+00,-9.853022694587707520e-01,-1.333313107490539551e+00,-3.794783353805541992e-02,-3.698489665985107422e+00,-3.596302568912506104e-01,-2.937062978744506836e+00,1.254293441772460938e+00,2.410649061203002930e-01,2.163536548614501953e+00,-1.343544125556945801e+00,-6.973931193351745605e-02,4.519103050231933594e+00,2.303813695907592773e+00,3.712111473083496094e+00,2.858954668045043945e+00,-1.401241123676300049e-02,2.337413311004638672e+00,1.933384180068969727e+00,5.526801347732543945e-01,2.443757772445678711e+00,4.944179356098175049e-01,4.479522109031677246e-01,2.899890899658203125e+00,-3.874877214431762695e+00,-9.014927148818969727e-01,3.235545158386230469e+00,1.298116445541381836e+00,-1.442385673522949219e+00
8.345600366592407227e-01,-4.986384868621826172e+00,3.992676496505737305e+00,-2.964559078216552734e+00,-2.103883028030395508e+00,4.305560588836669922e+00,-2.203003406524658203e+00,-4.002715945243835449e-01,1.595940589904785156e-01,2.654443085193634033e-01,-1.077868461608886719e+00,4.088674187660217285e-01,1.149927020072937012e+00,-3.723850250244140625e+00,-1.652069091796875000e-01,-4.558496475219726562e+00,1.078157544136047363e+00,-3.200029850006103516e+00,6.376413345336914062e+00,-2.843666553497314453e+00,1.006499767303466797e+00,8.256239295005798340e-01,-5.028094768524169922e+00,-4.666005134582519531e+00,1.804352998733520508e-01,9.080616831779479980e-01,-5.087152004241943359e+00,1.582180976867675781e+00,-3.345707893371582031e+00,2.322726249694824219e+00,-2.142953872680664062e-02,-3.009456396102905273e-02,3.105304241180419922e-01,1.083333134651184082e+00,4.044324398040771484e+00,8.169065713882446289e-01,-3.312309980392456055e+00,1.336086750030517578e+00,-2.407201230525970459e-01,-2.059628486633300781e+00,-4.828716754913330078e+00,2.350741028785705566e-01,3.333438932895660400e-01,-1.164094686508178711e+00,2.614572048187255859e+00,-4.427037715911865234e+00,-9.543225765228271484e-01,2.733509778976440430e+00,1.806796073913574219e+00,5.099440097808837891e+00,4.224083423614501953e+00,1.983420610427856445e+00,-5.783923268318176270e-01,3.600087642669677734e+00,2.514061927795410156e+00,1.248380780220031738e+00,-2.257482528686523438e+00,4.300048828125000000e+00,3.201130628585815430e+00,-8.230791091918945312e-01,2.698855400085449219e+00,3.150128364562988281e+00,4.224081516265869141e+00,-3.947898864746093750e+00
4.672503471374511719e+00,-7.459594249725341797e+00,1.134508609771728516e+00,-3.560802221298217773e+00,-9.584751129150390625e-01,2.365446805953979492e+00,-5.489069938659667969e+00,-5.163372755050659180e-01,-3.398236751556396484e+00,1.149479627609252930e+00,-4.370421886444091797e+00,-2.502016425132751465e-01,3.239836931228637695e+00,-7.721463203430175781e+00,1.009405374526977539e+00,-3.054512023925781250e+00,7.642395019531250000e+00,-4.834276676177978516e+00,6.508147239685058594e+00,-8.365710258483886719e+00,3.491878986358642578e+00,1.084082722663879395e+00,-2.045986175537109375e+00,4.349905848503112793e-01,5.968915224075317383e-01,-6.715835571289062500e+00,-1.276101827621459961e+00,-8.651711344718933105e-01,-7.137451648712158203e+00,-8.688970208168029785e-01,-4.676055908203125000e-01,3.719669103622436523e+00,-2.284869670867919922e+00,2.305967092514038086e+00,7.234403610229492188e+00,5.350926399230957031e+00,-1.739485979080200195e+00,3.813512325286865234e+00,-2.893864393234252930e+00,-4.068647861480712891e+00,-3.698404073715209961e+00,-3.307488441467285156e+00,-2.865391969680786133e+00,-2.811982631683349609e+00,-5.147210955619812012e-01,-8.657509803771972656e+00,-1.552496910095214844e+00,7.993628025054931641e+00,4.416229724884033203e+00,9.338516235351562500e+00,9.088562965393066406e+00,-1.242801189422607422e+00,-4.498186111450195312e+00,1.197867012023925781e+01,-3.422337472438812256e-01,-3.187950849533081055e-01,-3.233889579772949219e+00,-1.970578193664550781e+00,2.831644535064697266e+00,-7.108838558197021484e+00,-8.808833360671997070e-02,7.631812572479248047e+00,9.640283584594726562e+00,-7.161996841430664062e+00
4.081842422485351562e+00,-3.463428020477294922e+00,2.403701305389404297e+00,-3.045604228973388672e+00,-1.106973290443420410e+00,-1.427588224411010742e+00,-4.363862037658691406e+00,-8.325397968292236328e-02,-1.649241447448730469e+00,-1.219204366207122803e-01,-3.101766347885131836e+00,-7.578068971633911133e-02,3.651277780532836914e+00,-5.343858718872070312e+00,-1.945143580436706543e+00,-1.708596229553222656e+00,4.082237243652343750e+00,-3.946846008300781250e+00,1.940083146095275879e+00,-3.440032958984375000e+00,6.698229908943176270e-01,3.372249603271484375e+00,-1.659622430801391602e+00,1.378141403198242188e+00,-1.614489555358886719e+00,-5.347434520721435547e+00,-3.055744171142578125e-01,-2.055274486541748047e+00,-4.661385536193847656e+00,-4.530065059661865234e-01,-1.143856525421142578e+00,8.895707130432128906e-01,1.117204904556274414e+00,7.625498175621032715e-01,4.043218135833740234e+00,4.617228507995605469e+00,-1.409288406372070312e+00,-4.461794197559356689e-01,-6.326808333396911621e-01,-4.511401176452636719e+00,-1.051977157592773438e+00,-3.746071815490722656e+00,-7.378020286560058594e-01,-1.147646665573120117e+00,8.509374260902404785e-01,-3.952868461608886719e+00,-3.937496542930603027e-01,6.699376583099365234e+00,4.121997833251953125e+00,5.165986537933349609e+00,4.863322734832763672e+00,-1.201399445533752441e+00,1.105422377586364746e+00,3.791276216506958008e+00,8.129861950874328613e-02,1.831482887268066406e+00,-1.130642890930175781e-01,-1.331140756607055664e+00,4.007509231567382812e+00,-6.154170989990234375e+00,-1.333355307579040527e+00,4.372585296630859375e+00,4.628514766693115234e+00,-4.449256896972656250e+00
-3.159471988677978516e+00,-1.211927509307861328e+01,9.554790496826171875e+00,-5.898347377777099609e+00,-2.040498733520507812e+00,2.175595474243164062e+01,-2.597748279571533203e+00,-2.340030431747436523e+00,5.875505924224853516e+00,1.825874567031860352e+00,2.572945594787597656e+00,1.754828691482543945e+00,-1.726471900939941406e+00,-4.381987094879150391e+00,5.193521976470947266e+00,-5.150909900665283203e+00,-7.910630106925964355e-01,-2.725830554962158203e+00,1.817361259460449219e+01,-1.133812522888183594e+01,4.389541625976562500e+00,-4.918410778045654297e+00,-1.028936004638671875e+01,-6.855953216552734375e+00,3.162615776062011719e+00,1.035237550735473633e+00,-8.496594429016113281e+00,6.892790794372558594e+00,-5.159861087799072266e+00,3.551229953765869141e+00,5.854609012603759766e-01,4.597282886505126953e+00,-4.390811443328857422e+00,3.160435438156127930e+00,8.648880004882812500e+00,1.614417314529418945e+00,-9.316738128662109375e+00,8.676418304443359375e+00,-2.705360174179077148e+00,1.844409108161926270e+00,-1.848105812072753906e+01,7.291891098022460938e+00,-4.541785717010498047e+00,-5.653700828552246094e+00,2.003904342651367188e+00,-1.014045619964599609e+01,-3.906363248825073242e+00,-2.188958168029785156e+00,9.784911870956420898e-01,9.608587265014648438e+00,9.360327720642089844e+00,9.185423851013183594e+00,-8.147127151489257812e+00,8.287093162536621094e+00,5.058202266693115234e+00,-1.473819017410278320e+00,-5.814224243164062500e+00,1.361748886108398438e+01,-1.199435234069824219e+00,7.173752307891845703e+00,1.114345264434814453e+01,4.525364875793457031e+00,9.478954315185546875e+00,-1.295846939086914062e+01
2.804851293563842773e+00,-3.756934642791748047e+00,3.571121454238891602e+00,-3.036993026733398438e+00,-2.393702507019042969e+00,-2.144462108612060547e+00,-2.555144309997558594e+00,-4.900498390197753906e-01,-2.543692827224731445e+00,-2.052435576915740967e-01,-1.285702943801879883e+00,3.731240630149841309e-01,3.048038721084594727e+00,-4.918205738067626953e+00,-2.450285434722900391e+00,-4.010349273681640625e+00,2.598250865936279297e+00,-4.149189949035644531e+00,2.763473272323608398e+00,-5.340678691864013672e-01,-4.545279741287231445e-01,3.546420097351074219e+00,-2.698095798492431641e+00,-3.225839138031005859e+00,-1.565536499023437500e+00,-1.676047146320343018e-01,-4.195813179016113281e+00,-2.630233168601989746e-01,-3.683562755584716797e+00,1.479811549186706543e+00,-7.135146260261535645e-01,-7.842152714729309082e-01,3.138739585876464844e+00,4.118561446666717529e-01,1.995649576187133789e+00,9.027594327926635742e-01,-1.850434064865112305e+00,-2.100665092468261719e+00,1.702068448066711426e-01,-3.508709907531738281e+00,-1.389626264572143555e+00,-2.445926189422607422e+00,2.097079515457153320e+00,4.438625574111938477e-01,4.285386085510253906e+00,-2.561990499496459961e+00,-4.618373513221740723e-02,5.095998287200927734e+00,2.439702033996582031e+00,4.235411643981933594e+00,3.202614545822143555e+00,1.244629383087158203e+00,3.294098854064941406e+00,2.970480918884277344e+00,1.553655147552490234e+00,3.295953512191772461e+00,-3.145116567611694336e-01,1.830027341842651367e+00,5.039122104644775391e+00,-3.409757137298583984e+00,-3.209013938903808594e-01,3.619121789932250977e+00,1.890618681907653809e+00,-1.226486802101135254e+00
-4.941952705383300781e+00,7.171565055847167969e+00,-4.573845863342285156e-01,-2.029301881790161133e+00,2.788215875625610352e+00,8.553886413574218750e+00,3.816609859466552734e+00,2.638347387313842773e+00,2.375456571578979492e+00,-1.180816411972045898e+00,2.723913192749023438e+00,-1.212433576583862305e+00,-6.497634887695312500e+00,8.891086578369140625e+00,3.925627708435058594e+00,2.182624578475952148e+00,-8.403844833374023438e+00,8.419885635375976562e+00,3.193586170673370361e-01,-2.950194835662841797e+00,-5.998958945274353027e-01,-4.725319862365722656e+00,9.982027411460876465e-01,3.730066299438476562e+00,3.351643562316894531e+00,-1.617946863174438477e+00,3.948729753494262695e+00,7.086289525032043457e-01,7.144670486450195312e+00,5.545641183853149414e-01,-1.849475741386413574e+00,-1.743066549301147461e+00,-3.487330913543701172e+00,-2.090173244476318359e+00,1.922642946243286133e+00,1.208621263504028320e+00,-3.575916767120361328e+00,2.826213359832763672e+00,1.610813140869140625e-01,5.237722873687744141e+00,-2.695068836212158203e+00,2.867697954177856445e+00,-4.702736377716064453e+00,-4.608343124389648438e+00,-5.633304119110107422e+00,4.226508617401123047e+00,3.232259452342987061e-01,-7.531493663787841797e+00,-5.955799102783203125e+00,-5.911382198333740234e+00,-5.517853260040283203e+00,2.856158971786499023e+00,-5.208846092224121094e+00,-6.402809143066406250e+00,-8.330760002136230469e-01,-3.837788343429565430e+00,1.084836840629577637e+00,-1.415574789047241211e+00,-6.966209888458251953e+00,3.500354290008544922e+00,2.377072334289550781e+00,-7.415472507476806641e+00,3.324436426162719727e+00,-8.216772675514221191e-01
-4.060948848724365234e+00,-4.426882266998291016e+00,6.565863609313964844e+00,-2.186050653457641602e+00,-4.453161358833312988e-01,9.149606704711914062e+00,-5.265111327171325684e-01,-3.389641046524047852e+00,2.623689889907836914e+00,2.250493049621582031e+00,3.783254146575927734e+00,1.705182552337646484e+00,-3.410604596138000488e-01,-1.703114986419677734e+00,2.152590274810791016e+00,-3.664948701858520508e+00,-1.304920911788940430e+00,-1.783336639404296875e+00,7.240094184875488281e+00,-4.826634883880615234e+00,1.661221742630004883e+00,-3.247105121612548828e+00,-4.287431716918945312e+00,-4.416301250457763672e+00,1.594644665718078613e+00,2.411031007766723633e+00,-2.378042221069335938e+00,2.729477643966674805e+00,-1.471864223480224609e+00,1.983881115913391113e+00,4.085917472839355469e-01,1.896525144577026367e+00,-1.250181078910827637e+00,9.702347517013549805e-01,1.379302978515625000e+00,3.287802934646606445e-01,-3.927358865737915039e+00,4.190521717071533203e+00,-3.256471395492553711e+00,5.661313533782958984e-01,-6.788471221923828125e+00,3.115686416625976562e+00,-1.263595342636108398e+00,-3.622299909591674805e+00,1.034334182739257812e+00,-1.906207680702209473e+00,-1.920418739318847656e+00,-4.398492574691772461e-01,-1.376054883003234863e-01,2.843333244323730469e+00,2.876871824264526367e+00,5.880856037139892578e+00,-3.513300657272338867e+00,2.880294322967529297e+00,-1.826362162828445435e-01,-9.619512557983398438e-01,-1.994697809219360352e+00,5.901752471923828125e+00,-2.683266639709472656e+00,2.097834110260009766e+00,5.715700149536132812e+00,1.294011235237121582e+00,2.555345773696899414e+00,-4.897052288055419922e+00
2.120968580245971680e+00,-3.418532848358154297e+00,3.305607557296752930e+00,-2.704958915710449219e+00,-1.605384826660156250e+00,-2.000726461410522461e+00,-2.757440567016601562e+00,-5.264111757278442383e-01,-1.770890474319458008e+00,-2.220935523509979248e-01,-9.954566955566406250e-01,3.082402348518371582e-01,3.174510002136230469e+00,-4.712152481079101562e+00,-1.964675188064575195e+00,-2.871627569198608398e+00,2.625988960266113281e+00,-4.224794864654541016e+00,1.585518002510070801e+00,-9.015667438507080078e-02,-5.264262557029724121e-01,3.296700239181518555e+00,-1.957182407379150391e+00,-2.442109107971191406e+00,-1.547844171524047852e+00,-2.155044674873352051e-01,-2.888526916503906250e+00,-5.404251813888549805e-01,-3.577569007873535156e+00,6.879162788391113281e-01,-5.446751713752746582e-01,-6.068539023399353027e-01,2.931883335113525391e+00,4.416644275188446045e-01,1.140362620353698730e+00,6.586375236511230469e-01,-1.193971872329711914e+00,-1.922245025634765625e+00,-5.738279223442077637e-02,-3.794279098510742188e+00,-6.780324578285217285e-01,-3.109513759613037109e+00,1.838703513145446777e+00,6.701861023902893066e-01,3.393512487411499023e+00,-1.533957004547119141e+00,-3.914138674736022949e-02,5.027847766876220703e+00,2.336061239242553711e+00,4.023314476013183594e+00,3.100424766540527344e+00,6.759625673294067383e-01,3.031196832656860352e+00,2.533292055130004883e+00,7.641202211380004883e-01,3.141266584396362305e+00,4.546352028846740723e-01,1.072166800498962402e+00,3.748970985412597656e+00,-3.871226310729980469e+00,-9.727242588996887207e-01,3.765494585037231445e+00,9.940635561943054199e-01,-9.891105890274047852e-01
-4.735383033752441406e+00,-5.032672405242919922e+00,3.582427978515625000e+00,-1.366764664649963379e+00,1.210930228233337402e+00,1.509907817840576172e+01,-1.465124845504760742e+00,-1.214075803756713867e+00,6.479201793670654297e+00,1.763003826141357422e+00,1.140982031822204590e+00,7.205057144165039062e-01,-1.749416351318359375e+00,1.443150043487548828e-01,5.133514881134033203e+00,-1.460938453674316406e+00,-2.116486549377441406e+00,-7.940217256546020508e-01,7.731961727142333984e+00,-5.495922565460205078e+00,3.194315910339355469e+00,-4.905474662780761719e+00,-4.994368553161621094e+00,-3.872070789337158203e+00,3.253147125244140625e+00,2.345449209213256836e+00,-1.523188829421997070e+00,3.601993799209594727e+00,-1.628983616828918457e+00,1.078621745109558105e+00,1.783946275711059570e+00,1.953921556472778320e+00,-4.753893852233886719e+00,2.146913290023803711e+00,3.737487077713012695e+00,2.460630536079406738e-01,-3.110543727874755859e+00,7.307109832763671875e+00,-1.986789703369140625e+00,4.031842947006225586e-01,-7.341062545776367188e+00,3.054447174072265625e+00,-3.272387266159057617e+00,-3.465880155563354492e+00,-3.207580566406250000e+00,-2.679486513137817383e+00,-2.475752115249633789e+00,-2.048772096633911133e+00,-1.272831559181213379e-01,4.707628726959228516e+00,4.332692623138427734e+00,2.080460548400878906e+00,-7.646533489227294922e+00,2.984356164932250977e+00,6.285369396209716797e-01,-3.109260797500610352e+00,-2.535128593444824219e+00,5.364730834960937500e+00,-4.955398082733154297e+00,2.251860380172729492e+00,5.626480102539062500e+00,1.941859245300292969e+00,4.134338378906250000e+00,-6.715716361999511719e+00
-3.756499767303466797e+00,-4.540302753448486328e+00,5.902333259582519531e+00,-1.951375126838684082e+00,-5.817117094993591309e-01,8.179295539855957031e+00,-6.509268283843994141e-01,-3.257217168807983398e+00,2.425087451934814453e+00,2.225599288940429688e+00,3.378909349441528320e+00,1.563034296035766602e+00,1.056429743766784668e-01,-2.002240657806396484e+00,2.129973411560058594e+00,-3.802075147628784180e+00,-8.085865378379821777e-01,-2.232823848724365234e+00,6.822838783264160156e+00,-4.157986164093017578e+00,1.711114883422851562e+00,-2.968782901763916016e+00,-4.019980430603027344e+00,-5.152997016906738281e+00,1.564315915107727051e+00,3.139544725418090820e+00,-2.599899768829345703e+00,2.777589321136474609e+00,-1.724600672721862793e+00,2.088851451873779297e+00,7.666215896606445312e-01,1.633739233016967773e+00,-1.052689790725708008e+00,1.079246520996093750e+00,1.103112578392028809e+00,-1.857510209083557129e-01,-3.348232507705688477e+00,4.000786304473876953e+00,-2.996028423309326172e+00,-1.972508430480957031e-02,-5.757697582244873047e+00,2.506642103195190430e+00,-7.285280227661132812e-01,-3.220458984375000000e+00,1.237146615982055664e+00,-1.717926383018493652e+00,-1.843909025192260742e+00,1.556158065795898438e-02,2.034964561462402344e-01,3.221329689025878906e+00,2.996827840805053711e+00,5.103046417236328125e+00,-3.238511800765991211e+00,3.270040273666381836e+00,-1.058098375797271729e-01,-8.693180084228515625e-01,-2.046222686767578125e+00,5.375538825988769531e+00,-2.295411586761474609e+00,1.483708620071411133e+00,5.275145530700683594e+00,1.758959174156188965e+00,2.153567790985107422e+00,-4.130050659179687500e+00
2.991395950317382812e+00,-3.038782596588134766e+00,3.011142730712890625e+00,-3.175515413284301758e+00,-1.384760022163391113e+00,-2.033467739820480347e-01,-3.375226497650146484e+00,5.911436676979064941e-02,-8.315448760986328125e-01,-2.334746420383453369e-01,-2.448226928710937500e+00,-3.694331645965576172e-02,2.703863620758056641e+00,-3.882612466812133789e+00,-1.787500619888305664e+00,-2.417621135711669922e+00,2.332706689834594727e+00,-3.286716461181640625e+00,2.435463428497314453e+00,-2.326345205307006836e+00,1.910798251628875732e-01,3.080384969711303711e+00,-2.311791181564331055e+00,-4.959441423416137695e-01,-1.389927506446838379e+00,-3.178548097610473633e+00,-1.582543611526489258e+00,-1.108843803405761719e+00,-3.478485107421875000e+00,5.826667547225952148e-01,-8.629565834999084473e-01,-5.241730809211730957e-02,1.437948822975158691e+00,5.887233018875122070e-01,3.614924907684326172e+00,3.304593086242675781e+00,-1.757180094718933105e+00,-5.985365509986877441e-01,-5.719259381294250488e-02,-3.787076950073242188e+00,-1.409636020660400391e+00,-2.764910936355590820e+00,-7.734492421150207520e-03,-8.498361110687255859e-01,1.377166390419006348e+00,-2.940901994705200195e+00,-2.586161494255065918e-01,5.098898887634277344e+00,3.026561975479125977e+00,4.273036003112792969e+00,3.601551055908203125e+00,-4.976556599140167236e-01,1.499883413314819336e+00,2.130181550979614258e+00,9.438213109970092773e-01,1.986890196800231934e+00,-1.613150835037231445e-01,1.798282861709594727e-01,3.716086149215698242e+00,-4.424409389495849609e+00,-3.561651110649108887e-01,3.292021512985229492e+00,3.839666843414306641e+00,-3.768672704696655273e+00
1.080982446670532227e+00,-1.071247935295104980e+00,1.485923290252685547e+00,-7.991226911544799805e-01,3.609419465065002441e-01,-8.124362230300903320e-01,-2.319656848907470703e+00,-4.298070371150970459e-01,3.995974659919738770e-01,1.530843526124954224e-01,-1.088548183441162109e+00,4.039682149887084961e-01,2.062145471572875977e+00,-2.667229413986206055e+00,-1.055036783218383789e+00,1.343734562397003174e-01,1.474791646003723145e+00,-2.160243988037109375e+00,-7.886804342269897461e-01,-1.195063114166259766e+00,5.023822188377380371e-01,1.572248458862304688e+00,-6.861340403556823730e-01,1.557135224342346191e+00,-1.202203035354614258e+00,-2.231005430221557617e+00,1.036192536354064941e+00,-1.594214677810668945e+00,-2.359265804290771484e+00,-1.199803352355957031e+00,-7.547039389610290527e-01,5.748407244682312012e-01,8.519222736358642578e-01,5.302593708038330078e-01,8.508108258247375488e-01,1.967187762260437012e+00,-3.836252093315124512e-01,-6.671696305274963379e-01,-6.161624193191528320e-01,-2.703047752380371094e+00,-2.412189841270446777e-01,-2.456625938415527344e+00,-3.317222297191619873e-01,-4.096392691135406494e-01,-2.785000205039978027e-01,-7.510708570480346680e-01,-4.175240397453308105e-01,3.424237966537475586e+00,2.046303272247314453e+00,2.350822925567626953e+00,2.327158927917480469e+00,-9.392598867416381836e-01,1.014354586601257324e+00,9.618282914161682129e-01,-8.864547610282897949e-01,1.234841823577880859e+00,9.613269567489624023e-01,-9.876586198806762695e-01,1.084283709526062012e+00,-3.492213964462280273e+00,-1.673772573471069336e+00,2.218747377395629883e+00,8.564060926437377930e-01,-1.986396074295043945e+00
5.289111137390136719e+00,-9.726327896118164062e+00,7.232740402221679688e+00,-6.830719947814941406e+00,-5.014440536499023438e+00,3.260332822799682617e+00,-4.593255519866943359e+00,-3.399367034435272217e-01,-3.144305229187011719e+00,-5.379463434219360352e-01,-2.673517465591430664e+00,6.262305378913879395e-01,3.158411264419555664e+00,-8.863734245300292969e+00,-2.689026117324829102e+00,-7.482410907745361328e+00,4.521750450134277344e+00,-6.381377696990966797e+00,1.118065834045410156e+01,-5.498770713806152344e+00,9.212267994880676270e-01,4.019061088562011719e+00,-7.781435966491699219e+00,-5.274081707000732422e+00,-1.265138626098632812e+00,-2.817627191543579102e+00,-9.532513618469238281e+00,1.731276035308837891e+00,-6.935373783111572266e+00,3.514493465423583984e+00,-1.551045656204223633e+00,6.812584400177001953e-01,2.341846942901611328e+00,1.484219670295715332e+00,7.984573841094970703e+00,3.385320663452148438e+00,-6.355787754058837891e+00,-2.493614554405212402e-01,-1.180085539817810059e-01,-3.476974487304687500e+00,-9.160058021545410156e+00,-1.066331267356872559e-01,4.668317735195159912e-01,-1.509186267852783203e+00,7.097781658172607422e+00,-9.867591857910156250e+00,-1.095527529716491699e+00,6.727188110351562500e+00,4.225383281707763672e+00,8.894765853881835938e+00,8.084156990051269531e+00,4.325505733489990234e+00,1.772852420806884766e+00,7.518983364105224609e+00,5.156272888183593750e+00,3.991454124450683594e+00,-3.609187602996826172e+00,6.977420806884765625e+00,9.242482185363769531e+00,-1.899391531944274902e+00,3.445434808731079102e+00,6.151689052581787109e+00,8.453214645385742188e+00,-7.316605091094970703e+00
2.642464160919189453e+00,-2.129064559936523438e+00,2.136981964111328125e+00,-2.352277994155883789e+00,-4.794708490371704102e-01,-7.045543193817138672e-02,-3.123407840728759766e+00,1.449269056320190430e-02,-2.790102660655975342e-01,5.031853914260864258e-03,-2.491023540496826172e+00,4.920184612274169922e-02,2.276334285736083984e+00,-2.979582548141479492e+00,-1.357690811157226562e+00,-1.137042045593261719e+00,1.931868553161621094e+00,-2.428860425949096680e+00,1.176647543907165527e+00,-2.665309906005859375e+00,6.047711968421936035e-01,2.435914039611816406e+00,-1.427489638328552246e+00,1.013023614883422852e+00,-1.187316656112670898e+00,-3.797912836074829102e+00,6.296008825302124023e-02,-1.633126974105834961e+00,-2.997940063476562500e+00,-3.641792237758636475e-01,-8.026763796806335449e-01,3.540100455284118652e-01,7.120102643966674805e-01,7.265629768371582031e-01,3.259407520294189453e+00,3.567868709564208984e+00,-1.083211898803710938e+00,-1.641511321067810059e-01,-3.249198496341705322e-01,-3.314776420593261719e+00,-7.897773981094360352e-01,-2.715517759323120117e+00,-7.336894273757934570e-01,-1.058561325073242188e+00,-4.706772416830062866e-02,-2.078404188156127930e+00,-3.998801708221435547e-01,4.490550994873046875e+00,2.727567911148071289e+00,3.486838579177856445e+00,3.191263914108276367e+00,-1.264533281326293945e+00,7.353328466415405273e-01,1.691898107528686523e+00,5.428382754325866699e-02,1.262485027313232422e+00,2.000408172607421875e-01,-9.479931592941284180e-01,2.509232282638549805e+00,-4.495756149291992188e+00,-9.766004085540771484e-01,2.789547920227050781e+00,3.415977954864501953e+00,-3.633690357208251953e+00
7.183217048645019531e+00,-8.548171043395996094e+00,5.675942420959472656e+00,-7.184695720672607422e+00,-4.805035591125488281e+00,-7.813394665718078613e-01,-6.359830856323242188e+00,2.791368961334228516e-02,-4.683062076568603516e+00,-9.366614818572998047e-01,-4.413828372955322266e+00,-3.532272577285766602e-02,5.236866950988769531e+00,-1.004561424255371094e+01,-3.825852394104003906e+00,-6.504365444183349609e+00,7.021844387054443359e+00,-7.427532196044921875e+00,8.203323364257812500e+00,-4.855191230773925781e+00,1.637029647827148438e-01,6.042546272277832031e+00,-5.257943630218505859e+00,-2.180925369262695312e+00,-2.280184268951416016e+00,-6.223697185516357422e+00,-6.642564773559570312e+00,-4.787824153900146484e-01,-7.859460830688476562e+00,2.437530517578125000e+00,-1.994214177131652832e+00,4.949383735656738281e-01,2.914389133453369141e+00,1.106445074081420898e+00,7.772841453552246094e+00,5.894180774688720703e+00,-4.529123306274414062e+00,-1.368455648422241211e+00,-2.209108471870422363e-01,-6.004436969757080078e+00,-5.336004734039306641e+00,-3.709461688995361328e+00,4.812740981578826904e-01,-1.199676990509033203e+00,5.709140300750732422e+00,-9.430017471313476562e+00,-2.788040637969970703e-01,1.013278198242187500e+01,5.986808776855468750e+00,9.213869094848632812e+00,8.285021781921386719e+00,1.638947486877441406e+00,2.815472602844238281e+00,7.716929912567138672e+00,3.355404138565063477e+00,4.254901885986328125e+00,-2.255034208297729492e+00,2.427460432052612305e+00,9.615002632141113281e+00,-6.613452911376953125e+00,8.717077970504760742e-01,7.232758998870849609e+00,8.923659324645996094e+00,-7.243869781494140625e+00
-1.944795489311218262e+00,-2.189735174179077148e+00,1.425651669502258301e+00,-6.887731552124023438e-01,6.527677178382873535e-01,6.516090393066406250e+00,-1.174578547477722168e+00,-2.672929465770721436e-01,2.740490913391113281e+00,9.203342199325561523e-01,-8.691858053207397461e-01,1.944273114204406738e-01,-6.024405360221862793e-01,1.207608580589294434e-01,1.913221836090087891e+00,-1.609828352928161621e+00,-1.030892014503479004e+00,-8.483303785324096680e-01,2.800060272216796875e+00,-2.406242132186889648e+00,1.641687154769897461e+00,-1.583088397979736328e+00,-2.632898092269897461e+00,-2.483996868133544922e+00,1.327611327171325684e+00,1.369310379028320312e+00,-8.205621838569641113e-01,8.973825573921203613e-01,-9.954342246055603027e-01,8.094228506088256836e-01,1.042484283447265625e+00,3.663191199302673340e-02,-2.050792694091796875e+00,1.088008165359497070e+00,2.263045549392700195e+00,4.052095115184783936e-01,-1.025128245353698730e+00,3.245808124542236328e+00,-6.728227138519287109e-01,-1.133955836296081543e+00,-2.005973577499389648e+00,1.632675528526306152e-01,-8.814523220062255859e-01,-1.338752508163452148e+00,-1.849047899246215820e+00,-9.558789134025573730e-01,-1.060281515121459961e+00,3.855258226394653320e-01,3.259077668190002441e-01,2.816187858581542969e+00,2.149216175079345703e+00,-4.318830966949462891e-01,-3.278823137283325195e+00,1.500750541687011719e+00,2.227053940296173096e-01,-1.374965667724609375e+00,-1.086450576782226562e+00,1.574087142944335938e+00,-1.853676557540893555e+00,-1.063791394233703613e+00,1.860449790954589844e+00,1.337964177131652832e+00,2.435791254043579102e+00,-2.906906127929687500e+00
2.342183351516723633e+00,-3.371081829071044922e+00,3.291685581207275391e+00,-2.951756715774536133e+00,-1.799706816673278809e+00,5.909317731857299805e-02,-2.714433193206787109e+00,-1.308563947677612305e-01,-1.087428331375122070e+00,-1.384411752223968506e-01,-1.762749195098876953e+00,1.212996244430541992e-01,2.389173507690429688e+00,-3.871333122253417969e+00,-1.663138151168823242e+00,-3.328549385070800781e+00,1.924910664558410645e+00,-3.406554222106933594e+00,3.129327774047851562e+00,-1.688824892044067383e+00,5.422720313072204590e-02,2.724644422531127930e+00,-2.910473346710205078e+00,-2.272586345672607422e+00,-1.107606172561645508e+00,-1.246060490608215332e+00,-3.022056818008422852e+00,-3.121098875999450684e-01,-3.267711639404296875e+00,1.330523371696472168e+00,-6.070085763931274414e-01,-4.146476984024047852e-01,1.740427732467651367e+00,5.233492851257324219e-01,3.081110477447509766e+00,1.966354846954345703e+00,-2.011433124542236328e+00,-7.197772264480590820e-01,5.090653896331787109e-02,-3.330569744110107422e+00,-1.870254993438720703e+00,-2.002538442611694336e+00,7.819052934646606445e-01,-4.946794509887695312e-01,2.393378257751464844e+00,-2.959134101867675781e+00,-2.566277384757995605e-01,4.461540699005126953e+00,2.479805707931518555e+00,4.215284347534179688e+00,3.367404460906982422e+00,4.253918826580047607e-01,1.715098500251770020e+00,2.347333669662475586e+00,1.479908227920532227e+00,2.190655231475830078e+00,-6.157433986663818359e-01,1.452234387397766113e+00,3.902308464050292969e+00,-3.293438196182250977e+00,2.962518930435180664e-01,3.115097761154174805e+00,3.226118087768554688e+00,-2.859007835388183594e+00
-4.989983081817626953e+00,-8.492756843566894531e+00,8.439092636108398438e+00,-3.923068523406982422e+00,-6.604850292205810547e-01,1.894921684265136719e+01,-1.508254170417785645e+00,-3.212097883224487305e+00,6.537042140960693359e+00,2.517451047897338867e+00,3.663257598876953125e+00,1.877748966217041016e+00,-1.609682798385620117e+00,-1.951563835144042969e+00,5.097418785095214844e+00,-3.781829595565795898e+00,-2.052524328231811523e+00,-1.681959629058837891e+00,1.376238727569580078e+01,-8.968878746032714844e+00,3.873558521270751953e+00,-5.525103569030761719e+00,-7.749738693237304688e+00,-5.744999885559082031e+00,3.039886951446533203e+00,2.243128061294555664e+00,-4.744889736175537109e+00,5.710823059082031250e+00,-3.009439468383789062e+00,2.581877231597900391e+00,1.065056562423706055e+00,3.924874067306518555e+00,-4.200512886047363281e+00,2.528453111648559570e+00,5.084844112396240234e+00,1.012854099273681641e+00,-6.823496818542480469e+00,8.182539939880371094e+00,-3.327030897140502930e+00,1.864212870597839355e+00,-1.390343189239501953e+01,6.192471504211425781e+00,-3.910800218582153320e+00,-5.464776039123535156e+00,-2.217869758605957031e-01,-5.892411231994628906e+00,-3.540247440338134766e+00,-2.707591056823730469e+00,1.017546653747558594e-01,6.536199569702148438e+00,6.288049221038818359e+00,7.513197422027587891e+00,-7.775171756744384766e+00,5.075885295867919922e+00,2.273191452026367188e+00,-2.253914594650268555e+00,-4.102657318115234375e+00,1.062047958374023438e+01,-3.951856851577758789e+00,5.975848674774169922e+00,9.639101028442382812e+00,2.687294244766235352e+00,6.130555152893066406e+00,-1.051165103912353516e+01
-3.345449209213256836e+00,-5.311091423034667969e+00,3.257120847702026367e+00,-1.650591015815734863e+00,2.529653608798980713e-01,1.309334468841552734e+01,-1.431682586669921875e+00,-6.246402263641357422e-01,5.038123130798339844e+00,1.274951934814453125e+00,2.612731158733367920e-01,5.678728222846984863e-01,-1.549089431762695312e+00,-6.674282550811767578e-01,3.965174674987792969e+00,-2.562150001525878906e+00,-1.544327974319458008e+00,-1.134666681289672852e+00,7.898486614227294922e+00,-4.787433147430419922e+00,2.766799926757812500e+00,-3.635496139526367188e+00,-5.517413616180419922e+00,-4.650998592376708984e+00,2.686096191406250000e+00,2.486238241195678711e+00,-3.278901576995849609e+00,3.497254610061645508e+00,-1.964529514312744141e+00,1.768610119819641113e+00,1.410492897033691406e+00,1.246577501296997070e+00,-3.711043834686279297e+00,1.926750421524047852e+00,4.321200370788574219e+00,2.531754970550537109e-02,-3.433449745178222656e+00,5.982129573822021484e+00,-1.188595294952392578e+00,7.452237606048583984e-02,-7.185360431671142578e+00,2.776876926422119141e+00,-2.205892086029052734e+00,-2.695759773254394531e+00,-1.453372716903686523e+00,-3.626307487487792969e+00,-2.055350065231323242e+00,-1.311157941818237305e+00,1.861899495124816895e-01,5.066954135894775391e+00,4.353632450103759766e+00,2.135749816894531250e+00,-6.151404857635498047e+00,3.538152694702148438e+00,1.757563352584838867e+00,-2.173431396484375000e+00,-2.874455451965332031e+00,5.723114013671875000e+00,-2.634720087051391602e+00,1.989089727401733398e+00,5.244234085083007812e+00,2.205964088439941406e+00,4.447804927825927734e+00,-5.948264598846435547e+00
-6.386117637157440186e-02,-8.645136356353759766e-01,1.045224070549011230e+00,-6.608345508575439453e-01,6.878715753555297852e-01,-6.454181671142578125e-02,-1.659110784530639648e+00,-3.441774249076843262e-01,7.153757214546203613e-01,3.571088314056396484e-01,-3.953314423561096191e-01,8.130890130996704102e-02,1.831976175308227539e+00,-1.304161071777343750e+00,7.282453775405883789e-02,-2.215341925621032715e-01,3.984977602958679199e-01,-1.935469031333923340e+00,-1.095338940620422363e+00,1.745842695236206055e-01,-7.475852966308593750e-03,1.240574121475219727e+00,7.172352075576782227e-02,-7.061210870742797852e-01,-6.436187028884887695e-01,4.305986762046813965e-01,5.307594537734985352e-01,-9.033157229423522949e-01,-1.679975271224975586e+00,-4.825530648231506348e-01,4.448722600936889648e-01,-4.326723217964172363e-01,1.181892156600952148e+00,3.715779185295104980e-01,-2.539214491844177246e-01,4.164277911186218262e-01,4.442702531814575195e-01,-2.986922264099121094e-01,-1.289013624191284180e-01,-2.962904214859008789e+00,1.375133275985717773e+00,-2.792027711868286133e+00,8.384249210357666016e-01,2.378143668174743652e-01,-2.599071264266967773e-01,1.307086229324340820e+00,-1.414690613746643066e-01,2.395977973937988281e+00,1.239471435546875000e+00,2.210146427154541016e+00,1.360755205154418945e+00,-1.118585348129272461e+00,9.488078355789184570e-01,4.993903636932373047e-01,-7.569475173950195312e-01,1.027241826057434082e+00,1.367070674896240234e+00,-1.007705450057983398e+00,-3.473486900329589844e-01,-3.292409181594848633e+00,-1.402525424957275391e+00,2.051967620849609375e+00,-6.913103461265563965e-01,-2.365579009056091309e-01
-3.994365215301513672e+00,-3.823271274566650391e+00,3.956970691680908203e+00,-1.422637462615966797e+00,3.607203960418701172e-01,9.922777175903320312e+00,-1.175344944000244141e+00,-1.914537429809570312e+00,4.072418689727783203e+00,1.735862970352172852e+00,1.875380277633666992e+00,7.831676006317138672e-01,-2.592120766639709473e-01,-7.958547472953796387e-01,3.338344573974609375e+00,-2.441176652908325195e+00,-1.245595574378967285e+00,-1.733044147491455078e+00,5.963429927825927734e+00,-3.779057502746582031e+00,1.947216510772705078e+00,-3.294724941253662109e+00,-3.714715719223022461e+00,-4.299256801605224609e+00,2.151342391967773438e+00,2.795982122421264648e+00,-1.440963506698608398e+00,2.680743455886840820e+00,-1.551478147506713867e+00,1.515395045280456543e+00,1.439772367477416992e+00,1.158012151718139648e+00,-2.489740371704101562e+00,1.329291582107543945e+00,1.803901195526123047e+00,7.355594635009765625e-02,-2.308038949966430664e+00,5.045563697814941406e+00,-2.127017974853515625e+00,-6.359732151031494141e-01,-4.653972625732421875e+00,1.632322788238525391e+00,-1.399086952209472656e+00,-2.849649906158447266e+00,-1.354792118072509766e+00,-1.325380325317382812e+00,-1.706292986869812012e+00,-3.098447322845458984e-01,3.070663809776306152e-01,3.699551105499267578e+00,3.147835969924926758e+00,2.460629463195800781e+00,-4.814136981964111328e+00,2.447893381118774414e+00,-1.117462217807769775e-01,-1.807280778884887695e+00,-1.787143230438232422e+00,3.953498125076293945e+00,-3.544251203536987305e+00,6.138978004455566406e-01,4.531038284301757812e+00,1.733672380447387695e+00,2.542323112487792969e+00,-4.499633312225341797e+00
