2.342275619506835938e+00,3.538482666015625000e+01,-3.353043079376220703e+00,1.755391120910644531e+00,3.220730304718017578e+00,7.086745500564575195e-01,3.981877136230468750e+01,2.173447370529174805e+00,-2.279951095581054688e+01,-2.333593130111694336e+00,2.293007612228393555e+00,6.611968040466308594e+00,-4.025675964355468750e+01,3.922254943847656250e+01,-7.088300704956054688e+00,3.510888218879699707e-01,-2.728484344482421875e+01,3.641396331787109375e+01,-3.215143203735351562e+00,4.097878932952880859e+00,-3.398970067501068115e-01,4.233355522155761719e+00,-2.600582838058471680e+00,3.944441795349121094e+00,-4.886974811553955078e+00,-6.578211784362792969e+00,-1.078115749359130859e+01,-2.304165124893188477e+00,3.814487075805664062e+01,-8.132696747779846191e-01,-7.560217380523681641e+00,-2.783915758132934570e+00,5.657145023345947266e+00,-1.266131281852722168e+00,-1.588655829429626465e+00,4.665606975555419922e+00,-4.747193813323974609e+00,-7.370388507843017578e+00,2.123279094696044922e+00,4.077218246459960938e+01,-3.155592441558837891e+00,3.206859588623046875e+01,9.163491249084472656e+00,2.311079025268554688e+00,8.132355690002441406e+00,-4.593983173370361328e+00,8.452761769294738770e-01,-2.645476913452148438e+01,-4.016713714599609375e+01,-4.090570449829101562e+01,-3.881027221679687500e+01,1.131870174407958984e+01,7.167840003967285156e+00,-3.033727645874023438e+01,2.600017786026000977e+00,-1.093211174011230469e-01,6.683295726776123047e+00,7.775249004364013672e+00,2.425686120986938477e+00,3.533156967163085938e+01,-9.776881337165832520e-01,-3.744680404663085938e+01,-2.155264854431152344e+00,2.637792110443115234e+00
5.211052894592285156e+00,-6.303301334381103516e+00,4.567687988281250000e+00,-3.028191089630126953e+00,-2.655493617057800293e-01,-3.554307699203491211e+00,-1.325816345214843750e+01,-1.273171424865722656e+00,7.328582286834716797e+00,1.097595334053039551e+00,-5.059169292449951172e+00,1.262242126464843750e+01,1.637125015258789062e+01,-6.743837833404541016e+00,-1.268246841430664062e+01,2.587769985198974609e+00,-1.426217675209045410e+00,-8.628936767578125000e+00,-8.961641311645507812e+00,-4.030509948730468750e+00,2.980160713195800781e+00,6.715344429016113281e+00,-5.018027305603027344e+00,1.344438838958740234e+01,-9.836709022521972656e+00,-1.537535095214843750e+01,5.151270866394042969e+00,-9.816522598266601562e+00,-1.239925003051757812e+01,2.978850603103637695e-01,-1.399268245697021484e+01,2.524497509002685547e+00,9.445871353149414062e+00,5.226898193359375000e-01,6.299018383026123047e+00,1.150451469421386719e+01,-5.985264778137207031e+00,-1.239215564727783203e+01,-2.436152935028076172e+00,-1.559531688690185547e+01,-6.919691085815429688e+00,-1.665811157226562500e+01,-6.004354000091552734e+00,-3.061294078826904297e+00,-5.677965164184570312e+00,9.564092159271240234e-01,-1.596612215042114258e+00,5.440689086914062500e+00,1.425451374053955078e+01,4.053234577178955078e+00,5.808545112609863281e+00,-6.931673049926757812e+00,9.618592262268066406e+00,-4.404251098632812500e+00,-6.547234058380126953e+00,5.042504310607910156e+00,1.079380607604980469e+01,-3.982140302658081055e+00,5.080568313598632812e+00,-1.664668655395507812e+01,-4.500497817993164062e+00,9.007346153259277344e+00,5.188796043395996094e+00,-5.095343589782714844e+00
3.227204799652099609e+00,1.217150974273681641e+01,-8.773674964904785156e-01,-2.005907058715820312e+00,-6.272487044334411621e-01,-3.563148021697998047e+00,8.529795646667480469e+00,3.238893449306488037e-01,-2.690554618835449219e+00,3.847585916519165039e-01,-2.361916065216064453e+00,9.070056915283203125e+00,-7.107814311981201172e+00,1.275496292114257812e+01,-1.043754005432128906e+01,-6.498635411262512207e-01,-1.076759147644042969e+01,1.234385776519775391e+01,-6.563913822174072266e+00,-7.139731049537658691e-01,1.970809698104858398e+00,4.113348484039306641e+00,4.320044517517089844e-01,8.610323905944824219e+00,-7.340687751770019531e+00,-1.126334381103515625e+01,2.533353567123413086e-01,-5.947529792785644531e+00,1.155821132659912109e+01,1.560652256011962891e+00,-1.004292678833007812e+01,7.716379165649414062e-01,7.234848976135253906e+00,1.230907738208770752e-01,3.911724090576171875e+00,8.496062278747558594e+00,-2.199282407760620117e+00,-1.081488800048828125e+01,-3.861939907073974609e-01,7.350498199462890625e+00,-3.870472669601440430e+00,3.864775896072387695e+00,-1.761373758316040039e+00,-1.980276107788085938e+00,-8.909620642662048340e-01,-2.356958866119384766e+00,-8.235170841217041016e-01,-7.573180198669433594e+00,-7.795172691345214844e+00,-1.376628780364990234e+01,-1.471582031250000000e+01,-2.544084310531616211e+00,8.246318817138671875e+00,-1.360796165466308594e+01,1.758290678262710571e-01,2.003019571304321289e+00,7.251572608947753906e+00,-1.847651243209838867e+00,3.294305086135864258e+00,3.990260601043701172e+00,-2.668826341629028320e+00,-1.123752021789550781e+01,3.511634111404418945e+00,6.485103964805603027e-01
2.556226253509521484e+00,4.518913269042968750e+00,3.583149671554565430e+00,-6.664011478424072266e+00,-4.565701961517333984e+00,-1.558832883834838867e+00,2.152157425880432129e-01,-3.118170738220214844e+00,-2.312352895736694336e+00,3.038565635681152344e+00,-1.779928445816040039e+00,1.094192981719970703e+01,4.949617385864257812e+00,4.252915859222412109e+00,-1.170935344696044922e+01,-3.227390050888061523e+00,-6.243009567260742188e+00,2.858165740966796875e+00,-4.497508525848388672e+00,-4.902359485626220703e+00,5.640024662017822266e+00,5.716290950775146484e+00,-4.285972595214843750e+00,8.895723342895507812e+00,-8.566822052001953125e+00,-1.339683723449707031e+01,-1.907639354467391968e-01,-6.323693275451660156e+00,1.024538636207580566e+00,3.923571348190307617e+00,-1.121447753906250000e+01,3.497155189514160156e+00,8.752035140991210938e+00,2.035161495208740234e+00,3.219931364059448242e+00,1.065813541412353516e+01,-5.913245201110839844e+00,-1.114085865020751953e+01,-3.569910049438476562e+00,-3.738532543182373047e+00,-4.847831726074218750e+00,-6.264638900756835938e+00,-1.044543147087097168e+00,-3.986657857894897461e+00,-6.523597240447998047e-01,-3.965090036392211914e+00,-4.043482303619384766e+00,9.399384260177612305e-03,3.074668884277343750e+00,-6.202477455139160156e+00,-6.140676975250244141e+00,-8.622905015945434570e-01,8.916323661804199219e+00,-9.390740394592285156e+00,-1.351437568664550781e+00,2.879383563995361328e+00,8.358733177185058594e+00,-3.034796118736267090e-01,3.473491191864013672e+00,-6.324986457824707031e+00,-1.269251585006713867e+00,-1.553277492523193359e+00,2.886334419250488281e+00,-1.934786558151245117e+00
2.201140880584716797e+00,6.029035091400146484e+00,2.383108139038085938e+00,-4.441997528076171875e+00,-2.794278383255004883e+00,-1.576211094856262207e+00,3.356060504913330078e+00,-1.806868314743041992e+00,-3.406315326690673828e+00,1.654147863388061523e+00,-1.244967937469482422e+00,1.128217315673828125e+01,8.170847296714782715e-01,7.228761672973632812e+00,-1.191571140289306641e+01,-1.467325448989868164e+00,-8.360842704772949219e+00,5.654522895812988281e+00,-5.457627296447753906e+00,-2.525590896606445312e+00,3.843427658081054688e+00,5.676050186157226562e+00,-3.286704540252685547e+00,9.739098548889160156e+00,-8.393341064453125000e+00,-1.353755664825439453e+01,-6.576974391937255859e-01,-6.955348491668701172e+00,3.998098134994506836e+00,2.770439147949218750e+00,-1.183656883239746094e+01,2.027024507522583008e+00,8.964678764343261719e+00,1.172081947326660156e+00,2.426932573318481445e+00,1.010180950164794922e+01,-5.537499427795410156e+00,-1.134566593170166016e+01,-2.526695489883422852e+00,6.209241747856140137e-01,-5.273611068725585938e+00,-2.373369455337524414e+00,-4.588355720043182373e-01,-2.064221382141113281e+00,-4.575365781784057617e-01,-3.246546745300292969e+00,-2.575704574584960938e+00,-3.546918630599975586e+00,-8.427358865737915039e-01,-9.579449653625488281e+00,-9.136076927185058594e+00,-6.334242224693298340e-02,8.565161705017089844e+00,-1.140171623229980469e+01,-1.409437537193298340e+00,2.793534755706787109e+00,8.917739868164062500e+00,3.647952675819396973e-01,2.940508842468261719e+00,-1.773170948028564453e+00,-1.950132369995117188e+00,-4.811802864074707031e+00,2.198775053024291992e+00,-1.970679640769958496e+00
3.299913883209228516e+00,8.333280563354492188e+00,4.104258537292480469e+00,-6.677973270416259766e+00,-3.071743011474609375e+00,-3.179577827453613281e+00,1.823790073394775391e+00,-3.911022663116455078e+00,-2.623001813888549805e+00,3.507457971572875977e+00,-4.118596553802490234e+00,8.756884574890136719e+00,-6.981526017189025879e-01,6.867064476013183594e+00,-9.550375938415527344e+00,-4.253752231597900391e+00,-7.066799163818359375e+00,5.393134593963623047e+00,-4.898561000823974609e+00,-6.752703666687011719e+00,5.645696640014648438e+00,3.896603584289550781e+00,-5.564277648925781250e+00,8.364695549011230469e+00,-7.315452098846435547e+00,-1.115113353729248047e+01,3.782479763031005859e-01,-5.928708553314208984e+00,3.834121227264404297e+00,4.029608249664306641e+00,-9.496028900146484375e+00,5.021453380584716797e+00,7.178396224975585938e+00,3.676476955413818359e+00,6.031623840332031250e+00,8.498575210571289062e+00,-4.326539993286132812e+00,-9.858225822448730469e+00,-4.417418956756591797e+00,-1.831138134002685547e-02,-3.014643669128417969e+00,-3.904545307159423828e+00,-1.015285730361938477e+00,-5.920854568481445312e+00,2.037324190139770508e+00,-4.898181438446044922e+00,-4.435377120971679688e+00,-1.745807647705078125e+00,-6.713046431541442871e-01,-8.664669990539550781e+00,-8.661766052246093750e+00,-2.562319278717041016e+00,7.143805503845214844e+00,-1.218438339233398438e+01,-1.782498717308044434e+00,2.045477151870727539e+00,6.892357826232910156e+00,-1.179957389831542969e+00,3.455787897109985352e+00,-4.818421840667724609e+00,-1.332343339920043945e+00,-4.561947822570800781e+00,4.057316780090332031e+00,-2.687245905399322510e-01
1.667273283004760742e+00,8.070372939109802246e-01,3.413311004638671875e+00,-3.571635723114013672e+00,-3.412525892257690430e+00,2.212559878826141357e-01,-2.151428937911987305e+00,-2.754191398620605469e+00,-1.022171854972839355e+00,1.955392837524414062e+00,-1.620437741279602051e+00,8.294441223144531250e+00,3.575847864151000977e+00,1.152946829795837402e+00,-7.399755001068115234e+00,-2.566425561904907227e+00,-3.591385841369628906e+00,3.294363021850585938e-01,-2.998066425323486328e+00,-3.755816936492919922e+00,3.246509790420532227e+00,3.162405014038085938e+00,-3.871159791946411133e+00,7.132121562957763672e+00,-6.177319049835205078e+00,-9.738052368164062500e+00,-1.928091049194335938e-03,-4.365118026733398438e+00,-8.098737001419067383e-01,3.927587032318115234e+00,-8.868174552917480469e+00,2.556641578674316406e+00,6.131384849548339844e+00,1.040815353393554688e+00,3.020902872085571289e+00,6.746832370758056641e+00,-4.163354873657226562e+00,-7.578683376312255859e+00,-2.875733852386474609e+00,-2.330293655395507812e+00,-3.842118263244628906e+00,-4.449306488037109375e+00,-1.308507800102233887e+00,-3.154769659042358398e+00,7.745128870010375977e-02,-2.455324649810791016e+00,-2.388857126235961914e+00,-1.105700969696044922e+00,2.715323686599731445e+00,-4.345081329345703125e+00,-3.244944572448730469e+00,2.627135813236236572e-01,6.057487964630126953e+00,-6.633111476898193359e+00,-1.625393390655517578e+00,2.114520311355590820e+00,6.223872184753417969e+00,1.225245952606201172e+00,1.566590785980224609e+00,-4.917374610900878906e+00,-2.788238823413848877e-01,-1.004260063171386719e+00,1.840827703475952148e+00,-1.511615753173828125e+00
3.956928014755249023e+00,3.378302574157714844e+00,3.580947160720825195e+00,-5.031507968902587891e+00,-2.300007104873657227e+00,-3.252259969711303711e+00,-2.114418983459472656e+00,-2.195177078247070312e+00,3.544175624847412109e-02,2.167163133621215820e+00,-3.339939117431640625e+00,1.167263793945312500e+01,5.437994003295898438e+00,3.217242240905761719e+00,-1.244577503204345703e+01,-9.904980063438415527e-01,-6.060869216918945312e+00,1.426240444183349609e+00,-7.183041572570800781e+00,-4.253807544708251953e+00,4.570901870727539062e+00,6.048131942749023438e+00,-4.212662696838378906e+00,1.144251251220703125e+01,-9.226990699768066406e+00,-1.437292480468750000e+01,1.740594148635864258e+00,-8.011616706848144531e+00,-9.422698616981506348e-01,2.513721704483032227e+00,-1.251716995239257812e+01,3.146669149398803711e+00,9.416262626647949219e+00,1.789742469787597656e+00,4.937300205230712891e+00,1.085186862945556641e+01,-5.397139072418212891e+00,-1.242324733734130859e+01,-3.032943725585937500e+00,-4.920811653137207031e+00,-5.528807640075683594e+00,-7.695330619812011719e+00,-2.856524705886840820e+00,-3.808359146118164062e+00,-1.775398731231689453e+00,-2.498092651367187500e+00,-2.879149436950683594e+00,3.184658586978912354e-01,3.951045513153076172e+00,-5.535969734191894531e+00,-4.937952995300292969e+00,-3.662414789199829102e+00,9.410671234130859375e+00,-1.006496715545654297e+01,-3.391649246215820312e+00,3.448076248168945312e+00,9.398165702819824219e+00,-1.965543150901794434e+00,4.259601116180419922e+00,-7.231586933135986328e+00,-3.238120555877685547e+00,-1.946013271808624268e-01,4.153879165649414062e+00,-2.546112537384033203e+00
2.827773809432983398e+00,2.926513552665710449e-01,5.216162681579589844e+00,-5.865133762359619141e+00,-2.995434045791625977e+00,-1.954965353012084961e+00,-4.891616344451904297e+00,-3.426518917083740234e+00,-3.283197581768035889e-01,2.980163812637329102e+00,-3.077461719512939453e+00,1.196417808532714844e+01,8.401427268981933594e+00,-2.579142153263092041e-02,-1.197415637969970703e+01,-1.319028377532958984e+00,-4.599579334259033203e+00,-1.843334913253784180e+00,-6.774759769439697266e+00,-5.829761981964111328e+00,5.754858970642089844e+00,6.675183773040771484e+00,-6.538195610046386719e+00,1.188583278656005859e+01,-9.811670303344726562e+00,-1.448885154724121094e+01,7.572512030601501465e-01,-8.322597503662109375e+00,-4.995581150054931641e+00,2.690326452255249023e+00,-1.262842845916748047e+01,4.184974193572998047e+00,9.811461448669433594e+00,2.866475105285644531e+00,4.491182804107666016e+00,1.107038784027099609e+01,-7.642873764038085938e+00,-1.229926967620849609e+01,-3.890630483627319336e+00,-8.203931808471679688e+00,-6.060743331909179688e+00,-1.142176246643066406e+01,-1.814007997512817383e+00,-4.485684394836425781e+00,-3.534559011459350586e-01,-3.026641368865966797e+00,-3.791082382202148438e+00,2.520938873291015625e+00,7.758478641510009766e+00,-2.784277439117431641e+00,-1.061926126480102539e+00,-2.464532375335693359e+00,9.118355751037597656e+00,-8.764859199523925781e+00,-3.866053104400634766e+00,4.494174480438232422e+00,9.645853996276855469e+00,-6.196499466896057129e-01,4.190516948699951172e+00,-1.114550304412841797e+01,-2.996963262557983398e+00,2.629585266113281250e+00,3.392679214477539062e+00,-3.791491985321044922e+00
3.766066074371337891e+00,1.789597988128662109e+00,4.050961971282958984e+00,-5.693588733673095703e+00,-2.995784044265747070e+00,-2.760101556777954102e+00,-3.672903537750244141e+00,-2.762094020843505859e+00,6.473840475082397461e-01,2.449545383453369141e+00,-3.313556432723999023e+00,1.177655315399169922e+01,7.535736083984375000e+00,1.322103977203369141e+00,-1.251161193847656250e+01,-1.449455738067626953e+00,-4.950688838958740234e+00,-2.965852618217468262e-03,-6.379792213439941406e+00,-4.749472618103027344e+00,4.869251728057861328e+00,6.143641948699951172e+00,-4.503838539123535156e+00,1.086409854888916016e+01,-9.159726142883300781e+00,-1.470555210113525391e+01,1.900467991828918457e+00,-7.951750755310058594e+00,-2.531888008117675781e+00,2.959191322326660156e+00,-1.263064765930175781e+01,3.510159015655517578e+00,9.530691146850585938e+00,1.845440030097961426e+00,4.591285228729248047e+00,1.104770278930664062e+01,-5.632393360137939453e+00,-1.203698730468750000e+01,-3.555587530136108398e+00,-7.049290657043457031e+00,-5.509027957916259766e+00,-9.172163963317871094e+00,-2.818396806716918945e+00,-3.924162149429321289e+00,-2.110822677612304688e+00,-2.573112964630126953e+00,-3.530302286148071289e+00,1.409064054489135742e+00,5.991508007049560547e+00,-3.587881565093994141e+00,-3.065816640853881836e+00,-3.265403270721435547e+00,9.179165840148925781e+00,-8.496529579162597656e+00,-3.298090934753417969e+00,3.446504592895507812e+00,9.109425544738769531e+00,-1.858085393905639648e+00,4.285044670104980469e+00,-9.063791275024414062e+00,-2.707975387573242188e+00,1.434171199798583984e+00,3.997800111770629883e+00,-2.914058923721313477e+00
3.940442800521850586e+00,1.391849398612976074e+00,3.306969165802001953e+00,-4.344935894012451172e+00,-1.424991369247436523e+00,-3.530911922454833984e+00,-4.235917091369628906e+00,-1.987403631210327148e+00,1.653324365615844727e+00,1.879403710365295410e+00,-3.365215778350830078e+00,1.362271118164062500e+01,8.386352539062500000e+00,1.022214412689208984e+00,-1.418249607086181641e+01,4.839929640293121338e-01,-5.848101615905761719e+00,-5.039817094802856445e-01,-9.493905067443847656e+00,-3.439055681228637695e+00,4.146155834197998047e+00,7.403603076934814453e+00,-3.869146347045898438e+00,1.375486278533935547e+01,-1.072233676910400391e+01,-1.626642417907714844e+01,1.999948740005493164e+00,-9.586918830871582031e+00,-3.717061281204223633e+00,1.390086174011230469e+00,-1.447736835479736328e+01,2.729951381683349609e+00,1.108912467956542969e+01,1.447290897369384766e+00,4.705415725708007812e+00,1.218869972229003906e+01,-6.136971473693847656e+00,-1.452705669403076172e+01,-2.513196468353271484e+00,-7.395921230316162109e+00,-6.984287738800048828e+00,-1.028078651428222656e+01,-3.741528749465942383e+00,-3.027385234832763672e+00,-2.879299163818359375e+00,-1.927950739860534668e+00,-2.596390008926391602e+00,1.500871062278747559e+00,6.834669113159179688e+00,-3.892538547515869141e+00,-2.502084732055664062e+00,-4.153821468353271484e+00,1.076492118835449219e+01,-9.518934249877929688e+00,-3.705490589141845703e+00,5.037234306335449219e+00,1.069115543365478516e+01,-2.001949787139892578e+00,5.228537082672119141e+00,-9.310903549194335938e+00,-4.702338218688964844e+00,1.863080739974975586e+00,4.208872795104980469e+00,-3.806268215179443359e+00
3.013700246810913086e+00,7.405883312225341797e+00,3.480746507644653320e+00,-5.563939094543457031e+00,-3.117085218429565430e+00,-2.435567140579223633e+00,2.074454307556152344e+00,-2.750698089599609375e+00,-3.596914768218994141e+00,2.734748363494873047e+00,-2.521796703338623047e+00,1.141522216796875000e+01,1.207172393798828125e+00,6.673337936401367188e+00,-1.229988574981689453e+01,-2.246490716934204102e+00,-8.143704414367675781e+00,5.162371635437011719e+00,-6.272209167480468750e+00,-4.545937061309814453e+00,5.393293380737304688e+00,5.924468517303466797e+00,-4.774942398071289062e+00,1.044440078735351562e+01,-8.768084526062011719e+00,-1.398567867279052734e+01,-5.980553627014160156e-01,-7.373105049133300781e+00,3.297538280487060547e+00,3.070320606231689453e+00,-1.182488822937011719e+01,3.644637823104858398e+00,9.617167472839355469e+00,2.636573553085327148e+00,3.974285602569580078e+00,1.078022289276123047e+01,-5.676248550415039062e+00,-1.205069446563720703e+01,-3.451307773590087891e+00,-8.040122985839843750e-01,-5.004908561706542969e+00,-4.485656738281250000e+00,-8.711593151092529297e-01,-3.667403697967529297e+00,4.262138605117797852e-01,-4.275624275207519531e+00,-3.818343877792358398e+00,-1.833143591880798340e+00,1.201027929782867432e-01,-9.340296745300292969e+00,-8.524083137512207031e+00,-1.255130887031555176e+00,9.306703567504882812e+00,-1.261446189880371094e+01,-1.947140455245971680e+00,3.163948774337768555e+00,9.161634445190429688e+00,-2.954972386360168457e-01,3.657596588134765625e+00,-3.996550559997558594e+00,-2.270099401473999023e+00,-3.825693130493164062e+00,3.156210899353027344e+00,-1.883713245391845703e+00
-1.485662758350372314e-01,1.184536552429199219e+01,-1.608172059059143066e-01,-1.816885709762573242e+00,-2.903125047683715820e+00,8.898683786392211914e-01,1.328859043121337891e+01,-9.597110748291015625e-02,-7.997544288635253906e+00,4.855137765407562256e-01,1.250070929527282715e+00,8.874445915222167969e+00,-1.013488006591796875e+01,1.473643875122070312e+01,-9.165464401245117188e+00,-1.881365299224853516e+00,-1.195564174652099609e+01,1.398320484161376953e+01,-2.650927782058715820e+00,8.539841771125793457e-01,1.419646978378295898e+00,3.813000202178955078e+00,-6.335310935974121094e-01,5.839523792266845703e+00,-6.618408203125000000e+00,-9.511102676391601562e+00,-3.970679044723510742e+00,-3.859545469284057617e+00,1.353160190582275391e+01,3.135317325592041016e+00,-8.704142570495605469e+00,-6.196687221527099609e-01,6.267493247985839844e+00,-7.348188161849975586e-01,-1.850406527519226074e-01,7.184548854827880859e+00,-3.971132755279541016e+00,-8.400302886962890625e+00,-5.754543542861938477e-01,1.194253444671630859e+01,-4.149173259735107422e+00,7.880325317382812500e+00,2.049520969390869141e+00,-1.196743398904800415e-01,1.110968232154846191e+00,-3.176766395568847656e+00,-1.048467993736267090e+00,-1.054068756103515625e+01,-1.114730644226074219e+01,-1.671446609497070312e+01,-1.662845420837402344e+01,4.438679218292236328e+00,6.587076187133789062e+00,-1.312558364868164062e+01,1.563365459442138672e+00,1.219410419464111328e+00,6.647572994232177734e+00,3.123247623443603516e+00,1.112864136695861816e+00,9.210808753967285156e+00,-3.401182889938354492e-01,-1.384185409545898438e+01,-5.617511272430419922e-01,2.218921482563018799e-01
-4.982771277427673340e-01,3.224932479858398438e+01,-9.248145222663879395e-01,-1.158065080642700195e+00,-8.729518651962280273e-01,1.001046657562255859e+00,3.727519607543945312e+01,9.836349487304687500e-01,-2.260832977294921875e+01,-6.869728565216064453e-01,2.623157978057861328e+00,8.422575950622558594e+00,-3.442361450195312500e+01,3.613476943969726562e+01,-8.350065231323242188e+00,-4.728481173515319824e-01,-2.595337867736816406e+01,3.289489746093750000e+01,-2.814898490905761719e+00,1.749351620674133301e+00,1.016215920448303223e+00,4.724561691284179688e+00,-3.813856840133666992e+00,4.268150806427001953e+00,-6.299704551696777344e+00,-7.726885795593261719e+00,-1.034908962249755859e+01,-3.053486585617065430e+00,3.422165679931640625e+01,2.605794668197631836e-01,-8.336347579956054688e+00,-1.550774812698364258e+00,5.892651557922363281e+00,2.931107878684997559e-01,-1.481424212455749512e+00,6.459289550781250000e+00,-7.135776519775390625e+00,-8.348602294921875000e+00,6.384617686271667480e-01,3.515538787841796875e+01,-3.622027873992919922e+00,2.636915016174316406e+01,9.525978088378906250e+00,1.478769659996032715e+00,7.866882801055908203e+00,-5.621451377868652344e+00,-3.520697653293609619e-01,-2.263543319702148438e+01,-3.332943725585937500e+01,-3.718179321289062500e+01,-3.662723159790039062e+01,1.082899856567382812e+01,4.922226905822753906e+00,-2.755619812011718750e+01,1.996693849563598633e+00,8.007176220417022705e-02,8.095335006713867188e+00,7.022646427154541016e+00,1.096754789352416992e+00,3.032154655456542969e+01,-1.056032896041870117e+00,-3.350061416625976562e+01,-2.359108686447143555e+00,9.269745349884033203e-01
4.394995212554931641e+00,1.897002935409545898e+00,3.791826725006103516e+00,-4.874361038208007812e+00,-2.208176851272583008e+00,-3.634452342987060547e+00,-4.019021987915039062e+00,-2.077307224273681641e+00,1.147536873817443848e+00,1.899031162261962891e+00,-3.659635305404663086e+00,1.196757030487060547e+01,7.566878795623779297e+00,1.722568035125732422e+00,-1.255710315704345703e+01,-3.246570229530334473e-01,-5.592025756835937500e+00,-3.895668685436248779e-01,-7.401643276214599609e+00,-4.314091682434082031e+00,4.577342033386230469e+00,6.294518947601318359e+00,-4.802306175231933594e+00,1.165888786315917969e+01,-9.165618896484375000e+00,-1.493435859680175781e+01,2.247834682464599609e+00,-8.385467529296875000e+00,-2.787776708602905273e+00,1.996909856796264648e+00,-1.293332576751708984e+01,2.907487154006958008e+00,9.487748146057128906e+00,1.531209468841552734e+00,5.179719448089599609e+00,1.115382766723632812e+01,-5.661354541778564453e+00,-1.229050159454345703e+01,-3.057920217514038086e+00,-7.394840717315673828e+00,-5.850749492645263672e+00,-1.003712368011474609e+01,-3.275412797927856445e+00,-3.425544738769531250e+00,-2.713205099105834961e+00,-1.863191723823547363e+00,-2.788961648941040039e+00,1.217499732971191406e+00,5.956523418426513672e+00,-3.883619546890258789e+00,-2.987160921096801758e+00,-4.224994659423828125e+00,9.233542442321777344e+00,-9.437264442443847656e+00,-3.989670991897583008e+00,3.643825292587280273e+00,1.003048038482666016e+01,-2.487584114074707031e+00,4.170978546142578125e+00,-9.534021377563476562e+00,-3.234519481658935547e+00,1.673300981521606445e+00,4.260255813598632812e+00,-3.189595222473144531e+00
1.336313128471374512e+00,6.956660747528076172e+00,1.038658142089843750e+00,-2.287437438964843750e+00,-2.466154336929321289e+00,1.062369868159294128e-01,5.828498840332031250e+00,-1.569122314453125000e+00,-3.360389232635498047e+00,8.175354003906250000e-01,-9.106324315071105957e-01,9.035376548767089844e+00,-3.736078500747680664e+00,8.620416641235351562e+00,-9.200341224670410156e+00,-2.023043155670166016e+00,-8.829730987548828125e+00,7.684231281280517578e+00,-3.507286787033081055e+00,-1.601159572601318359e+00,1.892447113990783691e+00,3.367119550704956055e+00,-1.976649999618530273e+00,7.368400096893310547e+00,-6.761660099029541016e+00,-9.779893875122070312e+00,-1.056024670600891113e+00,-4.299438953399658203e+00,6.706615447998046875e+00,3.182929754257202148e+00,-9.532906532287597656e+00,9.574600458145141602e-01,6.409287929534912109e+00,6.578436493873596191e-02,2.319039821624755859e+00,7.325880527496337891e+00,-2.945234060287475586e+00,-9.032511711120605469e+00,-1.481015205383300781e+00,4.913236618041992188e+00,-3.458614826202392578e+00,1.882861018180847168e+00,-5.766015052795410156e-01,-1.813604474067687988e+00,-1.656702756881713867e-01,-2.499285221099853516e+00,-1.119439601898193359e+00,-5.836236000061035156e+00,-4.653757095336914062e+00,-1.121669673919677734e+01,-1.043843650817871094e+01,9.437410831451416016e-01,6.954865455627441406e+00,-1.082565498352050781e+01,-4.436380565166473389e-01,2.059324026107788086e+00,6.629166126251220703e+00,1.126199603080749512e+00,1.392706751823425293e+00,2.318094491958618164e+00,-3.787092566490173340e-01,-7.984290599822998047e+00,1.810213327407836914e+00,9.968289732933044434e-02
4.383466243743896484e+00,-3.688539743423461914e+00,4.209753036499023438e+00,-2.346171140670776367e+00,-7.967284321784973145e-02,-2.538340330123901367e+00,-8.610140800476074219e+00,-7.875581383705139160e-01,3.578690767288208008e+00,9.924970865249633789e-01,-3.862812757492065430e+00,1.325304508209228516e+01,1.206858539581298828e+01,-2.929377317428588867e+00,-1.283674335479736328e+01,3.105566263198852539e+00,-3.153395891189575195e+00,-5.102957248687744141e+00,-8.632435798645019531e+00,-2.744981765747070312e+00,2.453177213668823242e+00,7.308125495910644531e+00,-4.723771572113037109e+00,1.338243389129638672e+01,-1.009878063201904297e+01,-1.564807415008544922e+01,3.156622171401977539e+00,-9.556444168090820312e+00,-8.288619995117187500e+00,7.525126934051513672e-01,-1.419678211212158203e+01,1.711074471473693848e+00,9.804019927978515625e+00,1.968891918659210205e-01,4.866806030273437500e+00,1.145757579803466797e+01,-6.720293045043945312e+00,-1.249592018127441406e+01,-1.914632558822631836e+00,-1.035140609741210938e+01,-7.680127620697021484e+00,-1.236018562316894531e+01,-4.485028743743896484e+00,-1.924370169639587402e+00,-4.404152870178222656e+00,8.536919355392456055e-01,-1.424109816551208496e+00,2.536619424819946289e+00,1.007110309600830078e+01,2.611206471920013428e-01,1.933114528656005859e+00,-4.108027935028076172e+00,9.629953384399414062e+00,-6.837519168853759766e+00,-5.789870738983154297e+00,4.881571769714355469e+00,1.136311244964599609e+01,-1.659824132919311523e+00,4.827470779418945312e+00,-1.141929912567138672e+01,-4.638205528259277344e+00,5.446677207946777344e+00,3.911785602569580078e+00,-5.467314243316650391e+00
-9.209430813789367676e-01,1.463152313232421875e+01,1.095231294631958008e+00,-2.964302778244018555e+00,-3.839434146881103516e+00,2.214218139648437500e+00,1.776425361633300781e+01,-1.999402284622192383e+00,-1.244899559020996094e+01,8.235781788825988770e-01,1.931611180305480957e+00,8.918684005737304688e+00,-1.498865032196044922e+01,1.807221984863281250e+01,-8.730925559997558594e+00,-3.442137002944946289e+00,-1.426519680023193359e+01,1.649892044067382812e+01,-1.428987979888916016e+00,-4.774670004844665527e-01,2.424223661422729492e+00,3.497078180313110352e+00,-2.768390178680419922e+00,5.767027378082275391e+00,-6.075707912445068359e+00,-8.500459671020507812e+00,-5.935325145721435547e+00,-2.832002639770507812e+00,1.668936157226562500e+01,3.826420068740844727e+00,-9.035690307617187500e+00,5.395956039428710938e-01,6.439323425292968750e+00,6.344357728958129883e-01,-1.197445392608642578e+00,6.256907939910888672e+00,-4.965986251831054688e+00,-8.348279953002929688e+00,-1.674679994583129883e+00,1.641931915283203125e+01,-3.548253297805786133e+00,1.160250282287597656e+01,4.813313007354736328e+00,-5.196704864501953125e-01,3.912516355514526367e+00,-4.822381019592285156e+00,-1.863068461418151855e+00,-1.197095489501953125e+01,-1.552880477905273438e+01,-2.126070404052734375e+01,-2.021808433532714844e+01,7.377595901489257812e+00,5.746273517608642578e+00,-1.600223350524902344e+01,1.567241668701171875e+00,7.865214943885803223e-01,6.407410621643066406e+00,5.497744083404541016e+00,1.665946096181869507e-01,1.377834987640380859e+01,9.223880767822265625e-01,-1.702109527587890625e+01,-1.111190795898437500e+00,5.249758362770080566e-01
8.962811231613159180e-01,4.167979240417480469e+00,1.455506443977355957e+00,-3.641775608062744141e+00,-3.447338104248046875e+00,4.415614008903503418e-01,4.039281845092773438e+00,-9.588237404823303223e-01,-3.713695526123046875e+00,1.230049967765808105e+00,-5.646735429763793945e-03,1.075130462646484375e+01,1.316253662109375000e+00,6.556805133819580078e+00,-1.096664428710937500e+01,-1.154389858245849609e+00,-8.071162223815917969e+00,5.047327518463134766e+00,-3.788391590118408203e+00,-1.378038048744201660e+00,2.656250476837158203e+00,5.341668605804443359e+00,-2.728217840194702148e+00,7.937427520751953125e+00,-7.730067729949951172e+00,-1.275668525695800781e+01,-1.924318432807922363e+00,-5.573892593383789062e+00,3.651276111602783203e+00,2.797230005264282227e+00,-1.114135265350341797e+01,9.062944650650024414e-01,7.850009441375732422e+00,-3.258481323719024658e-01,5.587108731269836426e-01,8.993827819824218750e+00,-5.765658855438232422e+00,-1.003424453735351562e+01,-1.675992369651794434e+00,8.899943828582763672e-01,-5.606516838073730469e+00,-1.513921380043029785e+00,9.642583131790161133e-02,-9.542568922042846680e-01,-1.301017642021179199e+00,-2.288027763366699219e+00,-2.134827852249145508e+00,-3.954255104064941406e+00,-7.472511529922485352e-01,-8.667815208435058594e+00,-8.404754638671875000e+00,2.171291351318359375e+00,7.801023960113525391e+00,-9.058444976806640625e+00,-6.992077827453613281e-01,2.302922487258911133e+00,8.389165878295898438e+00,1.648699164390563965e+00,2.215971231460571289e+00,-2.916265726089477539e-01,-1.015179395675659180e+00,-4.364990711212158203e+00,5.936723947525024414e-01,-2.046313524246215820e+00
3.836868286132812500e+00,8.356653213500976562e+00,1.066134691238403320e+00,-3.143332242965698242e+00,-7.570967078208923340e-01,-4.388605117797851562e+00,3.273655414581298828e+00,-4.625215530395507812e-01,-5.993328094482421875e-01,9.472568035125732422e-01,-3.163831949234008789e+00,1.071167850494384766e+01,-1.151244878768920898e+00,8.775821685791015625e+00,-1.241760253906250000e+01,-3.400900363922119141e-01,-9.216911315917968750e+00,7.270417213439941406e+00,-7.969651699066162109e+00,-2.161388874053955078e+00,2.990421295166015625e+00,5.463524818420410156e+00,-1.751747846603393555e+00,1.103504848480224609e+01,-8.578316688537597656e+00,-1.356757450103759766e+01,1.578000783920288086e+00,-7.791750431060791016e+00,5.758634090423583984e+00,1.178749918937683105e+00,-1.204963207244873047e+01,1.882752656936645508e+00,8.855542182922363281e+00,1.020229578018188477e+00,4.842191219329833984e+00,1.019695472717285156e+01,-3.516159057617187500e+00,-1.232028675079345703e+01,-1.555354952812194824e+00,1.136451125144958496e+00,-4.730329036712646484e+00,-2.312006950378417969e+00,-2.672502756118774414e+00,-2.643794536590576172e+00,-1.698015213012695312e+00,-2.449356555938720703e+00,-1.778303384780883789e+00,-3.926309823989868164e+00,-2.039860010147094727e+00,-1.024042129516601562e+01,-1.036388015747070312e+01,-4.206124305725097656e+00,9.218377113342285156e+00,-1.270177745819091797e+01,-1.866878032684326172e+00,2.972570657730102539e+00,9.174362182617187500e+00,-2.972706556320190430e+00,3.952156305313110352e+00,-1.851580142974853516e+00,-3.785372018814086914e+00,-6.171308040618896484e+00,4.072060108184814453e+00,-5.759481191635131836e-01
5.580154418945312500e+00,2.928317070007324219e+00,4.751484394073486328e+00,-6.354414463043212891e+00,-1.384598135948181152e+00,-5.583394527435302734e+00,-5.478225708007812500e+00,-2.707647562026977539e+00,2.165470600128173828e+00,2.580057621002197266e+00,-5.582110404968261719e+00,1.207256507873535156e+01,8.061757087707519531e+00,1.694373846054077148e+00,-1.347966003417968750e+01,-4.681229591369628906e-01,-5.361772537231445312e+00,-5.956861376762390137e-01,-8.545784950256347656e+00,-6.148902416229248047e+00,5.708335399627685547e+00,6.616436481475830078e+00,-5.987315177917480469e+00,1.288521480560302734e+01,-9.875554084777832031e+00,-1.567690849304199219e+01,3.803947925567626953e+00,-9.741765975952148438e+00,-3.630992889404296875e+00,1.735907912254333496e+00,-1.300214576721191406e+01,4.666984081268310547e+00,1.003929328918457031e+01,3.316377162933349609e+00,7.281436443328857422e+00,1.211211872100830078e+01,-5.907144546508789062e+00,-1.344828224182128906e+01,-4.019390106201171875e+00,-8.757353782653808594e+00,-5.803456306457519531e+00,-1.183701801300048828e+01,-3.866936206817626953e+00,-5.273856639862060547e+00,-1.999262690544128418e+00,-2.608116149902343750e+00,-3.974274396896362305e+00,2.538813114166259766e+00,6.897221088409423828e+00,-3.312534809112548828e+00,-2.626539468765258789e+00,-6.774775981903076172e+00,9.644461631774902344e+00,-1.034538650512695312e+01,-5.108260154724121094e+00,4.097033977508544922e+00,1.017355060577392578e+01,-4.345563411712646484e+00,5.598401546478271484e+00,-1.219286441802978516e+01,-4.285069942474365234e+00,2.286460399627685547e+00,5.645664215087890625e+00,-3.017832517623901367e+00
1.361279845237731934e+00,1.643076658248901367e+00,3.411231517791748047e+00,-5.521323680877685547e+00,-4.767197132110595703e+00,7.669146358966827393e-02,-6.351992487907409668e-01,-3.216720581054687500e+00,-1.937681794166564941e+00,2.706557989120483398e+00,-7.517825365066528320e-01,1.195511627197265625e+01,5.600366592407226562e+00,2.210406303405761719e+00,-1.211354637145996094e+01,-3.094797849655151367e+00,-5.264896869659423828e+00,1.516165494918823242e+00,-4.573984146118164062e+00,-3.780553579330444336e+00,4.630083560943603516e+00,5.936362266540527344e+00,-3.794136524200439453e+00,9.994266510009765625e+00,-8.940589904785156250e+00,-1.390008831024169922e+01,-9.641087651252746582e-01,-6.277803421020507812e+00,-8.972340822219848633e-01,4.127517223358154297e+00,-1.224924468994140625e+01,2.827331542968750000e+00,9.487613677978515625e+00,1.204247951507568359e+00,1.723660469055175781e+00,1.036011886596679688e+01,-5.765569686889648438e+00,-1.153401565551757812e+01,-3.356110095977783203e+00,-4.341273784637451172e+00,-5.718091964721679688e+00,-6.362498283386230469e+00,-1.099130868911743164e+00,-2.842241764068603516e+00,-1.330074071884155273e+00,-3.391795873641967773e+00,-3.584234714508056641e+00,3.382721841335296631e-01,4.083015441894531250e+00,-5.631513595581054688e+00,-4.550717353820800781e+00,1.145118355751037598e+00,8.953626632690429688e+00,-7.714073657989501953e+00,-9.248356223106384277e-01,3.291190624237060547e+00,8.232986450195312500e+00,1.432654500007629395e+00,2.891495227813720703e+00,-5.351815223693847656e+00,-1.309393763542175293e+00,-2.549653053283691406e-01,1.752449035644531250e+00,-2.544631481170654297e+00
-1.730244636535644531e+00,1.814179039001464844e+01,1.007528066635131836e+00,-2.346983909606933594e+00,-3.721198320388793945e+00,3.901411056518554688e+00,2.406405639648437500e+01,-7.513252496719360352e-01,-1.751841926574707031e+01,2.305726706981658936e-01,3.504473686218261719e+00,9.613505363464355469e+00,-1.871301460266113281e+01,2.266633415222167969e+01,-8.606020927429199219e+00,-1.597935438156127930e+00,-1.842854309082031250e+01,1.977209091186523438e+01,-6.311631798744201660e-01,7.767074108123779297e-01,1.925833582878112793e+00,4.830519199371337891e+00,-5.090012073516845703e+00,4.642737388610839844e+00,-6.056917190551757812e+00,-9.184816360473632812e+00,-9.392548561096191406e+00,-2.816828250885009766e+00,2.022482299804687500e+01,2.472914934158325195e+00,-9.357545852661132812e+00,-4.515223503112792969e-01,6.481511116027832031e+00,-3.773140907287597656e-02,-3.336657285690307617e+00,6.633968830108642578e+00,-8.229923248291015625e+00,-7.554512977600097656e+00,-7.224219441413879395e-01,2.058799743652343750e+01,-4.872180461883544922e+00,1.469967937469482422e+01,7.769432067871093750e+00,1.494655847549438477e+00,4.456670284271240234e+00,-4.624375343322753906e+00,-1.513124227523803711e+00,-1.485664749145507812e+01,-1.955966186523437500e+01,-2.560281372070312500e+01,-2.412792968750000000e+01,1.169495296478271484e+01,4.857266426086425781e+00,-1.857280731201171875e+01,1.250849008560180664e+00,5.166242718696594238e-01,8.442858695983886719e+00,7.905445098876953125e+00,-2.685984373092651367e-01,1.871341705322265625e+01,8.999634385108947754e-01,-2.021271896362304688e+01,-3.449004888534545898e+00,-1.179452180862426758e+00
2.809915542602539062e+00,5.299030303955078125e+00,2.927091836929321289e+00,-5.765581607818603516e+00,-3.783735752105712891e+00,-2.166390895843505859e+00,7.299425601959228516e-01,-2.643019914627075195e+00,-1.795360326766967773e+00,2.508656263351440430e+00,-1.908720016479492188e+00,1.068821620941162109e+01,3.586985349655151367e+00,4.977203845977783203e+00,-1.144215393066406250e+01,-3.131691932678222656e+00,-6.558503150939941406e+00,3.952968358993530273e+00,-5.447398662567138672e+00,-4.206650733947753906e+00,4.632937431335449219e+00,5.326395034790039062e+00,-3.161534309387207031e+00,8.883247375488281250e+00,-8.444792747497558594e+00,-1.325384235382080078e+01,1.630682349205017090e-01,-6.281643867492675781e+00,2.270866394042968750e+00,3.563541412353515625e+00,-1.136383533477783203e+01,2.829282999038696289e+00,8.305788040161132812e+00,1.556694269180297852e+00,3.326929807662963867e+00,1.003516864776611328e+01,-4.787699699401855469e+00,-1.104526901245117188e+01,-3.144039869308471680e+00,-2.276277542114257812e+00,-4.748200416564941406e+00,-4.640553474426269531e+00,-1.706245541572570801e+00,-3.743120908737182617e+00,-9.132695794105529785e-01,-3.743351459503173828e+00,-3.447597980499267578e+00,-1.001440286636352539e+00,1.972060561180114746e+00,-7.124181747436523438e+00,-7.320642471313476562e+00,-1.353254437446594238e+00,8.853766441345214844e+00,-9.866445541381835938e+00,-1.029897212982177734e+00,2.661706686019897461e+00,8.214659690856933594e+00,-6.624884009361267090e-01,3.496513843536376953e+00,-4.993508815765380859e+00,-1.806121110916137695e+00,-2.834174156188964844e+00,2.972498416900634766e+00,-1.445330858230590820e+00
5.091383457183837891e+00,-1.693157076835632324e+00,5.820435047149658203e+00,-5.994072437286376953e+00,-1.519651651382446289e+00,-4.011640548706054688e+00,-9.346971511840820312e+00,-2.711611509323120117e+00,2.737827777862548828e+00,2.499025344848632812e+00,-4.938167095184326172e+00,1.369434452056884766e+01,1.437800025939941406e+01,-2.936784982681274414e+00,-1.430290603637695312e+01,1.139096975326538086e+00,-4.175193309783935547e+00,-5.887902736663818359e+00,-8.496634483337402344e+00,-6.148756027221679688e+00,5.696208000183105469e+00,8.269566535949707031e+00,-7.389019966125488281e+00,1.376654434204101562e+01,-1.096325206756591797e+01,-1.708668899536132812e+01,3.595124483108520508e+00,-1.028011989593505859e+01,-9.307340621948242188e+00,1.285939693450927734e+00,-1.450076866149902344e+01,4.133610248565673828e+00,1.086048698425292969e+01,2.456932067871093750e+00,6.313345432281494141e+00,1.330883026123046875e+01,-8.417946815490722656e+00,-1.420437812805175781e+01,-3.840511083602905273e+00,-1.390790653228759766e+01,-7.210968494415283203e+00,-1.602491378784179688e+01,-3.901812553405761719e+00,-4.465341567993164062e+00,-3.405237913131713867e+00,-1.821869730949401855e+00,-3.725041866302490234e+00,5.357695579528808594e+00,1.227765083312988281e+01,5.478470325469970703e-01,2.114707946777343750e+00,-5.853554725646972656e+00,1.055774784088134766e+01,-8.240080833435058594e+00,-6.305019855499267578e+00,5.221023559570312500e+00,1.181278133392333984e+01,-3.611923217773437500e+00,5.738446712493896484e+00,-1.608402252197265625e+01,-4.294937610626220703e+00,7.083673477172851562e+00,5.068686962127685547e+00,-5.594959735870361328e+00
3.269221305847167969e+00,-7.694182395935058594e-01,4.065551280975341797e+00,-5.086691379547119141e+00,-2.879085302352905273e+00,-2.308555841445922852e+00,-5.337454319000244141e+00,-2.361020565032958984e+00,1.156863212585449219e+00,2.007572174072265625e+00,-2.425803422927856445e+00,1.320578193664550781e+01,1.064865493774414062e+01,-7.152010202407836914e-01,-1.352549839019775391e+01,-3.422036767005920410e-01,-4.503100395202636719e+00,-2.472071647644042969e+00,-7.470237255096435547e+00,-3.749770164489746094e+00,4.514601707458496094e+00,7.292526245117187500e+00,-4.191572189331054688e+00,1.248114681243896484e+01,-1.031247138977050781e+01,-1.607727432250976562e+01,1.605656743049621582e+00,-8.670013427734375000e+00,-5.057274341583251953e+00,2.237786054611206055e+00,-1.398272037506103516e+01,2.598892688751220703e+00,1.061977386474609375e+01,1.039357781410217285e+00,3.694934844970703125e+00,1.194119167327880859e+01,-6.650548458099365234e+00,-1.306850719451904297e+01,-2.884737968444824219e+00,-9.142277717590332031e+00,-6.689426898956298828e+00,-1.115793800354003906e+01,-3.124970912933349609e+00,-2.777570009231567383e+00,-3.214924097061157227e+00,-1.820832490921020508e+00,-2.873938560485839844e+00,2.389618396759033203e+00,8.494257926940917969e+00,-2.258441686630249023e+00,-9.495443105697631836e-01,-2.757633209228515625e+00,1.023529624938964844e+01,-7.617511749267578125e+00,-3.248909473419189453e+00,4.425785064697265625e+00,1.036053276062011719e+01,-1.380582213401794434e+00,4.345407009124755859e+00,-1.024751567840576172e+01,-3.480513095855712891e+00,3.392902612686157227e+00,3.390697956085205078e+00,-4.191092491149902344e+00
4.706527709960937500e+00,1.777150630950927734e+00,4.873616695404052734e+00,-6.725015163421630859e+00,-2.695389747619628906e+00,-4.175255775451660156e+00,-5.782166957855224609e+00,-3.086212635040283203e+00,1.022936463356018066e+00,2.988671064376831055e+00,-3.768409252166748047e+00,1.384652709960937500e+01,1.113208007812500000e+01,4.476108551025390625e-01,-1.488440513610839844e+01,-9.064898490905761719e-01,-5.522812366485595703e+00,-1.585026860237121582e+00,-9.101184844970703125e+00,-5.502296924591064453e+00,6.233912467956542969e+00,8.007256507873535156e+00,-5.833330154418945312e+00,1.356750297546386719e+01,-1.099623870849609375e+01,-1.697256851196289062e+01,2.416966915130615234e+00,-1.004912757873535156e+01,-5.214203834533691406e+00,2.255803346633911133e+00,-1.463130760192871094e+01,4.107284069061279297e+00,1.161976051330566406e+01,2.838248252868652344e+00,5.599628925323486328e+00,1.335513973236083984e+01,-7.336982727050781250e+00,-1.476406478881835938e+01,-3.810092210769653320e+00,-1.054479408264160156e+01,-6.622741699218750000e+00,-1.322703552246093750e+01,-3.500748872756958008e+00,-4.454448699951171875e+00,-2.595395088195800781e+00,-3.109488248825073242e+00,-3.914535760879516602e+00,3.833793878555297852e+00,9.167374610900878906e+00,-2.849127531051635742e+00,-1.734066724777221680e+00,-5.044389247894287109e+00,1.128990173339843750e+01,-9.882305145263671875e+00,-4.043311119079589844e+00,5.017745018005371094e+00,1.114774417877197266e+01,-2.732042789459228516e+00,5.669237613677978516e+00,-1.291043186187744141e+01,-4.261002540588378906e+00,3.529778957366943359e+00,4.985661029815673828e+00,-4.331902027130126953e+00
6.997951984405517578e+00,-1.406762123107910156e+00,3.906777858734130859e+00,-4.004696846008300781e+00,5.515191555023193359e-01,-6.993654251098632812e+00,-1.128796672821044922e+01,-1.057576894760131836e+00,6.842975139617919922e+00,1.430258989334106445e+00,-6.100074291229248047e+00,1.438678264617919922e+01,1.447523593902587891e+01,-2.900355100631713867e+00,-1.582532405853271484e+01,2.212930917739868164e+00,-3.709454536437988281e+00,-4.780012130737304688e+00,-1.269364643096923828e+01,-3.940583944320678711e+00,3.805079936981201172e+00,7.908131599426269531e+00,-3.772793769836425781e+00,1.619624900817871094e+01,-1.205413818359375000e+01,-1.809599304199218750e+01,6.199271678924560547e+00,-1.193251323699951172e+01,-8.908660888671875000e+00,-1.170001700520515442e-01,-1.597819423675537109e+01,2.857415914535522461e+00,1.195859813690185547e+01,1.553216218948364258e+00,7.730497360229492188e+00,1.366465568542480469e+01,-4.883892536163330078e+00,-1.605500030517578125e+01,-2.404278993606567383e+00,-1.403491973876953125e+01,-7.335143566131591797e+00,-1.642563247680664062e+01,-7.208367347717285156e+00,-3.643573522567749023e+00,-5.980491161346435547e+00,3.212696313858032227e-02,-2.209472656250000000e+00,4.925570964813232422e+00,1.242179679870605469e+01,6.438362002372741699e-01,2.262180328369140625e+00,-9.864581108093261719e+00,1.187485885620117188e+01,-8.714970588684082031e+00,-6.171337127685546875e+00,5.892234802246093750e+00,1.200892925262451172e+01,-5.682714462280273438e+00,6.984262466430664062e+00,-1.608465766906738281e+01,-6.654979228973388672e+00,6.740684509277343750e+00,6.788379669189453125e+00,-4.695527076721191406e+00
3.243074417114257812e+00,7.145596504211425781e+00,1.639995217323303223e+00,-3.697103738784790039e+00,-1.870473265647888184e+00,-2.525876283645629883e+00,2.749966859817504883e+00,-9.234620332717895508e-01,-1.797301292419433594e+00,1.408533811569213867e+00,-2.277963399887084961e+00,1.114886569976806641e+01,1.179061532020568848e+00,7.171243190765380859e+00,-1.230556488037109375e+01,-1.064642429351806641e+00,-8.810858726501464844e+00,6.038018703460693359e+00,-6.766584873199462891e+00,-2.493025779724121094e+00,3.363100767135620117e+00,5.561026573181152344e+00,-2.565356254577636719e+00,1.008950328826904297e+01,-8.579877853393554688e+00,-1.368797016143798828e+01,3.820980489253997803e-01,-7.210949897766113281e+00,4.124979019165039062e+00,2.235614538192749023e+00,-1.204317378997802734e+01,1.867624998092651367e+00,8.826377868652343750e+00,7.484316229820251465e-01,3.747098922729492188e+00,1.034108161926269531e+01,-4.600273132324218750e+00,-1.177055740356445312e+01,-1.983776211738586426e+00,-4.461874961853027344e-01,-5.153721809387207031e+00,-3.190624952316284180e+00,-2.171168804168701172e+00,-2.302136898040771484e+00,-1.979322433471679688e+00,-2.680512666702270508e+00,-2.125771522521972656e+00,-2.966514587402343750e+00,-1.872242689132690430e-01,-9.224483489990234375e+00,-8.977608680725097656e+00,-2.223771572113037109e+00,9.332226753234863281e+00,-1.158737373352050781e+01,-1.587980151176452637e+00,2.906826972961425781e+00,9.169053077697753906e+00,-1.521895647048950195e+00,3.557369709014892578e+00,-2.828229427337646484e+00,-2.710361003875732422e+00,-4.542665004730224609e+00,3.291359424591064453e+00,-1.560261249542236328e+00
1.578610897064208984e+00,1.581857204437255859e+00,4.753525733947753906e+00,-5.592235565185546875e+00,-4.548464298248291016e+00,2.504570484161376953e-01,-1.991298317909240723e+00,-4.152925491333007812e+00,-2.627270221710205078e+00,3.042909622192382812e+00,-1.998212218284606934e+00,7.743229866027832031e+00,3.179333925247192383e+00,1.060380697250366211e+00,-6.616035461425781250e+00,-3.837412357330322266e+00,-3.405822515487670898e+00,8.451792597770690918e-02,-1.959006667137145996e+00,-6.032440662384033203e+00,4.678295612335205078e+00,3.150498628616333008e+00,-5.864770412445068359e+00,6.194875240325927734e+00,-6.066236972808837891e+00,-9.432805061340332031e+00,-8.490589857101440430e-01,-4.148374557495117188e+00,-1.206387281417846680e+00,5.118112087249755859e+00,-8.202191352844238281e+00,3.931981563568115234e+00,5.826997756958007812e+00,2.276742458343505859e+00,3.658385276794433594e+00,6.384525299072265625e+00,-5.249698162078857422e+00,-7.085062980651855469e+00,-4.225481510162353516e+00,-2.468468904495239258e+00,-3.551165819168090820e+00,-5.174381732940673828e+00,-3.961762189865112305e-01,-4.732957839965820312e+00,2.009949445724487305e+00,-3.674344539642333984e+00,-3.902909517288208008e+00,-2.531650960445404053e-01,2.830382347106933594e+00,-4.170077323913574219e+00,-3.392248630523681641e+00,8.812420368194580078e-01,5.352606296539306641e+00,-7.405083179473876953e+00,-1.958304643630981445e+00,1.779660940170288086e+00,5.726529121398925781e+00,1.998931527137756348e+00,1.774246215820312500e+00,-5.990324020385742188e+00,4.094298779964447021e-01,-7.683401703834533691e-01,1.805015802383422852e+00,-1.625390768051147461e+00
4.315589427947998047e+00,4.394508302211761475e-01,2.732887506484985352e+00,-4.028734207153320312e+00,-1.403834581375122070e+00,-2.949331283569335938e+00,-5.104160785675048828e+00,-8.452979326248168945e-01,2.937440395355224609e+00,1.406518340110778809e+00,-3.314423322677612305e+00,1.272773170471191406e+01,1.010427761077880859e+01,6.845642924308776855e-01,-1.387471008300781250e+01,7.016578912734985352e-01,-5.519506931304931641e+00,-1.175567507743835449e+00,-7.592288970947265625e+00,-3.120916366577148438e+00,3.473382949829101562e+00,6.947538375854492188e+00,-3.635674953460693359e+00,1.176732730865478516e+01,-9.946879386901855469e+00,-1.572930908203125000e+01,2.889868259429931641e+00,-8.971418380737304688e+00,-4.247780799865722656e+00,1.309499382972717285e+00,-1.341297245025634766e+01,2.140288829803466797e+00,9.790969848632812500e+00,5.455356836318969727e-01,4.438991069793701172e+00,1.195105171203613281e+01,-5.647652149200439453e+00,-1.313728427886962891e+01,-2.229796886444091797e+00,-9.139989852905273438e+00,-6.494472980499267578e+00,-1.075672054290771484e+01,-3.954004764556884766e+00,-2.597599506378173828e+00,-4.640120029449462891e+00,-1.053671836853027344e+00,-2.236570835113525391e+00,1.656068325042724609e+00,7.772581577301025391e+00,-1.997897744178771973e+00,-1.738295435905456543e+00,-4.694771766662597656e+00,1.026536369323730469e+01,-7.491614341735839844e+00,-4.086441993713378906e+00,4.181602954864501953e+00,1.061461925506591797e+01,-3.031178712844848633e+00,4.730612277984619141e+00,-1.068400669097900391e+01,-3.517966270446777344e+00,2.831967592239379883e+00,3.887544393539428711e+00,-3.426909923553466797e+00
2.931137084960937500e+00,7.087880611419677734e+00,2.888358592987060547e+00,-5.510864734649658203e+00,-3.152071952819824219e+00,-2.526100635528564453e+00,2.969687938690185547e+00,-2.521304368972778320e+00,-2.784968614578247070e+00,2.368482828140258789e+00,-2.229758024215698242e+00,1.103592777252197266e+01,3.816399872303009033e-01,7.421009540557861328e+00,-1.211803722381591797e+01,-2.360498905181884766e+00,-8.035654067993164062e+00,6.005046844482421875e+00,-5.885129928588867188e+00,-3.869214296340942383e+00,4.864929199218750000e+00,5.479264259338378906e+00,-3.453523874282836914e+00,9.900818824768066406e+00,-8.518973350524902344e+00,-1.365542793273925781e+01,4.637181758880615234e-02,-6.858745574951171875e+00,4.195033073425292969e+00,3.246426582336425781e+00,-1.164767360687255859e+01,3.226995706558227539e+00,9.281174659729003906e+00,2.110824346542358398e+00,3.770445585250854492e+00,1.006438064575195312e+01,-5.007885932922363281e+00,-1.214277172088623047e+01,-3.131796121597290039e+00,2.159305810928344727e-01,-4.659841060638427734e+00,-3.069056272506713867e+00,-8.968706130981445312e-01,-3.571819543838500977e+00,-1.729957759380340576e-01,-3.856100082397460938e+00,-3.382744073867797852e+00,-2.487730026245117188e+00,-7.260717153549194336e-01,-9.793375015258789062e+00,-9.177680969238281250e+00,-1.380844593048095703e+00,8.831677436828613281e+00,-1.185648822784423828e+01,-1.424004793167114258e+00,2.750441551208496094e+00,8.408885002136230469e+00,-6.780692934989929199e-01,3.476451873779296875e+00,-2.990689516067504883e+00,-2.138423681259155273e+00,-4.554669857025146484e+00,3.310354471206665039e+00,-1.291042804718017578e+00
-1.314023971557617188e+00,2.810227012634277344e+01,-6.698248386383056641e-01,-1.325043797492980957e+00,-1.696418166160583496e+00,2.360702276229858398e+00,3.436274337768554688e+01,6.902239918708801270e-01,-2.137591171264648438e+01,-6.359651088714599609e-01,3.417234182357788086e+00,8.840847969055175781e+00,-3.035309982299804688e+01,3.266728210449218750e+01,-8.582172393798828125e+00,-5.846734642982482910e-01,-2.423903465270996094e+01,2.944031524658203125e+01,-2.006090402603149414e+00,1.870043277740478516e+00,1.128791332244873047e+00,4.827403068542480469e+00,-4.178423881530761719e+00,4.278662204742431641e+00,-6.154721736907958984e+00,-8.089863777160644531e+00,-1.039247608184814453e+01,-2.975310564041137695e+00,3.052367973327636719e+01,4.599367976188659668e-01,-8.803891181945800781e+00,-1.426038503646850586e+00,6.008565902709960938e+00,-2.684923112392425537e-01,-2.806373119354248047e+00,6.477973937988281250e+00,-7.829955577850341797e+00,-8.253129005432128906e+00,3.613264858722686768e-01,3.131550979614257812e+01,-4.415852069854736328e+00,2.336685562133789062e+01,9.563003540039062500e+00,1.795772552490234375e+00,6.626327037811279297e+00,-5.206955909729003906e+00,-7.556401491165161133e-01,-2.063772964477539062e+01,-2.972363090515136719e+01,-3.413998413085937500e+01,-3.335947418212890625e+01,1.191201400756835938e+01,4.758203506469726562e+00,-2.471934890747070312e+01,1.899446368217468262e+00,1.909484714269638062e-01,8.353203773498535156e+00,7.481939315795898438e+00,5.247002840042114258e-01,2.743483161926269531e+01,-1.725071072578430176e-01,-2.972322654724121094e+01,-3.155652761459350586e+00,2.409503310918807983e-01
2.551815032958984375e+00,7.050677299499511719e+00,1.504133820533752441e+00,-1.417767405509948730e+00,-7.529593110084533691e-01,-1.118344187736511230e+00,4.916831970214843750e+00,-9.518940448760986328e-01,-2.586011886596679688e+00,5.658061504364013672e-01,-2.797791481018066406e+00,7.372082710266113281e+00,-5.427690029144287109e+00,8.450403213500976562e+00,-7.279766559600830078e+00,-1.209502220153808594e-01,-8.385890007019042969e+00,7.106170177459716797e+00,-3.372334480285644531e+00,-2.232291221618652344e+00,1.953714966773986816e+00,2.561231613159179688e+00,-3.586272716522216797e+00,7.356416225433349609e+00,-5.526163101196289062e+00,-8.676471710205078125e+00,1.846283674240112305e-03,-4.655005931854248047e+00,6.129719257354736328e+00,2.523982048034667969e+00,-8.630812644958496094e+00,1.681656718254089355e+00,5.681974887847900391e+00,7.120784521102905273e-01,4.395457267761230469e+00,5.822276592254638672e+00,-3.319166898727416992e+00,-7.768041133880615234e+00,-1.448709487915039062e+00,4.959380149841308594e+00,-2.936899185180664062e+00,1.361740708351135254e+00,-6.889832019805908203e-01,-2.199823141098022461e+00,6.518633961677551270e-01,-1.516192436218261719e+00,-7.469925284385681152e-01,-6.419561862945556641e+00,-5.391726493835449219e+00,-1.068433189392089844e+01,-9.597757339477539062e+00,-7.796851992607116699e-01,5.382686614990234375e+00,-1.140669822692871094e+01,-2.427343368530273438e+00,1.580617070198059082e+00,6.189194679260253906e+00,-1.375618875026702881e-01,1.478586435317993164e+00,1.773877620697021484e+00,-1.149417042732238770e+00,-7.191812515258789062e+00,2.760827541351318359e+00,-1.596558690071105957e-01
3.028464317321777344e+00,7.377044677734375000e+00,1.791390180587768555e+00,-4.707526206970214844e+00,-2.274821996688842773e+00,-3.083093166351318359e+00,2.840612888336181641e+00,-1.636552333831787109e+00,-1.648617982864379883e+00,1.840157032012939453e+00,-2.529041767120361328e+00,1.077168464660644531e+01,2.401558160781860352e-01,7.651726722717285156e+00,-1.205804157257080078e+01,-1.495372653007507324e+00,-8.505178451538085938e+00,6.398609638214111328e+00,-6.712186813354492188e+00,-3.065383672714233398e+00,4.052391529083251953e+00,5.401626110076904297e+00,-2.473877668380737305e+00,9.797106742858886719e+00,-8.459178924560546875e+00,-1.344355201721191406e+01,5.769369006156921387e-01,-7.152431964874267578e+00,4.695829391479492188e+00,2.297760248184204102e+00,-1.155014514923095703e+01,2.647238254547119141e+00,8.750705718994140625e+00,1.565875172615051270e+00,4.091647624969482422e+00,9.990223884582519531e+00,-4.501510143280029297e+00,-1.203700828552246094e+01,-2.289473056793212891e+00,3.121253252029418945e-01,-4.611396312713623047e+00,-2.960367918014526367e+00,-1.678316354751586914e+00,-3.328067541122436523e+00,-1.152013421058654785e+00,-3.298995733261108398e+00,-2.626180887222290039e+00,-2.995671749114990234e+00,-9.200329184532165527e-01,-9.545619010925292969e+00,-9.496644020080566406e+00,-2.577413082122802734e+00,9.057989120483398438e+00,-1.160773277282714844e+01,-1.620658755302429199e+00,2.802096605300903320e+00,8.707979202270507812e+00,-1.751993298530578613e+00,3.685474872589111328e+00,-2.912938594818115234e+00,-2.645754337310791016e+00,-4.934971809387207031e+00,3.401291847229003906e+00,-1.135439157485961914e+00
2.273470878601074219e+00,4.311393737792968750e+00,2.296992540359497070e+00,-4.833601951599121094e+00,-3.492220878601074219e+00,-1.205897331237792969e+00,6.747788190841674805e-01,-1.861820697784423828e+00,-1.111093282699584961e+00,2.014143466949462891e+00,-1.665434241294860840e+00,1.082554054260253906e+01,3.911246538162231445e+00,4.540698528289794922e+00,-1.146044540405273438e+01,-2.133856773376464844e+00,-6.888211250305175781e+00,3.655017852783203125e+00,-4.981001853942871094e+00,-3.321714401245117188e+00,4.036615371704101562e+00,5.584200859069824219e+00,-3.156560897827148438e+00,8.909956932067871094e+00,-8.265293121337890625e+00,-1.320797538757324219e+01,5.653905868530273438e-02,-6.303348064422607422e+00,1.566463947296142578e+00,2.999199867248535156e+00,-1.129616737365722656e+01,2.370332956314086914e+00,8.575305938720703125e+00,9.350849390029907227e-01,2.663511514663696289e+00,1.013956928253173828e+01,-5.173864364624023438e+00,-1.104685592651367188e+01,-2.633228540420532227e+00,-2.980689048767089844e+00,-4.991621017456054688e+00,-5.059135437011718750e+00,-1.625108718872070312e+00,-2.864005565643310547e+00,-1.938108563423156738e+00,-2.974619388580322266e+00,-2.757440090179443359e+00,-1.199746251106262207e+00,2.321832180023193359e+00,-6.327400207519531250e+00,-6.541249275207519531e+00,-9.378539919853210449e-01,8.571213722229003906e+00,-8.789106369018554688e+00,-1.496594071388244629e+00,2.726960659027099609e+00,8.262899398803710938e+00,-7.006505727767944336e-01,3.148456811904907227e+00,-5.094025135040283203e+00,-1.663640141487121582e+00,-2.113315343856811523e+00,2.492511034011840820e+00,-1.593178868293762207e+00
3.698621749877929688e+00,2.305137217044830322e-01,4.325423717498779297e+00,-6.141798019409179688e+00,-3.331016540527343750e+00,-2.826741933822631836e+00,-5.900656700134277344e+00,-2.988427877426147461e+00,1.608229875564575195e+00,2.673390865325927734e+00,-2.966237783432006836e+00,1.237434196472167969e+01,1.068347930908203125e+01,-5.568184256553649902e-01,-1.282140159606933594e+01,-1.665903687477111816e+00,-4.213703155517578125e+00,-1.970924735069274902e+00,-6.705150127410888672e+00,-4.959234237670898438e+00,5.201823234558105469e+00,6.460816383361816406e+00,-4.648542881011962891e+00,1.083950328826904297e+01,-9.407374382019042969e+00,-1.462786006927490234e+01,2.136216402053833008e+00,-8.003145217895507812e+00,-4.829199790954589844e+00,2.912083148956298828e+00,-1.270407676696777344e+01,3.511948823928833008e+00,9.696268081665039062e+00,2.151630878448486328e+00,4.265788078308105469e+00,1.149109554290771484e+01,-5.734897613525390625e+00,-1.248403072357177734e+01,-3.734056472778320312e+00,-9.451050758361816406e+00,-6.013970851898193359e+00,-1.146039009094238281e+01,-3.196050882339477539e+00,-4.141798973083496094e+00,-2.767186880111694336e+00,-2.674351453781127930e+00,-3.599342107772827148e+00,2.933451175689697266e+00,8.530482292175292969e+00,-1.950044155120849609e+00,-1.279676675796508789e+00,-3.306607723236083984e+00,9.476116180419921875e+00,-7.491407871246337891e+00,-3.189952850341796875e+00,3.828162193298339844e+00,9.357641220092773438e+00,-1.795050621032714844e+00,4.328590393066406250e+00,-1.164238643646240234e+01,-2.545805215835571289e+00,3.301723957061767578e+00,3.916315555572509766e+00,-3.324712991714477539e+00
-1.645557641983032227e+00,2.148714637756347656e+01,1.875976920127868652e+00,-3.148870706558227539e+00,-3.858651161193847656e+00,4.088778972625732422e+00,2.826154708862304688e+01,-1.283747673034667969e+00,-2.131452560424804688e+01,3.447383642196655273e-01,3.787518501281738281e+00,1.073754024505615234e+01,-2.218165397644042969e+01,2.659752845764160156e+01,-9.713843345642089844e+00,-8.076992630958557129e-01,-2.084253120422363281e+01,2.274668693542480469e+01,-1.091401100158691406e+00,5.753461122512817383e-01,2.292987108230590820e+00,6.013974666595458984e+00,-6.448315143585205078e+00,4.676124095916748047e+00,-6.770391464233398438e+00,-9.944925308227539062e+00,-1.083027172088623047e+01,-3.744080305099487305e+00,2.305474090576171875e+01,2.050890922546386719e+00,-1.025454139709472656e+01,-6.146180033683776855e-01,7.175432682037353516e+00,2.656124234199523926e-01,-3.254112958908081055e+00,7.739833831787109375e+00,-1.023721981048583984e+01,-8.187547683715820312e+00,-1.144516348838806152e+00,2.475022315979003906e+01,-5.842731475830078125e+00,1.755619812011718750e+01,9.758873939514160156e+00,1.619724273681640625e+00,6.214982986450195312e+00,-5.142098903656005859e+00,-2.153908967971801758e+00,-1.678132629394531250e+01,-2.308788681030273438e+01,-2.937632369995117188e+01,-2.735878181457519531e+01,1.308301258087158203e+01,5.116062164306640625e+00,-2.200617790222167969e+01,5.199348926544189453e-01,9.510172605514526367e-01,9.775506973266601562e+00,9.349670410156250000e+00,6.523390412330627441e-01,2.216541671752929688e+01,7.606689929962158203e-01,-2.344603347778320312e+01,-3.892824649810791016e+00,-2.334474563598632812e+00
5.245281696319580078e+00,9.096040725708007812e-01,2.313240528106689453e+00,-2.378612041473388672e+00,3.709318041801452637e-01,-4.672953128814697266e+00,-5.666770935058593750e+00,-2.912057042121887207e-01,4.326508045196533203e+00,6.990762948989868164e-01,-4.513460636138916016e+00,1.202303123474121094e+01,8.131232261657714844e+00,1.084455132484436035e+00,-1.332567024230957031e+01,1.623768210411071777e+00,-5.135220527648925781e+00,-6.215211153030395508e-01,-9.151425361633300781e+00,-2.267467498779296875e+00,2.235556364059448242e+00,5.938288211822509766e+00,-2.458685398101806641e+00,1.247860527038574219e+01,-9.500701904296875000e+00,-1.508753871917724609e+01,4.230268478393554688e+00,-9.321547508239746094e+00,-3.042464971542358398e+00,4.298250079154968262e-01,-1.336949729919433594e+01,1.679590225219726562e+00,9.312192916870117188e+00,3.411546349525451660e-01,5.836165904998779297e+00,1.089814567565917969e+01,-3.657821178436279297e+00,-1.268428611755371094e+01,-1.570133566856384277e+00,-7.184206485748291016e+00,-5.888139247894287109e+00,-9.498801231384277344e+00,-5.248828887939453125e+00,-2.420024871826171875e+00,-4.619874477386474609e+00,-3.758292198181152344e-01,-1.339367508888244629e+00,3.643622994422912598e-01,6.000513076782226562e+00,-3.129183530807495117e+00,-2.265654563903808594e+00,-6.686940193176269531e+00,9.758762359619140625e+00,-8.772902488708496094e+00,-4.326632976531982422e+00,4.001705169677734375e+00,1.033728694915771484e+01,-4.177906990051269531e+00,4.866865634918212891e+00,-9.202361106872558594e+00,-4.694496154785156250e+00,1.327383995056152344e+00,4.945916175842285156e+00,-2.388013362884521484e+00
1.086838483810424805e+00,9.552062034606933594e+00,-5.552581548690795898e-01,-1.638385534286499023e+00,-1.472277760505676270e+00,-1.133160948753356934e+00,8.080763816833496094e+00,-2.023480832576751709e-01,-3.638918161392211914e+00,5.651432871818542480e-01,-4.654083549976348877e-01,9.178189277648925781e+00,-5.598820686340332031e+00,1.069306755065917969e+01,-1.043670940399169922e+01,-1.400048971176147461e+00,-1.006644821166992188e+01,1.045976829528808594e+01,-5.234708309173583984e+00,-2.126705795526504517e-01,1.470546126365661621e+00,3.943742513656616211e+00,-8.177876472473144531e-02,8.060153007507324219e+00,-7.388579845428466797e+00,-1.084825420379638672e+01,-1.497925162315368652e+00,-4.984533786773681641e+00,9.769556999206542969e+00,1.968837976455688477e+00,-1.025447463989257812e+01,2.794110774993896484e-01,7.286106586456298828e+00,-3.237807750701904297e-01,1.827785372734069824e+00,8.168919563293457031e+00,-2.610507249832153320e+00,-1.022248744964599609e+01,-5.593129992485046387e-01,7.074923992156982422e+00,-3.833162546157836914e+00,3.477344036102294922e+00,-7.359543442726135254e-01,-1.162786722183227539e+00,-4.921842217445373535e-01,-3.064557313919067383e+00,-7.542210817337036133e-01,-7.416577816009521484e+00,-6.365112781524658203e+00,-1.317819023132324219e+01,-1.311510562896728516e+01,4.714161753654479980e-01,8.046215057373046875e+00,-1.204423236846923828e+01,9.462564587593078613e-01,2.379970073699951172e+00,7.015176296234130859e+00,5.168779492378234863e-01,2.018900632858276367e+00,4.142697811126708984e+00,-1.721016645431518555e+00,-1.039868545532226562e+01,1.449813485145568848e+00,6.367105245590209961e-01
1.495113849639892578e+00,5.846632957458496094e+00,1.716177463531494141e+00,-2.730160951614379883e+00,-2.588231801986694336e+00,-3.483010530471801758e-01,5.073308944702148438e+00,-1.458581686019897461e+00,-4.100018501281738281e+00,1.022210717201232910e+00,-5.214495658874511719e-01,1.113707351684570312e+01,-1.557967424392700195e+00,8.055844306945800781e+00,-1.124196815490722656e+01,-8.946774005889892578e-01,-9.158411979675292969e+00,6.982747077941894531e+00,-5.449292182922363281e+00,-1.185141444206237793e+00,2.813118934631347656e+00,5.320929527282714844e+00,-2.572955369949340820e+00,9.627597808837890625e+00,-8.094058990478515625e+00,-1.261266136169433594e+01,-1.647370457649230957e+00,-6.153722763061523438e+00,4.920307159423828125e+00,2.607033252716064453e+00,-1.173453998565673828e+01,1.026605844497680664e+00,8.718213081359863281e+00,4.912995994091033936e-01,1.736350297927856445e+00,9.088490486145019531e+00,-5.069706916809082031e+00,-1.121429157257080078e+01,-1.661767363548278809e+00,3.193861722946166992e+00,-5.215103149414062500e+00,-2.911633253097534180e-01,-1.929473876953125000e-02,-1.151184439659118652e+00,-2.559466361999511719e-01,-2.590830087661743164e+00,-1.705327153205871582e+00,-5.207681179046630859e+00,-2.795591831207275391e+00,-1.109780693054199219e+01,-9.702956199645996094e+00,1.282484531402587891e+00,8.259874343872070312e+00,-1.160882663726806641e+01,-1.040770888328552246e+00,3.042376995086669922e+00,8.359392166137695312e+00,1.674564361572265625e+00,2.505535364151000977e+00,1.148568630218505859e+00,-1.586773753166198730e+00,-6.258133888244628906e+00,1.541402339935302734e+00,-1.779634714126586914e+00
-4.535222530364990234e+00,6.285598278045654297e+00,2.481571197509765625e+00,2.038242965936660767e-01,-4.019222259521484375e+00,9.942256927490234375e+00,1.518564605712890625e+01,-1.838926076889038086e-01,-1.439291763305664062e+01,-3.757151961326599121e-01,5.800927639007568359e+00,7.381893157958984375e+00,-1.191418457031250000e+01,1.115388870239257812e+01,-3.183565139770507812e+00,2.387064397335052490e-01,-1.256021499633789062e+01,9.086467742919921875e+00,3.856613397598266602e+00,8.466641604900360107e-02,1.160317808389663696e-01,3.291872501373291016e+00,-7.402180194854736328e+00,1.507732987403869629e+00,-3.859832525253295898e+00,-4.697728157043457031e+00,-1.108567810058593750e+01,-6.028506755828857422e-01,9.272520065307617188e+00,3.385352373123168945e+00,-6.308551788330078125e+00,-1.011031627655029297e+00,2.882053613662719727e+00,-1.582480192184448242e+00,-6.249666213989257812e+00,2.890113353729248047e+00,-1.009547805786132812e+01,-3.262984991073608398e+00,-1.010575413703918457e+00,1.340766811370849609e+01,-5.140271663665771484e+00,1.005058479309082031e+01,8.698450088500976562e+00,2.448132276535034180e+00,4.804692268371582031e+00,-2.391510963439941406e+00,-7.527513504028320312e-01,-1.138706016540527344e+01,-1.149472808837890625e+01,-1.415260028839111328e+01,-1.288729858398437500e+01,1.664949607849121094e+01,2.286964654922485352e+00,-9.438382148742675781e+00,-6.408724784851074219e-01,7.277523279190063477e-01,7.339767932891845703e+00,1.218849849700927734e+01,-3.128960132598876953e+00,1.216439723968505859e+01,3.345916509628295898e+00,-1.143843460083007812e+01,-7.657692909240722656e+00,-2.545409917831420898e+00
-1.227212786674499512e+00,2.192525482177734375e+01,9.086108207702636719e-02,-2.843645095825195312e+00,-3.532658100128173828e+00,2.771115779876708984e+00,2.662823486328125000e+01,-6.228893399238586426e-01,-1.797362518310546875e+01,4.968877732753753662e-01,3.379904508590698242e+00,9.163788795471191406e+00,-2.102759170532226562e+01,2.506072998046875000e+01,-8.917693138122558594e+00,-1.639291524887084961e+00,-1.966890716552734375e+01,2.244855880737304688e+01,-1.583610773086547852e+00,1.831527352333068848e-01,2.202533960342407227e+00,5.087197303771972656e+00,-4.551066875457763672e+00,4.514516830444335938e+00,-6.782310962677001953e+00,-9.631457328796386719e+00,-9.464199066162109375e+00,-2.947685956954956055e+00,2.306917953491210938e+01,1.814496755599975586e+00,-9.277643203735351562e+00,-5.515437126159667969e-01,6.445869922637939453e+00,-2.090516388416290283e-01,-2.551069498062133789e+00,7.365764141082763672e+00,-8.059656143188476562e+00,-8.452933311462402344e+00,-5.532530546188354492e-01,2.297776031494140625e+01,-4.565733909606933594e+00,1.652998542785644531e+01,7.536599159240722656e+00,7.026180624961853027e-01,5.151329517364501953e+00,-5.357636451721191406e+00,-1.709239602088928223e+00,-1.547717285156250000e+01,-2.102085685729980469e+01,-2.716927337646484375e+01,-2.640353584289550781e+01,1.069980430603027344e+01,5.709780216217041016e+00,-2.022979927062988281e+01,1.958392262458801270e+00,9.237818121910095215e-01,8.061375617980957031e+00,6.872368812561035156e+00,6.815216541290283203e-01,1.987252807617187500e+01,-5.575791001319885254e-02,-2.290924072265625000e+01,-2.984171152114868164e+00,-4.619896411895751953e-01
1.441503167152404785e+00,5.790953040122985840e-01,3.603062391281127930e+00,-2.999190807342529297e+00,-2.790664196014404297e+00,1.080597996711730957e+00,-1.743494033813476562e+00,-2.645412445068359375e+00,-1.018214225769042969e+00,1.462051153182983398e+00,-1.827480435371398926e+00,8.207737922668457031e+00,2.738645553588867188e+00,1.399343013763427734e+00,-6.986734390258789062e+00,-1.928631424903869629e+00,-4.888204574584960938e+00,-7.839423418045043945e-02,-2.424479246139526367e+00,-3.851635217666625977e+00,2.991055965423583984e+00,2.844736337661743164e+00,-4.970284461975097656e+00,7.117233276367187500e+00,-6.055607795715332031e+00,-8.523156166076660156e+00,1.349982321262359619e-01,-4.085479259490966797e+00,-1.388294458389282227e+00,4.070509433746337891e+00,-8.482915878295898438e+00,2.751948833465576172e+00,5.670360565185546875e+00,1.028761982917785645e+00,2.941452026367187500e+00,6.267328262329101562e+00,-4.385801792144775391e+00,-7.662985324859619141e+00,-2.810666561126708984e+00,-2.543625831604003906e+00,-3.570339679718017578e+00,-4.826751232147216797e+00,-7.179575562477111816e-01,-3.204137802124023438e+00,1.478750556707382202e-01,-2.085480451583862305e+00,-1.811380267143249512e+00,-1.110530376434326172e+00,2.261300325393676758e+00,-4.309786796569824219e+00,-2.708834648132324219e+00,6.147779226303100586e-01,5.673189163208007812e+00,-7.109555244445800781e+00,-2.813420295715332031e+00,2.147557497024536133e+00,5.998485088348388672e+00,1.406151056289672852e+00,1.136090040206909180e+00,-5.270455360412597656e+00,2.684875130653381348e-01,-7.774114608764648438e-01,2.050038337707519531e+00,-1.660886168479919434e+00
1.591409921646118164e+00,8.219107627868652344e+00,-2.863097190856933594e-01,-1.649087190628051758e+00,-9.428194761276245117e-01,-1.118165969848632812e+00,6.433984279632568359e+00,3.770820498466491699e-01,-2.296146869659423828e+00,6.555172801017761230e-01,-1.283670306205749512e+00,8.477458000183105469e+00,-4.798614025115966797e+00,9.689552307128906250e+00,-9.237358093261718750e+00,-3.921236395835876465e-01,-9.393959999084472656e+00,8.951518058776855469e+00,-4.537711143493652344e+00,-1.046663999557495117e+00,1.680566310882568359e+00,4.235036849975585938e+00,-1.240966439247131348e+00,7.754680633544921875e+00,-7.011544227600097656e+00,-1.063643550872802734e+01,-8.517368435859680176e-01,-5.438649177551269531e+00,7.858218669891357422e+00,1.596283555030822754e+00,-9.487255096435546875e+00,9.775841236114501953e-01,6.592350959777832031e+00,-7.418805360794067383e-02,2.335805416107177734e+00,7.642154216766357422e+00,-3.531445980072021484e+00,-9.743947029113769531e+00,-6.724405288696289062e-01,5.153262138366699219e+00,-4.274322986602783203e+00,1.813986063003540039e+00,-7.530040740966796875e-01,-1.459026575088500977e+00,-4.490131139755249023e-01,-1.989036440849304199e+00,-8.720968365669250488e-01,-6.612018585205078125e+00,-4.859895229339599609e+00,-1.046097373962402344e+01,-1.149889373779296875e+01,-3.267613947391510010e-01,7.265407562255859375e+00,-1.055264186859130859e+01,-7.191343307495117188e-01,1.968491196632385254e+00,7.088204860687255859e+00,5.868606269359588623e-03,2.110035896301269531e+00,2.187604665756225586e+00,-1.951611757278442383e+00,-8.383482933044433594e+00,1.343405246734619141e+00,5.910922586917877197e-02
5.724181175231933594e+00,-7.246076583862304688e+00,5.101319789886474609e+00,-2.003446817398071289e+00,5.959503650665283203e-01,-3.495198011398315430e+00,-1.482480239868164062e+01,-9.115251302719116211e-01,7.959118843078613281e+00,8.049855232238769531e-01,-5.859950542449951172e+00,1.146148014068603516e+01,1.600864219665527344e+01,-7.993222236633300781e+00,-1.062063694000244141e+01,3.489480018615722656e+00,-3.106517791748046875e-01,-1.005187606811523438e+01,-8.042235374450683594e+00,-4.430745124816894531e+00,2.360044717788696289e+00,6.002116203308105469e+00,-6.224880695343017578e+00,1.301211452484130859e+01,-9.005097389221191406e+00,-1.339136314392089844e+01,5.917921543121337891e+00,-9.397451400756835938e+00,-1.401972770690917969e+01,5.661444664001464844e-01,-1.277820205688476562e+01,2.489892721176147461e+00,8.326649665832519531e+00,6.038667559623718262e-01,7.327296257019042969e+00,1.009442806243896484e+01,-6.017887592315673828e+00,-1.128784942626953125e+01,-2.322886943817138672e+00,-1.603775787353515625e+01,-6.408146858215332031e+00,-1.725065994262695312e+01,-6.542156696319580078e+00,-3.258272886276245117e+00,-5.388218402862548828e+00,2.081046581268310547e+00,-1.018155574798583984e+00,5.471905231475830078e+00,1.451822280883789062e+01,5.727006435394287109e+00,7.711660861968994141e+00,-7.490954399108886719e+00,8.303814888000488281e+00,-4.102482318878173828e+00,-8.067937850952148438e+00,4.898530960083007812e+00,1.004796600341796875e+01,-3.847096204757690430e+00,4.593730926513671875e+00,-1.774637222290039062e+01,-4.420471668243408203e+00,1.011810493469238281e+01,5.519229888916015625e+00,-5.585708618164062500e+00
3.228927135467529297e+00,1.185925304889678955e-01,2.852257728576660156e+00,-2.587761163711547852e+00,-1.419653892517089844e+00,-1.844259977340698242e+00,-4.773696899414062500e+00,-9.075945019721984863e-01,1.999114751815795898e+00,1.098083496093750000e+00,-3.036602497100830078e+00,1.033390235900878906e+01,7.317260265350341797e+00,3.578900694847106934e-01,-1.050425815582275391e+01,6.181280016899108887e-01,-4.531225204467773438e+00,-1.326697945594787598e+00,-5.902583599090576172e+00,-3.044363737106323242e+00,2.432696342468261719e+00,5.036484718322753906e+00,-3.788760900497436523e+00,9.966437339782714844e+00,-8.060174942016601562e+00,-1.257373619079589844e+01,2.295944690704345703e+00,-7.185376167297363281e+00,-3.228744983673095703e+00,1.711038589477539062e+00,-1.142635059356689453e+01,1.913312435150146484e+00,7.629540443420410156e+00,2.269771099090576172e-01,4.349194526672363281e+00,9.168107032775878906e+00,-4.786786556243896484e+00,-1.029637622833251953e+01,-1.942585825920104980e+00,-6.373902797698974609e+00,-5.143729686737060547e+00,-8.285660743713378906e+00,-3.553111076354980469e+00,-2.488185405731201172e+00,-3.068803548812866211e+00,-6.963064670562744141e-01,-1.475163578987121582e+00,9.059607982635498047e-03,5.625823497772216797e+00,-2.414287567138671875e+00,-1.572104454040527344e+00,-3.494403362274169922e+00,7.911245822906494141e+00,-7.112247943878173828e+00,-3.791601657867431641e+00,3.194860696792602539e+00,9.143536567687988281e+00,-1.902418494224548340e+00,3.016131401062011719e+00,-8.269808769226074219e+00,-2.573637723922729492e+00,1.423645973205566406e+00,3.379585504531860352e+00,-2.805407524108886719e+00
1.901571393013000488e+00,1.032842731475830078e+01,-7.241882085800170898e-01,-1.640532016754150391e+00,-1.007760763168334961e+00,-1.962500572204589844e+00,8.610052108764648438e+00,-1.043298244476318359e-01,-2.879614591598510742e+00,5.074605941772460938e-01,-1.279090166091918945e+00,9.362787246704101562e+00,-6.419383525848388672e+00,1.162626171112060547e+01,-1.069129753112792969e+01,-1.152746796607971191e+00,-1.052970123291015625e+01,1.113542842864990234e+01,-5.554769515991210938e+00,-4.018862545490264893e-01,1.612748861312866211e+00,4.091636657714843750e+00,3.011745214462280273e-02,8.562285423278808594e+00,-7.400058746337890625e+00,-1.096244239807128906e+01,-6.612824201583862305e-01,-5.293479919433593750e+00,1.049252796173095703e+01,1.661517858505249023e+00,-1.037550354003906250e+01,5.707245469093322754e-01,7.627235412597656250e+00,5.493588745594024658e-03,2.591293573379516602e+00,8.192745208740234375e+00,-2.200042247772216797e+00,-1.075931072235107422e+01,-5.103265643119812012e-01,7.271626472473144531e+00,-3.647197961807250977e+00,3.774419069290161133e+00,-9.408302307128906250e-01,-1.289859175682067871e+00,-6.573472023010253906e-01,-2.910797119140625000e+00,-6.249979734420776367e-01,-7.476873874664306641e+00,-7.026355743408203125e+00,-1.357237720489501953e+01,-1.375080871582031250e+01,-5.330723524093627930e-01,8.081168174743652344e+00,-1.252244758605957031e+01,4.855501651763916016e-01,2.272622585296630859e+00,7.012468338012695312e+00,-5.656188726425170898e-01,2.396209001541137695e+00,4.392947673797607422e+00,-1.988082647323608398e+00,-1.062990093231201172e+01,2.189377784729003906e+00,9.435446262359619141e-01
1.354184627532958984e+00,2.119247913360595703e-01,3.331065177917480469e+00,-3.980081558227539062e+00,-3.972747087478637695e+00,7.341094017028808594e-01,-9.156761169433593750e-01,-2.138654947280883789e+00,-2.667828559875488281e+00,1.475368738174438477e+00,3.325738012790679932e-02,1.284677314758300781e+01,6.798955440521240234e+00,1.933714628219604492e+00,-1.218190670013427734e+01,-4.316221475601196289e-01,-5.838015556335449219e+00,4.838550388813018799e-01,-5.786066532135009766e+00,-2.091530799865722656e+00,3.333042383193969727e+00,6.846867084503173828e+00,-3.971370220184326172e+00,1.016223621368408203e+01,-9.047707557678222656e+00,-1.487121105194091797e+01,-1.584175586700439453e+00,-7.076771736145019531e+00,-1.953622579574584961e+00,2.892407894134521484e+00,-1.342046165466308594e+01,1.364503860473632812e+00,9.687285423278808594e+00,-9.033876657485961914e-02,8.982903957366943359e-01,1.069503116607666016e+01,-7.079870700836181641e+00,-1.163046646118164062e+01,-2.274385690689086914e+00,-3.982228040695190430e+00,-7.026947498321533203e+00,-6.239593982696533203e+00,-9.954648017883300781e-01,-1.169411182403564453e+00,-1.877334475517272949e+00,-1.790985584259033203e+00,-2.481788158416748047e+00,-7.256311178207397461e-01,4.519912719726562500e+00,-5.618998527526855469e+00,-3.867518901824951172e+00,1.939603328704833984e+00,9.099313735961914062e+00,-8.151947021484375000e+00,-1.801088213920593262e+00,3.863016843795776367e+00,1.000513839721679688e+01,2.405035018920898438e+00,3.007097721099853516e+00,-4.736003875732421875e+00,-1.840637445449829102e+00,-1.751234233379364014e-01,1.056786298751831055e+00,-4.336261272430419922e+00
3.360627651214599609e+00,1.401492595672607422e+00,2.322373390197753906e+00,-3.266694068908691406e+00,-1.335743904113769531e+00,-2.197612285614013672e+00,-2.763591766357421875e+00,-7.633711695671081543e-01,1.217324137687683105e+00,1.033998966217041016e+00,-2.854082345962524414e+00,1.210585784912109375e+01,7.072946071624755859e+00,2.403361082077026367e+00,-1.288712310791015625e+01,6.804293990135192871e-01,-6.226822853088378906e+00,7.032507658004760742e-01,-6.983977317810058594e+00,-2.327766418457031250e+00,2.752461671829223633e+00,6.333954811096191406e+00,-3.179508447647094727e+00,1.110861968994140625e+01,-9.154989242553710938e+00,-1.463945579528808594e+01,1.816640496253967285e+00,-8.130805969238281250e+00,-1.716621398925781250e+00,1.491369128227233887e+00,-1.297917938232421875e+01,1.523839592933654785e+00,9.278729438781738281e+00,1.328636705875396729e-01,3.661082506179809570e+00,1.075083827972412109e+01,-5.365355491638183594e+00,-1.210705947875976562e+01,-1.868261814117431641e+00,-5.513471126556396484e+00,-6.178957939147949219e+00,-7.718771934509277344e+00,-3.164319753646850586e+00,-1.970310926437377930e+00,-3.761122703552246094e+00,-1.023667693138122559e+00,-1.876361012458801270e+00,-5.099499225616455078e-01,4.747527599334716797e+00,-4.478607654571533203e+00,-3.648074626922607422e+00,-3.062889575958251953e+00,9.352274894714355469e+00,-8.568985939025878906e+00,-3.425536632537841797e+00,3.637517452239990234e+00,1.008675193786621094e+01,-1.744538784027099609e+00,3.960128307342529297e+00,-6.939817905426025391e+00,-3.109852313995361328e+00,5.639502406120300293e-01,3.241494178771972656e+00,-3.002601623535156250e+00
6.699209213256835938e-01,1.498182678222656250e+01,3.985663354396820068e-01,-2.618117094039916992e+00,-2.393107652664184570e+00,2.899850606918334961e-01,1.685483932495117188e+01,-4.938548505306243896e-01,-1.063516998291015625e+01,4.558854997158050537e-01,7.009418010711669922e-01,9.876001358032226562e+00,-1.266510295867919922e+01,1.808432388305664062e+01,-1.024040317535400391e+01,-1.058686733245849609e+00,-1.523765563964843750e+01,1.585875606536865234e+01,-3.774477005004882812e+00,-1.080018728971481323e-01,2.093945026397705078e+00,4.963543415069580078e+00,-2.926160097122192383e+00,7.171460151672363281e+00,-7.206091880798339844e+00,-1.097655963897705078e+01,-4.761226654052734375e+00,-4.837548255920410156e+00,1.543516063690185547e+01,1.979701519012451172e+00,-1.053299140930175781e+01,3.444576263427734375e-01,7.261698722839355469e+00,-7.909014821052551270e-02,5.627468228340148926e-02,8.050209999084472656e+00,-5.891431331634521484e+00,-9.874096870422363281e+00,-8.452352285385131836e-01,1.398598861694335938e+01,-4.754236698150634766e+00,8.952277183532714844e+00,3.635194778442382812e+00,-1.334273368120193481e-01,2.089767932891845703e+00,-3.670331716537475586e+00,-1.478503942489624023e+00,-1.127131271362304688e+01,-1.363139533996582031e+01,-1.994801330566406250e+01,-1.958382034301757812e+01,4.749793052673339844e+00,6.818607807159423828e+00,-1.657794952392578125e+01,1.522624641656875610e-01,1.409920930862426758e+00,8.356473922729492188e+00,3.360085964202880859e+00,1.706533789634704590e+00,1.143104267120361328e+01,-8.744207620620727539e-01,-1.554908657073974609e+01,-1.621074974536895752e-01,-6.779198646545410156e-01
-9.415267705917358398e-01,2.923596191406250000e+01,-1.568379640579223633e+00,1.000279545783996582e+00,-1.870724856853485107e-01,2.444830417633056641e+00,3.657692718505859375e+01,1.706569194793701172e+00,-2.256782722473144531e+01,-1.891630649566650391e+00,3.379136323928833008e+00,8.525732994079589844e+00,-3.402749633789062500e+01,3.508248519897460938e+01,-8.353981971740722656e+00,1.480940699577331543e+00,-2.525913238525390625e+01,3.152536201477050781e+01,-2.224797964096069336e+00,3.779198646545410156e+00,-4.158599078655242920e-01,4.397981166839599609e+00,-3.061064004898071289e+00,4.211595058441162109e+00,-5.489011287689208984e+00,-7.417227745056152344e+00,-1.076339530944824219e+01,-2.734242916107177734e+00,3.318701171875000000e+01,-4.179820418357849121e-01,-8.802611351013183594e+00,-2.769801616668701172e+00,5.656723022460937500e+00,-1.111655831336975098e+00,-2.961485624313354492e+00,5.594047546386718750e+00,-7.299134731292724609e+00,-7.685328006744384766e+00,1.666893601417541504e+00,3.569228744506835938e+01,-4.646074295043945312e+00,2.747136497497558594e+01,9.683840751647949219e+00,3.354689121246337891e+00,6.815613269805908203e+00,-3.964248895645141602e+00,7.143318653106689453e-01,-2.388820838928222656e+01,-3.401424789428710938e+01,-3.695181655883789062e+01,-3.532414245605468750e+01,1.203346920013427734e+01,4.287616252899169922e+00,-2.647162437438964844e+01,1.608950972557067871e+00,-1.787692308425903320e-02,8.616001129150390625e+00,8.444125175476074219e+00,7.819092273712158203e-02,3.224225616455078125e+01,-4.295521378517150879e-01,-3.273838806152343750e+01,-3.347645282745361328e+00,3.197102844715118408e-01
1.215848088264465332e+00,5.520225048065185547e+00,1.928187608718872070e+00,-2.570883989334106445e+00,-2.301815271377563477e+00,3.777548074722290039e-01,3.809906244277954102e+00,-1.854262590408325195e+00,-2.744624853134155273e+00,1.321517705917358398e+00,-1.679333925247192383e+00,7.612526416778564453e+00,-3.135926246643066406e+00,6.884184837341308594e+00,-7.309556484222412109e+00,-1.932923913002014160e+00,-6.998695850372314453e+00,5.712453365325927734e+00,-2.406061887741088867e+00,-2.809601545333862305e+00,2.313720941543579102e+00,2.489486217498779297e+00,-3.090002059936523438e+00,6.441201686859130859e+00,-5.762598037719726562e+00,-8.344816207885742188e+00,-7.419604063034057617e-01,-3.856468200683593750e+00,4.910982608795166016e+00,3.510932207107543945e+00,-8.207219123840332031e+00,2.090461492538452148e+00,5.509286880493164062e+00,7.534108161926269531e-01,2.972453832626342773e+00,5.953981876373291016e+00,-3.166281461715698242e+00,-7.719059944152832031e+00,-2.032235622406005859e+00,3.785612821578979492e+00,-2.869874954223632812e+00,6.303084492683410645e-01,-9.189704060554504395e-02,-2.712777137756347656e+00,1.051145553588867188e+00,-2.434300184249877930e+00,-1.426842927932739258e+00,-4.950481414794921875e+00,-3.493492841720581055e+00,-9.114160537719726562e+00,-8.462434768676757812e+00,7.875379323959350586e-01,5.470918655395507812e+00,-9.581337928771972656e+00,-1.197754502296447754e+00,1.446247935295104980e+00,5.637254238128662109e+00,1.216008305549621582e+00,1.117402911186218262e+00,4.456717073917388916e-01,1.054467707872390747e-01,-6.128633022308349609e+00,1.918523669242858887e+00,1.088705658912658691e-02
-6.695712804794311523e-01,1.897968673706054688e+01,7.355579137802124023e-01,-1.764364957809448242e+00,-2.504273653030395508e+00,2.842903137207031250e+00,2.426944541931152344e+01,9.093374013900756836e-03,-1.665914535522460938e+01,-2.081320881843566895e-01,2.782220840454101562e+00,1.006185340881347656e+01,-1.887005233764648438e+01,2.352157783508300781e+01,-9.329906463623046875e+00,4.873431324958801270e-01,-1.867497634887695312e+01,2.018422508239746094e+01,-1.997138619422912598e+00,8.485441207885742188e-01,1.430649638175964355e+00,5.724535465240478516e+00,-4.818246364593505859e+00,5.243294239044189453e+00,-6.823640823364257812e+00,-9.931207656860351562e+00,-8.428630828857421875e+00,-3.964956045150756836e+00,2.044486045837402344e+01,1.034901022911071777e+00,-1.022244834899902344e+01,-1.092455387115478516e+00,6.613854408264160156e+00,-7.480033040046691895e-01,-2.174676895141601562e+00,7.721859931945800781e+00,-8.748457908630371094e+00,-8.425482749938964844e+00,-1.855922192335128784e-01,2.105892753601074219e+01,-5.631494998931884766e+00,1.510633087158203125e+01,7.043597221374511719e+00,1.562493562698364258e+00,4.115630626678466797e+00,-3.573819875717163086e+00,-8.389223814010620117e-01,-1.512051200866699219e+01,-1.956596946716308594e+01,-2.545568084716796875e+01,-2.423725700378417969e+01,9.891405105590820312e+00,5.520885467529296875e+00,-1.924060630798339844e+01,1.655063629150390625e-01,1.067979931831359863e+00,9.441355705261230469e+00,6.722481727600097656e+00,1.010270357131958008e+00,1.893864059448242188e+01,-3.841745555400848389e-01,-2.070662117004394531e+01,-2.554409503936767578e+00,-2.036437273025512695e+00
6.959106922149658203e-01,6.353652000427246094e+00,1.763905763626098633e+00,-9.109953641891479492e-01,-1.342191696166992188e+00,1.518809795379638672e+00,5.921212196350097656e+00,-1.715364217758178711e+00,-4.281385421752929688e+00,5.366793274879455566e-01,-1.532896757125854492e+00,5.493415355682373047e+00,-7.469503879547119141e+00,8.099494934082031250e+00,-4.219863891601562500e+00,-1.680376529693603516e+00,-7.873627185821533203e+00,6.937916755676269531e+00,-9.640079140663146973e-01,-2.567742109298706055e+00,1.207919597625732422e+00,8.295764923095703125e-01,-3.747877359390258789e+00,4.887669563293457031e+00,-4.116011142730712891e+00,-5.215701103210449219e+00,-1.579274415969848633e+00,-2.173187255859375000e+00,6.752130508422851562e+00,4.004648685455322266e+00,-6.388812541961669922e+00,1.532519340515136719e+00,3.417261838912963867e+00,3.295670151710510254e-01,2.631726264953613281e+00,3.376506328582763672e+00,-2.844869613647460938e+00,-5.395466804504394531e+00,-1.682828426361083984e+00,7.323835372924804688e+00,-2.160584449768066406e+00,3.815612316131591797e+00,7.872413396835327148e-01,-2.393057346343994141e+00,2.640408754348754883e+00,-2.078376054763793945e+00,-7.440450191497802734e-01,-7.108379364013671875e+00,-6.867240428924560547e+00,-1.049505138397216797e+01,-9.350462913513183594e+00,2.451107978820800781e+00,3.471985340118408203e+00,-1.064059066772460938e+01,-1.527772307395935059e+00,8.927328586578369141e-01,4.326711177825927734e+00,2.783551931381225586e+00,-2.392121106386184692e-01,3.535234689712524414e+00,9.125920534133911133e-01,-8.360808372497558594e+00,1.088826417922973633e+00,5.997606515884399414e-01
5.420661568641662598e-01,5.016448020935058594e+00,1.422760248184204102e+00,-1.857839345932006836e+00,-2.693942070007324219e+00,1.750870823860168457e+00,6.159105300903320312e+00,-8.368067741394042969e-01,-6.205931186676025391e+00,2.298973947763442993e-01,1.206422448158264160e+00,1.172189140319824219e+01,-1.099465489387512207e+00,8.057157516479492188e+00,-1.128030300140380859e+01,7.054619789123535156e-01,-9.496769905090332031e+00,6.399534225463867188e+00,-5.438441276550292969e+00,3.078270852565765381e-01,1.425307273864746094e+00,5.682294845581054688e+00,-2.484237909317016602e+00,8.529733657836914062e+00,-8.075631141662597656e+00,-1.304686737060546875e+01,-3.642936229705810547e+00,-6.132812976837158203e+00,5.091292381286621094e+00,2.024860858917236328e+00,-1.247181987762451172e+01,-4.308502078056335449e-01,8.389905929565429688e+00,-1.333645224571228027e+00,-3.189588785171508789e-01,9.395298004150390625e+00,-6.649204730987548828e+00,-1.037292003631591797e+01,-7.290837168693542480e-01,4.416544914245605469e+00,-6.629697799682617188e+00,1.188900947570800781e+00,1.061310052871704102e+00,3.261623978614807129e-01,-7.641507983207702637e-01,-2.016767024993896484e+00,-9.271661043167114258e-01,-6.092007637023925781e+00,-3.383704423904418945e+00,-1.163509941101074219e+01,-1.034212303161621094e+01,3.883147001266479492e+00,8.295771598815917969e+00,-1.108597660064697266e+01,-7.717027664184570312e-01,3.057989597320556641e+00,9.854169845581054688e+00,3.690885782241821289e+00,1.949423789978027344e+00,3.008050203323364258e+00,-1.405678868293762207e+00,-7.094321250915527344e+00,-2.154858857393264771e-01,-3.383568286895751953e+00
9.959821105003356934e-01,9.899686813354492188e+00,-1.034206151962280273e-01,-2.438368320465087891e+00,-2.126279115676879883e+00,-5.382140874862670898e-01,8.605075836181640625e+00,-3.118169605731964111e-01,-5.175545692443847656e+00,8.976776003837585449e-01,-1.020192727446556091e-01,9.756358146667480469e+00,-5.289050102233886719e+00,1.109124755859375000e+01,-1.044645690917968750e+01,-9.627277851104736328e-01,-1.060072231292724609e+01,1.017679119110107422e+01,-4.846765518188476562e+00,-6.240115165710449219e-01,2.193727016448974609e+00,4.755767822265625000e+00,-1.472471475601196289e+00,7.827996253967285156e+00,-7.302912235260009766e+00,-1.178102397918701172e+01,-2.497205257415771484e+00,-5.475649356842041016e+00,9.523933410644531250e+00,1.983855366706848145e+00,-1.054355049133300781e+01,8.764078021049499512e-01,7.820837974548339844e+00,-6.351125240325927734e-02,1.267583489418029785e+00,8.293407440185546875e+00,-4.289908409118652344e+00,-1.011053276062011719e+01,-8.521045446395874023e-01,6.697092056274414062e+00,-4.484106063842773438e+00,3.007037639617919922e+00,3.471509516239166260e-01,-9.379427433013916016e-01,7.368282973766326904e-02,-3.169219017028808594e+00,-1.422029733657836914e+00,-7.130559444427490234e+00,-6.098526000976562500e+00,-1.335483360290527344e+01,-1.317296123504638672e+01,1.518832921981811523e+00,7.815553665161132812e+00,-1.240429210662841797e+01,4.627476632595062256e-01,2.071338415145874023e+00,8.155472755432128906e+00,9.875601530075073242e-01,2.087018728256225586e+00,4.245876789093017578e+00,-1.663705825805664062e+00,-9.674598693847656250e+00,8.564278483390808105e-01,-3.850545883178710938e-01
2.554408073425292969e+00,-3.630483150482177734e-01,3.672733545303344727e+00,-5.012455940246582031e+00,-3.181139469146728516e+00,-9.123120307922363281e-01,-4.252611637115478516e+00,-2.572112321853637695e+00,4.988424777984619141e-01,2.345211505889892578e+00,-2.277378320693969727e+00,1.073173713684082031e+01,7.826338768005371094e+00,-3.025038242340087891e-01,-1.074233436584472656e+01,-1.465710878372192383e+00,-3.709095954895019531e+00,-1.137127637863159180e+00,-4.624724388122558594e+00,-4.400384902954101562e+00,3.990692377090454102e+00,5.533002853393554688e+00,-4.285918235778808594e+00,9.106593132019042969e+00,-8.324801445007324219e+00,-1.256895351409912109e+01,9.365322589874267578e-01,-6.675189495086669922e+00,-3.722419261932373047e+00,3.187425851821899414e+00,-1.128049850463867188e+01,3.005938053131103516e+00,8.179522514343261719e+00,1.205334305763244629e+00,3.461321830749511719e+00,9.607584953308105469e+00,-5.785733699798583984e+00,-1.066585063934326172e+01,-3.165707349777221680e+00,-6.612735271453857422e+00,-5.467021942138671875e+00,-8.347515106201171875e+00,-2.318600416183471680e+00,-3.587278366088867188e+00,-1.768096923828125000e+00,-2.004798412322998047e+00,-3.068803310394287109e+00,9.809340238571166992e-01,6.315186023712158203e+00,-1.957150220870971680e+00,-1.696266651153564453e+00,-1.330793619155883789e+00,8.256347656250000000e+00,-6.280762672424316406e+00,-3.126386165618896484e+00,3.376183986663818359e+00,8.107355117797851562e+00,8.152151107788085938e-02,3.330427169799804688e+00,-8.763020515441894531e+00,-1.538507938385009766e+00,1.883394122123718262e+00,2.567479372024536133e+00,-3.207749843597412109e+00
9.747127294540405273e-01,3.410878658294677734e+00,2.942282676696777344e+00,-3.593583822250366211e+00,-3.223922491073608398e+00,1.140934228897094727e+00,3.428556203842163086e+00,-1.789399981498718262e+00,-5.337465286254882812e+00,1.164572119712829590e+00,1.905307620763778687e-01,1.264090538024902344e+01,2.562491416931152344e+00,5.768840312957763672e+00,-1.185286140441894531e+01,2.540679574012756348e-01,-8.400614738464355469e+00,3.802903175354003906e+00,-4.980822086334228516e+00,-1.585686326026916504e+00,2.903213739395141602e+00,6.794466495513916016e+00,-4.516971588134765625e+00,9.530159950256347656e+00,-8.847577095031738281e+00,-1.390910625457763672e+01,-2.517069578170776367e+00,-6.954019069671630859e+00,1.689256787300109863e+00,2.513756275177001953e+00,-1.310486793518066406e+01,7.516460418701171875e-01,9.170926094055175781e+00,-6.096660345792770386e-02,6.692578792572021484e-01,1.028557777404785156e+01,-7.740877151489257812e+00,-1.118841266632080078e+01,-1.919438958168029785e+00,3.194386959075927734e-01,-7.031427383422851562e+00,-2.776947975158691406e+00,4.729306101799011230e-01,-6.407583951950073242e-01,-9.144833087921142578e-01,-1.856944799423217773e+00,-2.072763681411743164e+00,-3.623132705688476562e+00,3.072872161865234375e-01,-8.899146080017089844e+00,-7.366424560546875000e+00,3.170094013214111328e+00,8.442637443542480469e+00,-1.041098499298095703e+01,-2.120151758193969727e+00,3.657359361648559570e+00,1.027425098419189453e+01,3.109768867492675781e+00,2.652092456817626953e+00,-7.651871442794799805e-01,-1.494096040725708008e+00,-3.468804359436035156e+00,5.474629402160644531e-01,-4.292665481567382812e+00
1.363025903701782227e+00,9.040844917297363281e+00,-8.396763801574707031e-01,-3.452714681625366211e-01,-1.118695020675659180e+00,-2.617785334587097168e-01,9.698762893676757812e+00,1.140292048454284668e+00,-4.625825405120849609e+00,-5.867957472801208496e-01,1.904900968074798584e-01,9.859492301940917969e+00,-6.310313701629638672e+00,1.215028381347656250e+01,-1.018068599700927734e+01,1.026900053024291992e+00,-1.129613780975341797e+01,1.114840221405029297e+01,-4.906805992126464844e+00,1.320837020874023438e+00,5.186598896980285645e-01,4.599547386169433594e+00,-2.683507800102233887e-01,7.826820373535156250e+00,-6.986342906951904297e+00,-1.129277610778808594e+01,-1.982201337814331055e+00,-5.386229515075683594e+00,1.003792381286621094e+01,1.281517863273620605e+00,-1.085061168670654297e+01,-1.003567576408386230e+00,7.141636848449707031e+00,-1.495529770851135254e+00,7.107052803039550781e-01,8.076182365417480469e+00,-4.078737258911132812e+00,-9.804518699645996094e+00,4.618664383888244629e-01,8.028282165527343750e+00,-5.202909469604492188e+00,4.741066455841064453e+00,-4.572220146656036377e-02,6.109315752983093262e-01,-1.524218678474426270e+00,-1.059694051742553711e+00,2.340192496776580811e-01,-8.900245666503906250e+00,-7.760210037231445312e+00,-1.378975868225097656e+01,-1.380570507049560547e+01,1.672947049140930176e+00,7.405527114868164062e+00,-1.208547306060791016e+01,-2.755511105060577393e-01,1.902017116546630859e+00,8.270696640014648438e+00,1.224835634231567383e+00,1.887671470642089844e+00,6.427706718444824219e+00,-1.677088975906372070e+00,-1.056491661071777344e+01,7.938228845596313477e-01,-8.673334121704101562e-01
2.387057781219482422e+00,1.119563460350036621e+00,2.208652973175048828e+00,-3.147887706756591797e+00,-2.594390869140625000e+00,-6.171771287918090820e-01,-1.539029598236083984e+00,-1.024080634117126465e+00,-4.312017261981964111e-01,1.099845767021179199e+00,-1.082936525344848633e+00,1.193538761138916016e+01,6.283638954162597656e+00,2.363684177398681641e+00,-1.203014659881591797e+01,5.565834641456604004e-01,-5.757216453552246094e+00,1.019044876098632812e+00,-5.929277420043945312e+00,-1.721972703933715820e+00,2.519213914871215820e+00,6.007177352905273438e+00,-2.752980709075927734e+00,9.470263481140136719e+00,-8.553552627563476562e+00,-1.394855690002441406e+01,1.123850941658020020e-01,-7.097836971282958984e+00,-9.963511824607849121e-01,2.095339775085449219e+00,-1.250633239746093750e+01,1.186503171920776367e+00,8.813234329223632812e+00,-2.929227650165557861e-01,2.169838428497314453e+00,1.014156436920166016e+01,-5.456045150756835938e+00,-1.117242908477783203e+01,-1.616205930709838867e+00,-3.683061122894287109e+00,-6.282409667968750000e+00,-5.833423614501953125e+00,-2.139116764068603516e+00,-1.330604791641235352e+00,-3.031909465789794922e+00,-1.198960065841674805e+00,-1.740571022033691406e+00,-1.267252087593078613e+00,3.847136020660400391e+00,-5.126849174499511719e+00,-4.332384109497070312e+00,-6.129634380340576172e-01,8.923081398010253906e+00,-7.927616119384765625e+00,-2.304651498794555664e+00,3.416412830352783203e+00,9.766881942749023438e+00,2.153765261173248291e-01,3.132587432861328125e+00,-5.022763252258300781e+00,-2.167540311813354492e+00,-6.115189194679260254e-01,1.938506603240966797e+00,-3.280680656433105469e+00
