-2.103474140167236328e-01,-1.811157017946243286e-01,2.845349162817001343e-02,-2.876983582973480225e-01,-1.575798243284225464e-01,2.038940787315368652e-01,-5.814715474843978882e-02,2.222621738910675049e-01,-2.314630746841430664e-01,3.824238479137420654e-02,2.402081340551376343e-01,2.245778590440750122e-01,-4.480556026101112366e-02,2.999981939792633057e-01,1.664719358086585999e-02,1.313252002000808716e-01,-3.233155608177185059e-01,-2.422101646661758423e-01,-6.751517765223979950e-03,1.297334730625152588e-01,-2.494435906410217285e-01,8.942164480686187744e-02,-9.614799171686172485e-03,1.768673211336135864e-01,-1.058622822165489197e-01,-1.774863898754119873e-01,-1.817221194505691528e-01,-2.548846602439880371e-01,-1.911965906620025635e-01,2.732238173484802246e-01,2.621756196022033691e-01,-1.253546327352523804e-01,1.429033875465393066e-01,-2.738016247749328613e-01,-1.289152204990386963e-01,3.024599552154541016e-01,1.490840911865234375e-01,1.285146921873092651e-01,1.473351866006851196e-01,1.411707103252410889e-01,-5.876691080629825592e-03,-1.868546605110168457e-01,1.240848302841186523e-01,-2.032396495342254639e-01,-1.788071244955062866e-01,-2.332581281661987305e-01,2.571413218975067139e-01,1.275790035724639893e-01,9.197424352169036865e-02,1.206519231200218201e-01,1.074985191226005554e-01,-1.552700400352478027e-01,-1.385487429797649384e-02,-1.392994821071624756e-01,1.664385795593261719e-01,-2.685319185256958008e-01,1.896496415138244629e-01,1.830592453479766846e-01,1.909771561622619629e-01,1.603608429431915283e-01,-2.967502176761627197e-02,2.929472923278808594e-01,-6.782474368810653687e-02,-2.904919683933258057e-01
-4.515988528728485107e-01,-6.917755007743835449e-01,-9.899213165044784546e-02,1.721216440200805664e-01,5.687060952186584473e-01,-4.499054551124572754e-01,3.164361715316772461e-01,-2.527928948402404785e-01,1.161956787109375000e+00,-6.206821799278259277e-01,1.936227977275848389e-01,1.035907045006752014e-01,-5.995194315910339355e-01,-2.476473748683929443e-01,3.130594640970230103e-02,-1.117835789918899536e-01,3.266707062721252441e-01,4.204170405864715576e-01,4.606938958168029785e-01,6.096962690353393555e-01,-4.795196354389190674e-01,-4.052306413650512695e-01,-2.580922842025756836e-01,-7.001187205314636230e-01,-3.181466162204742432e-01,-6.474246382713317871e-01,8.709175586700439453e-01,-2.752200663089752197e-01,6.578984260559082031e-01,-2.851902879774570465e-02,-1.017179727554321289e+00,-5.119882822036743164e-01,1.207203269004821777e+00,1.686488091945648193e-01,3.112094104290008545e-01,2.062487751245498657e-01,2.815465629100799561e-01,-6.058951616287231445e-01,-8.776553869247436523e-01,8.175763487815856934e-02,-6.891441941261291504e-01,2.490203529596328735e-01,7.329675555229187012e-02,1.046257972717285156e+00,9.159229993820190430e-01,-5.557402968406677246e-02,3.277125954627990723e-01,-4.551524519920349121e-01,-2.804390192031860352e-01,-1.240641474723815918e-01,2.995770871639251709e-01,-3.045444935560226440e-02,-8.961359858512878418e-01,-5.893338322639465332e-01,1.082811474800109863e+00,1.626298785209655762e+00,-5.038851499557495117e-01,1.633323878049850464e-01,4.303167164325714111e-01,-2.235595881938934326e-01,-4.065570235252380371e-01,1.891702860593795776e-01,-1.090578079223632812e+00,-3.232804834842681885e-01
-4.528890550136566162e-01,-6.921017765998840332e-01,-1.224926486611366272e-01,1.701027303934097290e-01,5.846740007400512695e-01,-4.702847599983215332e-01,3.171993792057037354e-01,-2.753860652446746826e-01,1.171849012374877930e+00,-6.287175416946411133e-01,2.211724966764450073e-01,9.010063856840133667e-02,-6.030643582344055176e-01,-2.501108944416046143e-01,3.082757629454135895e-02,-1.176358759403228760e-01,3.224864006042480469e-01,4.458295404911041260e-01,4.628916084766387939e-01,6.123584508895874023e-01,-4.926118552684783936e-01,-4.160180985927581787e-01,-2.835121750831604004e-01,-7.032727003097534180e-01,-3.147901594638824463e-01,-6.511945128440856934e-01,8.858423829078674316e-01,-2.784084379673004150e-01,6.666215658187866211e-01,-2.496086433529853821e-02,-1.002928376197814941e+00,-5.296536087989807129e-01,1.211192965507507324e+00,1.760814189910888672e-01,3.105035722255706787e-01,1.936188340187072754e-01,2.562477886676788330e-01,-6.372554898262023926e-01,-8.605055212974548340e-01,9.423130750656127930e-02,-7.050950527191162109e-01,2.519208192825317383e-01,8.800635486841201782e-02,1.061188459396362305e+00,9.290409088134765625e-01,-5.359870567917823792e-02,3.308566212654113770e-01,-4.717065989971160889e-01,-2.964877188205718994e-01,-1.254458874464035034e-01,3.181253671646118164e-01,-2.468954399228096008e-02,-8.996052742004394531e-01,-5.906376838684082031e-01,1.086634159088134766e+00,1.646073341369628906e+00,-5.002380013465881348e-01,1.715196967124938965e-01,4.232648313045501709e-01,-2.117658853530883789e-01,-3.916910290718078613e-01,2.028024196624755859e-01,-1.079976916313171387e+00,-3.327043652534484863e-01
-4.616063833236694336e-01,-6.836946010589599609e-01,-9.474780410528182983e-02,1.746713221073150635e-01,5.835417509078979492e-01,-4.443301856517791748e-01,3.098935782909393311e-01,-2.565824091434478760e-01,1.150866866111755371e+00,-6.191647052764892578e-01,1.854859292507171631e-01,9.123516827821731567e-02,-6.061902642250061035e-01,-2.438328564167022705e-01,3.628368675708770752e-02,-9.183455258607864380e-02,3.138372898101806641e-01,4.536025822162628174e-01,4.248704016208648682e-01,6.291307210922241211e-01,-5.054951310157775879e-01,-4.219818115234375000e-01,-2.537001073360443115e-01,-7.051790356636047363e-01,-3.153147995471954346e-01,-6.517772078514099121e-01,8.753037452697753906e-01,-2.747970223426818848e-01,6.722725629806518555e-01,-2.196163311600685120e-02,-1.044400572776794434e+00,-5.035912394523620605e-01,1.208497285842895508e+00,1.675481200218200684e-01,3.051886856555938721e-01,2.188105136156082153e-01,2.861086428165435791e-01,-5.962346196174621582e-01,-8.771557211875915527e-01,1.024782359600067139e-01,-6.789665222167968750e-01,2.322793602943420410e-01,8.147699385881423950e-02,1.025046348571777344e+00,9.191617369651794434e-01,-4.126425459980964661e-02,3.059678673744201660e-01,-4.536470770835876465e-01,-2.739968895912170410e-01,-1.078457534313201904e-01,2.908990979194641113e-01,1.924912910908460617e-03,-8.778069615364074707e-01,-5.901712775230407715e-01,1.076117515563964844e+00,1.610291242599487305e+00,-5.026564002037048340e-01,1.635823547840118408e-01,4.218024015426635742e-01,-2.300557792186737061e-01,-4.239601492881774902e-01,1.973819583654403687e-01,-1.071661114692687988e+00,-3.254341781139373779e-01
-4.495100975036621094e-01,-7.139082551002502441e-01,-1.070115119218826294e-01,1.605981141328811646e-01,5.752161741256713867e-01,-4.554144740104675293e-01,3.089854717254638672e-01,-2.842594087123870850e-01,1.166609525680541992e+00,-6.286355853080749512e-01,2.042231708765029907e-01,9.009238332509994507e-02,-6.070634722709655762e-01,-2.567580938339233398e-01,3.320624306797981262e-02,-1.025299876928329468e-01,3.210439383983612061e-01,4.483914077281951904e-01,4.524775743484497070e-01,6.370593309402465820e-01,-4.875019788742065430e-01,-3.993098735809326172e-01,-2.820312380790710449e-01,-7.008513212203979492e-01,-3.088499009609222412e-01,-6.568214297294616699e-01,8.781256079673767090e-01,-2.733252048492431641e-01,6.790097951889038086e-01,-3.164942562580108643e-02,-1.041656970977783203e+00,-5.165969133377075195e-01,1.203383445739746094e+00,1.779954433441162109e-01,3.124935925006866455e-01,2.115826606750488281e-01,2.793405055999755859e-01,-6.038744449615478516e-01,-8.740176558494567871e-01,8.409484475851058960e-02,-7.003868818283081055e-01,2.619854509830474854e-01,7.419665902853012085e-02,1.039754748344421387e+00,9.328576326370239258e-01,-4.703587293624877930e-02,3.225892186164855957e-01,-4.738982319831848145e-01,-2.927500009536743164e-01,-1.413348764181137085e-01,3.056456744670867920e-01,-1.983318850398063660e-02,-8.926928639411926270e-01,-6.005727648735046387e-01,1.069048643112182617e+00,1.643066763877868652e+00,-4.915822446346282959e-01,1.708158105611801147e-01,4.376015067100524902e-01,-2.282770127058029175e-01,-4.011785089969635010e-01,1.972354948520660400e-01,-1.071127653121948242e+00,-3.251743614673614502e-01
-4.541976153850555420e-01,-6.871376037597656250e-01,-9.855455160140991211e-02,1.618244647979736328e-01,5.865465998649597168e-01,-4.641228020191192627e-01,3.221246004104614258e-01,-2.629117071628570557e-01,1.141288757324218750e+00,-6.111223697662353516e-01,2.068876922130584717e-01,7.117862254381179810e-02,-5.838146209716796875e-01,-2.629888057708740234e-01,6.218879669904708862e-02,-1.151154711842536926e-01,3.050647377967834473e-01,4.617215692996978760e-01,4.380744993686676025e-01,6.062794923782348633e-01,-5.090647339820861816e-01,-3.981580436229705811e-01,-2.589610815048217773e-01,-7.150103449821472168e-01,-3.189169764518737793e-01,-6.628332138061523438e-01,8.733757734298706055e-01,-2.546863853931427002e-01,6.779054403305053711e-01,-2.691349387168884277e-02,-1.029105663299560547e+00,-5.080041289329528809e-01,1.197107553482055664e+00,1.787759959697723389e-01,3.207871317863464355e-01,1.991953402757644653e-01,2.820727527141571045e-01,-6.178215146064758301e-01,-8.808804750442504883e-01,8.081124722957611084e-02,-6.852086782455444336e-01,2.549075782299041748e-01,8.501255512237548828e-02,1.044837236404418945e+00,9.141746759414672852e-01,-3.600658103823661804e-02,3.192290067672729492e-01,-4.650080502033233643e-01,-2.789733111858367920e-01,-1.159325912594795227e-01,3.145505785942077637e-01,-7.705974392592906952e-03,-9.008151292800903320e-01,-6.075480580329895020e-01,1.074311733245849609e+00,1.634820461273193359e+00,-4.970399439334869385e-01,1.677323877811431885e-01,4.164431989192962646e-01,-2.326553761959075928e-01,-3.964956104755401611e-01,1.993702054023742676e-01,-1.072155952453613281e+00,-3.203425705432891846e-01
-4.503638446331024170e-01,-7.168568968772888184e-01,-1.036942377686500549e-01,1.499350816011428833e-01,5.746172070503234863e-01,-4.508754312992095947e-01,3.073595464229583740e-01,-2.749874293804168701e-01,1.165180921554565430e+00,-6.352998614311218262e-01,2.146104127168655396e-01,9.208653122186660767e-02,-6.097696423530578613e-01,-2.703974843025207520e-01,2.798770926892757416e-02,-1.147510260343551636e-01,3.323507606983184814e-01,3.980709612369537354e-01,4.548973441123962402e-01,6.310449242591857910e-01,-4.960633516311645508e-01,-3.864562809467315674e-01,-2.740302979946136475e-01,-6.876160502433776855e-01,-3.006020188331604004e-01,-6.414859890937805176e-01,8.549559116363525391e-01,-2.697691321372985840e-01,6.569530963897705078e-01,-3.696660324931144714e-02,-1.044414997100830078e+00,-5.382130742073059082e-01,1.223220348358154297e+00,1.550153791904449463e-01,3.080562353134155273e-01,2.366308271884918213e-01,2.984594702720642090e-01,-5.969160199165344238e-01,-8.894203305244445801e-01,9.481620043516159058e-02,-7.091549634933471680e-01,2.380232512950897217e-01,7.926230132579803467e-02,1.055962324142456055e+00,9.349538683891296387e-01,-4.302901402115821838e-02,3.079559803009033203e-01,-4.755223989486694336e-01,-2.748419642448425293e-01,-1.290795654058456421e-01,3.215267062187194824e-01,-4.514185246080160141e-03,-8.882899284362792969e-01,-6.090663075447082520e-01,1.087946057319641113e+00,1.660833597183227539e+00,-5.061098933219909668e-01,1.742303520441055298e-01,4.485003650188446045e-01,-2.181142121553421021e-01,-4.285773932933807373e-01,1.956418007612228394e-01,-1.085740208625793457e+00,-3.118758201599121094e-01
-4.463481903076171875e-01,-6.897233724594116211e-01,-1.156986951828002930e-01,1.641589105129241943e-01,6.015133857727050781e-01,-4.804960787296295166e-01,2.962378561496734619e-01,-2.796373367309570312e-01,1.152206301689147949e+00,-6.182888746261596680e-01,2.193564623594284058e-01,7.117647677659988403e-02,-5.997947454452514648e-01,-2.567091584205627441e-01,5.562683939933776855e-02,-9.974119812250137329e-02,3.079952299594879150e-01,4.552429616451263428e-01,4.393112361431121826e-01,6.257146000862121582e-01,-5.120887160301208496e-01,-4.279435276985168457e-01,-2.641740441322326660e-01,-7.132078409194946289e-01,-3.132994174957275391e-01,-6.490192413330078125e-01,8.656321763992309570e-01,-2.784220576286315918e-01,6.624677777290344238e-01,-2.372610010206699371e-02,-1.026332139968872070e+00,-5.305820107460021973e-01,1.210100650787353516e+00,1.783922463655471802e-01,3.083806037902832031e-01,2.233717739582061768e-01,2.924106717109680176e-01,-6.065270900726318359e-01,-8.776563405990600586e-01,9.159973263740539551e-02,-6.812262535095214844e-01,2.188029289245605469e-01,6.226482242345809937e-02,1.066084265708923340e+00,9.185848236083984375e-01,-3.822529688477516174e-02,3.086798191070556641e-01,-4.626506268978118896e-01,-3.006214797496795654e-01,-1.229666918516159058e-01,3.293198943138122559e-01,1.231164205819368362e-03,-8.761125802993774414e-01,-5.964420437812805176e-01,1.082923173904418945e+00,1.626635193824768066e+00,-5.078776478767395020e-01,1.669588088989257812e-01,4.247786104679107666e-01,-2.087316662073135376e-01,-4.023495912551879883e-01,1.881791204214096069e-01,-1.075213909149169922e+00,-3.302420377731323242e-01
-4.633873999118804932e-01,-7.124143242835998535e-01,-1.142951175570487976e-01,1.625050902366638184e-01,5.917263031005859375e-01,-4.497741162776947021e-01,3.153778910636901855e-01,-2.542091310024261475e-01,1.169244766235351562e+00,-6.151446700096130371e-01,2.209932953119277954e-01,7.947085797786712646e-02,-5.838395357131958008e-01,-2.457540184259414673e-01,2.968432940542697906e-02,-1.119103655219078064e-01,3.269312977790832520e-01,4.238154888153076172e-01,4.683726429939270020e-01,6.287163496017456055e-01,-4.954156577587127686e-01,-3.968635499477386475e-01,-2.600832283496856689e-01,-6.930761933326721191e-01,-3.301556110382080078e-01,-6.554858684539794922e-01,8.771385550498962402e-01,-2.562180161476135254e-01,6.766429543495178223e-01,-2.473715506494045258e-02,-1.048150420188903809e+00,-5.203472971916198730e-01,1.218929171562194824e+00,1.723253875970840454e-01,2.944651544094085693e-01,2.240568399429321289e-01,2.836140394210815430e-01,-6.013975143432617188e-01,-9.011260271072387695e-01,6.799476593732833862e-02,-7.091242074966430664e-01,2.520371079444885254e-01,7.765994220972061157e-02,1.044292092323303223e+00,9.328723549842834473e-01,-5.158761143684387207e-02,3.304734826087951660e-01,-4.471035599708557129e-01,-2.915453612804412842e-01,-1.214730888605117798e-01,3.088037073612213135e-01,3.061887808144092560e-03,-8.924769759178161621e-01,-6.054394841194152832e-01,1.083697557449340820e+00,1.631199121475219727e+00,-4.980183243751525879e-01,1.756965816020965576e-01,4.526705443859100342e-01,-2.211815565824508667e-01,-4.270726740360260010e-01,1.814808249473571777e-01,-1.090551018714904785e+00,-3.420191109180450439e-01
-4.558726251125335693e-01,-7.004065513610839844e-01,-7.064843177795410156e-02,1.625079363584518433e-01,5.752999782562255859e-01,-4.618363678455352783e-01,3.079742491245269775e-01,-2.603470981121063232e-01,1.170495271682739258e+00,-6.249541640281677246e-01,1.882324963808059692e-01,1.113289147615432739e-01,-5.978141427040100098e-01,-2.735094726085662842e-01,4.202475026249885559e-02,-1.060264930129051208e-01,3.195025622844696045e-01,4.462099373340606689e-01,4.448086619377136230e-01,6.155841946601867676e-01,-4.847103953361511230e-01,-4.155323505401611328e-01,-2.604938447475433350e-01,-6.941129565238952637e-01,-3.050678670406341553e-01,-6.472578048706054688e-01,8.857859373092651367e-01,-2.578484416007995605e-01,6.654788255691528320e-01,-2.613401971757411957e-02,-1.043049931526184082e+00,-4.951783418655395508e-01,1.212088465690612793e+00,1.590175628662109375e-01,3.158248364925384521e-01,2.188858389854431152e-01,3.003280162811279297e-01,-6.033662557601928711e-01,-8.991839289665222168e-01,7.911747694015502930e-02,-6.843373775482177734e-01,2.347446084022521973e-01,7.710913568735122681e-02,1.044148087501525879e+00,9.242990612983703613e-01,-5.079558119177818298e-02,3.258858919143676758e-01,-4.659417271614074707e-01,-2.640404701232910156e-01,-1.095797568559646606e-01,2.948865592479705811e-01,-1.213613152503967285e-02,-8.934449553489685059e-01,-6.058655381202697754e-01,1.085023403167724609e+00,1.630545854568481445e+00,-5.076514482498168945e-01,1.469928622245788574e-01,3.970187902450561523e-01,-2.120344638824462891e-01,-4.246053397655487061e-01,1.977473795413970947e-01,-1.097905516624450684e+00,-3.283918499946594238e-01
-4.516675472259521484e-01,-6.988824605941772461e-01,-1.141751110553741455e-01,1.627204567193984985e-01,5.764665603637695312e-01,-4.624176621437072754e-01,3.098284006118774414e-01,-2.664572000503540039e-01,1.161050796508789062e+00,-6.267886757850646973e-01,1.979362219572067261e-01,9.150352329015731812e-02,-6.081790924072265625e-01,-2.479359656572341919e-01,3.527560085058212280e-02,-1.036527156829833984e-01,3.199121356010437012e-01,4.432754218578338623e-01,4.516775906085968018e-01,6.225760579109191895e-01,-4.915487766265869141e-01,-4.197109341621398926e-01,-2.587206661701202393e-01,-7.060276865959167480e-01,-3.142060935497283936e-01,-6.440492272377014160e-01,8.846552371978759766e-01,-2.721719443798065186e-01,6.584413647651672363e-01,-7.737010717391967773e-03,-1.029969811439514160e+00,-5.202069282531738281e-01,1.195550203323364258e+00,1.876978278160095215e-01,3.113603889942169189e-01,2.014263719320297241e-01,2.896551787853240967e-01,-6.243225336074829102e-01,-8.702597618103027344e-01,9.762615710496902466e-02,-6.793975234031677246e-01,2.406502217054367065e-01,6.587129086256027222e-02,1.037239432334899902e+00,9.166709184646606445e-01,-4.919267818331718445e-02,3.248298168182373047e-01,-4.519793391227722168e-01,-2.810674905776977539e-01,-1.029466465115547180e-01,2.996206879615783691e-01,-2.480382099747657776e-02,-8.811804056167602539e-01,-5.971807241439819336e-01,1.089590430259704590e+00,1.630237340927124023e+00,-5.135353803634643555e-01,1.606898903846740723e-01,4.433143436908721924e-01,-2.106379717588424683e-01,-4.114251136779785156e-01,1.922087818384170532e-01,-1.085265994071960449e+00,-3.479354977607727051e-01
-4.544062614440917969e-01,-6.927874088287353516e-01,-1.191645488142967224e-01,1.628000140190124512e-01,5.701857209205627441e-01,-4.605705142021179199e-01,3.239192068576812744e-01,-2.696454226970672607e-01,1.160409450531005859e+00,-6.309787631034851074e-01,2.137313932180404663e-01,1.006141379475593567e-01,-5.834428668022155762e-01,-2.661777138710021973e-01,3.834567591547966003e-02,-1.214039623737335205e-01,3.127841055393218994e-01,4.464981257915496826e-01,4.556087553501129150e-01,6.066824197769165039e-01,-4.733614027500152588e-01,-3.981164395809173584e-01,-2.729157805442810059e-01,-7.050961256027221680e-01,-3.096903860569000244e-01,-6.491694450378417969e-01,8.690704107284545898e-01,-2.663094401359558105e-01,6.625200510025024414e-01,-2.542193420231342316e-02,-1.017080545425415039e+00,-5.249731540679931641e-01,1.217177867889404297e+00,1.682665944099426270e-01,3.108847141265869141e-01,2.105732411146163940e-01,2.776214480400085449e-01,-6.252840757369995117e-01,-8.830012679100036621e-01,7.692265510559082031e-02,-6.944379806518554688e-01,2.568781077861785889e-01,8.436935395002365112e-02,1.046503305435180664e+00,9.081603884696960449e-01,-5.354188382625579834e-02,3.320202231407165527e-01,-4.761399924755096436e-01,-2.791495323181152344e-01,-1.259121596813201904e-01,3.018743097782135010e-01,-2.215411886572837830e-02,-8.940944671630859375e-01,-5.951504111289978027e-01,1.074692130088806152e+00,1.653029799461364746e+00,-4.901712834835052490e-01,1.560883671045303345e-01,4.241531491279602051e-01,-2.189525812864303589e-01,-3.691682815551757812e-01,2.056027352809906006e-01,-1.069339990615844727e+00,-3.165627717971801758e-01
-4.580461382865905762e-01,-7.021656632423400879e-01,-9.994903206825256348e-02,1.527461111545562744e-01,5.723546743392944336e-01,-4.625016152858734131e-01,2.954502999782562256e-01,-2.677847445011138916e-01,1.148921847343444824e+00,-6.178091168403625488e-01,2.134815454483032227e-01,9.192630648612976074e-02,-5.878505110740661621e-01,-2.535599470138549805e-01,3.441023081541061401e-02,-1.222157329320907593e-01,3.234035372734069824e-01,4.234977364540100098e-01,4.571027457714080811e-01,6.233875751495361328e-01,-4.721115827560424805e-01,-4.060275554656982422e-01,-2.676958739757537842e-01,-6.951585412025451660e-01,-3.139720261096954346e-01,-6.523626446723937988e-01,8.666909933090209961e-01,-2.702918946743011475e-01,6.504155397415161133e-01,-4.359656572341918945e-02,-1.015262961387634277e+00,-5.217784047126770020e-01,1.199885129928588867e+00,1.710002273321151733e-01,3.093685805797576904e-01,2.193290889263153076e-01,2.932518422603607178e-01,-6.015780568122863770e-01,-8.794207572937011719e-01,7.727757841348648071e-02,-6.862354874610900879e-01,2.440102994441986084e-01,6.284888088703155518e-02,1.051664948463439941e+00,9.112473130226135254e-01,-6.155593320727348328e-02,3.323037624359130859e-01,-4.509698152542114258e-01,-2.862692475318908691e-01,-1.309110075235366821e-01,3.039042055606842041e-01,-1.310448348522186279e-02,-8.951103091239929199e-01,-5.891464352607727051e-01,1.080999970436096191e+00,1.635520696640014648e+00,-5.028452277183532715e-01,1.585608124732971191e-01,4.388432502746582031e-01,-2.044967710971832275e-01,-4.005523920059204102e-01,1.858667433261871338e-01,-1.075692415237426758e+00,-3.349984288215637207e-01
-4.535152912139892578e-01,-6.886931061744689941e-01,-1.136831641197204590e-01,1.338109672069549561e-01,5.926126837730407715e-01,-4.768898785114288330e-01,3.134889304637908936e-01,-2.776643335819244385e-01,1.135193347930908203e+00,-6.255419254302978516e-01,2.108837664127349854e-01,7.609163224697113037e-02,-5.768647789955139160e-01,-2.855550050735473633e-01,5.485427007079124451e-02,-1.090601086616516113e-01,3.008529543876647949e-01,4.567405581474304199e-01,4.535703063011169434e-01,6.115586161613464355e-01,-4.976960718631744385e-01,-4.059560298919677734e-01,-2.688358724117279053e-01,-7.132816314697265625e-01,-2.893039882183074951e-01,-6.510657072067260742e-01,8.845494985580444336e-01,-2.587380707263946533e-01,6.672762632369995117e-01,-1.845098845660686493e-02,-1.040116429328918457e+00,-5.200649499893188477e-01,1.218533396720886230e+00,1.861725896596908569e-01,3.097577393054962158e-01,2.128983289003372192e-01,2.986620962619781494e-01,-6.227957010269165039e-01,-8.864005208015441895e-01,7.410175353288650513e-02,-6.750110983848571777e-01,2.489145845174789429e-01,7.599577307701110840e-02,1.045985460281372070e+00,8.980644345283508301e-01,-4.145945608615875244e-02,3.301162719726562500e-01,-4.694151580333709717e-01,-2.740444839000701904e-01,-1.138188615441322327e-01,3.151741921901702881e-01,-8.721675723791122437e-03,-8.695377111434936523e-01,-6.143032908439636230e-01,1.068088412284851074e+00,1.641475319862365723e+00,-5.047317147254943848e-01,1.591647267341613770e-01,4.227041900157928467e-01,-2.128580808639526367e-01,-3.896576464176177979e-01,1.941167861223220825e-01,-1.078088760375976562e+00,-3.293483555316925049e-01
-4.526369869709014893e-01,-7.052946686744689941e-01,-9.189479798078536987e-02,1.760479956865310669e-01,5.781921148300170898e-01,-4.628795087337493896e-01,2.993904948234558105e-01,-2.743350863456726074e-01,1.151917934417724609e+00,-6.168946623802185059e-01,2.138722538948059082e-01,8.741170167922973633e-02,-5.862691998481750488e-01,-2.634782195091247559e-01,4.321692511439323425e-02,-1.116092205047607422e-01,3.094183802604675293e-01,4.506967961788177490e-01,4.484763145446777344e-01,6.251590251922607422e-01,-4.974359571933746338e-01,-4.042020738124847412e-01,-2.638621628284454346e-01,-6.927166581153869629e-01,-3.134504854679107666e-01,-6.612831354141235352e-01,8.655794262886047363e-01,-2.502309679985046387e-01,6.677771806716918945e-01,-4.416120052337646484e-02,-1.032337665557861328e+00,-5.157907605171203613e-01,1.206585049629211426e+00,1.649666428565979004e-01,3.145472705364227295e-01,2.156826704740524292e-01,2.903175652027130127e-01,-5.943419933319091797e-01,-8.846892714500427246e-01,6.320825964212417603e-02,-6.933820247650146484e-01,2.375249266624450684e-01,6.998202204704284668e-02,1.044165611267089844e+00,9.215158224105834961e-01,-4.872803762555122375e-02,3.044421672821044922e-01,-4.774023592472076416e-01,-2.935021519660949707e-01,-1.290289163589477539e-01,3.126040399074554443e-01,6.582831032574176788e-03,-9.145039916038513184e-01,-5.899424552917480469e-01,1.082921743392944336e+00,1.637783050537109375e+00,-4.889020025730133057e-01,1.536972522735595703e-01,4.116414189338684082e-01,-2.162985205650329590e-01,-4.111247360706329346e-01,1.873128265142440796e-01,-1.074188709259033203e+00,-3.285250067710876465e-01
-4.568794667720794678e-01,-7.034710049629211426e-01,-7.779754698276519775e-02,1.595567017793655396e-01,5.719537734985351562e-01,-4.605003595352172852e-01,3.052339255809783936e-01,-2.687709927558898926e-01,1.158589482307434082e+00,-6.316392421722412109e-01,1.905974894762039185e-01,1.017976626753807068e-01,-6.005283594131469727e-01,-2.586569786071777344e-01,4.490286856889724731e-02,-1.065136045217514038e-01,3.184841275215148926e-01,4.440840184688568115e-01,4.418081939220428467e-01,6.191065311431884766e-01,-4.934462308883666992e-01,-4.035370349884033203e-01,-2.507773637771606445e-01,-7.138141989707946777e-01,-3.061308264732360840e-01,-6.463236808776855469e-01,8.710513114929199219e-01,-2.688786387443542480e-01,6.733444929122924805e-01,-2.055503427982330322e-02,-1.059428572654724121e+00,-5.098590850830078125e-01,1.215920209884643555e+00,1.637880653142929077e-01,3.156175613403320312e-01,2.219128161668777466e-01,3.044821619987487793e-01,-5.996429324150085449e-01,-8.930031657218933105e-01,7.293634116649627686e-02,-6.783163547515869141e-01,2.422951012849807739e-01,6.397566944360733032e-02,1.049889326095581055e+00,9.188941121101379395e-01,-3.649687767028808594e-02,3.227109909057617188e-01,-4.686413109302520752e-01,-2.657530605792999268e-01,-1.100328937172889709e-01,2.974584996700286865e-01,-1.811255328357219696e-02,-8.908866047859191895e-01,-6.097871065139770508e-01,1.090144157409667969e+00,1.636304020881652832e+00,-5.018497109413146973e-01,1.528086662292480469e-01,4.182643890380859375e-01,-2.287915050983428955e-01,-4.153610467910766602e-01,1.868633031845092773e-01,-1.105887413024902344e+00,-3.205715715885162354e-01
-4.426050782203674316e-01,-6.900544166564941406e-01,-1.029760912060737610e-01,1.601870954036712646e-01,5.764774084091186523e-01,-4.628154933452606201e-01,3.074619174003601074e-01,-2.683807611465454102e-01,1.145612478256225586e+00,-6.179616451263427734e-01,2.034893184900283813e-01,9.521502256393432617e-02,-5.924502611160278320e-01,-2.658409178256988525e-01,4.893465712666511536e-02,-9.901558607816696167e-02,3.118219077587127686e-01,4.298435449600219727e-01,4.538930058479309082e-01,6.079358458518981934e-01,-4.879845380783081055e-01,-4.103004932403564453e-01,-2.645244896411895752e-01,-7.009240984916687012e-01,-2.944104075431823730e-01,-6.294611692428588867e-01,8.590352535247802734e-01,-2.749586701393127441e-01,6.548325419425964355e-01,-1.821030862629413605e-02,-1.023690223693847656e+00,-5.173403620719909668e-01,1.212905406951904297e+00,1.615259647369384766e-01,3.028509020805358887e-01,2.272326052188873291e-01,2.875056862831115723e-01,-6.024575829505920410e-01,-8.856214284896850586e-01,8.554466068744659424e-02,-6.761936545372009277e-01,2.404191941022872925e-01,7.826647907495498657e-02,1.046028614044189453e+00,8.975729942321777344e-01,-5.198120325803756714e-02,3.200777173042297363e-01,-4.622193872928619385e-01,-2.677864432334899902e-01,-1.166178807616233826e-01,3.024302423000335693e-01,-6.610679440200328827e-03,-8.712304234504699707e-01,-5.988872051239013672e-01,1.069709539413452148e+00,1.621897578239440918e+00,-5.058196783065795898e-01,1.634994596242904663e-01,4.228366315364837646e-01,-2.186522930860519409e-01,-4.054012894630432129e-01,1.928415894508361816e-01,-1.077227473258972168e+00,-3.084441125392913818e-01
-4.471851587295532227e-01,-6.995690464973449707e-01,-8.848480135202407837e-02,1.559498608112335205e-01,5.657966136932373047e-01,-4.541716873645782471e-01,3.065882623195648193e-01,-2.658465206623077393e-01,1.164080977439880371e+00,-6.369732022285461426e-01,1.838562488555908203e-01,1.070772781968116760e-01,-5.990685820579528809e-01,-2.607948482036590576e-01,3.547460585832595825e-02,-1.084018796682357788e-01,3.219226896762847900e-01,4.394226074218750000e-01,4.405359029769897461e-01,6.285790801048278809e-01,-4.655055105686187744e-01,-4.073016345500946045e-01,-2.582189440727233887e-01,-7.032058835029602051e-01,-3.023768663406372070e-01,-6.385902166366577148e-01,8.710273504257202148e-01,-2.726946771144866943e-01,6.642251014709472656e-01,-2.010844275355339050e-02,-1.047847390174865723e+00,-5.143296122550964355e-01,1.210077881813049316e+00,1.647303104400634766e-01,3.062349259853363037e-01,2.361264824867248535e-01,2.960953414440155029e-01,-5.932500362396240234e-01,-8.980588912963867188e-01,8.607444167137145996e-02,-6.932304501533508301e-01,2.529855966567993164e-01,6.615046411752700806e-02,1.051686286926269531e+00,9.245654940605163574e-01,-3.559580072760581970e-02,3.307898044586181641e-01,-4.800452888011932373e-01,-2.591582834720611572e-01,-1.156947538256645203e-01,2.962023019790649414e-01,-1.820105686783790588e-02,-8.687927126884460449e-01,-6.055985093116760254e-01,1.085450172424316406e+00,1.636362791061401367e+00,-5.059682130813598633e-01,1.676872968673706055e-01,4.285132884979248047e-01,-2.285426259040832520e-01,-4.125720560550689697e-01,1.953041553497314453e-01,-1.093813657760620117e+00,-3.045595884323120117e-01
-4.650710225105285645e-01,-7.135105729103088379e-01,-9.179653972387313843e-02,1.680512577295303345e-01,5.822936296463012695e-01,-4.519021213054656982e-01,3.130198717117309570e-01,-2.497263401746749878e-01,1.173743486404418945e+00,-6.168981194496154785e-01,2.006809562444686890e-01,9.733210504055023193e-02,-6.142833232879638672e-01,-2.440494149923324585e-01,4.756416007876396179e-02,-1.047250404953956604e-01,3.313676416873931885e-01,4.586230516433715820e-01,4.398265779018402100e-01,6.394942998886108398e-01,-4.911119937896728516e-01,-4.382708668708801270e-01,-2.612156867980957031e-01,-7.135564088821411133e-01,-3.220997750759124756e-01,-6.485593914985656738e-01,8.837834000587463379e-01,-2.730028033256530762e-01,6.775271296501159668e-01,-9.879061020910739899e-03,-1.047364592552185059e+00,-5.118067860603332520e-01,1.198982357978820801e+00,1.745653599500656128e-01,3.219912052154541016e-01,2.200988382101058960e-01,3.075047731399536133e-01,-6.136619448661804199e-01,-8.921891450881958008e-01,8.029773086309432983e-02,-6.858042478561401367e-01,2.450122088193893433e-01,7.546973228454589844e-02,1.048167705535888672e+00,9.297813177108764648e-01,-5.381743982434272766e-02,3.297387361526489258e-01,-4.463391304016113281e-01,-2.817232310771942139e-01,-1.094157919287681580e-01,2.960495054721832275e-01,-1.537384185940027237e-02,-9.179900288581848145e-01,-5.997283458709716797e-01,1.100595831871032715e+00,1.635900259017944336e+00,-5.222541689872741699e-01,1.639614999294281006e-01,4.366995394229888916e-01,-2.260443121194839478e-01,-4.347321093082427979e-01,1.889958232641220093e-01,-1.089913964271545410e+00,-3.375505506992340088e-01
-4.610241949558258057e-01,-6.929735541343688965e-01,-9.035188704729080200e-02,1.680820584297180176e-01,5.865067243576049805e-01,-4.814641773700714111e-01,3.077546358108520508e-01,-2.570398151874542236e-01,1.156314849853515625e+00,-6.104071140289306641e-01,2.051794826984405518e-01,7.860650122165679932e-02,-5.895987153053283691e-01,-2.594459950923919678e-01,5.370374768972396851e-02,-9.965885430574417114e-02,3.018398582935333252e-01,4.548827707767486572e-01,4.495015740394592285e-01,6.265948414802551270e-01,-5.063711404800415039e-01,-4.261522591114044189e-01,-2.520496249198913574e-01,-7.154335975646972656e-01,-3.139460384845733643e-01,-6.645490527153015137e-01,8.792939186096191406e-01,-2.699547410011291504e-01,6.641742587089538574e-01,-2.120356075465679169e-02,-1.046475529670715332e+00,-5.109677910804748535e-01,1.207594871520996094e+00,1.811706274747848511e-01,3.151086866855621338e-01,2.109913676977157593e-01,2.989470362663269043e-01,-6.127889156341552734e-01,-8.848503828048706055e-01,7.334418594837188721e-02,-6.826303005218505859e-01,2.403650581836700439e-01,7.111030071973800659e-02,1.050189971923828125e+00,9.097115993499755859e-01,-4.450449720025062561e-02,3.323684930801391602e-01,-4.485401511192321777e-01,-2.804979085922241211e-01,-1.161411404609680176e-01,3.065660297870635986e-01,1.064637210220098495e-03,-8.936928510665893555e-01,-6.025466918945312500e-01,1.083396196365356445e+00,1.632161259651184082e+00,-5.033974051475524902e-01,1.558883637189865112e-01,4.247340559959411621e-01,-2.139576226472854614e-01,-4.072321057319641113e-01,1.928094327449798584e-01,-1.093127846717834473e+00,-3.370993733406066895e-01
-4.508874416351318359e-01,-6.953486204147338867e-01,-1.040787473320960999e-01,1.517907381057739258e-01,5.771845579147338867e-01,-4.520876109600067139e-01,3.100225925445556641e-01,-2.747160494327545166e-01,1.143695473670959473e+00,-6.226729154586791992e-01,1.988803893327713013e-01,8.557569235563278198e-02,-5.971204042434692383e-01,-2.556581795215606689e-01,2.744492515921592712e-02,-1.155714839696884155e-01,3.263532221317291260e-01,4.233696460723876953e-01,4.513159096240997314e-01,6.183140873908996582e-01,-4.887283146381378174e-01,-3.997505605220794678e-01,-2.639461755752563477e-01,-6.934386491775512695e-01,-3.071665167808532715e-01,-6.447032690048217773e-01,8.728554248809814453e-01,-2.675552964210510254e-01,6.601489782333374023e-01,-3.431439399719238281e-02,-1.024673223495483398e+00,-5.208412408828735352e-01,1.202117085456848145e+00,1.759981364011764526e-01,3.095376789569854736e-01,2.063588351011276245e-01,2.865735888481140137e-01,-6.003986597061157227e-01,-8.672354221343994141e-01,8.748708665370941162e-02,-6.876016259193420410e-01,2.452558875083923340e-01,7.451847195625305176e-02,1.034885287284851074e+00,9.209092259407043457e-01,-5.441032722592353821e-02,3.160214424133300781e-01,-4.549952745437622070e-01,-2.783047258853912354e-01,-1.158116310834884644e-01,3.056457936763763428e-01,-1.693222671747207642e-02,-8.879037499427795410e-01,-5.928896665573120117e-01,1.074916124343872070e+00,1.629391908645629883e+00,-5.037028789520263672e-01,1.681333333253860474e-01,4.406321048736572266e-01,-2.163418084383010864e-01,-4.159438610076904297e-01,1.878136247396469116e-01,-1.074519038200378418e+00,-3.347468972206115723e-01
-4.496473968029022217e-01,-7.021667957305908203e-01,-9.801284223794937134e-02,1.483153849840164185e-01,5.853357315063476562e-01,-4.542832076549530029e-01,3.160812854766845703e-01,-2.624378204345703125e-01,1.144182682037353516e+00,-6.196611523628234863e-01,2.030652016401290894e-01,7.952187210321426392e-02,-5.886570215225219727e-01,-2.568736970424652100e-01,4.153562709689140320e-02,-1.072339043021202087e-01,3.307273983955383301e-01,4.378783702850341797e-01,4.437621831893920898e-01,6.258080005645751953e-01,-4.912363886833190918e-01,-4.065244495868682861e-01,-2.567107379436492920e-01,-6.980485320091247559e-01,-3.067617714405059814e-01,-6.547601222991943359e-01,8.809415698051452637e-01,-2.616432905197143555e-01,6.661658883094787598e-01,-2.471920289099216461e-02,-1.039679288864135742e+00,-5.124343633651733398e-01,1.194971799850463867e+00,1.831338405609130859e-01,3.136517107486724854e-01,2.073548585176467896e-01,2.934693694114685059e-01,-6.027939319610595703e-01,-8.717200160026550293e-01,7.174786925315856934e-02,-6.865062713623046875e-01,2.551102638244628906e-01,7.334689795970916748e-02,1.035972356796264648e+00,9.242051839828491211e-01,-5.086036771535873413e-02,3.260826468467712402e-01,-4.542990624904632568e-01,-2.809925377368927002e-01,-1.135291382670402527e-01,3.081491291522979736e-01,-1.911278814077377319e-02,-8.932922482490539551e-01,-6.011355519294738770e-01,1.076647758483886719e+00,1.626607894897460938e+00,-5.029756426811218262e-01,1.710278987884521484e-01,4.380873441696166992e-01,-2.210399359464645386e-01,-4.283322989940643311e-01,1.867896467447280884e-01,-1.079888820648193359e+00,-3.376323580741882324e-01
-4.671579599380493164e-01,-7.075852155685424805e-01,-9.694890677928924561e-02,1.588957458734512329e-01,5.812996625900268555e-01,-4.671003818511962891e-01,3.206230700016021729e-01,-2.668997049331665039e-01,1.172674179077148438e+00,-6.208260059356689453e-01,1.993229538202285767e-01,8.988537639379501343e-02,-6.056385636329650879e-01,-2.561510801315307617e-01,3.913965076208114624e-02,-1.141207143664360046e-01,3.116859197616577148e-01,4.609453678131103516e-01,4.452788233757019043e-01,6.374241113662719727e-01,-4.959129095077514648e-01,-4.174165427684783936e-01,-2.610954344272613525e-01,-7.053432464599609375e-01,-3.169819712638854980e-01,-6.632390618324279785e-01,8.891721963882446289e-01,-2.673518657684326172e-01,6.734889149665832520e-01,-1.653200387954711914e-02,-1.053912997245788574e+00,-5.199477076530456543e-01,1.213598608970642090e+00,1.838288754224777222e-01,3.236049413681030273e-01,2.179628759622573853e-01,3.052724301815032959e-01,-6.145772933959960938e-01,-8.968703150749206543e-01,8.188772946596145630e-02,-7.065616846084594727e-01,2.507125139236450195e-01,7.455932348966598511e-02,1.062750697135925293e+00,9.355269074440002441e-01,-3.212352097034454346e-02,3.332276344299316406e-01,-4.668529629707336426e-01,-2.839842736721038818e-01,-1.116048395633697510e-01,3.129255175590515137e-01,-1.430882886052131653e-02,-9.007398486137390137e-01,-6.104963421821594238e-01,1.098315119743347168e+00,1.661694407463073730e+00,-5.126044154167175293e-01,1.649795025587081909e-01,4.312326312065124512e-01,-2.213697731494903564e-01,-4.130081832408905029e-01,1.967513561248779297e-01,-1.090180635452270508e+00,-3.502234816551208496e-01
-4.516477286815643311e-01,-6.969560384750366211e-01,-1.100335419178009033e-01,1.531376838684082031e-01,5.795079469680786133e-01,-4.600801765918731689e-01,3.084394931793212891e-01,-2.724114656448364258e-01,1.157780170440673828e+00,-6.353366374969482422e-01,2.073616087436676025e-01,9.087295085191726685e-02,-5.997997522354125977e-01,-2.598358392715454102e-01,3.221293166279792786e-02,-1.167049556970596313e-01,3.282212913036346436e-01,4.269956946372985840e-01,4.603726565837860107e-01,6.203713417053222656e-01,-4.844876229763031006e-01,-3.996070921421051025e-01,-2.705616354942321777e-01,-6.996487975120544434e-01,-3.090358376502990723e-01,-6.480528116226196289e-01,8.764640092849731445e-01,-2.718836665153503418e-01,6.627426147460937500e-01,-4.208371415734291077e-02,-1.018928527832031250e+00,-5.324969291687011719e-01,1.216079592704772949e+00,1.743665188550949097e-01,3.070873320102691650e-01,2.137643694877624512e-01,2.766715586185455322e-01,-6.142006516456604004e-01,-8.739219903945922852e-01,9.015303105115890503e-02,-7.034267783164978027e-01,2.528006136417388916e-01,7.049664109945297241e-02,1.053664326667785645e+00,9.324714541435241699e-01,-4.759777337312698364e-02,3.195632100105285645e-01,-4.773406088352203369e-01,-2.867677211761474609e-01,-1.307544410228729248e-01,3.157064914703369141e-01,-2.187056839466094971e-02,-8.876636028289794922e-01,-5.920964479446411133e-01,1.078623652458190918e+00,1.646669149398803711e+00,-5.000936985015869141e-01,1.773681789636611938e-01,4.292614459991455078e-01,-2.172028571367263794e-01,-4.042231440544128418e-01,1.904002577066421509e-01,-1.082807064056396484e+00,-3.220276236534118652e-01
-4.507867395877838135e-01,-7.021460533142089844e-01,-1.007698252797126770e-01,1.550710201263427734e-01,5.715631246566772461e-01,-4.566507935523986816e-01,3.140842616558074951e-01,-2.551243901252746582e-01,1.149455666542053223e+00,-6.179365515708923340e-01,2.001486271619796753e-01,9.305972605943679810e-02,-5.923318862915039062e-01,-2.531995177268981934e-01,2.840789593756198883e-02,-1.028676405549049377e-01,3.192656338214874268e-01,4.359699189662933350e-01,4.501621723175048828e-01,6.254796385765075684e-01,-4.853833019733428955e-01,-4.221005439758300781e-01,-2.620782852172851562e-01,-6.984941363334655762e-01,-3.069602847099304199e-01,-6.442667245864868164e-01,8.774325251579284668e-01,-2.629620730876922607e-01,6.620213389396667480e-01,-1.924099028110504150e-02,-1.027069449424743652e+00,-5.095279216766357422e-01,1.192362666130065918e+00,1.742127835750579834e-01,3.133186399936676025e-01,2.110198885202407837e-01,2.886620461940765381e-01,-6.125024557113647461e-01,-8.717621564865112305e-01,7.816236466169357300e-02,-6.831101775169372559e-01,2.476454526185989380e-01,7.340922206640243530e-02,1.035346627235412598e+00,9.100970625877380371e-01,-4.998921975493431091e-02,3.297240138053894043e-01,-4.528135359287261963e-01,-2.762392163276672363e-01,-1.101206839084625244e-01,2.969785034656524658e-01,-2.428954467177391052e-02,-8.834772109985351562e-01,-5.936798453330993652e-01,1.073561787605285645e+00,1.620224118232727051e+00,-5.031347870826721191e-01,1.601502150297164917e-01,4.311479032039642334e-01,-2.153448909521102905e-01,-4.140506386756896973e-01,1.853129714727401733e-01,-1.070489406585693359e+00,-3.406011760234832764e-01
-4.515271484851837158e-01,-7.055395245552062988e-01,-1.066238954663276672e-01,1.741172969341278076e-01,5.614318847656250000e-01,-4.643256068229675293e-01,3.319064080715179443e-01,-2.615727782249450684e-01,1.155794739723205566e+00,-6.203904747962951660e-01,2.027662843465805054e-01,9.335986524820327759e-02,-5.839875936508178711e-01,-2.622004747390747070e-01,3.740267455577850342e-02,-1.031566113233566284e-01,2.953256666660308838e-01,4.543371200561523438e-01,4.527615010738372803e-01,6.229237914085388184e-01,-4.874060153961181641e-01,-4.202572107315063477e-01,-2.562311589717864990e-01,-6.943218111991882324e-01,-3.031332492828369141e-01,-6.434332132339477539e-01,8.798739314079284668e-01,-2.556227445602416992e-01,6.629860401153564453e-01,-2.558046719059348106e-03,-1.029320955276489258e+00,-5.115469098091125488e-01,1.204345345497131348e+00,1.723220646381378174e-01,3.222116827964782715e-01,2.107091099023818970e-01,2.804344296455383301e-01,-6.257238388061523438e-01,-8.786043524742126465e-01,6.257019191980361938e-02,-6.925830245018005371e-01,2.468122690916061401e-01,8.248236775398254395e-02,1.029847860336303711e+00,9.050819873809814453e-01,-3.352171555161476135e-02,3.236664533615112305e-01,-4.751286208629608154e-01,-2.734799683094024658e-01,-1.076545119285583496e-01,3.045337796211242676e-01,-1.842667162418365479e-02,-8.835046887397766113e-01,-5.905103087425231934e-01,1.071459174156188965e+00,1.637678265571594238e+00,-4.896776676177978516e-01,1.492833197116851807e-01,4.104869961738586426e-01,-2.171521484851837158e-01,-4.083755910396575928e-01,1.991137713193893433e-01,-1.063756704330444336e+00,-3.402246236801147461e-01
-4.568877518177032471e-01,-6.963955163955688477e-01,-1.166763827204704285e-01,1.533827185630798340e-01,5.798603296279907227e-01,-4.692787826061248779e-01,3.107697665691375732e-01,-2.622077167034149170e-01,1.156861305236816406e+00,-6.277086138725280762e-01,2.036341875791549683e-01,9.641095995903015137e-02,-5.948385596275329590e-01,-2.665790021419525146e-01,4.959964007139205933e-02,-1.067217886447906494e-01,3.104126453399658203e-01,4.418746232986450195e-01,4.508267045021057129e-01,6.242766976356506348e-01,-4.879649281501770020e-01,-4.212692379951477051e-01,-2.633740007877349854e-01,-7.137788534164428711e-01,-3.105720579624176025e-01,-6.493340730667114258e-01,8.712459802627563477e-01,-2.717304229736328125e-01,6.576302647590637207e-01,-2.402007952332496643e-02,-1.029859185218811035e+00,-5.255932807922363281e-01,1.212845325469970703e+00,1.779942959547042847e-01,3.116127252578735352e-01,2.312274426221847534e-01,3.004337847232818604e-01,-6.188994646072387695e-01,-8.889778256416320801e-01,8.912799507379531860e-02,-6.882328987121582031e-01,2.447268366813659668e-01,6.487144529819488525e-02,1.054367303848266602e+00,9.082991480827331543e-01,-4.018687084317207336e-02,3.278028964996337891e-01,-4.663963317871093750e-01,-2.746493816375732422e-01,-1.224210411310195923e-01,3.111082315444946289e-01,-1.711161807179450989e-02,-8.798226118087768555e-01,-5.943230986595153809e-01,1.088024258613586426e+00,1.647635340690612793e+00,-5.057312250137329102e-01,1.608657985925674438e-01,4.257083535194396973e-01,-2.168556749820709229e-01,-3.911451101303100586e-01,1.977877020835876465e-01,-1.077211856842041016e+00,-3.230235576629638672e-01
-4.407083094120025635e-01,-7.073876261711120605e-01,-8.656299114227294922e-02,1.664285659790039062e-01,5.635777711868286133e-01,-4.658992886543273926e-01,3.109144568443298340e-01,-2.654823958873748779e-01,1.171615600585937500e+00,-6.306655406951904297e-01,1.915724128484725952e-01,9.542157500982284546e-02,-5.915560126304626465e-01,-2.604793608188629150e-01,3.234753757715225220e-02,-1.073466092348098755e-01,3.068226277828216553e-01,4.393204152584075928e-01,4.526053369045257568e-01,6.261420845985412598e-01,-4.851635396480560303e-01,-4.183384180068969727e-01,-2.615498006343841553e-01,-7.017484307289123535e-01,-3.034144043922424316e-01,-6.375909447669982910e-01,8.616003990173339844e-01,-2.620836198329925537e-01,6.625218391418457031e-01,-1.294424571096897125e-02,-1.051353096961975098e+00,-5.064955353736877441e-01,1.202358722686767578e+00,1.536597907543182373e-01,3.141393661499023438e-01,2.188689261674880981e-01,2.970004081726074219e-01,-5.964782238006591797e-01,-8.872494697570800781e-01,7.780224829912185669e-02,-6.923419833183288574e-01,2.325493842363357544e-01,8.665255457162857056e-02,1.039171814918518066e+00,9.151374101638793945e-01,-3.012318909168243408e-02,3.280223011970520020e-01,-4.641146957874298096e-01,-2.573582231998443604e-01,-1.043185442686080933e-01,2.892886102199554443e-01,-5.593098700046539307e-03,-8.840577602386474609e-01,-5.997598767280578613e-01,1.089016675949096680e+00,1.634457945823669434e+00,-4.909037947654724121e-01,1.522346585988998413e-01,4.237340688705444336e-01,-2.157657295465469360e-01,-4.085667133331298828e-01,2.003846913576126099e-01,-1.099998712539672852e+00,-3.191004097461700439e-01
-4.483465552330017090e-01,-6.969828605651855469e-01,-9.341611713171005249e-02,1.652690321207046509e-01,5.848968029022216797e-01,-4.603947997093200684e-01,3.061274886131286621e-01,-2.577807903289794922e-01,1.147524595260620117e+00,-6.206237673759460449e-01,1.951576918363571167e-01,8.206011354923248291e-02,-5.912790894508361816e-01,-2.508282363414764404e-01,5.394082888960838318e-02,-1.008291468024253845e-01,3.124598562717437744e-01,4.574245512485504150e-01,4.447485208511352539e-01,6.311547756195068359e-01,-4.949825406074523926e-01,-4.288197159767150879e-01,-2.516508698463439941e-01,-7.197889685630798340e-01,-3.115813732147216797e-01,-6.476171612739562988e-01,8.746072053909301758e-01,-2.623427808284759521e-01,6.740758419036865234e-01,-2.487295307219028473e-02,-1.041013002395629883e+00,-5.027147531509399414e-01,1.202728629112243652e+00,1.721688508987426758e-01,3.129587769508361816e-01,2.189653962850570679e-01,3.008579313755035400e-01,-6.013041734695434570e-01,-8.880794048309326172e-01,7.672481238842010498e-02,-6.725662350654602051e-01,2.363487035036087036e-01,7.089543342590332031e-02,1.044991731643676758e+00,9.123497009277343750e-01,-3.579600900411605835e-02,3.214149475097656250e-01,-4.559733569622039795e-01,-2.723354995250701904e-01,-1.062373071908950806e-01,2.985977232456207275e-01,-6.833068095147609711e-03,-8.962603211402893066e-01,-5.955405831336975098e-01,1.093241453170776367e+00,1.626656293869018555e+00,-5.014407038688659668e-01,1.586772948503494263e-01,4.134562611579895020e-01,-2.231153994798660278e-01,-4.197920262813568115e-01,1.876695901155471802e-01,-1.096309185028076172e+00,-3.271541595458984375e-01
-4.582222402095794678e-01,-7.189817428588867188e-01,-1.124460250139236450e-01,1.714621186256408691e-01,5.966332554817199707e-01,-4.783535003662109375e-01,3.151015937328338623e-01,-2.792084217071533203e-01,1.182486891746520996e+00,-6.326669454574584961e-01,2.136656492948532104e-01,9.065224975347518921e-02,-6.095694303512573242e-01,-2.621889114379882812e-01,4.866109043359756470e-02,-1.055128425359725952e-01,3.208739459514617920e-01,4.459101259708404541e-01,4.692568480968475342e-01,6.298181414604187012e-01,-5.071387887001037598e-01,-4.188516438007354736e-01,-2.705883085727691650e-01,-7.227088212966918945e-01,-3.218984305858612061e-01,-6.590706706047058105e-01,8.893282413482666016e-01,-2.749791443347930908e-01,6.795127391815185547e-01,-2.871446125209331512e-02,-1.047158718109130859e+00,-5.299081802368164062e-01,1.233613848686218262e+00,1.717461496591567993e-01,3.137554824352264404e-01,2.220019549131393433e-01,2.878521084785461426e-01,-6.240844726562500000e-01,-9.042983055114746094e-01,8.925595879554748535e-02,-6.964882016181945801e-01,2.484090030193328857e-01,7.461567223072052002e-02,1.063195228576660156e+00,9.303963184356689453e-01,-4.766520857810974121e-02,3.204391598701477051e-01,-4.690675735473632812e-01,-2.842058539390563965e-01,-1.255998611450195312e-01,3.102522492408752441e-01,-8.803033269941806793e-03,-9.059635996818542480e-01,-6.050768494606018066e-01,1.098015427589416504e+00,1.668040990829467773e+00,-5.097277164459228516e-01,1.662025302648544312e-01,4.405692219734191895e-01,-2.235923409461975098e-01,-4.159378409385681152e-01,1.987531185150146484e-01,-1.102774620056152344e+00,-3.343299329280853271e-01
-4.549864828586578369e-01,-7.001436948776245117e-01,-1.284946203231811523e-01,1.578134447336196899e-01,5.900641083717346191e-01,-4.587419927120208740e-01,3.172409236431121826e-01,-2.685901522636413574e-01,1.157945156097412109e+00,-6.202855706214904785e-01,2.151557654142379761e-01,8.254082500934600830e-02,-5.868315100669860840e-01,-2.651525139808654785e-01,3.428250923752784729e-02,-1.095148175954818726e-01,3.247208595275878906e-01,4.487729966640472412e-01,4.488036930561065674e-01,6.367039680480957031e-01,-4.795892834663391113e-01,-4.086795747280120850e-01,-2.737265825271606445e-01,-6.950904130935668945e-01,-3.180062770843505859e-01,-6.639443635940551758e-01,8.882991075515747070e-01,-2.644228041172027588e-01,6.686637997627258301e-01,-3.041849471628665924e-02,-1.023989319801330566e+00,-5.255115032196044922e-01,1.201844692230224609e+00,1.843803822994232178e-01,3.049553930759429932e-01,2.204886525869369507e-01,2.733560502529144287e-01,-6.178858876228332520e-01,-8.793994784355163574e-01,8.761611580848693848e-02,-7.029863595962524414e-01,2.642125189304351807e-01,7.988348603248596191e-02,1.050239920616149902e+00,9.294621944427490234e-01,-6.389858573675155640e-02,3.326739668846130371e-01,-4.708723127841949463e-01,-2.965518534183502197e-01,-1.363110840320587158e-01,3.167790770530700684e-01,-1.017113402485847473e-02,-8.878105282783508301e-01,-5.991189479827880859e-01,1.072191715240478516e+00,1.647027373313903809e+00,-5.013071298599243164e-01,1.778528839349746704e-01,4.359388649463653564e-01,-2.242112457752227783e-01,-4.010405838489532471e-01,1.992327570915222168e-01,-1.052601933479309082e+00,-3.365055024623870850e-01
-4.510131478309631348e-01,-6.937651038169860840e-01,-9.291283786296844482e-02,1.600969135761260986e-01,5.807331800460815430e-01,-4.578190743923187256e-01,3.179865181446075439e-01,-2.568292915821075439e-01,1.146395921707153320e+00,-6.141903400421142578e-01,1.920361965894699097e-01,8.615677803754806519e-02,-5.859869122505187988e-01,-2.623525857925415039e-01,5.181457847356796265e-02,-1.027990877628326416e-01,3.090376555919647217e-01,4.389289319515228271e-01,4.414470195770263672e-01,6.162589788436889648e-01,-4.992913603782653809e-01,-3.988394737243652344e-01,-2.559790313243865967e-01,-7.076245546340942383e-01,-3.134844601154327393e-01,-6.516376137733459473e-01,8.659815192222595215e-01,-2.581455111503601074e-01,6.645700931549072266e-01,-2.388889342546463013e-02,-1.040506720542907715e+00,-5.020816922187805176e-01,1.194978713989257812e+00,1.702291220426559448e-01,3.146634697914123535e-01,2.145888060331344604e-01,2.866625189781188965e-01,-5.959972143173217773e-01,-8.806905150413513184e-01,8.378116041421890259e-02,-6.858829855918884277e-01,2.537604570388793945e-01,8.001011610031127930e-02,1.031177639961242676e+00,9.092860817909240723e-01,-3.519300743937492371e-02,3.192891478538513184e-01,-4.632645845413208008e-01,-2.643498480319976807e-01,-1.215167045593261719e-01,2.999684512615203857e-01,-1.011445745825767517e-02,-8.838195204734802246e-01,-5.978096127510070801e-01,1.062896013259887695e+00,1.625013589859008789e+00,-4.955212771892547607e-01,1.720874607563018799e-01,4.258345961570739746e-01,-2.311955690383911133e-01,-4.086564481258392334e-01,2.007309198379516602e-01,-1.071039795875549316e+00,-3.180343210697174072e-01
-4.421797692775726318e-01,-7.003275752067565918e-01,-1.000559553503990173e-01,1.539089828729629517e-01,5.922777056694030762e-01,-4.772664606571197510e-01,2.997230887413024902e-01,-2.642882764339447021e-01,1.143973231315612793e+00,-6.151841878890991211e-01,2.189110517501831055e-01,7.549087703227996826e-02,-5.784271955490112305e-01,-2.581614851951599121e-01,5.600495263934135437e-02,-1.005062237381935120e-01,3.234912455081939697e-01,4.552401304244995117e-01,4.402352869510650635e-01,6.352746486663818359e-01,-4.892450273036956787e-01,-4.234201014041900635e-01,-2.651887238025665283e-01,-7.093570232391357422e-01,-3.162071704864501953e-01,-6.585633754730224609e-01,8.738907575607299805e-01,-2.690138518810272217e-01,6.570666432380676270e-01,-3.288593515753746033e-02,-1.029119729995727539e+00,-5.151979327201843262e-01,1.183366298675537109e+00,1.696806997060775757e-01,3.153335750102996826e-01,2.117726951837539673e-01,2.764223217964172363e-01,-6.154032349586486816e-01,-8.693219423294067383e-01,7.523374259471893311e-02,-6.902177929878234863e-01,2.595191895961761475e-01,8.154269307851791382e-02,1.046049356460571289e+00,9.182155132293701172e-01,-5.039810389280319214e-02,3.310379385948181152e-01,-4.609270989894866943e-01,-2.768575549125671387e-01,-1.201942414045333862e-01,3.024872839450836182e-01,-2.419592579826712608e-03,-8.949743509292602539e-01,-5.874031186103820801e-01,1.065804004669189453e+00,1.626377820968627930e+00,-4.948988556861877441e-01,1.811604946851730347e-01,4.295582175254821777e-01,-2.242254167795181274e-01,-4.125468432903289795e-01,1.922919452190399170e-01,-1.068866491317749023e+00,-3.225844204425811768e-01
-4.483104646205902100e-01,-6.876919865608215332e-01,-1.001600697636604309e-01,1.561612933874130249e-01,5.702736377716064453e-01,-4.515432715415954590e-01,2.966046035289764404e-01,-2.767944335937500000e-01,1.136457204818725586e+00,-6.293511986732482910e-01,2.049723416566848755e-01,8.680731058120727539e-02,-6.050376296043395996e-01,-2.409417182207107544e-01,3.784548491239547729e-02,-1.105179116129875183e-01,3.240977525711059570e-01,4.314170777797698975e-01,4.515211880207061768e-01,6.143708825111389160e-01,-4.896040260791778564e-01,-3.955322504043579102e-01,-2.544276118278503418e-01,-7.017128467559814453e-01,-3.108690083026885986e-01,-6.395192146301269531e-01,8.648410439491271973e-01,-2.813115715980529785e-01,6.514641046524047852e-01,-2.848960272967815399e-02,-1.020291447639465332e+00,-5.332392454147338867e-01,1.211759567260742188e+00,1.805913448333740234e-01,3.121014535427093506e-01,2.082475572824478149e-01,2.818669676780700684e-01,-6.034176945686340332e-01,-8.758264780044555664e-01,8.800358325242996216e-02,-6.784210205078125000e-01,2.434885054826736450e-01,5.766941606998443604e-02,1.050995945930480957e+00,9.135276675224304199e-01,-4.310160875320434570e-02,3.046157956123352051e-01,-4.684279859066009521e-01,-2.909736931324005127e-01,-1.168911531567573547e-01,3.067844212055206299e-01,-1.683147624135017395e-02,-8.762912750244140625e-01,-5.875777602195739746e-01,1.082043170928955078e+00,1.624389767646789551e+00,-5.166171789169311523e-01,1.744478493928909302e-01,4.575507640838623047e-01,-2.181646823883056641e-01,-4.170001149177551270e-01,1.727874726057052612e-01,-1.083405852317810059e+00,-3.163183331489562988e-01
-4.469286501407623291e-01,-6.880061030387878418e-01,-1.036833822727203369e-01,1.631487309932708740e-01,6.034480929374694824e-01,-4.727728366851806641e-01,2.999123930931091309e-01,-2.743619084358215332e-01,1.145482659339904785e+00,-6.258348226547241211e-01,2.036479860544204712e-01,9.372057020664215088e-02,-5.927993655204772949e-01,-2.471947371959686279e-01,6.013352423906326294e-02,-1.234244704246520996e-01,3.297518193721771240e-01,4.430154860019683838e-01,4.607328772544860840e-01,5.776265263557434082e-01,-4.961887300014495850e-01,-4.062118828296661377e-01,-2.567931115627288818e-01,-7.175444960594177246e-01,-3.055155277252197266e-01,-6.324809789657592773e-01,8.811404109001159668e-01,-2.704419791698455811e-01,6.800022125244140625e-01,-3.158129379153251648e-02,-1.009268999099731445e+00,-5.222169756889343262e-01,1.220784902572631836e+00,1.763118654489517212e-01,3.031007349491119385e-01,1.956906914710998535e-01,2.696818709373474121e-01,-6.143248677253723145e-01,-8.687900304794311523e-01,8.042071014642715454e-02,-6.859865188598632812e-01,2.477959096431732178e-01,6.469249725341796875e-02,1.055184841156005859e+00,9.165548682212829590e-01,-4.339795932173728943e-02,3.159405589103698730e-01,-4.632942080497741699e-01,-2.867037951946258545e-01,-1.032003462314605713e-01,3.086655735969543457e-01,-3.690445050597190857e-02,-9.067259430885314941e-01,-5.896950364112854004e-01,1.077123045921325684e+00,1.632728457450866699e+00,-5.042874217033386230e-01,1.782857924699783325e-01,3.927433192729949951e-01,-2.139705568552017212e-01,-4.087280035018920898e-01,1.835308074951171875e-01,-1.100775003433227539e+00,-3.392380774021148682e-01
-4.457937777042388916e-01,-6.903001070022583008e-01,-9.348296374082565308e-02,1.753966361284255981e-01,5.794667601585388184e-01,-4.629951119422912598e-01,3.165044188499450684e-01,-2.459325343370437622e-01,1.169091105461120605e+00,-6.234620809555053711e-01,1.933534145355224609e-01,1.018495112657546997e-01,-5.949650406837463379e-01,-2.608689367771148682e-01,5.206796899437904358e-02,-9.895653277635574341e-02,3.186409473419189453e-01,4.407534003257751465e-01,4.425115585327148438e-01,6.220484375953674316e-01,-4.858115315437316895e-01,-4.278953969478607178e-01,-2.499437928199768066e-01,-7.062562704086303711e-01,-3.101546466350555420e-01,-6.397474408149719238e-01,8.720217943191528320e-01,-2.693564891815185547e-01,6.582226753234863281e-01,-1.585910655558109283e-02,-1.031674265861511230e+00,-5.119396448135375977e-01,1.212109088897705078e+00,1.628354787826538086e-01,3.100411891937255859e-01,2.300376743078231812e-01,2.879330813884735107e-01,-6.083276271820068359e-01,-8.964919447898864746e-01,8.702002465724945068e-02,-6.910895705223083496e-01,2.505384087562561035e-01,7.304810732603073120e-02,1.055271744728088379e+00,9.197443127632141113e-01,-3.862045332789421082e-02,3.262172937393188477e-01,-4.713304638862609863e-01,-2.688062191009521484e-01,-1.077995300292968750e-01,3.020865321159362793e-01,-1.532030291855335236e-02,-8.807597160339355469e-01,-5.973178148269653320e-01,1.088424444198608398e+00,1.630043029785156250e+00,-5.082204937934875488e-01,1.681755483150482178e-01,4.129828810691833496e-01,-2.235930413007736206e-01,-4.188355803489685059e-01,1.991250216960906982e-01,-1.090533852577209473e+00,-3.075568079948425293e-01
-4.715787172317504883e-01,-7.180507779121398926e-01,-1.088632941246032715e-01,1.762415468692779541e-01,5.931973457336425781e-01,-4.642197489738464355e-01,3.185484409332275391e-01,-2.629468441009521484e-01,1.168062448501586914e+00,-6.172296404838562012e-01,2.009751200675964355e-01,8.731067180633544922e-02,-6.042360663414001465e-01,-2.417548745870590210e-01,4.436587169766426086e-02,-1.132360324263572693e-01,3.161474168300628662e-01,4.569855034351348877e-01,4.499163627624511719e-01,6.279012560844421387e-01,-5.048712491989135742e-01,-4.259893000125885010e-01,-2.574726641178131104e-01,-6.990886926651000977e-01,-3.346523344516754150e-01,-6.642249822616577148e-01,8.914082646369934082e-01,-2.565118372440338135e-01,6.799194812774658203e-01,-1.581542938947677612e-02,-1.037817597389221191e+00,-5.205280780792236328e-01,1.197522401809692383e+00,1.697687655687332153e-01,3.097906410694122314e-01,2.124626338481903076e-01,2.803866267204284668e-01,-6.117404699325561523e-01,-8.860544562339782715e-01,8.981690555810928345e-02,-7.014901638031005859e-01,2.485252916812896729e-01,7.625431567430496216e-02,1.039571523666381836e+00,9.232859611511230469e-01,-4.030612111091613770e-02,3.177085518836975098e-01,-4.614297449588775635e-01,-2.899307906627655029e-01,-1.150396317243576050e-01,3.099635839462280273e-01,-6.559281609952449799e-03,-8.939141631126403809e-01,-5.898489356040954590e-01,1.081651091575622559e+00,1.630428552627563477e+00,-4.997179806232452393e-01,1.701837629079818726e-01,4.425702393054962158e-01,-2.224902808666229248e-01,-4.258100390434265137e-01,1.962547302246093750e-01,-1.066459536552429199e+00,-3.714566528797149658e-01
-4.567250907421112061e-01,-7.058587670326232910e-01,-1.090804263949394226e-01,1.350449919700622559e-01,5.736798644065856934e-01,-4.589433968067169189e-01,3.150237500667572021e-01,-2.722691893577575684e-01,1.152655601501464844e+00,-6.347146034240722656e-01,2.020216435194015503e-01,9.672144055366516113e-02,-6.043726205825805664e-01,-2.671991288661956787e-01,4.512163251638412476e-02,-1.219073832035064697e-01,3.267318904399871826e-01,4.537723064422607422e-01,4.487486779689788818e-01,6.235848665237426758e-01,-4.719931483268737793e-01,-4.142910242080688477e-01,-2.792182564735412598e-01,-7.069351673126220703e-01,-3.015585243701934814e-01,-6.483821272850036621e-01,8.946012258529663086e-01,-2.685589194297790527e-01,6.709465980529785156e-01,-2.001585625112056732e-02,-1.033834457397460938e+00,-5.246520638465881348e-01,1.198781371116638184e+00,1.780219078063964844e-01,3.163683414459228516e-01,2.060213834047317505e-01,2.961359322071075439e-01,-6.334304213523864746e-01,-8.851392269134521484e-01,9.333550184965133667e-02,-6.830493211746215820e-01,2.630707621574401855e-01,8.207410573959350586e-02,1.039022445678710938e+00,9.162406921386718750e-01,-5.578553676605224609e-02,3.359345793724060059e-01,-4.639051854610443115e-01,-2.688706517219543457e-01,-1.080388277769088745e-01,2.947565615177154541e-01,-2.673397958278656006e-02,-8.916501998901367188e-01,-6.080319285392761230e-01,1.082551956176757812e+00,1.650884509086608887e+00,-5.152245759963989258e-01,1.652616262435913086e-01,4.421912431716918945e-01,-2.215448766946792603e-01,-4.001386463642120361e-01,2.000610083341598511e-01,-1.077388167381286621e+00,-3.334506750106811523e-01
-4.514715373516082764e-01,-6.791258454322814941e-01,-1.091169118881225586e-01,1.445980221033096313e-01,5.741519927978515625e-01,-4.613280296325683594e-01,2.948766350746154785e-01,-2.638644278049468994e-01,1.126574397087097168e+00,-6.144164800643920898e-01,1.941570341587066650e-01,6.975162029266357422e-02,-5.894287228584289551e-01,-2.533705532550811768e-01,5.076500028371810913e-02,-1.111637577414512634e-01,2.970469295978546143e-01,4.461426138877868652e-01,4.477598965167999268e-01,6.154944300651550293e-01,-4.827542006969451904e-01,-4.079152643680572510e-01,-2.505480051040649414e-01,-6.971919536590576172e-01,-3.001963496208190918e-01,-6.339605450630187988e-01,8.653096556663513184e-01,-2.619099020957946777e-01,6.713302135467529297e-01,-2.662118896842002869e-02,-1.028265595436096191e+00,-5.159914493560791016e-01,1.187929272651672363e+00,1.833930611610412598e-01,2.893743813037872314e-01,2.274598926305770874e-01,2.961043417453765869e-01,-5.880088210105895996e-01,-8.777958154678344727e-01,7.802160084247589111e-02,-6.789462566375732422e-01,2.377284914255142212e-01,5.783608555793762207e-02,1.026871204376220703e+00,9.107841849327087402e-01,-2.749123424291610718e-02,3.090435862541198730e-01,-4.594688713550567627e-01,-2.787256836891174316e-01,-1.144360825419425964e-01,3.114739656448364258e-01,1.694031059741973877e-03,-8.518532514572143555e-01,-5.918737053871154785e-01,1.061565876007080078e+00,1.602499723434448242e+00,-4.960133135318756104e-01,1.710811555385589600e-01,4.190637767314910889e-01,-2.177062034606933594e-01,-3.995168805122375488e-01,1.783942133188247681e-01,-1.070550203323364258e+00,-3.193141818046569824e-01
-4.464218020439147949e-01,-7.136666774749755859e-01,-1.112485751509666443e-01,1.449711471796035767e-01,5.912289619445800781e-01,-4.589911997318267822e-01,3.126378059387207031e-01,-2.545820772647857666e-01,1.149740457534790039e+00,-6.305665969848632812e-01,1.974896639585494995e-01,8.229992538690567017e-02,-5.943099260330200195e-01,-2.745539844036102295e-01,5.828304216265678406e-02,-1.173100098967552185e-01,3.140801489353179932e-01,4.432651102542877197e-01,4.572592973709106445e-01,6.093703508377075195e-01,-4.942293763160705566e-01,-4.142625927925109863e-01,-2.703028917312622070e-01,-7.076051831245422363e-01,-2.989948689937591553e-01,-6.483514308929443359e-01,8.805178999900817871e-01,-2.419960945844650269e-01,6.826439499855041504e-01,-2.639540843665599823e-02,-1.037773966789245605e+00,-5.177909135818481445e-01,1.197345733642578125e+00,1.749748140573501587e-01,3.055922687053680420e-01,2.030631303787231445e-01,3.031219244003295898e-01,-6.066803336143493652e-01,-8.818438649177551270e-01,7.923856377601623535e-02,-6.961551308631896973e-01,2.489351034164428711e-01,7.468308508396148682e-02,1.029147148132324219e+00,9.164161682128906250e-01,-3.956843167543411255e-02,3.197370767593383789e-01,-4.700459539890289307e-01,-2.805836200714111328e-01,-1.054880619049072266e-01,3.065318167209625244e-01,-1.987222954630851746e-02,-9.026750326156616211e-01,-6.045313477516174316e-01,1.074386477470397949e+00,1.638042569160461426e+00,-4.963856041431427002e-01,1.725818365812301636e-01,4.163863658905029297e-01,-2.122212499380111694e-01,-4.079801738262176514e-01,1.968511641025543213e-01,-1.080648422241210938e+00,-3.458940982818603516e-01
-4.572753608226776123e-01,-6.926338672637939453e-01,-1.037271916866302490e-01,1.600229889154434204e-01,5.853586792945861816e-01,-4.560422897338867188e-01,3.222897648811340332e-01,-2.322116196155548096e-01,1.142969489097595215e+00,-6.151252388954162598e-01,2.119589895009994507e-01,7.945831865072250366e-02,-5.836790204048156738e-01,-2.534201741218566895e-01,4.519228264689445496e-02,-1.008461490273475647e-01,3.244445323944091797e-01,4.395634829998016357e-01,4.501837491989135742e-01,6.303598284721374512e-01,-4.945818483829498291e-01,-4.238672554492950439e-01,-2.575015425682067871e-01,-7.160902619361877441e-01,-3.167794644832611084e-01,-6.546164155006408691e-01,8.723617196083068848e-01,-2.507893145084381104e-01,6.641428470611572266e-01,-2.923816628754138947e-02,-1.034693241119384766e+00,-5.072530508041381836e-01,1.196354389190673828e+00,1.780532896518707275e-01,3.095865845680236816e-01,2.118623405694961548e-01,2.980087399482727051e-01,-6.096473932266235352e-01,-8.813655376434326172e-01,6.491307914257049561e-02,-6.820472478866577148e-01,2.501348555088043213e-01,7.354858517646789551e-02,1.038301229476928711e+00,9.134370088577270508e-01,-5.210966989398002625e-02,3.258971571922302246e-01,-4.549909830093383789e-01,-2.774018347263336182e-01,-1.217274889349937439e-01,3.037576377391815186e-01,-1.422322727739810944e-02,-9.026513695716857910e-01,-5.962308049201965332e-01,1.075439572334289551e+00,1.622977256774902344e+00,-5.055181980133056641e-01,1.740096062421798706e-01,4.394779205322265625e-01,-2.240257710218429565e-01,-4.202537536621093750e-01,1.873806864023208618e-01,-1.078044176101684570e+00,-3.244664371013641357e-01
-4.455524981021881104e-01,-6.900128722190856934e-01,-9.473838657140731812e-02,1.486508101224899292e-01,5.998607873916625977e-01,-4.471768736839294434e-01,3.208556771278381348e-01,-2.307116389274597168e-01,1.131963491439819336e+00,-6.258911490440368652e-01,1.954998522996902466e-01,7.730525732040405273e-02,-5.972391366958618164e-01,-2.749746143817901611e-01,5.622578412294387817e-02,-8.731513470411300659e-02,3.345093131065368652e-01,4.017717242240905762e-01,4.525894522666931152e-01,6.163951754570007324e-01,-5.153949260711669922e-01,-3.921912908554077148e-01,-2.437270730733871460e-01,-7.203333377838134766e-01,-2.959400713443756104e-01,-6.612543463706970215e-01,8.637713193893432617e-01,-2.596233487129211426e-01,6.583431363105773926e-01,-4.510159790515899658e-02,-1.054121375083923340e+00,-5.183553695678710938e-01,1.211293458938598633e+00,1.763216257095336914e-01,3.000199198722839355e-01,2.093148082494735718e-01,3.043238818645477295e-01,-5.939351320266723633e-01,-8.687635660171508789e-01,7.543326914310455322e-02,-6.930956840515136719e-01,2.659142613410949707e-01,7.112438976764678955e-02,1.033317685127258301e+00,9.203536510467529297e-01,-4.977130517363548279e-02,3.113020658493041992e-01,-4.699079692363739014e-01,-2.662025988101959229e-01,-1.177888512611389160e-01,3.113669455051422119e-01,-1.404073555022478104e-02,-8.989048600196838379e-01,-6.043779850006103516e-01,1.063595175743103027e+00,1.630827903747558594e+00,-4.982408881187438965e-01,1.891399174928665161e-01,4.411683380603790283e-01,-2.328807115554809570e-01,-4.385981261730194092e-01,1.858298629522323608e-01,-1.103515982627868652e+00,-3.021525740623474121e-01
-4.521977603435516357e-01,-6.751070618629455566e-01,-1.129685938358306885e-01,1.745865792036056519e-01,5.769181847572326660e-01,-4.828873276710510254e-01,3.153306245803833008e-01,-2.707044482231140137e-01,1.149356961250305176e+00,-6.261924505233764648e-01,2.001649141311645508e-01,7.772862166166305542e-02,-6.058561205863952637e-01,-2.543021738529205322e-01,4.462324827909469604e-02,-1.045377776026725769e-01,2.820747196674346924e-01,4.376336932182312012e-01,4.548482298851013184e-01,6.169787049293518066e-01,-5.293531417846679688e-01,-4.118060469627380371e-01,-2.534809410572052002e-01,-7.291138768196105957e-01,-3.086950778961181641e-01,-6.306271553039550781e-01,8.496853709220886230e-01,-2.710302770137786865e-01,6.608517765998840332e-01,-3.397697955369949341e-02,-1.040381073951721191e+00,-5.272114276885986328e-01,1.222465634346008301e+00,1.702848821878433228e-01,3.048804998397827148e-01,2.230660617351531982e-01,2.947717607021331787e-01,-6.160503625869750977e-01,-8.777189254760742188e-01,1.049083471298217773e-01,-6.825100183486938477e-01,2.153817117214202881e-01,7.125902175903320312e-02,1.040556073188781738e+00,9.138339161872863770e-01,-1.598000153899192810e-02,2.950363755226135254e-01,-4.642913043498992920e-01,-2.547432184219360352e-01,-1.057982444763183594e-01,3.155670166015625000e-01,1.392976660281419754e-02,-8.728653192520141602e-01,-5.973042249679565430e-01,1.086290717124938965e+00,1.651806235313415527e+00,-4.974160492420196533e-01,1.568564474582672119e-01,4.190834760665893555e-01,-2.212318927049636841e-01,-3.944945037364959717e-01,2.055906951427459717e-01,-1.097890377044677734e+00,-3.068325817584991455e-01
-4.484730064868927002e-01,-7.050902247428894043e-01,-1.291975826025009155e-01,1.533261537551879883e-01,6.044884324073791504e-01,-4.622166752815246582e-01,3.073098361492156982e-01,-2.729974687099456787e-01,1.172734260559082031e+00,-6.229357719421386719e-01,2.221570461988449097e-01,8.581376075744628906e-02,-5.975379943847656250e-01,-2.590259313583374023e-01,2.836900204420089722e-02,-1.009399890899658203e-01,3.369754552841186523e-01,4.412313103675842285e-01,4.515129029750823975e-01,6.260453462600708008e-01,-4.801899790763854980e-01,-4.322609603404998779e-01,-2.823494374752044678e-01,-6.998671889305114746e-01,-3.102686107158660889e-01,-6.513874530792236328e-01,8.904736042022705078e-01,-2.890774607658386230e-01,6.624743342399597168e-01,-1.547515764832496643e-02,-1.016145467758178711e+00,-5.284753441810607910e-01,1.214265823364257812e+00,1.777859181165695190e-01,2.977560162544250488e-01,2.214507907629013062e-01,2.726677358150482178e-01,-6.221008300781250000e-01,-8.815090656280517578e-01,9.537295997142791748e-02,-6.974926590919494629e-01,2.477473914623260498e-01,7.657656818628311157e-02,1.062497496604919434e+00,9.240708947181701660e-01,-7.398767024278640747e-02,3.470565676689147949e-01,-4.483584165573120117e-01,-3.033414483070373535e-01,-1.222119480371475220e-01,3.106351494789123535e-01,-1.449750270694494247e-02,-8.730965852737426758e-01,-6.006231307983398438e-01,1.078323245048522949e+00,1.624184727668762207e+00,-5.129638910293579102e-01,1.709343940019607544e-01,4.484404921531677246e-01,-2.025131881237030029e-01,-4.120920598506927490e-01,1.934125572443008423e-01,-1.070853233337402344e+00,-3.433685898780822754e-01
-4.515454769134521484e-01,-6.883805394172668457e-01,-9.683522582054138184e-02,1.563914865255355835e-01,5.737034678459167480e-01,-4.515078365802764893e-01,3.207142949104309082e-01,-2.721809446811676025e-01,1.150732398033142090e+00,-6.204481124877929688e-01,2.223417311906814575e-01,1.010486483573913574e-01,-5.893310904502868652e-01,-2.426437288522720337e-01,3.238338604569435120e-02,-1.185801997780799866e-01,3.401548266410827637e-01,4.560480117797851562e-01,4.555522203445434570e-01,6.159283518791198730e-01,-4.656296074390411377e-01,-3.898102045059204102e-01,-2.709749639034271240e-01,-6.985578536987304688e-01,-3.195831477642059326e-01,-6.389453411102294922e-01,8.852599263191223145e-01,-2.772080004215240479e-01,6.685995459556579590e-01,-3.357093408703804016e-02,-1.011925220489501953e+00,-5.181236267089843750e-01,1.204252839088439941e+00,1.771496236324310303e-01,3.193442523479461670e-01,2.024568915367126465e-01,2.604371607303619385e-01,-6.351213455200195312e-01,-8.835991024971008301e-01,6.934001296758651733e-02,-6.835660338401794434e-01,2.764376401901245117e-01,8.632542937994003296e-02,1.051709175109863281e+00,9.293759465217590332e-01,-6.450144201517105103e-02,3.303744196891784668e-01,-4.713250994682312012e-01,-2.812569737434387207e-01,-1.299630999565124512e-01,3.008875548839569092e-01,-1.979126408696174622e-02,-9.094409346580505371e-01,-5.897627472877502441e-01,1.074454665184020996e+00,1.642857074737548828e+00,-5.148327946662902832e-01,1.822349727153778076e-01,4.302285611629486084e-01,-2.376092523336410522e-01,-4.112589061260223389e-01,1.846014708280563354e-01,-1.077774882316589355e+00,-3.127929270267486572e-01
-4.745509922504425049e-01,-6.836779713630676270e-01,-7.405666261911392212e-02,1.780082434415817261e-01,5.759525895118713379e-01,-4.753354191780090332e-01,3.313926458358764648e-01,-2.420946359634399414e-01,1.153377532958984375e+00,-6.037912964820861816e-01,1.884617805480957031e-01,8.476426452398300171e-02,-5.992588400840759277e-01,-2.498255670070648193e-01,6.059025228023529053e-02,-9.577306360006332397e-02,2.950041294097900391e-01,4.607745409011840820e-01,4.323062598705291748e-01,6.282377243041992188e-01,-5.160384774208068848e-01,-4.301749765872955322e-01,-2.194862216711044312e-01,-7.079076766967773438e-01,-3.159154057502746582e-01,-6.665140986442565918e-01,8.798148036003112793e-01,-2.751545310020446777e-01,6.596862673759460449e-01,1.148453913629055023e-02,-1.061927318572998047e+00,-5.061798095703125000e-01,1.209426045417785645e+00,1.832887232303619385e-01,3.315850496292114258e-01,2.073814123868942261e-01,3.207893371582031250e-01,-6.234474182128906250e-01,-8.876104950904846191e-01,6.738882511854171753e-02,-6.761385798454284668e-01,2.307188361883163452e-01,7.721187919378280640e-02,1.052301049232482910e+00,9.149156212806701660e-01,-2.197354659438133240e-02,3.269749283790588379e-01,-4.455837011337280273e-01,-2.729957401752471924e-01,-8.787372708320617676e-02,3.142434358596801758e-01,-1.115306839346885681e-02,-8.954399228096008301e-01,-6.076100468635559082e-01,1.096509337425231934e+00,1.633792638778686523e+00,-5.162783861160278320e-01,1.475955545902252197e-01,4.093556404113769531e-01,-2.195087075233459473e-01,-4.313280582427978516e-01,1.911368072032928467e-01,-1.114065766334533691e+00,-3.525471985340118408e-01
-4.369100928306579590e-01,-6.977400779724121094e-01,-8.738340437412261963e-02,1.596056222915649414e-01,5.861794352531433105e-01,-4.505052268505096436e-01,2.984457612037658691e-01,-2.657922804355621338e-01,1.148956537246704102e+00,-6.294300556182861328e-01,1.985636949539184570e-01,8.852582424879074097e-02,-5.854848027229309082e-01,-2.780498564243316650e-01,5.184035748243331909e-02,-1.095635294914245605e-01,3.234445750713348389e-01,4.324674904346466064e-01,4.440765678882598877e-01,6.062610745429992676e-01,-4.910475313663482666e-01,-3.952139019966125488e-01,-2.676191329956054688e-01,-7.005679607391357422e-01,-2.896557450294494629e-01,-6.517807245254516602e-01,8.611476421356201172e-01,-2.508777379989624023e-01,6.681759953498840332e-01,-3.117776103317737579e-02,-1.036426067352294922e+00,-5.104888677597045898e-01,1.209834694862365723e+00,1.587827205657958984e-01,3.100250661373138428e-01,2.088535130023956299e-01,2.936026155948638916e-01,-5.755330920219421387e-01,-8.719502091407775879e-01,7.566513866186141968e-02,-6.904981732368469238e-01,2.411469668149948120e-01,8.350214362144470215e-02,1.036876916885375977e+00,9.126461148262023926e-01,-4.894363135099411011e-02,3.092719316482543945e-01,-4.804038107395172119e-01,-2.784163951873779297e-01,-1.203007102012634277e-01,3.001266121864318848e-01,-1.711895316839218140e-02,-9.038417339324951172e-01,-6.001182198524475098e-01,1.068477392196655273e+00,1.624371767044067383e+00,-4.886229336261749268e-01,1.646385490894317627e-01,4.114820659160614014e-01,-2.181537598371505737e-01,-4.052514433860778809e-01,1.972631812095642090e-01,-1.084556221961975098e+00,-3.034896850585937500e-01
-4.381324350833892822e-01,-7.012823224067687988e-01,-1.023004502058029175e-01,1.570190340280532837e-01,5.697510242462158203e-01,-4.609773755073547363e-01,3.044245839118957520e-01,-2.636844813823699951e-01,1.159953713417053223e+00,-6.268079280853271484e-01,1.987579613924026489e-01,1.039683893322944641e-01,-5.933909416198730469e-01,-2.652384936809539795e-01,4.051770269870758057e-02,-1.021800786256790161e-01,3.213885724544525146e-01,4.343581795692443848e-01,4.406791031360626221e-01,6.197392940521240234e-01,-4.804361164569854736e-01,-4.005535542964935303e-01,-2.642732262611389160e-01,-6.906685233116149902e-01,-3.005075752735137939e-01,-6.326133608818054199e-01,8.638690114021301270e-01,-2.645052373409271240e-01,6.645535826683044434e-01,-2.580447122454643250e-02,-1.040019512176513672e+00,-5.179644823074340820e-01,1.199970006942749023e+00,1.677896529436111450e-01,3.041835725307464600e-01,2.271430790424346924e-01,2.908397316932678223e-01,-5.969785451889038086e-01,-8.805454969406127930e-01,7.231179624795913696e-02,-6.974813938140869141e-01,2.572228908538818359e-01,6.499658524990081787e-02,1.030294537544250488e+00,9.205003380775451660e-01,-4.223250970244407654e-02,3.151037096977233887e-01,-4.710620045661926270e-01,-2.749640345573425293e-01,-1.218443289399147034e-01,2.991020083427429199e-01,-2.056262269616127014e-02,-8.800943493843078613e-01,-5.966119766235351562e-01,1.060163736343383789e+00,1.629892110824584961e+00,-4.902385175228118896e-01,1.640859842300415039e-01,4.197348058223724365e-01,-2.260292172431945801e-01,-3.966148197650909424e-01,1.947415620088577271e-01,-1.061278581619262695e+00,-3.115932345390319824e-01
-4.577592313289642334e-01,-6.899606585502624512e-01,-1.124689280986785889e-01,1.743583530187606812e-01,5.896390676498413086e-01,-4.682807326316833496e-01,3.138453960418701172e-01,-2.617621123790740967e-01,1.155263900756835938e+00,-6.243153214454650879e-01,2.076233476400375366e-01,7.953397184610366821e-02,-6.012748479843139648e-01,-2.559436261653900146e-01,3.568836674094200134e-02,-1.011561751365661621e-01,3.093254268169403076e-01,4.359254240989685059e-01,4.562210440635681152e-01,6.073767542839050293e-01,-5.221300721168518066e-01,-4.127123355865478516e-01,-2.609542906284332275e-01,-7.172211408615112305e-01,-3.143920898437500000e-01,-6.651104688644409180e-01,8.746783733367919922e-01,-2.720785439014434814e-01,6.597942709922790527e-01,-2.712032012641429901e-02,-1.028092622756958008e+00,-5.285928845405578613e-01,1.221582293510437012e+00,1.872622370719909668e-01,3.134507238864898682e-01,1.947249174118041992e-01,2.788337767124176025e-01,-6.162849068641662598e-01,-8.666656613349914551e-01,8.680037409067153931e-02,-6.987178325653076172e-01,2.413466423749923706e-01,6.058253347873687744e-02,1.056522727012634277e+00,9.149698019027709961e-01,-4.705273732542991638e-02,3.217112421989440918e-01,-4.645090401172637939e-01,-3.018296360969543457e-01,-1.167560443282127380e-01,3.196343779563903809e-01,-2.072221413254737854e-02,-8.925746083259582520e-01,-5.988756418228149414e-01,1.081533312797546387e+00,1.633372545242309570e+00,-5.029065608978271484e-01,1.656806319952011108e-01,4.379285573959350586e-01,-2.092276662588119507e-01,-4.022764265537261963e-01,1.892290115356445312e-01,-1.086854219436645508e+00,-3.434597849845886230e-01
-4.369505643844604492e-01,-6.904045939445495605e-01,-1.133820340037345886e-01,1.667869091033935547e-01,5.654864907264709473e-01,-4.545059502124786377e-01,3.408371210098266602e-01,-2.575610280036926270e-01,1.162437558174133301e+00,-6.539604067802429199e-01,2.005049884319305420e-01,8.632890880107879639e-02,-5.788094997406005859e-01,-2.781501412391662598e-01,1.313711982220411301e-02,-1.145071983337402344e-01,3.287274539470672607e-01,4.311906099319458008e-01,4.609490931034088135e-01,6.263859868049621582e-01,-4.752025902271270752e-01,-4.012854695320129395e-01,-2.727712690830230713e-01,-7.187930941581726074e-01,-3.025486469268798828e-01,-6.529890894889831543e-01,8.860796689987182617e-01,-2.492078542709350586e-01,6.615695357322692871e-01,-3.500841557979583740e-02,-1.029686331748962402e+00,-5.201030969619750977e-01,1.208753108978271484e+00,1.756207942962646484e-01,3.095551133155822754e-01,1.832263916730880737e-01,2.584560513496398926e-01,-6.341214179992675781e-01,-8.566187024116516113e-01,8.933960646390914917e-02,-6.968827843666076660e-01,2.624332308769226074e-01,9.523892402648925781e-02,1.028469920158386230e+00,9.357663393020629883e-01,-6.668995320796966553e-02,3.382341861724853516e-01,-4.900892376899719238e-01,-2.601289451122283936e-01,-1.155451908707618713e-01,2.991789579391479492e-01,-2.675412595272064209e-02,-8.936707973480224609e-01,-6.067347526550292969e-01,1.082686424255371094e+00,1.663840174674987793e+00,-4.886210262775421143e-01,1.744492799043655396e-01,4.318067729473114014e-01,-2.226547747850418091e-01,-4.073733985424041748e-01,2.113809138536453247e-01,-1.095907330513000488e+00,-3.088237941265106201e-01
-4.421812593936920166e-01,-6.644442081451416016e-01,-1.467958986759185791e-01,1.377108991146087646e-01,5.866510272026062012e-01,-4.420569837093353271e-01,3.189767003059387207e-01,-2.353519201278686523e-01,1.091333627700805664e+00,-5.929837822914123535e-01,2.024388760328292847e-01,6.928343325853347778e-02,-5.770067572593688965e-01,-2.326172888278961182e-01,6.348838657140731812e-02,-1.220901459455490112e-01,3.065290451049804688e-01,4.298877418041229248e-01,4.287533462047576904e-01,6.144808530807495117e-01,-4.667528271675109863e-01,-3.974207043647766113e-01,-2.515830397605895996e-01,-6.815187931060791016e-01,-3.318700790405273438e-01,-6.566068530082702637e-01,8.642654418945312500e-01,-2.742932140827178955e-01,6.099323630332946777e-01,-1.197364833205938339e-02,-9.687984585762023926e-01,-5.271694660186767578e-01,1.150564193725585938e+00,1.746088415384292603e-01,3.261931836605072021e-01,2.122375965118408203e-01,2.765427231788635254e-01,-6.317571997642517090e-01,-8.784339427947998047e-01,1.303235739469528198e-01,-6.609171628952026367e-01,2.504172325134277344e-01,1.031815558671951294e-01,1.027420997619628906e+00,8.711871504783630371e-01,-5.518697202205657959e-02,3.193989396095275879e-01,-4.380503594875335693e-01,-2.629035115242004395e-01,-8.933408558368682861e-02,2.860969007015228271e-01,-4.410990513861179352e-03,-8.651187419891357422e-01,-5.768117308616638184e-01,1.040839433670043945e+00,1.602096557617187500e+00,-5.398448109626770020e-01,1.958011537790298462e-01,4.653650224208831787e-01,-2.282650023698806763e-01,-3.936851322650909424e-01,2.104095369577407837e-01,-1.022698760032653809e+00,-3.400034904479980469e-01
-4.364708364009857178e-01,-6.953558325767517090e-01,-1.301869004964828491e-01,1.513590514659881592e-01,6.093477010726928711e-01,-4.895776510238647461e-01,3.732409477233886719e-01,-2.484486550092697144e-01,1.197773456573486328e+00,-6.658801436424255371e-01,2.315325886011123657e-01,4.771141707897186279e-02,-6.158688068389892578e-01,-3.367804586887359619e-01,2.396837621927261353e-02,-8.474224060773849487e-02,3.463047742843627930e-01,3.926995098590850830e-01,4.726599454879760742e-01,6.456253528594970703e-01,-5.116829872131347656e-01,-4.209519922733306885e-01,-2.616146206855773926e-01,-7.627939581871032715e-01,-2.955871820449829102e-01,-6.824389696121215820e-01,8.967501521110534668e-01,-2.889885604381561279e-01,6.577531695365905762e-01,-3.292933478951454163e-02,-1.044744014739990234e+00,-5.159025192260742188e-01,1.285150885581970215e+00,2.204174399375915527e-01,3.156386911869049072e-01,2.210840582847595215e-01,2.976531684398651123e-01,-6.723195314407348633e-01,-8.827630877494812012e-01,7.256963849067687988e-02,-7.243131399154663086e-01,2.303757071495056152e-01,6.890388578176498413e-02,1.120038032531738281e+00,9.709609746932983398e-01,-6.770247220993041992e-02,3.701605796813964844e-01,-4.835803806781768799e-01,-2.887610495090484619e-01,-1.524430811405181885e-01,3.924610912799835205e-01,-4.261701926589012146e-02,-8.990283608436584473e-01,-6.650992631912231445e-01,1.106467247009277344e+00,1.724081873893737793e+00,-5.206633806228637695e-01,1.417923718690872192e-01,4.408883452415466309e-01,-1.708776503801345825e-01,-4.425805509090423584e-01,2.224511206150054932e-01,-1.147800564765930176e+00,-2.799074649810791016e-01
-4.602521359920501709e-01,-7.405381202697753906e-01,-1.225110590457916260e-01,1.581700146198272705e-01,6.200907826423645020e-01,-4.901712834835052490e-01,3.281907439231872559e-01,-2.827636003494262695e-01,1.204631209373474121e+00,-6.427393555641174316e-01,2.374053150415420532e-01,8.642832934856414795e-02,-6.270266175270080566e-01,-2.700126469135284424e-01,4.295432567596435547e-02,-1.147565469145774841e-01,3.425335586071014404e-01,4.499827623367309570e-01,4.774560928344726562e-01,6.710093617439270020e-01,-5.119695663452148438e-01,-4.318033158779144287e-01,-2.896236777305603027e-01,-7.230644822120666504e-01,-3.100499510765075684e-01,-6.825143694877624512e-01,9.321002960205078125e-01,-2.819947898387908936e-01,7.016706466674804688e-01,-3.093606419861316681e-02,-1.072597146034240723e+00,-5.551865100860595703e-01,1.255372166633605957e+00,1.901460886001586914e-01,3.179138898849487305e-01,2.051484733819961548e-01,3.038133978843688965e-01,-6.386292576789855957e-01,-9.043044447898864746e-01,8.453147113323211670e-02,-7.211511135101318359e-01,2.767986953258514404e-01,8.906470239162445068e-02,1.083230137825012207e+00,9.618902206420898438e-01,-7.601641863584518433e-02,3.415104150772094727e-01,-4.682381153106689453e-01,-3.090574443340301514e-01,-1.225822865962982178e-01,3.247010707855224609e-01,-1.444283779710531235e-02,-9.365732073783874512e-01,-6.304790377616882324e-01,1.120519995689392090e+00,1.728364586830139160e+00,-5.223067402839660645e-01,1.700362265110015869e-01,4.704279303550720215e-01,-2.291806787252426147e-01,-4.232571721076965332e-01,2.036081403493881226e-01,-1.115907669067382812e+00,-3.652821779251098633e-01
-4.614372253417968750e-01,-7.264635562896728516e-01,-7.282248884439468384e-02,1.827675849199295044e-01,5.757768750190734863e-01,-4.587923586368560791e-01,3.342047929763793945e-01,-2.730072736740112305e-01,1.208284974098205566e+00,-6.485297083854675293e-01,1.806571930646896362e-01,1.246931999921798706e-01,-6.180425286293029785e-01,-2.737733721733093262e-01,3.109553828835487366e-02,-9.954281896352767944e-02,3.415279090404510498e-01,4.831090569496154785e-01,4.287396371364593506e-01,6.538339257240295410e-01,-4.925398230552673340e-01,-4.025417566299438477e-01,-2.531254291534423828e-01,-7.141536474227905273e-01,-3.256137967109680176e-01,-6.717422008514404297e-01,9.128051400184631348e-01,-2.721618711948394775e-01,7.044423818588256836e-01,-1.572815515100955963e-02,-1.103836059570312500e+00,-5.242534279823303223e-01,1.233898520469665527e+00,1.570618897676467896e-01,3.260751962661743164e-01,2.238021045923233032e-01,3.052839636802673340e-01,-6.160450577735900879e-01,-9.235384464263916016e-01,7.282310724258422852e-02,-6.924678683280944824e-01,2.675774097442626953e-01,8.328935503959655762e-02,1.053105473518371582e+00,9.585176110267639160e-01,-5.634072422981262207e-02,3.160773515701293945e-01,-5.016665458679199219e-01,-2.744409441947937012e-01,-1.135937422513961792e-01,2.945604622364044189e-01,-1.048342883586883545e-02,-9.155527353286743164e-01,-6.240639090538024902e-01,1.110349535942077637e+00,1.686385035514831543e+00,-5.204249024391174316e-01,1.545970886945724487e-01,4.237828850746154785e-01,-2.738529145717620850e-01,-4.345096051692962646e-01,1.908628642559051514e-01,-1.109442949295043945e+00,-3.369569182395935059e-01
-4.649899005889892578e-01,-6.812222003936767578e-01,-8.595374971628189087e-02,1.451914310455322266e-01,5.791133046150207520e-01,-4.636026620864868164e-01,3.234598040580749512e-01,-2.498939037322998047e-01,1.153539538383483887e+00,-6.216907501220703125e-01,1.913254857063293457e-01,9.459066390991210938e-02,-6.001368165016174316e-01,-2.538506686687469482e-01,5.355910956859588623e-02,-1.002579405903816223e-01,3.086435198783874512e-01,4.539597332477569580e-01,4.292656183242797852e-01,6.137413382530212402e-01,-4.979250133037567139e-01,-4.158771336078643799e-01,-2.430160194635391235e-01,-7.144997119903564453e-01,-3.219872415065765381e-01,-6.523174047470092773e-01,8.654332756996154785e-01,-2.890438735485076904e-01,6.589881777763366699e-01,-6.027152761816978455e-03,-1.028961181640625000e+00,-5.318191051483154297e-01,1.204704999923706055e+00,1.630719751119613647e-01,3.053970336914062500e-01,2.316456288099288940e-01,2.906450033187866211e-01,-6.188415884971618652e-01,-8.876309990882873535e-01,1.067968606948852539e-01,-6.929922699928283691e-01,2.611615955829620361e-01,8.310806006193161011e-02,1.071898937225341797e+00,8.968032002449035645e-01,-3.460054472088813782e-02,3.444269895553588867e-01,-4.672723114490509033e-01,-2.673351466655731201e-01,-1.125922873616218567e-01,3.118171691894531250e-01,-5.551530048251152039e-04,-8.519674539566040039e-01,-5.939354896545410156e-01,1.074169397354125977e+00,1.623570919036865234e+00,-4.982563257217407227e-01,1.563604176044464111e-01,4.465650320053100586e-01,-2.254119366407394409e-01,-3.781729042530059814e-01,1.973978430032730103e-01,-1.066183328628540039e+00,-3.243997991085052490e-01
-4.377115964889526367e-01,-6.844779849052429199e-01,-9.448383748531341553e-02,1.445361375808715820e-01,5.627613663673400879e-01,-4.466150104999542236e-01,3.152282536029815674e-01,-2.745088636875152588e-01,1.127439379692077637e+00,-6.253197789192199707e-01,1.878376007080078125e-01,9.790792316198348999e-02,-5.767422318458557129e-01,-2.673586905002593994e-01,5.339704453945159912e-02,-1.392979472875595093e-01,3.060706257820129395e-01,4.497568011283874512e-01,4.378943145275115967e-01,5.881044268608093262e-01,-4.754881560802459717e-01,-3.746912777423858643e-01,-2.575440704822540283e-01,-6.865282058715820312e-01,-2.955684065818786621e-01,-6.437718272209167480e-01,8.691193461418151855e-01,-2.530180811882019043e-01,6.415614485740661621e-01,-2.792551182210445404e-02,-1.018382072448730469e+00,-5.170444846153259277e-01,1.198388457298278809e+00,1.743426918983459473e-01,3.219603598117828369e-01,1.799511313438415527e-01,2.865108251571655273e-01,-6.108677387237548828e-01,-8.666977882385253906e-01,7.429983466863632202e-02,-6.884984374046325684e-01,2.661144435405731201e-01,9.000159800052642822e-02,1.003181457519531250e+00,8.913375139236450195e-01,-4.574220255017280579e-02,3.167200088500976562e-01,-4.699337184429168701e-01,-2.564219236373901367e-01,-9.111502021551132202e-02,2.892011106014251709e-01,-1.054564677178859711e-02,-9.000314474105834961e-01,-5.897977948188781738e-01,1.064147830009460449e+00,1.635322332382202148e+00,-4.965888559818267822e-01,1.595624983310699463e-01,4.356604516506195068e-01,-2.190364301204681396e-01,-3.874202072620391846e-01,2.075854092836380005e-01,-1.055629253387451172e+00,-3.121192455291748047e-01
-4.225474298000335693e-01,-6.665838956832885742e-01,-1.179497465491294861e-01,1.444751173257827759e-01,5.867230296134948730e-01,-4.274010360240936279e-01,3.061415851116180420e-01,-2.351254671812057495e-01,1.119214653968811035e+00,-5.773971676826477051e-01,1.836725771427154541e-01,7.324254512786865234e-02,-5.788761973381042480e-01,-2.510062754154205322e-01,4.782757163047790527e-02,-9.984041005373001099e-02,3.009923398494720459e-01,4.423428475856781006e-01,4.205573499202728271e-01,6.014961004257202148e-01,-4.690323472023010254e-01,-4.085856676101684570e-01,-2.612751126289367676e-01,-6.761407852172851562e-01,-3.059270083904266357e-01,-6.191723346710205078e-01,8.490135669708251953e-01,-2.453898936510086060e-01,6.467284560203552246e-01,-2.027487009763717651e-02,-9.944168925285339355e-01,-4.840799272060394287e-01,1.152621865272521973e+00,1.736336797475814819e-01,2.902555763721466064e-01,1.995674222707748413e-01,3.011349737644195557e-01,-5.672639608383178711e-01,-8.657355308532714844e-01,8.915723115205764771e-02,-6.702616214752197266e-01,2.407932281494140625e-01,8.136668801307678223e-02,9.892790317535400391e-01,8.882911801338195801e-01,-4.025532677769660950e-02,3.053684234619140625e-01,-4.279530346393585205e-01,-2.804455161094665527e-01,-8.880636841058731079e-02,2.775880694389343262e-01,-7.637310773134231567e-05,-8.581302762031555176e-01,-5.767857432365417480e-01,1.021976470947265625e+00,1.556267261505126953e+00,-4.906708896160125732e-01,1.683890819549560547e-01,4.154693782329559326e-01,-2.098212391138076782e-01,-3.876154720783233643e-01,1.927434056997299194e-01,-1.023452639579772949e+00,-3.392513692378997803e-01
-4.364349842071533203e-01,-6.699748635292053223e-01,-8.584073185920715332e-02,1.412223875522613525e-01,5.611926317214965820e-01,-4.413960576057434082e-01,2.972765266895294189e-01,-2.573112249374389648e-01,1.094245433807373047e+00,-6.080811619758605957e-01,1.721131503582000732e-01,9.578902274370193481e-02,-5.770010352134704590e-01,-2.432432025671005249e-01,2.688242308795452118e-02,-1.011432856321334839e-01,3.263391256332397461e-01,4.515552520751953125e-01,4.240512251853942871e-01,5.934872627258300781e-01,-4.516877233982086182e-01,-3.961230218410491943e-01,-2.558490335941314697e-01,-6.773995161056518555e-01,-2.975797057151794434e-01,-6.042115688323974609e-01,8.709492087364196777e-01,-2.518288493156433105e-01,6.778761744499206543e-01,-1.021149754524230957e-02,-1.018951535224914551e+00,-4.757321774959564209e-01,1.140864014625549316e+00,1.766739338636398315e-01,2.958392202854156494e-01,1.985480338335037231e-01,2.743459641933441162e-01,-5.851651430130004883e-01,-8.596328496932983398e-01,6.466653943061828613e-02,-6.612757444381713867e-01,2.683486938476562500e-01,7.020222395658493042e-02,9.907776117324829102e-01,8.929902911186218262e-01,-4.727118462324142456e-02,3.200929760932922363e-01,-4.415213763713836670e-01,-2.535715401172637939e-01,-8.473069220781326294e-02,2.745567560195922852e-01,-2.977939322590827942e-02,-8.638210892677307129e-01,-5.804187655448913574e-01,1.010770082473754883e+00,1.561367154121398926e+00,-5.012945532798767090e-01,1.693453192710876465e-01,3.911547660827636719e-01,-2.264371216297149658e-01,-4.221438169479370117e-01,1.807430088520050049e-01,-1.039619922637939453e+00,-3.479156494140625000e-01
-4.264905750751495361e-01,-6.739174723625183105e-01,-6.381013244390487671e-02,1.575866639614105225e-01,5.441225767135620117e-01,-4.668408930301666260e-01,2.959459722042083740e-01,-2.583171129226684570e-01,1.106141567230224609e+00,-5.886574983596801758e-01,1.844908744096755981e-01,9.006438404321670532e-02,-5.717221498489379883e-01,-2.639933228492736816e-01,4.720015451312065125e-02,-1.125659421086311340e-01,2.837758660316467285e-01,4.348175227642059326e-01,4.261531829833984375e-01,5.857673883438110352e-01,-4.682208299636840820e-01,-3.994514048099517822e-01,-2.452739477157592773e-01,-6.821020245552062988e-01,-3.181306123733520508e-01,-6.481720805168151855e-01,8.527979850769042969e-01,-2.527036666870117188e-01,6.324170827865600586e-01,-1.585885509848594666e-02,-1.006310582160949707e+00,-4.889082014560699463e-01,1.140526175498962402e+00,1.480856388807296753e-01,3.227084279060363770e-01,1.910039186477661133e-01,2.823880314826965332e-01,-5.766544342041015625e-01,-8.689708113670349121e-01,7.563500851392745972e-02,-6.681900620460510254e-01,2.078451216220855713e-01,8.447389304637908936e-02,1.020712256431579590e+00,8.913910388946533203e-01,-3.507642075419425964e-02,3.102013468742370605e-01,-4.754769504070281982e-01,-2.378441244363784790e-01,-1.098023131489753723e-01,2.980382144451141357e-01,-1.131643634289503098e-02,-8.416997790336608887e-01,-5.797977447509765625e-01,1.042122483253479004e+00,1.561872720718383789e+00,-4.900762438774108887e-01,1.651078909635543823e-01,3.935816287994384766e-01,-2.396976053714752197e-01,-4.038846492767333984e-01,1.779989600181579590e-01,-1.055378079414367676e+00,-3.177360892295837402e-01
-4.641450047492980957e-01,-6.543855667114257812e-01,-1.432922184467315674e-01,1.810521781444549561e-01,6.016611456871032715e-01,-4.452798068523406982e-01,2.923352420330047607e-01,-2.571940720081329346e-01,1.154353260993957520e+00,-6.083531379699707031e-01,2.354732155799865723e-01,7.823212444782257080e-02,-6.209102869033813477e-01,-2.343197911977767944e-01,3.834310919046401978e-02,-7.330395281314849854e-02,3.389391899108886719e-01,4.511291384696960449e-01,4.445470571517944336e-01,6.097930073738098145e-01,-4.955287575721740723e-01,-4.265853762626647949e-01,-2.719390392303466797e-01,-7.113295197486877441e-01,-3.315301537513732910e-01,-6.727648377418518066e-01,8.622113466262817383e-01,-3.143457472324371338e-01,6.288617253303527832e-01,-3.233090788125991821e-02,-9.804996848106384277e-01,-5.046432018280029297e-01,1.199363827705383301e+00,2.148140519857406616e-01,3.031893372535705566e-01,2.067828923463821411e-01,2.603908479213714600e-01,-6.604562997817993164e-01,-8.604416847229003906e-01,1.234581843018531799e-01,-6.927038431167602539e-01,2.367356121540069580e-01,7.602813839912414551e-02,1.050759673118591309e+00,9.162232875823974609e-01,-5.691048130393028259e-02,3.224931359291076660e-01,-4.221221506595611572e-01,-3.033929765224456787e-01,-1.400659084320068359e-01,3.173579573631286621e-01,1.319507043808698654e-02,-9.003205895423889160e-01,-5.621421933174133301e-01,1.101937651634216309e+00,1.600036144256591797e+00,-5.161456465721130371e-01,1.742628216743469238e-01,4.415810108184814453e-01,-1.861853897571563721e-01,-4.269695878028869629e-01,2.071800529956817627e-01,-1.093843340873718262e+00,-3.009624183177947998e-01
-4.735214710235595703e-01,-6.874920129776000977e-01,-8.753284066915512085e-02,1.537692099809646606e-01,5.742049813270568848e-01,-4.907888770103454590e-01,2.952503561973571777e-01,-2.678937017917633057e-01,1.108298778533935547e+00,-6.288973689079284668e-01,1.960409432649612427e-01,7.808506488800048828e-02,-5.798908472061157227e-01,-2.526912093162536621e-01,7.581803947687149048e-02,-1.233352646231651306e-01,3.033312857151031494e-01,4.650655686855316162e-01,4.600724279880523682e-01,6.161274909973144531e-01,-4.683464169502258301e-01,-4.263829886913299561e-01,-2.588216364383697510e-01,-7.056437730789184570e-01,-3.121625483036041260e-01,-7.085630297660827637e-01,9.031332731246948242e-01,-2.594578266143798828e-01,6.551972627639770508e-01,-3.199114650487899780e-02,-1.057470440864562988e+00,-4.995829463005065918e-01,1.185626268386840820e+00,1.618109792470932007e-01,3.163295090198516846e-01,1.901215612888336182e-01,3.018292784690856934e-01,-6.319477558135986328e-01,-9.013796448707580566e-01,5.943105369806289673e-02,-6.951292753219604492e-01,2.480840981006622314e-01,8.015356957912445068e-02,1.068047761917114258e+00,9.101298451423645020e-01,-3.742703795433044434e-02,3.441925644874572754e-01,-4.821864962577819824e-01,-2.585991621017456055e-01,-1.183189079165458679e-01,3.020824790000915527e-01,-1.101659983396530151e-02,-8.969584107398986816e-01,-6.146309971809387207e-01,1.080455541610717773e+00,1.612648844718933105e+00,-5.112163424491882324e-01,1.910941749811172485e-01,4.226670265197753906e-01,-2.391696274280548096e-01,-4.232915043830871582e-01,2.012838721275329590e-01,-1.104982495307922363e+00,-3.370476663112640381e-01
