3.755099475383758545e-01,-3.858008980751037598e-02,-1.094351336359977722e-01,2.308517694473266602e-01,8.483852446079254150e-02,1.773819327354431152e-01,-6.917428225278854370e-02,2.972124516963958740e-02,5.103674530982971191e-02,-1.159650012850761414e-01,2.838402986526489258e-01,-4.200209677219390869e-02,4.077480733394622803e-02,-3.028309941291809082e-01,9.084756672382354736e-02,1.539090573787689209e-01,-2.400503158569335938e-01,3.835767209529876709e-01,-6.707809865474700928e-02,-1.085033416748046875e-01,1.491163969039916992e-01,2.035621255636215210e-01,-6.534248590469360352e-02,-2.981586456298828125e-01,2.478547394275665283e-01,1.263203024864196777e-01,3.685756921768188477e-01,7.936145365238189697e-02,2.136714905500411987e-01,9.125859290361404419e-02,3.018434941768646240e-01,4.060059785842895508e-03,2.181703150272369385e-01,-2.368812859058380127e-01,1.881814748048782349e-01,-2.311463952064514160e-01,-3.505128324031829834e-01,2.537287175655364990e-01,-1.308564692735671997e-01,1.562169194221496582e-02,2.170570343732833862e-01,-3.322874903678894043e-01,4.109337925910949707e-01,-6.367723643779754639e-02,-2.702867984771728516e-01,2.490859031677246094e-01,-1.311066746711730957e-02,2.238922864198684692e-01,5.039530992507934570e-02,1.714852005243301392e-01,1.540260463953018188e-01,-7.453754544258117676e-03,1.488108485937118530e-01,1.191852763295173645e-01,2.312221527099609375e-01,-1.501518189907073975e-01,-8.920146524906158447e-02,-9.117787331342697144e-02,2.215156704187393188e-02,-2.538310587406158447e-01,2.433510422706604004e-01,3.205148577690124512e-01,2.359995245933532715e-01,-4.413129389286041260e-02
-8.609838783740997314e-02,-7.023575305938720703e-01,-3.465347886085510254e-01,1.477094769477844238e+00,1.020004004240036011e-01,8.509330451488494873e-02,1.117060899734497070e+00,3.971072137355804443e-01,2.501077651977539062e-01,-3.647042512893676758e-01,6.539974212646484375e-01,-2.972455620765686035e-01,-5.753685235977172852e-01,1.862876564264297485e-01,-5.438339114189147949e-01,-8.882293105125427246e-01,-7.242834568023681641e-01,6.911647915840148926e-01,9.782968759536743164e-01,1.730856776237487793e+00,2.005104571580886841e-01,-1.068230390548706055e+00,1.674294173717498779e-01,-4.045384228229522705e-01,9.065007567405700684e-01,-2.371410429477691650e-01,2.928311824798583984e-01,1.912871748208999634e-02,9.599539637565612793e-01,-6.797850728034973145e-01,1.115366443991661072e-01,-4.100044667720794678e-01,-6.156663298606872559e-01,-3.455526381731033325e-02,8.041126132011413574e-01,-7.399454712867736816e-01,-4.774188101291656494e-01,5.410973727703094482e-02,-6.734650582075119019e-02,6.060662269592285156e-01,4.748784899711608887e-01,-1.083126783370971680e+00,-7.746568322181701660e-01,-8.170112967491149902e-02,-1.012446731328964233e-01,1.303362399339675903e-01,9.446629881858825684e-01,8.325476944446563721e-02,1.677491962909698486e-01,4.067546725273132324e-01,2.328139990568161011e-01,-8.392145633697509766e-01,-3.975231349468231201e-01,8.659334480762481689e-02,-1.076260089874267578e+00,-1.323341846466064453e+00,4.106954038143157959e-01,3.594282567501068115e-01,4.172330200672149658e-01,9.551911950111389160e-01,-9.008511900901794434e-02,-2.436306178569793701e-01,-7.301072478294372559e-01,-9.381065517663955688e-02
1.087025552988052368e-01,-3.448055386543273926e-01,-4.928483963012695312e-01,1.480657696723937988e+00,-1.024592667818069458e-01,2.316511571407318115e-01,1.181667923927307129e+00,4.577104151248931885e-01,7.954455912113189697e-02,-5.377918481826782227e-01,4.302099347114562988e-01,-7.565221935510635376e-02,-8.035995960235595703e-01,3.683704137802124023e-01,-5.843634009361267090e-01,-8.064842820167541504e-01,-5.412362217903137207e-01,7.612590193748474121e-01,8.415748476982116699e-01,1.734221100807189941e+00,5.141041800379753113e-02,-7.281813621520996094e-01,5.777270346879959106e-02,-6.107074022293090820e-01,7.199350595474243164e-01,-1.176214516162872314e-01,3.599323332309722900e-02,-1.887848526239395142e-01,1.074251890182495117e+00,-4.636229872703552246e-01,-7.302014529705047607e-02,-1.656734794378280640e-01,-4.335345029830932617e-01,1.916409581899642944e-01,9.317715167999267578e-01,-6.602449417114257812e-01,-7.875652313232421875e-01,4.647356271743774414e-01,1.546710580587387085e-01,3.965345621109008789e-01,5.113745927810668945e-01,-8.672884106636047363e-01,-4.318667650222778320e-01,-2.111981213092803955e-01,-1.659488528966903687e-01,2.534957528114318848e-01,9.703272581100463867e-01,2.497912943363189697e-01,1.187332868576049805e-01,4.549331665039062500e-01,6.303931027650833130e-02,-4.538133144378662109e-01,-2.513323724269866943e-01,6.069293618202209473e-02,-1.155761361122131348e+00,-1.491770744323730469e+00,4.475560188293457031e-01,5.822467803955078125e-01,4.939742088317871094e-01,1.190950870513916016e+00,1.642428636550903320e-01,-4.118278622627258301e-02,-7.159814834594726562e-01,-1.690585017204284668e-01
1.041859611868858337e-01,-4.299077987670898438e-01,-4.236454963684082031e-01,1.503138184547424316e+00,1.447679251432418823e-01,8.495523035526275635e-02,1.128571629524230957e+00,1.847100555896759033e-01,1.998441070318222046e-01,-2.634653747081756592e-01,4.495545029640197754e-01,-1.160471886396408081e-01,-4.245860278606414795e-01,5.116583704948425293e-01,-6.303645968437194824e-01,-8.656606078147888184e-01,-6.191063523292541504e-01,7.509327530860900879e-01,9.921441674232482910e-01,1.803161859512329102e+00,1.797036528587341309e-01,-8.929372429847717285e-01,3.763674944639205933e-02,-1.833470314741134644e-01,8.075220584869384766e-01,-1.561272144317626953e-01,3.645867109298706055e-01,3.135193884372711182e-02,1.207396268844604492e+00,-4.085355997085571289e-01,-2.386602573096752167e-02,-4.301261901855468750e-01,-3.960615992546081543e-01,1.603079587221145630e-01,1.024951100349426270e+00,-4.017402529716491699e-01,-8.787477016448974609e-01,3.346945345401763916e-01,7.628630101680755615e-02,5.388613343238830566e-01,2.776659131050109863e-01,-9.450476169586181641e-01,-5.653569698333740234e-01,-1.781825423240661621e-01,-2.194376289844512939e-01,1.755169183015823364e-01,9.253307580947875977e-01,7.564528286457061768e-02,2.146688550710678101e-01,2.489932924509048462e-01,2.677512168884277344e-01,-7.924792170524597168e-01,-2.494658976793289185e-01,3.944391012191772461e-01,-1.045975923538208008e+00,-1.565980315208435059e+00,5.907824039459228516e-01,6.524021029472351074e-01,4.403750300407409668e-01,1.179573416709899902e+00,-9.425331652164459229e-02,-4.266344308853149414e-01,-8.876209855079650879e-01,1.585233211517333984e-01
-8.320286124944686890e-02,-5.989586710929870605e-01,-3.964890241622924805e-01,1.882199287414550781e+00,1.509969681501388550e-01,-1.841928213834762573e-01,1.197466254234313965e+00,1.884541958570480347e-01,3.721073865890502930e-01,-3.370025455951690674e-01,3.711789250373840332e-01,6.677165627479553223e-03,-6.743023395538330078e-01,4.156959652900695801e-01,-4.830443561077117920e-01,-1.006859183311462402e+00,-6.929560303688049316e-01,5.159388780593872070e-01,7.964178323745727539e-01,1.806427121162414551e+00,-1.560153812170028687e-02,-8.714680671691894531e-01,-3.067588433623313904e-03,-3.246428668498992920e-01,7.723568081855773926e-01,-1.325878798961639404e-01,3.947948813438415527e-01,8.813195675611495972e-02,1.314523816108703613e+00,-4.267367720603942871e-01,9.585714340209960938e-02,-3.922691345214843750e-01,-6.471127271652221680e-01,-8.949033170938491821e-02,9.147261381149291992e-01,-5.602877140045166016e-01,-7.019453048706054688e-01,2.767346501350402832e-01,-4.830720275640487671e-02,7.245343923568725586e-01,3.583621382713317871e-01,-1.227225303649902344e+00,-3.983595669269561768e-01,2.996882051229476929e-02,1.250413954257965088e-01,1.895721256732940674e-01,8.848195075988769531e-01,4.450014829635620117e-01,5.870821699500083923e-02,5.120521783828735352e-01,3.139790892601013184e-02,-8.472945094108581543e-01,-3.887608051300048828e-01,2.968650460243225098e-01,-1.400767207145690918e+00,-1.690896749496459961e+00,5.546256303787231445e-01,5.914009809494018555e-01,4.956699013710021973e-01,8.294529914855957031e-01,-5.867903679609298706e-02,-2.325037121772766113e-01,-6.560069322586059570e-01,2.396134436130523682e-01
-1.074010878801345825e-02,-4.662834703922271729e-01,-3.162859678268432617e-01,1.693926811218261719e+00,-2.231784760951995850e-01,-7.442621886730194092e-02,1.001122236251831055e+00,2.118245214223861694e-01,4.143066108226776123e-01,-2.402465045452117920e-01,4.039870500564575195e-01,-2.318316996097564697e-01,-7.474462389945983887e-01,1.357498615980148315e-01,-2.260826677083969116e-01,-9.278846383094787598e-01,-4.703379869461059570e-01,4.042168259620666504e-01,8.624884486198425293e-01,1.902495861053466797e+00,7.382006943225860596e-02,-9.281423091888427734e-01,6.171227246522903442e-02,-5.215759277343750000e-01,7.819135785102844238e-01,-1.231276467442512512e-01,3.445671796798706055e-01,-1.480633914470672607e-01,1.328112959861755371e+00,-7.159684896469116211e-01,2.370307967066764832e-02,-1.259952783584594727e-01,-4.334401786327362061e-01,-3.185617178678512573e-02,9.057630300521850586e-01,-7.818963527679443359e-01,-6.733012795448303223e-01,2.444405257701873779e-01,1.328814923763275146e-01,4.153363108634948730e-01,2.091595232486724854e-01,-8.374662399291992188e-01,-5.639663934707641602e-01,2.500177174806594849e-02,8.748412132263183594e-03,1.952511668205261230e-01,7.838033437728881836e-01,1.461570858955383301e-01,4.749517142772674561e-02,1.673462986946105957e-01,1.375887542963027954e-01,-4.700237512588500977e-01,-3.397108614444732666e-01,3.768797218799591064e-02,-1.157608270645141602e+00,-1.550509095191955566e+00,5.470875501632690430e-01,3.752382695674896240e-01,2.815854251384735107e-01,9.078348875045776367e-01,2.356867492198944092e-01,-1.223027706146240234e-01,-9.618378281593322754e-01,-2.847155742347240448e-02
-2.965062856674194336e-03,-4.182914793491363525e-01,-1.512336134910583496e-01,1.778496980667114258e+00,5.215755105018615723e-02,-1.312507688999176025e-01,1.266134738922119141e+00,1.227810531854629517e-01,2.349599301815032959e-01,-2.606872916221618652e-01,4.029158949851989746e-01,-3.206436932086944580e-01,-7.156183719635009766e-01,2.035529762506484985e-01,-4.128576517105102539e-01,-9.268963336944580078e-01,-5.349377989768981934e-01,7.698943614959716797e-01,7.173550128936767578e-01,1.687854170799255371e+00,2.252813577651977539e-01,-6.839259862899780273e-01,-1.606906503438949585e-01,-4.743954241275787354e-01,6.346953511238098145e-01,1.776935160160064697e-01,3.462255597114562988e-01,-1.125602722167968750e-01,1.236287951469421387e+00,-3.925665020942687988e-01,-1.052434742450714111e-01,-1.664066016674041748e-01,-5.464034080505371094e-01,3.129383325576782227e-01,1.117772340774536133e+00,-6.272816658020019531e-01,-5.445045232772827148e-01,3.121741116046905518e-01,1.057313680648803711e-01,6.272509694099426270e-01,2.129619270563125610e-01,-1.077903866767883301e+00,-4.868596196174621582e-01,-5.833281204104423523e-02,-2.507384717464447021e-01,5.310876369476318359e-01,1.025804758071899414e+00,3.168835043907165527e-01,-1.502374708652496338e-01,3.438908457756042480e-01,9.179744124412536621e-02,-4.313885569572448730e-01,-4.425509274005889893e-01,2.802122235298156738e-01,-1.289488315582275391e+00,-1.348663568496704102e+00,3.604093790054321289e-01,7.239081859588623047e-01,2.696405649185180664e-01,8.757019639015197754e-01,-3.493651002645492554e-02,-2.594205439090728760e-01,-6.225288510322570801e-01,-1.914646327495574951e-01
2.174198478460311890e-01,-6.149711608886718750e-01,-4.140359163284301758e-01,1.830880999565124512e+00,-6.398713588714599609e-02,1.405727118253707886e-03,1.019716382026672363e+00,2.732860743999481201e-01,2.757461667060852051e-01,-1.514230519533157349e-01,6.053200960159301758e-01,-3.364513516426086426e-01,-7.152822613716125488e-01,3.816505372524261475e-01,-2.816970348358154297e-01,-7.069184780120849609e-01,-6.167601943016052246e-01,6.908099651336669922e-01,7.800593972206115723e-01,1.701277613639831543e+00,-8.608461171388626099e-02,-9.419074654579162598e-01,1.576433479785919189e-01,-3.724920749664306641e-01,7.919972538948059082e-01,-1.534918248653411865e-01,4.126511812210083008e-01,1.637838482856750488e-01,1.256409883499145508e+00,-6.552898883819580078e-01,9.916439652442932129e-02,-7.993166148662567139e-02,-6.636065840721130371e-01,1.011727526783943176e-01,1.206774234771728516e+00,-5.091961026191711426e-01,-6.305708289146423340e-01,2.926304936408996582e-01,2.173206210136413574e-02,7.366278171539306641e-01,2.752058804035186768e-01,-1.038120746612548828e+00,-6.301024556159973145e-01,-3.867956250905990601e-02,-1.707656085491180420e-01,2.463633120059967041e-01,9.181187748908996582e-01,4.956194758415222168e-01,1.100635305047035217e-01,3.871057331562042236e-01,1.404784619808197021e-01,-5.770174264907836914e-01,-2.782692015171051025e-01,4.041604399681091309e-01,-1.178350090980529785e+00,-1.557360887527465820e+00,5.524348020553588867e-01,7.469733953475952148e-01,3.143737912178039551e-01,8.025144934654235840e-01,1.200314164161682129e-01,-3.102377355098724365e-01,-9.702725410461425781e-01,-4.050342738628387451e-02
6.540401279926300049e-02,-4.352965652942657471e-01,-2.621639966964721680e-01,1.547126889228820801e+00,-1.288542300462722778e-01,-1.616782695055007935e-01,1.014978408813476562e+00,3.200426101684570312e-01,1.201995015144348145e-01,-4.514047503471374512e-01,4.496057033538818359e-01,5.613824725151062012e-02,-6.817774176597595215e-01,5.398718714714050293e-01,-3.948913216590881348e-01,-9.555734992027282715e-01,-5.385669469833374023e-01,4.705300927162170410e-01,9.038909077644348145e-01,1.904471278190612793e+00,2.337365448474884033e-01,-9.122332930564880371e-01,-7.423813454806804657e-03,-4.352288544178009033e-01,5.899006724357604980e-01,3.529495745897293091e-02,3.247651755809783936e-01,-6.446269154548645020e-02,1.351669549942016602e+00,-7.355960011482238770e-01,-1.142971739172935486e-01,-4.405852258205413818e-01,-3.917003870010375977e-01,1.114454865455627441e-02,1.074251294136047363e+00,-4.738559722900390625e-01,-8.609647750854492188e-01,1.813847720623016357e-01,6.070373579859733582e-02,6.211462020874023438e-01,3.234114646911621094e-01,-1.088366627693176270e+00,-4.137342572212219238e-01,5.886369943618774414e-02,1.026419773697853088e-01,3.299728631973266602e-01,7.988864779472351074e-01,2.402138411998748779e-01,-6.234496086835861206e-02,3.728042542934417725e-01,3.109410405158996582e-03,-5.533281564712524414e-01,-4.587277770042419434e-01,3.996486067771911621e-01,-1.273523926734924316e+00,-1.415881514549255371e+00,3.327806293964385986e-01,6.281746029853820801e-01,3.223728239536285400e-01,1.156131029129028320e+00,2.627774178981781006e-01,-3.583088517189025879e-01,-8.255795240402221680e-01,6.929373741149902344e-02
2.695056796073913574e-01,-6.879691481590270996e-01,-1.229241862893104553e-01,1.563590288162231445e+00,-4.472618922591209412e-02,-1.642903238534927368e-01,1.176069498062133789e+00,3.515800535678863525e-01,4.475044608116149902e-01,-3.427140712738037109e-01,6.202660202980041504e-01,-3.205307722091674805e-01,-6.404992938041687012e-01,5.193533897399902344e-01,-6.299850940704345703e-01,-1.117862224578857422e+00,-7.774370312690734863e-01,5.574925541877746582e-01,6.646411418914794922e-01,1.629649639129638672e+00,2.031304985284805298e-01,-6.531728506088256836e-01,-1.605549901723861694e-01,-3.254240453243255615e-01,9.300255775451660156e-01,1.319675892591476440e-02,1.571515202522277832e-02,-6.628861278295516968e-02,1.120536088943481445e+00,-4.163022339344024658e-01,-1.995001882314682007e-01,-1.254901736974716187e-01,-4.149566292762756348e-01,5.299310758709907532e-02,9.901968836784362793e-01,-3.787670135498046875e-01,-7.909178137779235840e-01,4.216915369033813477e-01,8.078619837760925293e-02,7.172431945800781250e-01,1.257196962833404541e-01,-1.206142306327819824e+00,-4.780676662921905518e-01,1.993542164564132690e-02,-1.563234776258468628e-01,2.521441578865051270e-01,8.123156428337097168e-01,1.050756871700286865e-01,-1.929181814193725586e-01,2.840847074985504150e-01,1.651283204555511475e-01,-7.011948823928833008e-01,-3.377773761749267578e-01,4.114457368850708008e-01,-1.406124114990234375e+00,-1.429454445838928223e+00,3.853084743022918701e-01,5.107635259628295898e-01,3.143967688083648682e-01,7.783886790275573730e-01,4.359285533428192139e-02,-4.238277673721313477e-02,-7.284909486770629883e-01,-5.954088643193244934e-03
2.129830271005630493e-01,-3.622640073299407959e-01,-1.306584626436233521e-01,1.638548374176025391e+00,-1.583278365433216095e-02,-7.530885189771652222e-02,1.236240029335021973e+00,8.175869286060333252e-02,3.289513587951660156e-01,-3.670022189617156982e-01,5.899562239646911621e-01,2.069135010242462158e-02,-6.882979273796081543e-01,3.545141816139221191e-01,-5.501099228858947754e-01,-7.449659109115600586e-01,-7.150678634643554688e-01,7.241476774215698242e-01,1.033035993576049805e+00,1.783139586448669434e+00,-1.456248611211776733e-01,-7.021294236183166504e-01,1.425084322690963745e-01,-3.074131608009338379e-01,7.137303352355957031e-01,-1.876400262117385864e-01,1.218416467308998108e-01,-2.119959890842437744e-02,1.370005726814270020e+00,-5.644036531448364258e-01,9.822075814008712769e-02,-1.776530146598815918e-01,-4.757390618324279785e-01,1.491112560033798218e-01,1.175415754318237305e+00,-4.217096865177154541e-01,-7.309764027595520020e-01,1.130348145961761475e-01,1.915127784013748169e-01,5.633907914161682129e-01,2.960447072982788086e-01,-8.944398164749145508e-01,-5.924897789955139160e-01,-9.547179937362670898e-02,7.199168950319290161e-02,2.890404164791107178e-01,9.350517988204956055e-01,3.350273966789245605e-01,-9.223780035972595215e-02,3.932374715805053711e-01,-1.532404124736785889e-02,-5.736778378486633301e-01,-5.037219524383544922e-01,2.025630176067352295e-01,-1.197731614112854004e+00,-1.344522118568420410e+00,4.076637923717498779e-01,5.274528264999389648e-01,3.994802832603454590e-01,1.141205668449401855e+00,-4.383546113967895508e-02,-1.616129577159881592e-01,-6.789471507072448730e-01,5.720008164644241333e-02
2.358237504959106445e-01,-4.082183539867401123e-01,-1.662412881851196289e-01,1.724199891090393066e+00,1.421432197093963623e-01,2.244824916124343872e-01,1.220892190933227539e+00,3.795152902603149414e-01,1.483238488435745239e-01,-4.859638214111328125e-01,6.737896203994750977e-01,-1.760781705379486084e-01,-5.013277530670166016e-01,4.866205453872680664e-01,-4.412287771701812744e-01,-1.004801392555236816e+00,-4.158523678779602051e-01,4.398522377014160156e-01,8.150320649147033691e-01,1.880249977111816406e+00,2.323829084634780884e-01,-7.980791926383972168e-01,1.922024041414260864e-01,-2.253028750419616699e-01,6.964550614356994629e-01,-1.731434762477874756e-01,2.836388349533081055e-02,-2.974111959338188171e-02,1.105320930480957031e+00,-4.577241837978363037e-01,1.478494107723236084e-01,-3.191388845443725586e-01,-6.509686112403869629e-01,8.102966845035552979e-02,1.224588871002197266e+00,-3.663597106933593750e-01,-4.797685146331787109e-01,1.312395185232162476e-01,1.680661886930465698e-01,6.470253467559814453e-01,1.423045396804809570e-01,-1.063752293586730957e+00,-6.004345417022705078e-01,-3.433141112327575684e-02,-1.571858376264572144e-01,4.379109740257263184e-01,9.048369526863098145e-01,3.336168527603149414e-01,2.232282161712646484e-01,1.469825357198715210e-01,9.686759859323501587e-02,-8.112586140632629395e-01,-5.248640775680541992e-01,3.193986415863037109e-02,-1.147251963615417480e+00,-1.456727743148803711e+00,6.298769712448120117e-01,7.202204465866088867e-01,1.446168869733810425e-01,1.087280631065368652e+00,-2.622101455926895142e-02,-3.647065758705139160e-01,-7.222762107849121094e-01,8.135391771793365479e-02
4.210769757628440857e-02,-5.174621343612670898e-01,-1.500712633132934570e-01,1.797722458839416504e+00,-1.750051230192184448e-01,1.525938063859939575e-01,1.062375783920288086e+00,4.034630060195922852e-01,1.554358601570129395e-01,-2.674368917942047119e-01,5.549050569534301758e-01,1.548254489898681641e-02,-3.901642560958862305e-01,1.506638228893280029e-01,-2.396889626979827881e-01,-7.143920063972473145e-01,-6.503238677978515625e-01,4.069271087646484375e-01,7.406895160675048828e-01,1.745382785797119141e+00,1.040346026420593262e-01,-1.030908823013305664e+00,1.110329665243625641e-02,-3.835729658603668213e-01,6.466057300567626953e-01,-2.282457649707794189e-01,2.105194479227066040e-01,-8.972589857876300812e-03,1.049971103668212891e+00,-7.982333898544311523e-01,-3.225322812795639038e-02,-4.399157166481018066e-01,-7.392338514328002930e-01,1.215546727180480957e-01,1.081744551658630371e+00,-7.909622192382812500e-01,-6.296013593673706055e-01,1.112866997718811035e-01,-9.975206106901168823e-02,6.989946961402893066e-01,3.156738877296447754e-01,-1.064914703369140625e+00,-7.169103026390075684e-01,-1.813564002513885498e-01,-4.223540797829627991e-02,5.290391445159912109e-01,8.116048574447631836e-01,3.311053514480590820e-01,-4.024495556950569153e-02,3.185859024524688721e-01,2.209717631340026855e-01,-6.553922891616821289e-01,-5.039251446723937988e-01,1.905922740697860718e-01,-1.332972884178161621e+00,-1.491460442543029785e+00,3.446854650974273682e-01,6.332962512969970703e-01,2.976949214935302734e-01,9.338488578796386719e-01,1.879951655864715576e-01,-2.721656560897827148e-01,-7.073018550872802734e-01,5.282541364431381226e-02
1.739906370639801025e-01,-4.840053319931030273e-01,-1.570865213871002197e-01,1.742045760154724121e+00,6.695300340652465820e-02,1.639955043792724609e-01,1.265054464340209961e+00,1.256621479988098145e-01,2.890884280204772949e-01,-2.492496222257614136e-01,5.675156116485595703e-01,-1.977064907550811768e-01,-4.391774535179138184e-01,1.774084866046905518e-01,-6.390762329101562500e-01,-8.175265789031982422e-01,-4.510457515716552734e-01,7.125405669212341309e-01,9.921612143516540527e-01,1.583811759948730469e+00,2.463756650686264038e-01,-7.459487915039062500e-01,-1.706674695014953613e-01,-4.359834194183349609e-01,6.222927570343017578e-01,-2.081702649593353271e-01,2.742149829864501953e-01,-1.903056055307388306e-01,1.214641809463500977e+00,-4.693664610385894775e-01,1.201389282941818237e-01,-3.755805492401123047e-01,-6.836426854133605957e-01,-1.122204214334487915e-02,9.189271330833435059e-01,-4.898372292518615723e-01,-6.807043552398681641e-01,4.345241189002990723e-02,2.601804733276367188e-01,3.835961818695068359e-01,2.301573753356933594e-01,-1.198288679122924805e+00,-7.872875332832336426e-01,-1.465260237455368042e-01,-9.398388862609863281e-02,1.346721947193145752e-01,8.537603616714477539e-01,1.291759461164474487e-01,2.703551761806011200e-02,2.523882985115051270e-01,3.713423609733581543e-01,-4.617266356945037842e-01,-5.224735140800476074e-01,4.151128530502319336e-01,-1.016566872596740723e+00,-1.744802951812744141e+00,4.662934541702270508e-01,3.745416402816772461e-01,1.653431951999664307e-01,9.415665864944458008e-01,-6.427481770515441895e-03,-3.462020158767700195e-01,-8.762757778167724609e-01,1.001036539673805237e-01
-7.947165518999099731e-02,-5.817756652832031250e-01,-2.085247188806533813e-01,1.729821681976318359e+00,4.145107232034206390e-04,1.903778761625289917e-01,1.206615805625915527e+00,2.676214277744293213e-01,2.694694399833679199e-01,-3.064315915107727051e-01,3.593419790267944336e-01,2.966362237930297852e-02,-7.351378798484802246e-01,2.173104584217071533e-01,-5.571920871734619141e-01,-1.134554743766784668e+00,-7.577546834945678711e-01,4.444322586059570312e-01,9.710111021995544434e-01,1.821458935737609863e+00,1.625935882329940796e-01,-9.095948338508605957e-01,-2.396536469459533691e-01,-5.286648869514465332e-01,8.202323317527770996e-01,-2.245820760726928711e-01,3.284212946891784668e-02,-1.795349717140197754e-01,1.000845670700073242e+00,-5.315650105476379395e-01,1.903564482927322388e-01,-2.650781273841857910e-01,-8.064156174659729004e-01,-3.972513973712921143e-02,1.199928045272827148e+00,-3.927080333232879639e-01,-8.247780203819274902e-01,1.165719032287597656e-01,-1.075731292366981506e-01,5.435035824775695801e-01,9.376065433025360107e-02,-1.063245177268981934e+00,-5.717172622680664062e-01,9.462937712669372559e-02,2.515137195587158203e-03,4.091795980930328369e-01,6.725928187370300293e-01,1.552914828062057495e-01,2.307554781436920166e-01,2.442719489336013794e-01,1.291587948799133301e-01,-6.119554638862609863e-01,-2.558435201644897461e-01,1.624609380960464478e-01,-1.290469527244567871e+00,-1.392319798469543457e+00,3.188289105892181396e-01,4.869714975357055664e-01,5.431225299835205078e-01,8.856415152549743652e-01,2.367655187845230103e-02,-2.626114785671234131e-01,-9.670525789260864258e-01,1.487824171781539917e-01
-3.227335959672927856e-02,-4.162717759609222412e-01,-3.802995681762695312e-01,1.517075538635253906e+00,-7.252236455678939819e-02,-3.656607121229171753e-02,9.893898367881774902e-01,1.944478452205657959e-01,2.459911108016967773e-01,-5.628690719604492188e-01,3.710064888000488281e-01,-7.474394887685775757e-02,-6.899373531341552734e-01,4.404553472995758057e-01,-3.244930505752563477e-01,-1.126324415206909180e+00,-6.711418628692626953e-01,6.349858045578002930e-01,7.922276854515075684e-01,1.615566730499267578e+00,-6.551516801118850708e-02,-9.582056999206542969e-01,-1.629961282014846802e-01,-4.123834669589996338e-01,7.582675218582153320e-01,6.021482497453689575e-02,2.134321033954620361e-01,1.449756026268005371e-01,1.075443029403686523e+00,-4.197920858860015869e-01,-1.885015964508056641e-01,-7.072442770004272461e-02,-4.328697025775909424e-01,2.527104318141937256e-02,9.351862072944641113e-01,-4.540863931179046631e-01,-8.381193876266479492e-01,1.718873530626296997e-01,-4.386960715055465698e-02,7.432135343551635742e-01,5.249379873275756836e-01,-1.193412184715270996e+00,-4.430255293846130371e-01,6.607133150100708008e-02,-1.107673943042755127e-01,5.205119848251342773e-01,8.504157066345214844e-01,6.276158988475799561e-02,2.237035334110260010e-01,4.200339317321777344e-01,1.503417938947677612e-01,-5.339189767837524414e-01,-1.921170800924301147e-01,4.160891771316528320e-01,-1.219702959060668945e+00,-1.744669675827026367e+00,2.379802465438842773e-01,3.865841329097747803e-01,4.348658621311187744e-01,9.985779523849487305e-01,6.604566425085067749e-02,-4.248177409172058105e-01,-7.018423080444335938e-01,1.247073262929916382e-01
2.364445328712463379e-01,-3.693005442619323730e-01,-4.609746932983398438e-01,1.779029130935668945e+00,3.108232840895652771e-02,-6.286881864070892334e-02,1.286418914794921875e+00,3.928608596324920654e-01,3.631550669670104980e-01,-2.406842708587646484e-01,4.082692563533782959e-01,2.151386439800262451e-02,-5.486344695091247559e-01,4.878199100494384766e-01,-2.870710492134094238e-01,-8.221184015274047852e-01,-4.347342252731323242e-01,4.081135392189025879e-01,7.068100571632385254e-01,1.724971890449523926e+00,-1.557130515575408936e-01,-8.510448336601257324e-01,-2.284235954284667969e-01,-1.835237443447113037e-01,6.676996350288391113e-01,6.102047115564346313e-02,2.569372355937957764e-01,-5.849131196737289429e-02,1.084751963615417480e+00,-7.823133468627929688e-01,-2.076033055782318115e-01,-3.037229478359222412e-01,-7.485357522964477539e-01,1.486367583274841309e-01,1.228395819664001465e+00,-6.928521990776062012e-01,-6.070119738578796387e-01,1.315299123525619507e-01,1.377725303173065186e-01,6.666477918624877930e-01,1.285547465085983276e-01,-9.595782756805419922e-01,-4.237330555915832520e-01,-2.182033061981201172e-01,7.385112345218658447e-03,3.276816606521606445e-01,7.709913849830627441e-01,1.336685419082641602e-01,-9.907615929841995239e-02,5.505716204643249512e-01,-1.949459314346313477e-02,-7.987067699432373047e-01,-5.696531534194946289e-01,3.763724863529205322e-02,-1.239106178283691406e+00,-1.643854975700378418e+00,2.511183023452758789e-01,4.181612730026245117e-01,1.922611743211746216e-01,9.345523715019226074e-01,1.304600983858108521e-01,-3.620548248291015625e-01,-6.563483476638793945e-01,-2.191958576440811157e-02
-4.398135840892791748e-02,-5.203765034675598145e-01,-2.430497854948043823e-01,1.718631625175476074e+00,4.124339204281568527e-03,1.525728702545166016e-01,1.265457153320312500e+00,2.742742598056793213e-01,8.592763543128967285e-02,-2.204247564077377319e-01,4.285796582698822021e-01,1.601243019104003906e-02,-7.222273349761962891e-01,3.243396580219268799e-01,-2.620526254177093506e-01,-1.107270956039428711e+00,-7.690792083740234375e-01,4.833700358867645264e-01,1.000964403152465820e+00,1.493303537368774414e+00,2.455430030822753906e-01,-6.846003532409667969e-01,-1.384266018867492676e-01,-3.044884800910949707e-01,5.830225348472595215e-01,-4.900704324245452881e-02,1.108431965112686157e-01,-2.633059024810791016e-02,1.290712594985961914e+00,-4.506489634513854980e-01,-6.586012244224548340e-02,-3.225719332695007324e-01,-4.054476022720336914e-01,-1.161625683307647705e-01,8.312727212905883789e-01,-6.988254189491271973e-01,-4.879105091094970703e-01,7.078476250171661377e-02,-2.463617920875549316e-02,6.371771097183227539e-01,4.510000348091125488e-01,-9.791883826255798340e-01,-3.957215547561645508e-01,-3.000857532024383545e-01,3.483891487121582031e-05,4.001711010932922363e-01,9.031692743301391602e-01,1.920439600944519043e-01,-1.629580855369567871e-01,4.710478484630584717e-01,1.858876645565032959e-01,-4.801585078239440918e-01,-3.717998266220092773e-01,9.326052665710449219e-02,-1.270336747169494629e+00,-1.407155275344848633e+00,2.224356979131698608e-01,6.977802515029907227e-01,2.700900435447692871e-01,1.068310618400573730e+00,-4.151780158281326294e-02,-3.229686319828033447e-01,-1.023996114730834961e+00,-1.104157641530036926e-01
1.800735592842102051e-01,-2.728805541992187500e-01,-1.040890961885452271e-01,1.737073063850402832e+00,-6.789207458496093750e-02,8.423978462815284729e-03,1.385945677757263184e+00,3.796068131923675537e-01,1.479167789220809937e-01,-3.539083302021026611e-01,6.302801966667175293e-01,8.648231625556945801e-03,-6.387017369270324707e-01,2.088519036769866943e-01,-4.617179036140441895e-01,-7.775527238845825195e-01,-7.853707671165466309e-01,4.898359179496765137e-01,7.888536453247070312e-01,1.873184084892272949e+00,-3.070902079343795776e-02,-9.322674870491027832e-01,1.212389022111892700e-02,-2.895663976669311523e-01,7.361398339271545410e-01,3.566421940922737122e-02,2.122682332992553711e-01,1.868188232183456421e-01,1.148870468139648438e+00,-7.412089705467224121e-01,-1.007400900125503540e-01,-3.496863842010498047e-01,-3.958874940872192383e-01,1.034805178642272949e-02,1.209368228912353516e+00,-7.055289745330810547e-01,-6.069303154945373535e-01,4.676832556724548340e-01,1.954468786716461182e-01,5.695960521697998047e-01,2.708873450756072998e-01,-1.027168035507202148e+00,-6.224108934402465820e-01,-3.066917508840560913e-02,-1.182014122605323792e-02,3.704151809215545654e-01,1.061542272567749023e+00,3.085685372352600098e-01,4.044556990265846252e-03,2.699566483497619629e-01,2.128796577453613281e-01,-7.157282829284667969e-01,-5.272582769393920898e-01,2.032017707824707031e-02,-1.044377088546752930e+00,-1.482548832893371582e+00,3.107737302780151367e-01,5.516821146011352539e-01,4.330507814884185791e-01,8.157503604888916016e-01,1.014928296208381653e-01,-1.852391064167022705e-01,-1.034717321395874023e+00,1.513715684413909912e-01
1.290259063243865967e-01,-6.151192188262939453e-01,-4.074004292488098145e-01,1.517976641654968262e+00,-1.380458939820528030e-02,1.671747565269470215e-01,1.029229879379272461e+00,9.186719357967376709e-02,1.953082084655761719e-01,-3.187340795993804932e-01,5.048347115516662598e-01,-3.283899426460266113e-01,-7.197145223617553711e-01,3.766383528709411621e-01,-5.433139204978942871e-01,-9.274597764015197754e-01,-5.000590085983276367e-01,5.870168209075927734e-01,1.028179168701171875e+00,1.737890958786010742e+00,1.620860397815704346e-01,-9.014498591423034668e-01,7.575827091932296753e-02,-5.825831890106201172e-01,7.195950150489807129e-01,1.284090876579284668e-01,6.605502963066101074e-02,-2.296924032270908356e-02,1.253540158271789551e+00,-5.402815341949462891e-01,-8.198145776987075806e-03,-3.230757415294647217e-01,-3.833218514919281006e-01,2.769420444965362549e-01,1.104849338531494141e+00,-5.571199655532836914e-01,-7.558199167251586914e-01,4.843050539493560791e-01,2.450667917728424072e-01,7.144565582275390625e-01,2.836975455284118652e-01,-1.056375026702880859e+00,-6.542963981628417969e-01,-7.657021284103393555e-03,-1.513637751340866089e-01,3.198802173137664795e-01,6.758297681808471680e-01,1.100631654262542725e-01,-1.402791142463684082e-01,3.022336959838867188e-01,3.765787482261657715e-01,-4.559328556060791016e-01,-3.282254934310913086e-01,3.774459064006805420e-01,-1.110192656517028809e+00,-1.718067884445190430e+00,4.428169429302215576e-01,4.328269660472869873e-01,4.918754100799560547e-01,8.454340100288391113e-01,2.145141214132308960e-01,-3.599783778190612793e-01,-9.899355173110961914e-01,-2.603262662887573242e-03
-1.263926625251770020e-01,-4.202077388763427734e-01,-4.606195390224456787e-01,1.600957870483398438e+00,-1.231605038046836853e-01,1.913470327854156494e-01,1.255645632743835449e+00,2.929361760616302490e-01,4.453427791595458984e-01,-1.727959513664245605e-01,3.937032222747802734e-01,-1.226737797260284424e-01,-4.372133612632751465e-01,2.000183910131454468e-01,-3.051659166812896729e-01,-1.118521690368652344e+00,-6.335317492485046387e-01,7.527307868003845215e-01,9.090198874473571777e-01,1.772994637489318848e+00,1.222601681947708130e-01,-7.025910615921020508e-01,1.735148429870605469e-01,-4.230400919914245605e-01,9.781185984611511230e-01,-1.182713657617568970e-01,-9.919926524162292480e-03,-2.296053320169448853e-01,1.249593496322631836e+00,-5.675685405731201172e-01,1.976859569549560547e-01,-2.941786050796508789e-01,-7.119489908218383789e-01,4.970154911279678345e-02,1.138176321983337402e+00,-6.060171723365783691e-01,-7.422263622283935547e-01,4.458199441432952881e-01,2.164356559514999390e-01,3.937456011772155762e-01,4.083598256111145020e-01,-9.490061998367309570e-01,-4.472236037254333496e-01,-6.465040147304534912e-03,1.408427059650421143e-01,4.001830518245697021e-01,9.346436858177185059e-01,7.524330914020538330e-02,-6.186221539974212646e-02,3.218119442462921143e-01,8.555233478546142578e-03,-8.581224679946899414e-01,-2.051033377647399902e-01,1.378117203712463379e-01,-1.204441070556640625e+00,-1.461968541145324707e+00,4.078540503978729248e-01,5.187125205993652344e-01,5.632536411285400391e-01,1.122764825820922852e+00,-1.231307089328765869e-01,-4.132474660873413086e-01,-9.118107557296752930e-01,4.895780980587005615e-02
-1.076229661703109741e-01,-6.805170774459838867e-01,-4.634344577789306641e-01,1.519557952880859375e+00,5.953311175107955933e-02,-6.888538599014282227e-02,9.704343080520629883e-01,2.248449921607971191e-01,3.587682247161865234e-01,-4.512651264667510986e-01,7.011029720306396484e-01,-3.093959689140319824e-01,-5.846869349479675293e-01,3.095777630805969238e-01,-2.815274000167846680e-01,-7.813272476196289062e-01,-5.957081913948059082e-01,5.728989839553833008e-01,9.918764829635620117e-01,1.489438533782958984e+00,1.318412125110626221e-01,-8.738009929656982422e-01,9.374899417161941528e-02,-4.475130438804626465e-01,8.466346263885498047e-01,3.735284507274627686e-02,1.364684104919433594e-01,6.871137768030166626e-03,1.124029874801635742e+00,-8.277722597122192383e-01,1.098113283514976501e-01,-1.222995072603225708e-01,-7.924329042434692383e-01,6.777621060609817505e-02,1.070815801620483398e+00,-6.092004776000976562e-01,-6.995536088943481445e-01,4.409515559673309326e-01,-8.302420377731323242e-02,3.857292234897613525e-01,1.424066275358200073e-01,-1.139099717140197754e+00,-7.783374786376953125e-01,-7.659438252449035645e-02,2.623663842678070068e-02,2.285482585430145264e-01,8.827955126762390137e-01,9.832552075386047363e-02,-9.426051378250122070e-02,1.710636466741561890e-01,1.532241404056549072e-01,-8.303307294845581055e-01,-2.616595029830932617e-01,3.446453809738159180e-01,-1.422593355178833008e+00,-1.456613540649414062e+00,4.332494139671325684e-01,7.306940555572509766e-01,2.364456355571746826e-01,7.788397669792175293e-01,1.604922115802764893e-01,-1.752791404724121094e-01,-7.285448312759399414e-01,3.393849357962608337e-02
1.266091018915176392e-01,-5.330793857574462891e-01,-2.574174404144287109e-01,1.709165215492248535e+00,-1.335610449314117432e-01,-1.455444842576980591e-01,1.258621454238891602e+00,1.908677816390991211e-01,4.394894242286682129e-01,-4.208009243011474609e-01,7.196570634841918945e-01,-3.585393726825714111e-02,-6.637077331542968750e-01,2.055981457233428955e-01,-3.837740123271942139e-01,-9.068820476531982422e-01,-4.975782036781311035e-01,6.197082996368408203e-01,7.394340634346008301e-01,1.862677812576293945e+00,2.004435956478118896e-01,-9.338097572326660156e-01,-1.071301400661468506e-01,-5.572510957717895508e-01,7.842904925346374512e-01,-1.345365196466445923e-01,1.818894147872924805e-01,-2.221773117780685425e-01,1.062994956970214844e+00,-5.516179800033569336e-01,-1.468638032674789429e-01,-3.509784638881683350e-01,-6.961881518363952637e-01,-1.288496553897857666e-01,8.516402840614318848e-01,-3.826827108860015869e-01,-8.647701740264892578e-01,4.666599333286285400e-01,-2.680659294128417969e-02,6.582317948341369629e-01,1.888811886310577393e-01,-1.240260601043701172e+00,-5.571478009223937988e-01,-2.915850877761840820e-01,-1.313898563385009766e-01,2.654888927936553955e-01,1.051069974899291992e+00,1.799497008323669434e-01,-5.138671398162841797e-02,2.700759172439575195e-01,1.452712118625640869e-01,-7.850396633148193359e-01,-3.447556793689727783e-01,8.416402339935302734e-02,-1.038890242576599121e+00,-1.557796359062194824e+00,2.659220695495605469e-01,4.094687104225158691e-01,4.626172482967376709e-01,1.133445739746093750e+00,2.860378101468086243e-02,-1.357376873493194580e-01,-6.394312977790832520e-01,1.125155314803123474e-01
-1.380525529384613037e-01,-2.997641563415527344e-01,-2.642855346202850342e-01,1.663963675498962402e+00,-8.025941997766494751e-02,6.279984116554260254e-02,1.357169747352600098e+00,1.650318056344985962e-01,1.765866875648498535e-01,-2.903505265712738037e-01,6.230669617652893066e-01,3.727060556411743164e-02,-6.818226575851440430e-01,1.799262166023254395e-01,-2.350423634052276611e-01,-1.101192951202392578e+00,-7.879825830459594727e-01,6.046202182769775391e-01,6.677748560905456543e-01,1.696947216987609863e+00,1.073064655065536499e-01,-9.282069802284240723e-01,6.260536611080169678e-03,-4.309519529342651367e-01,7.032022476196289062e-01,1.307382583618164062e-01,1.337062418460845947e-01,-5.009844899177551270e-03,1.287525296211242676e+00,-6.315845251083374023e-01,5.914976820349693298e-02,-3.526801466941833496e-01,-4.081160724163055420e-01,-9.771908074617385864e-02,1.008759856224060059e+00,-5.965926647186279297e-01,-8.577840328216552734e-01,1.336958408355712891e-01,8.726688474416732788e-02,4.831141233444213867e-01,4.704668223857879639e-01,-9.298252463340759277e-01,-5.329046249389648438e-01,-2.536064088344573975e-01,-4.514899104833602905e-02,1.223060935735702515e-01,9.895683526992797852e-01,2.803407907485961914e-01,-5.267273634672164917e-02,4.533442556858062744e-01,1.481630504131317139e-01,-6.947894692420959473e-01,-3.795989155769348145e-01,2.758039534091949463e-01,-1.353459239006042480e+00,-1.579151272773742676e+00,2.089157998561859131e-01,7.221686840057373047e-01,4.807845354080200195e-01,9.755619764328002930e-01,1.690413355827331543e-01,-5.727739632129669189e-02,-9.378831386566162109e-01,-5.808079242706298828e-02
-1.048751622438430786e-01,-3.446532487869262695e-01,-3.717782497406005859e-01,1.741511702537536621e+00,1.601324975490570068e-01,2.373685389757156372e-01,1.291877269744873047e+00,1.715708822011947632e-01,2.565069198608398438e-01,-2.881927490234375000e-01,5.330154299736022949e-01,1.348543167114257812e-02,-5.990364551544189453e-01,3.178715407848358154e-01,-3.687056601047515869e-01,-7.425903081893920898e-01,-3.840561807155609131e-01,7.737231254577636719e-01,9.345903396606445312e-01,1.724599838256835938e+00,6.891268491744995117e-02,-8.802402615547180176e-01,-9.770493209362030029e-02,-5.094808340072631836e-01,8.283110857009887695e-01,4.750486463308334351e-02,2.091249823570251465e-01,9.253128618001937866e-02,1.337824821472167969e+00,-6.601157188415527344e-01,1.217069327831268311e-01,-1.548395454883575439e-01,-5.963845252990722656e-01,2.395204007625579834e-01,1.011546969413757324e+00,-3.684614300727844238e-01,-5.927600264549255371e-01,2.475711405277252197e-01,2.069048285484313965e-01,4.200105071067810059e-01,3.378298878669738770e-01,-9.406003355979919434e-01,-6.040347814559936523e-01,-3.206211030483245850e-01,-1.557029783725738525e-01,3.560295403003692627e-01,8.096736073493957520e-01,1.820905506610870361e-01,1.533586680889129639e-01,5.471943616867065430e-01,5.696631968021392822e-02,-4.810766875743865967e-01,-3.920309543609619141e-01,3.701608180999755859e-01,-1.398600339889526367e+00,-1.469155192375183105e+00,4.788185358047485352e-01,3.929082751274108887e-01,4.802737832069396973e-01,8.417521715164184570e-01,2.920802831649780273e-01,-3.665421903133392334e-01,-1.016640901565551758e+00,-1.755470037460327148e-01
1.568443700671195984e-02,-5.048780441284179688e-01,-2.125106602907180786e-01,1.843033552169799805e+00,1.632067114114761353e-01,2.217252701520919800e-01,1.373353600502014160e+00,1.323210000991821289e-01,1.141000092029571533e-01,-5.448917746543884277e-01,3.940610885620117188e-01,-1.746110916137695312e-01,-3.723483681678771973e-01,1.229517906904220581e-01,-6.144965887069702148e-01,-7.585885524749755859e-01,-7.809467315673828125e-01,5.597887039184570312e-01,1.001804947853088379e+00,1.628545641899108887e+00,-1.725277006626129150e-01,-8.310769796371459961e-01,7.641454041004180908e-02,-4.274344146251678467e-01,9.325245618820190430e-01,9.923665970563888550e-02,2.689706683158874512e-01,1.386014819145202637e-01,1.200912714004516602e+00,-6.411011815071105957e-01,-1.616506874561309814e-01,-2.591845989227294922e-01,-5.778880715370178223e-01,2.017671763896942139e-01,9.604673981666564941e-01,-6.970047354698181152e-01,-5.104437470436096191e-01,1.795295178890228271e-01,1.445406228303909302e-01,6.326330304145812988e-01,2.252943515777587891e-01,-9.738890528678894043e-01,-6.205107569694519043e-01,-2.729843556880950928e-01,-2.776205539703369141e-01,2.646125555038452148e-01,6.651087999343872070e-01,4.744554460048675537e-01,-1.831738650798797607e-01,4.764471352100372314e-01,-3.844270110130310059e-02,-8.088832497596740723e-01,-2.704258561134338379e-01,1.182995885610580444e-01,-1.101736903190612793e+00,-1.398699641227722168e+00,5.496162772178649902e-01,7.646749019622802734e-01,3.016433715820312500e-01,1.134432077407836914e+00,-2.253793179988861084e-02,-1.737540811300277710e-01,-8.202610611915588379e-01,9.045392274856567383e-02
-1.209706068038940430e-03,-3.925452828407287598e-01,-2.110886573791503906e-01,1.752841114997863770e+00,-7.454380393028259277e-02,-2.922183275222778320e-02,1.172434568405151367e+00,2.536435425281524658e-01,3.153015375137329102e-01,-2.591002285480499268e-01,7.377098798751831055e-01,-3.107229471206665039e-01,-5.187840461730957031e-01,4.043017625808715820e-01,-2.471791654825210571e-01,-9.015222787857055664e-01,-7.325981259346008301e-01,7.967259287834167480e-01,7.506894469261169434e-01,1.640522837638854980e+00,-1.007182672619819641e-01,-6.680052876472473145e-01,8.951108902692794800e-04,-5.314263701438903809e-01,9.073338508605957031e-01,1.375125646591186523e-01,5.153505504131317139e-02,-7.367435842752456665e-02,1.177580475807189941e+00,-7.207933664321899414e-01,-1.662165522575378418e-01,-2.529575526714324951e-01,-4.435918331146240234e-01,1.944423317909240723e-01,8.786927461624145508e-01,-5.185443758964538574e-01,-6.843176484107971191e-01,1.508559286594390869e-01,1.140610426664352417e-01,6.795855164527893066e-01,5.070713162422180176e-01,-9.845657348632812500e-01,-8.099013566970825195e-01,-1.983205229043960571e-02,9.195439517498016357e-02,3.367885947227478027e-01,7.633793354034423828e-01,2.679759263992309570e-01,-7.369689643383026123e-02,3.297872841358184814e-01,1.946898102760314941e-01,-8.206735253334045410e-01,-2.392879128456115723e-01,4.178317189216613770e-01,-1.084574937820434570e+00,-1.394099235534667969e+00,6.313592195510864258e-01,6.421912908554077148e-01,3.791189193725585938e-01,8.926813602447509766e-01,-9.056942164897918701e-02,-9.663186967372894287e-02,-9.640041589736938477e-01,1.540815830230712891e-01
-7.332317531108856201e-03,-4.842014610767364502e-01,-2.066881507635116577e-01,1.667695403099060059e+00,4.487029835581779480e-02,-1.046540141105651855e-01,1.005554914474487305e+00,4.965021610260009766e-01,3.320357203483581543e-01,-1.705295890569686890e-01,5.196240544319152832e-01,-1.334505081176757812e-01,-6.042590141296386719e-01,3.908913731575012207e-01,-2.815638184547424316e-01,-1.125974893569946289e+00,-3.565171360969543457e-01,7.216587066650390625e-01,6.648631691932678223e-01,1.501977443695068359e+00,1.065679490566253662e-01,-8.494675755500793457e-01,1.441673561930656433e-02,-2.248535156250000000e-01,8.854968547821044922e-01,-3.835834562778472900e-02,4.220322370529174805e-01,-9.204770624637603760e-02,1.061436891555786133e+00,-7.126169800758361816e-01,1.861907243728637695e-01,-2.446643412113189697e-01,-6.301801800727844238e-01,3.022785186767578125e-01,1.135917901992797852e+00,-7.576807737350463867e-01,-8.681600689888000488e-01,3.774627447128295898e-01,2.637869417667388916e-01,3.922313153743743896e-01,1.133283972740173340e-01,-1.005143880844116211e+00,-5.726888179779052734e-01,7.407461851835250854e-02,1.260572671890258789e-01,3.829360604286193848e-01,9.653710126876831055e-01,1.027532368898391724e-01,2.328599542379379272e-01,4.597201645374298096e-01,1.593589037656784058e-01,-5.466467142105102539e-01,-5.109624862670898438e-01,2.165343612432479858e-01,-1.114722251892089844e+00,-1.508947372436523438e+00,5.027019977569580078e-01,6.598886847496032715e-01,5.102631449699401855e-01,1.122340321540832520e+00,-3.703736513853073120e-02,-3.004919588565826416e-01,-9.558244943618774414e-01,-2.069187760353088379e-01
1.577607244253158569e-01,-5.732456445693969727e-01,-3.390993773937225342e-01,1.703727006912231445e+00,1.314744353294372559e-01,1.668344140052795410e-01,1.102833390235900879e+00,1.181294023990631104e-01,1.134476214647293091e-01,-1.650469303131103516e-01,4.425489306449890137e-01,-2.452508360147476196e-02,-4.732860326766967773e-01,5.340067148208618164e-01,-4.823372960090637207e-01,-1.107817053794860840e+00,-6.472375392913818359e-01,5.534448027610778809e-01,7.699038982391357422e-01,1.584022045135498047e+00,-9.930085390806198120e-02,-6.754466295242309570e-01,-8.294323086738586426e-02,-4.475066065788269043e-01,7.281391620635986328e-01,-8.366604149341583252e-02,7.864414155483245850e-02,-9.513556957244873047e-02,1.145913004875183105e+00,-7.565261721611022949e-01,-1.742128729820251465e-01,-4.085246324539184570e-01,-4.042492508888244629e-01,1.761460751295089722e-01,1.125182867050170898e+00,-7.392143011093139648e-01,-7.413146495819091797e-01,4.630562067031860352e-01,1.295879632234573364e-01,5.061792731285095215e-01,2.321839630603790283e-01,-8.237237930297851562e-01,-7.133399844169616699e-01,6.179349869489669800e-02,-1.444031298160552979e-01,3.218854665756225586e-01,7.811960577964782715e-01,2.940456271171569824e-01,7.370597124099731445e-02,4.739006757736206055e-01,1.034377291798591614e-01,-7.507916688919067383e-01,-4.353468716144561768e-01,3.862641453742980957e-01,-1.306411981582641602e+00,-1.615030407905578613e+00,4.635933935642242432e-01,5.416928529739379883e-01,4.798498451709747314e-01,9.076347947120666504e-01,2.817982733249664307e-01,-1.156895309686660767e-01,-8.986038565635681152e-01,-1.384108364582061768e-01
1.511249393224716187e-01,-3.924541473388671875e-01,-2.703906297683715820e-01,1.623647809028625488e+00,-1.327363699674606323e-01,-1.516508013010025024e-01,1.371061444282531738e+00,2.969624698162078857e-01,3.167126774787902832e-01,-3.693287670612335205e-01,6.939592957496643066e-01,-1.920297741889953613e-02,-4.520669579505920410e-01,1.550285816192626953e-01,-4.132411777973175049e-01,-1.040524840354919434e+00,-5.023611187934875488e-01,5.533506274223327637e-01,1.072256088256835938e+00,1.737332105636596680e+00,2.624120414257049561e-01,-7.795827984809875488e-01,-4.227798059582710266e-02,-2.781127691268920898e-01,6.998912096023559570e-01,-1.615166068077087402e-01,3.514668345451354980e-02,-8.729293197393417358e-02,9.917883872985839844e-01,-6.938819885253906250e-01,1.245676279067993164e-01,-2.397487312555313110e-01,-6.844907402992248535e-01,2.180715054273605347e-01,1.035609722137451172e+00,-6.720203161239624023e-01,-6.826059222221374512e-01,2.168566733598709106e-01,2.859323024749755859e-01,6.954634189605712891e-01,1.251242309808731079e-01,-9.997179508209228516e-01,-7.776253223419189453e-01,-2.975648045539855957e-01,-2.155552506446838379e-01,3.522587716579437256e-01,7.272222042083740234e-01,4.543557763099670410e-01,-1.536655426025390625e-01,2.050805389881134033e-01,2.656832933425903320e-01,-4.604996442794799805e-01,-2.057942301034927368e-01,3.199161291122436523e-01,-1.414759159088134766e+00,-1.521978259086608887e+00,4.032513201236724854e-01,6.090709567070007324e-01,4.544033706188201904e-01,1.167626738548278809e+00,-9.821360558271408081e-02,-2.288860380649566650e-01,-8.951943516731262207e-01,-8.125965297222137451e-02
-1.041265279054641724e-01,-6.229526996612548828e-01,-1.646218895912170410e-01,1.810611128807067871e+00,-9.441517293453216553e-02,2.051979750394821167e-01,1.254778861999511719e+00,2.115736305713653564e-01,4.619959592819213867e-01,-5.414116382598876953e-01,7.225495576858520508e-01,-3.099876046180725098e-01,-5.086916685104370117e-01,2.597911357879638672e-01,-5.106620788574218750e-01,-9.427806735038757324e-01,-4.136699736118316650e-01,4.531772732734680176e-01,6.469093561172485352e-01,1.498157739639282227e+00,-6.232789903879165649e-02,-6.622068881988525391e-01,-1.590615957975387573e-01,-3.726989924907684326e-01,8.686875700950622559e-01,1.770725548267364502e-01,-1.383990049362182617e-02,-1.672551780939102173e-01,9.399768710136413574e-01,-4.997080564498901367e-01,-2.147880196571350098e-01,-9.928175806999206543e-02,-5.998213887214660645e-01,2.033429294824600220e-01,1.102786302566528320e+00,-5.633665919303894043e-01,-7.445552349090576172e-01,1.644316166639328003e-01,2.631644010543823242e-01,6.160871386528015137e-01,2.179265320301055908e-01,-1.175976037979125977e+00,-6.521491408348083496e-01,-1.961936950683593750e-01,-2.577970623970031738e-01,1.856546103954315186e-01,7.012187242507934570e-01,3.972769379615783691e-01,-1.156940236687660217e-01,2.224191278219223022e-01,9.549830108880996704e-02,-6.614868640899658203e-01,-2.512640953063964844e-01,6.721712648868560791e-02,-1.448780775070190430e+00,-1.602821826934814453e+00,4.054036736488342285e-01,4.589167237281799316e-01,1.964420080184936523e-01,1.207373499870300293e+00,5.777448415756225586e-02,-7.835528254508972168e-02,-7.978573441505432129e-01,1.850450187921524048e-01
2.686595022678375244e-01,-6.684962511062622070e-01,-2.098456770181655884e-01,1.460185170173645020e+00,-1.813256740570068359e-02,-1.391799896955490112e-01,1.278672218322753906e+00,4.367954730987548828e-01,7.558582723140716553e-02,-2.873136401176452637e-01,6.473979353904724121e-01,-5.031662434339523315e-02,-3.587627112865447998e-01,4.251784384250640869e-01,-5.951304435729980469e-01,-1.075270175933837891e+00,-4.978837668895721436e-01,6.754289865493774414e-01,1.030611991882324219e+00,1.713953018188476562e+00,-3.694315999746322632e-02,-9.051759243011474609e-01,1.372394710779190063e-01,-2.549353241920471191e-01,7.786058783531188965e-01,-1.552068591117858887e-01,3.204288184642791748e-01,-1.092242375016212463e-01,1.207525610923767090e+00,-6.153381466865539551e-01,8.336460590362548828e-02,-3.640987873077392578e-01,-6.333318948745727539e-01,1.454506218433380127e-01,9.907811880111694336e-01,-6.133694648742675781e-01,-7.827776670455932617e-01,4.176111817359924316e-01,2.821447253227233887e-01,7.056249380111694336e-01,1.197688877582550049e-01,-9.487472772598266602e-01,-6.452935934066772461e-01,9.515180438756942749e-02,-1.603932082653045654e-01,2.730173170566558838e-01,8.644633293151855469e-01,1.372748464345932007e-01,1.565292328596115112e-01,1.722615659236907959e-01,9.933917969465255737e-02,-6.466270089149475098e-01,-5.168648958206176758e-01,1.035586670041084290e-01,-1.227604389190673828e+00,-1.456689596176147461e+00,2.963678240776062012e-01,3.549086451530456543e-01,4.262771010398864746e-01,8.133186697959899902e-01,1.086816638708114624e-01,-1.578034311532974243e-01,-8.626757264137268066e-01,3.794823586940765381e-02
-2.838214486837387085e-02,-3.323517441749572754e-01,-3.378284573554992676e-01,1.766051530838012695e+00,-1.646593809127807617e-01,1.537977755069732666e-01,1.206272363662719727e+00,2.863494157791137695e-01,2.120893299579620361e-01,-2.945951521396636963e-01,5.241792798042297363e-01,2.951158583164215088e-02,-7.876882553100585938e-01,2.733825743198394775e-01,-5.387115478515625000e-01,-8.035548329353332520e-01,-5.904652476310729980e-01,6.472974419593811035e-01,9.784910082817077637e-01,1.765345096588134766e+00,-9.560816735029220581e-02,-9.645245671272277832e-01,-1.898608505725860596e-01,-5.565389394760131836e-01,7.869836091995239258e-01,-2.409394383430480957e-01,1.207170337438583374e-01,-1.187424175441265106e-02,1.218540787696838379e+00,-6.046583652496337891e-01,2.095794305205345154e-03,-3.309777379035949707e-01,-5.202785134315490723e-01,2.158446907997131348e-01,9.347181916236877441e-01,-7.339386940002441406e-01,-5.511587858200073242e-01,1.260262727737426758e-01,3.057681024074554443e-02,5.864712595939636230e-01,5.220159292221069336e-01,-1.033705115318298340e+00,-4.219985306262969971e-01,-1.292434781789779663e-01,1.115896776318550110e-01,5.074977278709411621e-01,1.074955463409423828e+00,4.327890872955322266e-01,-2.674388699233531952e-02,1.852448284626007080e-01,1.361992657184600830e-01,-6.785211563110351562e-01,-2.104340046644210815e-01,1.169880032539367676e-01,-1.063804388046264648e+00,-1.706760644912719727e+00,5.075849890708923340e-01,5.161789655685424805e-01,3.874012529850006104e-01,8.862045407295227051e-01,3.130098581314086914e-01,-2.687229216098785400e-01,-8.406748771667480469e-01,3.923862800002098083e-02
-1.029922515153884888e-01,-5.319879055023193359e-01,-3.815582990646362305e-01,1.626623749732971191e+00,3.500581905245780945e-02,-8.060576021671295166e-02,1.321754217147827148e+00,2.476281225681304932e-01,1.678987294435501099e-01,-5.030395984649658203e-01,3.951652050018310547e-01,-9.972436726093292236e-02,-6.887007951736450195e-01,2.201807498931884766e-01,-6.379976868629455566e-01,-9.740905165672302246e-01,-4.435086250305175781e-01,5.309519767761230469e-01,8.953769207000732422e-01,1.915110826492309570e+00,1.392506510019302368e-01,-7.653737068176269531e-01,1.567232310771942139e-01,-1.672718524932861328e-01,9.592884182929992676e-01,1.769546568393707275e-01,8.462502062320709229e-02,-4.318223521113395691e-02,1.106713175773620605e+00,-7.513536214828491211e-01,-3.495434299111366272e-02,-1.348242014646530151e-01,-5.191327929496765137e-01,2.423169612884521484e-01,1.034479975700378418e+00,-5.473379492759704590e-01,-4.614253938198089600e-01,4.187899827957153320e-01,-1.521542668342590332e-02,7.677284479141235352e-01,3.733750581741333008e-01,-1.230284214019775391e+00,-6.341605782508850098e-01,-2.106075733900070190e-02,-1.791194677352905273e-01,2.814192175865173340e-01,7.888420820236206055e-01,3.813982605934143066e-01,-1.357131004333496094e-01,5.011366009712219238e-01,1.244087368249893188e-01,-7.757012248039245605e-01,-5.404184460639953613e-01,2.940713167190551758e-01,-1.037217497825622559e+00,-1.363732814788818359e+00,4.528982341289520264e-01,4.580802917480468750e-01,3.719084560871124268e-01,1.008701562881469727e+00,-3.994625806808471680e-02,-3.050580620765686035e-01,-8.000083565711975098e-01,-6.940603256225585938e-02
2.528340220451354980e-01,-4.049461781978607178e-01,-4.138177633285522461e-02,1.645714163780212402e+00,-1.267008036375045776e-01,7.934607565402984619e-02,1.294886589050292969e+00,3.598870635032653809e-01,4.192984104156494141e-01,-4.264003634452819824e-01,6.378371119499206543e-01,-8.401563018560409546e-02,-4.673911631107330322e-01,4.237236976623535156e-01,-3.445545136928558350e-01,-1.082046031951904297e+00,-4.909740686416625977e-01,5.976307392120361328e-01,9.104450345039367676e-01,1.515977859497070312e+00,1.010464783757925034e-02,-8.627225160598754883e-01,-2.354688383638858795e-02,-3.631913959980010986e-01,7.726072072982788086e-01,8.709822595119476318e-02,7.331749796867370605e-02,6.011279299855232239e-03,9.629851579666137695e-01,-5.981436371803283691e-01,1.749242544174194336e-01,-1.211027950048446655e-01,-4.351038932800292969e-01,2.334521412849426270e-01,9.285195469856262207e-01,-4.819530248641967773e-01,-5.550060272216796875e-01,3.118724822998046875e-01,1.878344863653182983e-01,7.128188014030456543e-01,3.588584959506988525e-01,-9.745913147926330566e-01,-3.709804713726043701e-01,-2.145737111568450928e-01,-4.134905710816383362e-02,2.877531945705413818e-01,7.550835609436035156e-01,3.483887910842895508e-01,1.722109019756317139e-01,5.336624383926391602e-01,2.217058837413787842e-01,-8.024911284446716309e-01,-1.642315089702606201e-01,4.193116426467895508e-01,-1.176738142967224121e+00,-1.564452290534973145e+00,5.821928381919860840e-01,5.655643343925476074e-01,5.348955988883972168e-01,1.008068442344665527e+00,1.190754175186157227e-01,-2.719527781009674072e-01,-9.009594321250915527e-01,1.077772825956344604e-01
1.318925470113754272e-01,-4.325748085975646973e-01,-2.174600362777709961e-01,1.763862133026123047e+00,2.004154324531555176e-01,-1.692917943000793457e-01,1.224041819572448730e+00,5.141159892082214355e-01,2.733766734600067139e-01,-4.492367804050445557e-01,4.414585232734680176e-01,-3.360851407051086426e-01,-5.802434086799621582e-01,2.270471751689910889e-01,-5.457681417465209961e-01,-1.048922657966613770e+00,-7.133449316024780273e-01,4.273926019668579102e-01,6.337369084358215332e-01,1.477828979492187500e+00,-1.453153789043426514e-01,-1.067827463150024414e+00,-1.271129697561264038e-01,-4.872976839542388916e-01,8.562089800834655762e-01,-1.714764237403869629e-01,2.082166075706481934e-01,1.363733112812042236e-01,1.323149323463439941e+00,-6.342589259147644043e-01,-1.057199835777282715e-01,-6.896986067295074463e-02,-4.933591783046722412e-01,2.292450964450836182e-01,8.884273767471313477e-01,-5.694044232368469238e-01,-7.758781313896179199e-01,2.786952257156372070e-01,1.147268265485763550e-01,3.722943067550659180e-01,4.517061114311218262e-01,-8.788243532180786133e-01,-7.847549319267272949e-01,-3.179872632026672363e-01,-9.743317961692810059e-02,4.518366754055023193e-01,8.062178492546081543e-01,4.224413633346557617e-01,-1.329547017812728882e-01,4.052617549896240234e-01,3.666673004627227783e-01,-5.740050077438354492e-01,-5.641223192214965820e-01,3.836962282657623291e-01,-1.109983682632446289e+00,-1.571079373359680176e+00,3.291611075401306152e-01,6.295436620712280273e-01,4.746498763561248779e-01,1.003750681877136230e+00,-7.430782914161682129e-02,-4.308625161647796631e-01,-7.866344451904296875e-01,1.640154868364334106e-01
6.279937922954559326e-03,-3.485650420188903809e-01,-2.449814230203628540e-01,1.801230549812316895e+00,-2.006295621395111084e-01,-8.749806135892868042e-02,1.353401184082031250e+00,4.336789846420288086e-01,3.390378355979919434e-01,-2.566368877887725830e-01,5.115426182746887207e-01,-1.312508881092071533e-01,-7.636677026748657227e-01,1.662162542343139648e-01,-3.983800709247589111e-01,-1.032898545265197754e+00,-8.111040592193603516e-01,6.280342936515808105e-01,7.389999628067016602e-01,1.614048600196838379e+00,6.646436452865600586e-02,-7.033475041389465332e-01,1.474141329526901245e-02,-4.919635355472564697e-01,5.681194067001342773e-01,-2.068693935871124268e-01,2.903052568435668945e-01,2.608562074601650238e-02,1.255977392196655273e+00,-4.670814871788024902e-01,-7.056603580713272095e-02,-2.543657422065734863e-01,-5.920412540435791016e-01,2.658018767833709717e-01,1.027188777923583984e+00,-4.429690241813659668e-01,-7.993291616439819336e-01,1.511800587177276611e-01,-1.153936758637428284e-01,6.708746552467346191e-01,2.126514315605163574e-01,-8.454729914665222168e-01,-6.572026014328002930e-01,7.011056691408157349e-02,-3.202159330248832703e-02,5.044087767601013184e-01,7.140634059906005859e-01,4.374938011169433594e-01,1.288246810436248779e-01,1.744783222675323486e-01,3.569848537445068359e-01,-5.367826819419860840e-01,-5.410873293876647949e-01,4.458333551883697510e-02,-1.102861404418945312e+00,-1.681229352951049805e+00,5.379179120063781738e-01,6.774798035621643066e-01,5.037031173706054688e-01,9.059692621231079102e-01,2.608442306518554688e-01,-1.446325480937957764e-01,-7.443202733993530273e-01,2.457424998283386230e-04
-8.787481486797332764e-02,-5.570687651634216309e-01,-3.566393256187438965e-01,1.783413052558898926e+00,-2.027807384729385376e-02,1.209106072783470154e-01,1.189015269279479980e+00,3.096684217453002930e-01,5.111983418464660645e-02,-1.944942921400070190e-01,3.696289062500000000e-01,-3.226990103721618652e-01,-7.125316262245178223e-01,5.262749195098876953e-01,-5.634613633155822754e-01,-9.440477490425109863e-01,-6.798175573348999023e-01,7.426658868789672852e-01,7.378112673759460449e-01,1.845470309257507324e+00,1.094759404659271240e-01,-9.965168237686157227e-01,-2.102064192295074463e-01,-6.044170856475830078e-01,8.303357362747192383e-01,-1.125222891569137573e-01,8.618640154600143433e-02,-1.129523590207099915e-01,1.200411558151245117e+00,-6.718775033950805664e-01,-1.583328843116760254e-01,-4.316747784614562988e-01,-7.813130617141723633e-01,-1.202912703156471252e-01,1.062043666839599609e+00,-3.883729577064514160e-01,-7.495225071907043457e-01,3.272060453891754150e-01,1.646753102540969849e-01,6.990690827369689941e-01,3.473134338855743408e-01,-9.920288324356079102e-01,-4.767167270183563232e-01,-2.339979857206344604e-01,-2.035626769065856934e-01,3.181546926498413086e-01,1.089308500289916992e+00,4.435833692550659180e-01,-1.660863757133483887e-01,5.429590344429016113e-01,1.534856557846069336e-01,-7.772644162178039551e-01,-5.648881196975708008e-01,9.631228446960449219e-02,-1.302985548973083496e+00,-1.572038412094116211e+00,5.269129872322082520e-01,5.140977501869201660e-01,2.657116949558258057e-01,9.615401625633239746e-01,5.603114515542984009e-02,-3.893875777721405029e-01,-8.437455892562866211e-01,9.954789280891418457e-02
1.033608466386795044e-01,-2.766601443290710449e-01,-2.519242167472839355e-01,1.860432267189025879e+00,1.415056139230728149e-01,1.966625154018402100e-01,1.379050135612487793e+00,3.250991404056549072e-01,1.100978404283523560e-01,-5.586804747581481934e-01,7.656947374343872070e-01,-3.301090002059936523e-01,-7.016497850418090820e-01,5.246231555938720703e-01,-6.107971072196960449e-01,-9.955006837844848633e-01,-4.252835512161254883e-01,7.116747498512268066e-01,7.427455186843872070e-01,1.824588298797607422e+00,-3.233469277620315552e-02,-7.451104521751403809e-01,1.273875832557678223e-01,-2.260039448738098145e-01,8.873528242111206055e-01,9.281291812658309937e-02,1.834877282381057739e-01,-8.893617987632751465e-02,1.027549743652343750e+00,-6.567393541336059570e-01,-2.190012335777282715e-01,-4.889802634716033936e-02,-6.013599038124084473e-01,-1.061317771673202515e-01,9.510404467582702637e-01,-4.390395283699035645e-01,-7.574884891510009766e-01,6.369273364543914795e-02,-1.172327473759651184e-01,5.518915057182312012e-01,1.690980792045593262e-01,-1.154506683349609375e+00,-6.875255703926086426e-01,6.177490204572677612e-02,1.516593247652053833e-02,3.242171406745910645e-01,7.019285559654235840e-01,1.892533600330352783e-01,-1.309040095657110214e-02,5.320194959640502930e-01,3.209835886955261230e-01,-5.791815519332885742e-01,-2.111630290746688843e-01,2.514928579330444336e-01,-1.000475049018859863e+00,-1.381657600402832031e+00,5.016403794288635254e-01,4.052901268005371094e-01,4.872397780418395996e-01,9.485140442848205566e-01,1.312258094549179077e-01,-2.389356791973114014e-01,-9.496539235115051270e-01,-1.381293833255767822e-01
2.384539544582366943e-01,-4.564993381500244141e-01,-1.798591017723083496e-01,1.629515290260314941e+00,-8.147086948156356812e-02,-1.664491146802902222e-01,1.209586143493652344e+00,3.860828876495361328e-01,3.344412446022033691e-01,-4.283528923988342285e-01,5.081631541252136230e-01,5.787174403667449951e-02,-4.368641376495361328e-01,2.190459966659545898e-01,-5.045042037963867188e-01,-1.031141996383666992e+00,-4.395261406898498535e-01,4.558839201927185059e-01,6.281210780143737793e-01,1.921475172042846680e+00,1.661139130592346191e-01,-8.150907158851623535e-01,-1.640113070607185364e-02,-2.835355997085571289e-01,6.322449445724487305e-01,-6.331938505172729492e-02,3.355520963668823242e-01,-1.236722022294998169e-01,1.296405315399169922e+00,-7.015703916549682617e-01,1.610363423824310303e-01,-2.923561036586761475e-01,-3.754492998123168945e-01,-7.178865373134613037e-03,8.847832083702087402e-01,-5.560188889503479004e-01,-5.558041334152221680e-01,1.172831356525421143e-01,1.468670517206192017e-01,4.683664143085479736e-01,1.572052240371704102e-01,-1.084940314292907715e+00,-7.036566138267517090e-01,-2.713352143764495850e-01,-2.657100558280944824e-01,2.329507172107696533e-01,8.981218934059143066e-01,2.204664349555969238e-01,-4.582346975803375244e-02,2.146114259958267212e-01,1.583828032016754150e-01,-4.399693906307220459e-01,-3.851235806941986084e-01,2.215266525745391846e-01,-1.393634796142578125e+00,-1.429004311561584473e+00,3.205043375492095947e-01,3.477200567722320557e-01,3.146268129348754883e-01,8.672088384628295898e-01,9.268277138471603394e-02,-1.822367459535598755e-01,-7.406964302062988281e-01,-1.024294421076774597e-01
2.007533609867095947e-02,-6.111507415771484375e-01,-3.575507402420043945e-01,1.872901797294616699e+00,1.358811408281326294e-01,-1.783600151538848877e-01,1.039628028869628906e+00,4.258012771606445312e-01,4.602565169334411621e-01,-5.436632633209228516e-01,3.581178784370422363e-01,-1.656591892242431641e-03,-4.261335432529449463e-01,3.807460963726043701e-01,-5.608378052711486816e-01,-8.013913631439208984e-01,-5.706148147583007812e-01,7.974454164505004883e-01,8.962901234626770020e-01,1.615150690078735352e+00,2.393314242362976074e-01,-6.917802095413208008e-01,-1.701110303401947021e-01,-2.292913347482681274e-01,7.291225790977478027e-01,1.017212718725204468e-01,3.734318614006042480e-01,1.471027173101902008e-02,1.317165613174438477e+00,-5.656768679618835449e-01,-6.497022509574890137e-02,-2.216843813657760620e-01,-7.044010758399963379e-01,-1.568498462438583374e-02,8.968177437782287598e-01,-6.210749149322509766e-01,-5.555952787399291992e-01,2.251576632261276245e-01,3.186970949172973633e-02,4.151286780834197998e-01,1.345606595277786255e-01,-1.008806943893432617e+00,-7.166632413864135742e-01,-2.359240949153900146e-01,-4.253358393907546997e-02,5.191293954849243164e-01,8.723258376121520996e-01,3.726191818714141846e-01,-5.066652782261371613e-03,2.030760794878005981e-01,7.699323445558547974e-02,-6.351034045219421387e-01,-2.224332988262176514e-01,9.240005910396575928e-02,-1.158729910850524902e+00,-1.490803956985473633e+00,2.882106900215148926e-01,5.830977559089660645e-01,1.413381844758987427e-01,8.273918628692626953e-01,2.034904360771179199e-01,-1.944858878850936890e-01,-7.288090586662292480e-01,2.553448379039764404e-01
-5.444991588592529297e-02,-3.848643898963928223e-01,-2.260539382696151733e-01,1.907095789909362793e+00,2.071180939674377441e-02,-7.906825840473175049e-02,1.158942818641662598e+00,3.371171653270721436e-01,1.287030875682830811e-01,-2.039048522710800171e-01,6.177043318748474121e-01,-1.435516476631164551e-01,-4.698199629783630371e-01,3.180536031723022461e-01,-3.739653825759887695e-01,-7.601149082183837891e-01,-4.794679284095764160e-01,8.188135027885437012e-01,7.038268446922302246e-01,1.750384569168090820e+00,-8.885134011507034302e-03,-8.399928808212280273e-01,-1.240100637078285217e-01,-2.332439124584197998e-01,7.295941114425659180e-01,-1.107309460639953613e-01,6.090387701988220215e-03,-2.063413858413696289e-01,1.126357793807983398e+00,-4.038002789020538330e-01,-3.401984646916389465e-02,-3.243967592716217041e-01,-4.317378103733062744e-01,1.874906420707702637e-01,9.879795312881469727e-01,-6.125884056091308594e-01,-6.368461251258850098e-01,4.858109354972839355e-01,-1.263444125652313232e-01,5.672987103462219238e-01,3.521455526351928711e-01,-8.395174145698547363e-01,-7.176276445388793945e-01,-6.776694953441619873e-02,4.844285547733306885e-02,2.990494370460510254e-01,7.662343978881835938e-01,4.813501536846160889e-01,-1.022460162639617920e-01,2.203581035137176514e-01,2.488684505224227905e-01,-6.082036495208740234e-01,-2.496864199638366699e-01,2.558555603027343750e-01,-1.250861644744873047e+00,-1.343606829643249512e+00,5.109463930130004883e-01,3.579778075218200684e-01,3.244004547595977783e-01,8.349959850311279297e-01,-1.113434210419654846e-01,-1.643065512180328369e-01,-8.695811033248901367e-01,-2.061851695179939270e-02
6.992848217487335205e-02,-3.505753576755523682e-01,-3.122528195381164551e-01,1.729178667068481445e+00,3.320866823196411133e-02,-1.138326898217201233e-01,1.132265686988830566e+00,4.408099651336669922e-01,3.747087121009826660e-01,-3.035139739513397217e-01,3.742364048957824707e-01,-3.242112994194030762e-01,-3.711438775062561035e-01,1.689772903919219971e-01,-4.908632040023803711e-01,-9.349271655082702637e-01,-7.384873628616333008e-01,7.333110570907592773e-01,8.589689135551452637e-01,1.596355438232421875e+00,-1.733478456735610962e-01,-1.041484951972961426e+00,-2.419348806142807007e-01,-2.751058340072631836e-01,6.106755733489990234e-01,1.371882855892181396e-02,3.048262894153594971e-01,-2.024731934070587158e-01,1.369527816772460938e+00,-7.141931653022766113e-01,-4.520365223288536072e-02,-1.220333725214004517e-01,-6.648423075675964355e-01,1.069968193769454956e-02,9.714121222496032715e-01,-5.765549540519714355e-01,-7.065432071685791016e-01,8.519940078258514404e-02,3.358718752861022949e-02,3.619587421417236328e-01,2.629265487194061279e-01,-8.800025582313537598e-01,-5.080835223197937012e-01,-3.215005695819854736e-01,-1.781613528728485107e-01,4.451579749584197998e-01,6.364141702651977539e-01,4.993183612823486328e-01,-1.029673367738723755e-01,3.124727308750152588e-01,3.212109804153442383e-01,-7.196764349937438965e-01,-3.308295905590057373e-01,5.648876726627349854e-02,-1.286944270133972168e+00,-1.712285161018371582e+00,4.593444466590881348e-01,7.517240047454833984e-01,5.105710029602050781e-01,1.162606000900268555e+00,1.009084954857826233e-01,-2.135866284370422363e-01,-9.633418321609497070e-01,-7.998548448085784912e-02
9.174886345863342285e-02,-6.353459358215332031e-01,-6.599180400371551514e-02,1.760241031646728516e+00,-9.421399235725402832e-02,1.549808382987976074e-01,1.376372456550598145e+00,2.915526330471038818e-01,2.381103932857513428e-01,-3.263429403305053711e-01,5.727870464324951172e-01,-2.883910238742828369e-01,-4.893050491809844971e-01,2.396905720233917236e-01,-4.387207925319671631e-01,-9.982534646987915039e-01,-7.940118908882141113e-01,7.741919755935668945e-01,6.251146197319030762e-01,1.914508461952209473e+00,1.044206917285919189e-01,-9.499595165252685547e-01,1.338226199150085449e-01,-5.304957628250122070e-01,6.710609197616577148e-01,1.037352979183197021e-01,1.047848463058471680e-01,2.154069095849990845e-01,9.818499088287353516e-01,-6.676340103149414062e-01,-1.163182184100151062e-01,-1.900275945663452148e-01,-7.448157072067260742e-01,2.659015357494354248e-03,9.541231393814086914e-01,-5.953065752983093262e-01,-4.667692780494689941e-01,1.229173094034194946e-01,1.368348151445388794e-01,6.869359612464904785e-01,1.950626969337463379e-01,-8.871020078659057617e-01,-6.695858240127563477e-01,-1.057646051049232483e-01,-3.020763397216796875e-04,5.196791291236877441e-01,8.965870738029479980e-01,2.908580005168914795e-01,1.579906046390533447e-01,3.627512156963348389e-01,2.256368249654769897e-01,-5.362288951873779297e-01,-4.956247210502624512e-01,1.005488634109497070e-01,-1.360878825187683105e+00,-1.302978038787841797e+00,3.234861493110656738e-01,3.426792919635772705e-01,4.331333935260772705e-01,1.154131174087524414e+00,-2.717623114585876465e-02,-4.670820236206054688e-01,-8.497453331947326660e-01,-1.669779866933822632e-01
5.307275056838989258e-02,-6.250451207160949707e-01,-2.152820825576782227e-01,1.520633697509765625e+00,-1.603598892688751221e-01,-9.349704533815383911e-02,1.351061940193176270e+00,1.491189301013946533e-01,3.375877737998962402e-01,-1.428113132715225220e-01,7.238286733627319336e-01,-2.613365352153778076e-01,-8.069778084754943848e-01,2.545225918292999268e-01,-4.755889773368835449e-01,-8.946684002876281738e-01,-6.853858828544616699e-01,3.749419450759887695e-01,1.035470008850097656e+00,1.734386563301086426e+00,-1.497298479080200195e-01,-9.451220631599426270e-01,-2.306635677814483643e-01,-5.551438331604003906e-01,6.999358534812927246e-01,1.587609052658081055e-01,2.538394033908843994e-01,-7.932889461517333984e-02,1.063373446464538574e+00,-7.174772024154663086e-01,-1.855894327163696289e-01,-3.822544217109680176e-01,-5.121242403984069824e-01,2.078093886375427246e-01,8.908113241195678711e-01,-6.477209925651550293e-01,-7.105532288551330566e-01,2.933039963245391846e-01,-5.841223150491714478e-02,5.786806344985961914e-01,4.346708059310913086e-01,-9.393351674079895020e-01,-6.817775368690490723e-01,-2.169615328311920166e-01,-2.736931443214416504e-01,3.522626757621765137e-01,1.057183384895324707e+00,7.499901950359344482e-02,-5.558662861585617065e-02,4.571834206581115723e-01,-2.945931255817413330e-02,-8.268558979034423828e-01,-1.527219265699386597e-01,3.950302600860595703e-01,-1.341278910636901855e+00,-1.644460558891296387e+00,5.537444353103637695e-01,7.236680388450622559e-01,1.627065092325210571e-01,1.113322257995605469e+00,1.369969546794891357e-01,-1.150904595851898193e-01,-6.476026773452758789e-01,-6.070358306169509888e-02
2.995333671569824219e-01,-5.188364386558532715e-01,-4.523790776729583740e-01,1.687033534049987793e+00,-1.229131668806076050e-01,1.903108954429626465e-01,1.256241679191589355e+00,2.213246971368789673e-01,5.647468566894531250e-02,-3.214018940925598145e-01,3.573386669158935547e-01,-7.401114702224731445e-02,-6.744890213012695312e-01,3.581775128841400146e-01,-4.145057201385498047e-01,-1.008743524551391602e+00,-3.570446670055389404e-01,5.253047943115234375e-01,9.474182128906250000e-01,1.686955809593200684e+00,1.646089404821395874e-01,-7.967703342437744141e-01,-1.769209951162338257e-01,-4.780361056327819824e-01,6.773468255996704102e-01,3.971431404352188110e-03,1.153218746185302734e-01,-1.720125675201416016e-01,1.242537260055541992e+00,-6.927225589752197266e-01,1.084582582116127014e-01,-2.333787381649017334e-01,-7.504797577857971191e-01,1.218690276145935059e-01,1.228473544120788574e+00,-6.914555430412292480e-01,-5.722352266311645508e-01,4.406811892986297607e-01,1.070929616689682007e-01,4.690796732902526855e-01,2.321387529373168945e-01,-1.188955187797546387e+00,-7.444793581962585449e-01,5.848385393619537354e-03,-2.221023589372634888e-01,3.388882279396057129e-01,6.448480486869812012e-01,1.761007308959960938e-01,-1.402586847543716431e-01,5.148270130157470703e-01,1.506572663784027100e-01,-7.297537922859191895e-01,-3.216774165630340576e-01,3.534146845340728760e-01,-1.128847360610961914e+00,-1.746442317962646484e+00,3.649580776691436768e-01,3.719057142734527588e-01,5.884987115859985352e-01,7.695165872573852539e-01,-6.699977070093154907e-02,-1.370261460542678833e-01,-1.045087218284606934e+00,-6.091566383838653564e-02
2.044697999954223633e-01,-6.358541250228881836e-01,-1.190875172615051270e-01,1.751862168312072754e+00,5.827470123767852783e-02,1.200875416398048401e-01,1.180654406547546387e+00,1.860825419425964355e-01,4.212000966072082520e-01,-4.003502130508422852e-01,6.514345407485961914e-01,-3.254626989364624023e-01,-5.630457997322082520e-01,4.930207133293151855e-01,-2.933319509029388428e-01,-1.044191479682922363e+00,-7.072684764862060547e-01,5.491876006126403809e-01,8.654505610466003418e-01,1.708362460136413574e+00,4.678745567798614502e-02,-6.687792539596557617e-01,-3.763772547245025635e-02,-2.299814969301223755e-01,8.275313377380371094e-01,9.824445843696594238e-02,1.435143798589706421e-01,1.605915129184722900e-01,1.152003049850463867e+00,-4.227421283721923828e-01,-4.758444428443908691e-02,-2.399958223104476929e-01,-6.505995988845825195e-01,-1.150166839361190796e-01,1.222801327705383301e+00,-3.734877109527587891e-01,-4.528229832649230957e-01,1.569447219371795654e-01,1.815435886383056641e-01,4.386029243469238281e-01,3.669769167900085449e-01,-1.163930773735046387e+00,-6.394777894020080566e-01,-1.850366890430450439e-01,-2.388123273849487305e-01,3.233545422554016113e-01,1.033971071243286133e+00,1.267016679048538208e-01,-7.189863175153732300e-02,1.900532841682434082e-01,3.105153739452362061e-01,-7.198606133460998535e-01,-4.020146727561950684e-01,1.293527781963348389e-01,-1.317828536033630371e+00,-1.410671591758728027e+00,2.029605954885482788e-01,6.662309765815734863e-01,4.495947360992431641e-01,7.560861706733703613e-01,-1.442607492208480835e-02,-1.207794621586799622e-01,-6.065685153007507324e-01,2.230115383863449097e-01
1.224799081683158875e-01,-4.421730637550354004e-01,-4.825816750526428223e-01,1.455089569091796875e+00,1.381992269307374954e-02,6.039012968540191650e-02,1.128232359886169434e+00,4.095533490180969238e-01,3.381158709526062012e-01,-2.233767211437225342e-01,4.990589916706085205e-01,5.304725468158721924e-02,-5.648352503776550293e-01,4.366516768932342529e-01,-2.588852047920227051e-01,-9.126787185668945312e-01,-7.845676541328430176e-01,6.285088062286376953e-01,7.566632628440856934e-01,1.802335977554321289e+00,-8.586020767688751221e-02,-7.159601449966430664e-01,-1.971264183521270752e-01,-5.687776803970336914e-01,8.361619710922241211e-01,-3.965544700622558594e-02,1.016713157296180725e-01,1.971579790115356445e-01,1.062587976455688477e+00,-6.560916304588317871e-01,-2.081953734159469604e-02,-3.595475852489471436e-02,-7.008189558982849121e-01,1.113939061760902405e-01,1.231541514396667480e+00,-6.370930075645446777e-01,-7.474567890167236328e-01,2.550926804542541504e-01,2.432914674282073975e-01,7.409523725509643555e-01,1.888673752546310425e-01,-1.007863402366638184e+00,-6.831684112548828125e-01,-1.841742843389511108e-01,-1.607969403266906738e-01,1.496045291423797607e-01,7.731041312217712402e-01,9.812055528163909912e-02,1.114457920193672180e-01,1.328486353158950806e-01,2.405880540609359741e-01,-7.931086421012878418e-01,-2.680878639221191406e-01,2.409596741199493408e-01,-1.375210523605346680e+00,-1.298777818679809570e+00,2.905549705028533936e-01,5.094053149223327637e-01,5.254236459732055664e-01,9.394699931144714355e-01,-1.630704104900360107e-02,-3.746514916419982910e-01,-7.349203824996948242e-01,1.704123616218566895e-01
2.637402713298797607e-02,-3.300119042396545410e-01,-1.731200516223907471e-01,1.831053137779235840e+00,5.360522866249084473e-02,-1.373724937438964844e-01,1.096808552742004395e+00,4.403792619705200195e-01,4.914762079715728760e-01,-1.626930683851242065e-01,6.344247460365295410e-01,3.167892992496490479e-02,-4.642961323261260986e-01,2.325070798397064209e-01,-3.951948285102844238e-01,-7.544904351234436035e-01,-5.748538374900817871e-01,5.911132693290710449e-01,7.952034473419189453e-01,1.892481923103332520e+00,2.415584772825241089e-02,-9.549754261970520020e-01,-1.384309381246566772e-01,-4.374488294124603271e-01,6.554768681526184082e-01,-2.176329791545867920e-01,3.025746643543243408e-01,-1.483898609876632690e-01,1.035005807876586914e+00,-5.116972327232360840e-01,1.003721058368682861e-01,-5.222161114215850830e-02,-7.789274454116821289e-01,1.248151212930679321e-01,1.009316205978393555e+00,-4.782653748989105225e-01,-7.342872619628906250e-01,1.247444003820419312e-01,-6.084831804037094116e-02,5.179294943809509277e-01,4.579038619995117188e-01,-1.082655072212219238e+00,-6.039754152297973633e-01,-3.225235939025878906e-01,-1.295828074216842651e-01,3.121089041233062744e-01,7.716029882431030273e-01,2.465281188488006592e-01,-8.839482069015502930e-02,3.419727385044097900e-01,1.865656673908233643e-02,-5.912321805953979492e-01,-2.754993438720703125e-01,4.113772511482238770e-01,-1.421032309532165527e+00,-1.538281679153442383e+00,2.773112654685974121e-01,5.810112953186035156e-01,4.180336594581604004e-01,7.995719313621520996e-01,1.269491761922836304e-02,-4.456822276115417480e-01,-8.594239950180053711e-01,2.110659480094909668e-01
1.505619287490844727e-01,-5.585807561874389648e-01,-3.593676090240478516e-01,1.551034092903137207e+00,-1.502736359834671021e-01,1.256633549928665161e-02,1.142127990722656250e+00,2.213043570518493652e-01,4.533687233924865723e-01,-4.741686582565307617e-01,4.715309739112854004e-01,1.184137165546417236e-02,-4.507213532924652100e-01,3.502504229545593262e-01,-3.779526352882385254e-01,-1.160510778427124023e+00,-7.831971645355224609e-01,7.952281236648559570e-01,7.669450044631958008e-01,1.850943088531494141e+00,7.097266614437103271e-03,-8.957422375679016113e-01,1.609687507152557373e-01,-1.945421248674392700e-01,7.103635072708129883e-01,-1.142872124910354614e-01,-8.350685238838195801e-03,-1.499703526496887207e-01,9.368417263031005859e-01,-6.239001750946044922e-01,-1.052695885300636292e-02,-4.426631927490234375e-01,-4.389160275459289551e-01,6.676793098449707031e-03,1.168818473815917969e+00,-7.483978271484375000e-01,-6.328505277633666992e-01,4.421069025993347168e-01,4.707968235015869141e-02,7.787845134735107422e-01,4.395616054534912109e-01,-1.061632156372070312e+00,-3.858966827392578125e-01,-5.373854935169219971e-02,1.204361766576766968e-01,4.867836236953735352e-01,8.133407831192016602e-01,1.799477338790893555e-01,-1.018523052334785461e-01,2.807188630104064941e-01,-1.898665726184844971e-02,-8.748568892478942871e-01,-1.943351328372955322e-01,3.665545582771301270e-02,-1.342010021209716797e+00,-1.398193597793579102e+00,2.324531227350234985e-01,5.945672988891601562e-01,2.201389521360397339e-01,8.766797184944152832e-01,1.966773867607116699e-01,-2.578611671924591064e-01,-9.732135534286499023e-01,-4.851987957954406738e-02
1.315730363130569458e-01,-2.872130274772644043e-01,-3.582106530666351318e-01,1.819885373115539551e+00,-9.629914164543151855e-02,-1.333781331777572632e-01,1.182455658912658691e+00,1.819701492786407471e-01,3.286372423171997070e-01,-1.971556991338729858e-01,6.804705858230590820e-01,4.018770158290863037e-02,-7.553222775459289551e-01,1.875021606683731079e-01,-3.843657970428466797e-01,-8.428981304168701172e-01,-6.512824296951293945e-01,5.124765634536743164e-01,7.948131561279296875e-01,1.775601863861083984e+00,1.579221338033676147e-01,-6.727941036224365234e-01,-3.031802736222743988e-02,-1.960386335849761963e-01,9.183315634727478027e-01,-1.493859142065048218e-01,1.902102530002593994e-01,-1.026285737752914429e-01,1.177607893943786621e+00,-6.571243405342102051e-01,8.980061858892440796e-02,-3.332560658454895020e-01,-6.957269906997680664e-01,-4.850242286920547485e-02,8.963981270790100098e-01,-6.333080530166625977e-01,-5.490421056747436523e-01,4.233424663543701172e-01,1.084362715482711792e-01,7.195997834205627441e-01,1.119678020477294922e-01,-9.125145077705383301e-01,-4.960737526416778564e-01,-5.972047522664070129e-02,-2.383177876472473145e-01,5.067392587661743164e-01,8.586239814758300781e-01,2.727253437042236328e-01,3.558363020420074463e-02,1.540884375572204590e-01,2.069057822227478027e-01,-5.156309008598327637e-01,-4.140480756759643555e-01,2.220043241977691650e-01,-1.198919534683227539e+00,-1.536738753318786621e+00,3.430053293704986572e-01,5.757807493209838867e-01,1.962286382913589478e-01,9.008795022964477539e-01,-3.547274321317672729e-02,-4.779274463653564453e-01,-7.433502674102783203e-01,2.443092167377471924e-01
8.307375013828277588e-02,-6.390334963798522949e-01,-3.624101579189300537e-01,1.870391726493835449e+00,-3.726402670145034790e-02,-1.768343150615692139e-02,1.031044483184814453e+00,3.745315968990325928e-01,4.467479586601257324e-01,-6.404015421867370605e-01,5.776560306549072266e-01,3.542354702949523926e-02,-6.446326971054077148e-01,3.728199303150177002e-01,-3.115083575248718262e-01,-8.571008443832397461e-01,-7.033187150955200195e-01,6.829792261123657227e-01,9.963008165359497070e-01,1.900102138519287109e+00,1.991689503192901611e-01,-8.064013123512268066e-01,-8.520492911338806152e-02,-5.378662943840026855e-01,7.690276503562927246e-01,-1.348297744989395142e-01,1.836930662393569946e-01,-1.522420346736907959e-01,1.160216331481933594e+00,-3.597488105297088623e-01,6.394293904304504395e-02,-4.193561077117919922e-01,-8.303716778755187988e-01,2.798146307468414307e-01,8.302708864212036133e-01,-5.981236100196838379e-01,-8.675438165664672852e-01,1.592494547367095947e-01,-1.068082824349403381e-01,5.691483616828918457e-01,2.758902907371520996e-01,-1.070731043815612793e+00,-8.183394074440002441e-01,-1.422151625156402588e-01,9.772543609142303467e-02,2.327350080013275146e-01,9.560868144035339355e-01,4.735365509986877441e-01,-9.504154324531555176e-03,1.149121671915054321e-01,1.650079339742660522e-01,-8.796639442443847656e-01,-2.831856906414031982e-01,3.439165651798248291e-01,-1.277668118476867676e+00,-1.621214509010314941e+00,2.394632846117019653e-01,4.875229299068450928e-01,1.405168324708938599e-01,7.924745082855224609e-01,-3.195475786924362183e-02,-1.011472195386886597e-01,-6.080738306045532227e-01,1.224199384450912476e-01
1.013005375862121582e-01,-5.244795083999633789e-01,-4.144793748855590820e-01,1.536660790443420410e+00,-8.750496059656143188e-02,1.078116744756698608e-01,1.089776635169982910e+00,3.695836067199707031e-01,1.387581825256347656e-01,-3.585966527462005615e-01,6.876369714736938477e-01,-2.106472402811050415e-01,-4.326069056987762451e-01,3.042006492614746094e-01,-3.169745504856109619e-01,-1.143314123153686523e+00,-7.675784826278686523e-01,4.886556267738342285e-01,1.097588300704956055e+00,1.996576189994812012e+00,5.067634955048561096e-02,-1.062804579734802246e+00,-1.805928200483322144e-01,-4.394831061363220215e-01,1.004326105117797852e+00,5.300333350896835327e-02,2.210188657045364380e-01,-5.529832467436790466e-02,1.058705806732177734e+00,-7.018243074417114258e-01,3.004007786512374878e-02,-1.635792255401611328e-01,-6.349327564239501953e-01,2.954611480236053467e-01,8.562553524971008301e-01,-7.427735924720764160e-01,-8.683920502662658691e-01,3.539147675037384033e-01,3.965492546558380127e-02,6.804204583168029785e-01,3.172149658203125000e-01,-9.149700403213500977e-01,-6.448116302490234375e-01,9.903036803007125854e-02,-1.036442443728446960e-01,2.400186955928802490e-01,9.315010905265808105e-01,2.739976644515991211e-01,-1.231601685285568237e-01,3.560094237327575684e-01,1.144759207963943481e-01,-7.275743484497070312e-01,-3.632910251617431641e-01,2.734549641609191895e-01,-1.371500372886657715e+00,-1.750456213951110840e+00,6.365749835968017578e-01,5.057254433631896973e-01,1.733032912015914917e-01,8.373908996582031250e-01,1.072748899459838867e-01,-2.141861915588378906e-01,-8.363772630691528320e-01,-1.640170961618423462e-01
-6.849317252635955811e-02,-6.016587018966674805e-01,-2.245220243930816650e-01,1.543518662452697754e+00,-1.789521127939224243e-01,-1.393364965915679932e-01,1.152197480201721191e+00,1.724681556224822998e-01,1.365659832954406738e-01,-4.144289493560791016e-01,4.764938056468963623e-01,-3.393792510032653809e-01,-8.152219057083129883e-01,2.014720886945724487e-01,-4.635869264602661133e-01,-8.147072792053222656e-01,-6.321755647659301758e-01,4.543457925319671631e-01,1.007809758186340332e+00,1.732439875602722168e+00,2.232284247875213623e-01,-1.007441639900207520e+00,-8.046348392963409424e-02,-4.936637878417968750e-01,6.588286757469177246e-01,-2.163627892732620239e-01,1.415085494518280029e-01,-2.262374013662338257e-01,1.321991443634033203e+00,-4.306429624557495117e-01,1.944476366043090820e-02,-3.910658061504364014e-01,-6.666935682296752930e-01,1.889012604951858521e-01,1.085026741027832031e+00,-4.502813816070556641e-01,-5.115103721618652344e-01,7.434552907943725586e-02,1.473999023437500000e-01,6.823189258575439453e-01,3.110837340354919434e-01,-1.199304461479187012e+00,-6.663566231727600098e-01,-2.139128446578979492e-01,1.666490584611892700e-01,3.543322980403900146e-01,8.090966343879699707e-01,4.387238025665283203e-01,-1.331133674830198288e-02,5.769183635711669922e-01,1.330000758171081543e-01,-4.654150605201721191e-01,-5.734032988548278809e-01,2.160470336675643921e-01,-1.072820901870727539e+00,-1.429244279861450195e+00,3.034684062004089355e-01,7.594902515411376953e-01,6.060039997100830078e-01,8.163938522338867188e-01,1.506040096282958984e-01,-1.433961838483810425e-01,-6.694283485412597656e-01,2.141912877559661865e-01
-4.411112517118453979e-03,-6.107900142669677734e-01,-1.395682841539382935e-01,1.503544569015502930e+00,-2.593723125755786896e-02,1.086583808064460754e-01,1.175090074539184570e+00,4.669270515441894531e-01,3.119799792766571045e-01,-4.201577901840209961e-01,5.694832801818847656e-01,-2.154496312141418457e-02,-4.561416506767272949e-01,3.203235864639282227e-01,-4.155343770980834961e-01,-7.814029455184936523e-01,-5.489546060562133789e-01,4.492123126983642578e-01,6.628279685974121094e-01,1.730445265769958496e+00,-8.186274766921997070e-02,-7.383040189743041992e-01,-8.160544186830520630e-02,-5.371602177619934082e-01,8.265151381492614746e-01,-1.114943847060203552e-01,3.310624361038208008e-01,2.577430568635463715e-02,1.106727957725524902e+00,-5.961036086082458496e-01,-1.582063734531402588e-01,-9.682841598987579346e-02,-6.259689331054687500e-01,2.048827111721038818e-01,1.139550805091857910e+00,-5.915316343307495117e-01,-5.329735875129699707e-01,4.357410967350006104e-02,-4.821278154850006104e-03,3.713625073432922363e-01,9.886994957923889160e-02,-9.726013541221618652e-01,-6.416987776756286621e-01,-3.154139518737792969e-01,-1.925160586833953857e-01,2.461159825325012207e-01,1.006714105606079102e+00,1.526851952075958252e-01,-1.537871360778808594e-01,1.876886785030364990e-01,3.083690404891967773e-01,-6.648830771446228027e-01,-4.600278139114379883e-01,2.650571465492248535e-01,-1.264081716537475586e+00,-1.434641838073730469e+00,5.457743406295776367e-01,6.142411828041076660e-01,4.450460076332092285e-01,8.276739120483398438e-01,-8.102477341890335083e-02,-4.180412888526916504e-01,-7.776715755462646484e-01,-1.575368642807006836e-01
2.759867906570434570e-01,-6.572604775428771973e-01,-1.936514973640441895e-01,1.661925554275512695e+00,-1.037125736474990845e-01,1.265213638544082642e-01,1.276944160461425781e+00,3.615718781948089600e-01,1.940344125032424927e-01,-4.495951235294342041e-01,3.483143746852874756e-01,-3.724882602691650391e-01,-7.781791090965270996e-01,2.444702982902526855e-01,-2.473433762788772583e-01,-1.030098676681518555e+00,-5.854828953742980957e-01,8.006053566932678223e-01,9.562843441963195801e-01,1.863951206207275391e+00,2.105140388011932373e-01,-6.711650490760803223e-01,-1.830470710992813110e-01,-3.801652789115905762e-01,8.391886949539184570e-01,-1.602321267127990723e-01,3.275337219238281250e-01,-4.981984943151473999e-02,1.020276069641113281e+00,-7.813490629196166992e-01,-6.763714551925659180e-02,-2.202687859535217285e-01,-3.830205500125885010e-01,1.326695680618286133e-01,1.156903266906738281e+00,-3.692638874053955078e-01,-7.368971109390258789e-01,3.284055292606353760e-01,6.534294784069061279e-02,7.340446710586547852e-01,4.323195815086364746e-01,-8.398883342742919922e-01,-5.278010368347167969e-01,-4.193087667226791382e-02,9.711351990699768066e-02,4.060843288898468018e-01,9.057780504226684570e-01,1.710054278373718262e-01,1.546081900596618652e-01,2.681216001510620117e-01,3.896178603172302246e-01,-6.824557781219482422e-01,-3.443862497806549072e-01,2.981362342834472656e-01,-1.353813529014587402e+00,-1.648218512535095215e+00,4.915542304515838623e-01,6.953707933425903320e-01,4.095359742641448975e-01,9.218902587890625000e-01,2.922517657279968262e-01,-8.727498352527618408e-02,-7.268202304840087891e-01,-2.584444545209407806e-02
8.422025293111801147e-02,-5.532109141349792480e-01,-5.198027193546295166e-02,1.700359225273132324e+00,-1.996021568775177002e-01,1.215759217739105225e-01,1.290415763854980469e+00,3.804802596569061279e-01,1.463135331869125366e-01,-4.453841149806976318e-01,7.348314523696899414e-01,-3.496807813644409180e-02,-7.047623395919799805e-01,4.997542500495910645e-01,-3.249105215072631836e-01,-9.196383357048034668e-01,-5.780917406082153320e-01,5.823076367378234863e-01,7.735435962677001953e-01,1.720995783805847168e+00,-8.106032013893127441e-02,-8.339731097221374512e-01,-1.472257524728775024e-01,-3.075809180736541748e-01,8.673155903816223145e-01,7.518886029720306396e-02,9.188845753669738770e-02,1.056261062622070312e-01,1.026005268096923828e+00,-5.253881216049194336e-01,1.240634918212890625e-02,-7.432793080806732178e-02,-6.743749976158142090e-01,1.477983295917510986e-01,1.088742494583129883e+00,-7.534823417663574219e-01,-5.440680980682373047e-01,4.543975591659545898e-01,5.458607897162437439e-02,5.860345363616943359e-01,2.477245330810546875e-01,-8.770534992218017578e-01,-5.096477270126342773e-01,9.247951209545135498e-02,-3.488815948367118835e-02,1.452433913946151733e-01,8.016350269317626953e-01,4.614121019840240479e-01,1.854480952024459839e-01,2.848527431488037109e-01,3.558588624000549316e-01,-7.110138535499572754e-01,-2.268698811531066895e-01,1.506553143262863159e-01,-1.352718353271484375e+00,-1.434645533561706543e+00,3.749037384986877441e-01,5.617644190788269043e-01,2.708273231983184814e-01,1.156906843185424805e+00,2.334351241588592529e-01,-9.482420980930328369e-02,-8.402793407440185547e-01,1.524434387683868408e-01
2.682829797267913818e-01,-5.755571722984313965e-01,-3.588479161262512207e-01,1.572930097579956055e+00,1.745796948671340942e-01,6.967831403017044067e-03,1.259843587875366211e+00,1.787992268800735474e-01,3.170654773712158203e-01,-2.436511665582656860e-01,5.013580918312072754e-01,-1.346687525510787964e-01,-6.806778907775878906e-01,2.702184915542602539e-01,-4.559361040592193604e-01,-7.466577291488647461e-01,-6.816906332969665527e-01,7.901639342308044434e-01,8.552442789077758789e-01,1.496293187141418457e+00,1.050472930073738098e-01,-9.773151278495788574e-01,6.203582510352134705e-02,-3.213720619678497314e-01,6.600664258003234863e-01,-2.141927033662796021e-01,2.361747026443481445e-01,-5.228539183735847473e-02,1.065780639648437500e+00,-4.622521996498107910e-01,-1.656797081232070923e-01,-3.725182712078094482e-01,-7.127885818481445312e-01,2.643958032131195068e-01,1.091334819793701172e+00,-6.273233294486999512e-01,-5.601093173027038574e-01,2.840065956115722656e-01,1.694794297218322754e-01,4.233046174049377441e-01,4.865607023239135742e-01,-8.309401869773864746e-01,-7.629287838935852051e-01,-4.448392987251281738e-02,-1.581418141722679138e-02,4.828313589096069336e-01,7.524826526641845703e-01,3.938311338424682617e-01,-5.607200786471366882e-02,1.278158128261566162e-01,2.480088770389556885e-01,-6.168255805969238281e-01,-5.637044906616210938e-01,6.216540932655334473e-03,-1.061401247978210449e+00,-1.490501880645751953e+00,3.773352205753326416e-01,6.167472600936889648e-01,4.363194108009338379e-01,7.747067213058471680e-01,2.479188889265060425e-01,-1.669861376285552979e-01,-1.007392287254333496e+00,1.656805574893951416e-01
1.050926744937896729e-02,-3.651604950428009033e-01,-2.127311229705810547e-01,1.766785025596618652e+00,6.272554397583007812e-02,-9.436905384063720703e-05,1.209220647811889648e+00,2.988993823528289795e-01,3.175704479217529297e-01,-2.332774698734283447e-01,4.354179501533508301e-01,-1.521624326705932617e-01,-5.003832578659057617e-01,3.682202696800231934e-01,-3.827947378158569336e-01,-9.046407938003540039e-01,-4.608923792839050293e-01,4.980640709400177002e-01,9.271197319030761719e-01,1.670895814895629883e+00,2.454240322113037109e-01,-9.976888298988342285e-01,1.245013475418090820e-01,-3.343223333358764648e-01,6.875558495521545410e-01,-1.419834196567535400e-01,2.784083485603332520e-01,1.660181432962417603e-01,1.190192222595214844e+00,-4.242529869079589844e-01,-5.099635198712348938e-02,-2.668886482715606689e-01,-4.857892394065856934e-01,3.694175928831100464e-02,7.708801031112670898e-01,-3.876152634620666504e-01,-4.389963150024414062e-01,1.482357382774353027e-01,3.487028926610946655e-02,3.742058277130126953e-01,2.080370038747787476e-01,-1.029820203781127930e+00,-5.788483023643493652e-01,-2.757457792758941650e-01,-1.240964233875274658e-01,2.677068412303924561e-01,7.438833713531494141e-01,1.800028681755065918e-01,-1.278482824563980103e-01,2.841617465019226074e-01,3.863245844841003418e-01,-7.036920785903930664e-01,-3.956724703311920166e-01,3.824225068092346191e-01,-9.783195853233337402e-01,-1.287028670310974121e+00,3.349086940288543701e-01,4.482319056987762451e-01,3.822934031486511230e-01,8.800588250160217285e-01,7.268222421407699585e-02,-2.960702776908874512e-01,-8.521790504455566406e-01,1.625882834196090698e-01
5.637833848595619202e-02,-4.851558804512023926e-01,-1.129941046237945557e-01,1.685571074485778809e+00,-2.158100157976150513e-01,2.082522511482238770e-01,1.264449357986450195e+00,2.019369155168533325e-01,3.767581582069396973e-01,-2.311872243881225586e-01,4.031835198402404785e-01,-1.855551749467849731e-01,-6.353572010993957520e-01,1.539498567581176758e-01,-3.182499110698699951e-01,-8.672658205032348633e-01,-7.187162637710571289e-01,7.553077936172485352e-01,1.069157600402832031e+00,1.631486177444458008e+00,-2.797967940568923950e-02,-9.050559401512145996e-01,1.412078440189361572e-01,-2.196849733591079712e-01,6.117082834243774414e-01,-1.116681247949600220e-01,1.302766948938369751e-01,6.852778047323226929e-02,1.121244430541992188e+00,-5.940715670585632324e-01,-8.518591523170471191e-03,-1.162886470556259155e-01,-7.476313114166259766e-01,-8.436422049999237061e-02,1.222247123718261719e+00,-6.766496300697326660e-01,-6.241209506988525391e-01,3.364713788032531738e-01,1.385565698146820068e-01,3.165203034877777100e-01,4.958842992782592773e-01,-1.004326224327087402e+00,-8.127466440200805664e-01,-1.837392151355743408e-02,-2.953906357288360596e-01,2.264095544815063477e-01,1.072990894317626953e+00,2.692610919475555420e-01,7.868395745754241943e-02,3.131983578205108643e-01,3.429295420646667480e-01,-5.116257667541503906e-01,-5.296914577484130859e-01,3.650997281074523926e-01,-1.351924896240234375e+00,-1.405581474304199219e+00,2.153114080429077148e-01,5.383213758468627930e-01,4.931899309158325195e-01,9.213289618492126465e-01,-6.457867473363876343e-02,-1.703195422887802124e-01,-9.614113569259643555e-01,2.674369513988494873e-01
-1.448313146829605103e-01,-4.471645355224609375e-01,-2.120515555143356323e-01,1.556405186653137207e+00,1.941964402794837952e-02,-1.278765797615051270e-01,1.149244427680969238e+00,1.457907408475875854e-01,1.430646330118179321e-01,-2.899951338768005371e-01,4.983456730842590332e-01,-1.291918903589248657e-01,-5.583615899085998535e-01,2.806080579757690430e-01,-4.621739387512207031e-01,-9.042482376098632812e-01,-6.021316647529602051e-01,6.776462793350219727e-01,7.532183527946472168e-01,1.683375597000122070e+00,1.305928975343704224e-01,-9.593456983566284180e-01,-7.985390722751617432e-02,-2.984856665134429932e-01,9.143979549407958984e-01,1.492577046155929565e-01,2.152942419052124023e-01,5.163625627756118774e-02,1.253784418106079102e+00,-7.336056232452392578e-01,-6.330898404121398926e-02,-3.494656980037689209e-01,-5.158292055130004883e-01,1.556833982467651367e-01,1.150517582893371582e+00,-5.692225694656372070e-01,-5.873168706893920898e-01,8.266502618789672852e-02,4.644833505153656006e-03,3.707886934280395508e-01,4.631966650485992432e-01,-1.179726362228393555e+00,-3.939025998115539551e-01,-2.774411141872406006e-01,-1.392389386892318726e-01,2.755923271179199219e-01,7.212474942207336426e-01,3.259081840515136719e-01,-1.944186389446258545e-01,2.773593664169311523e-01,3.508962690830230713e-02,-4.485056400299072266e-01,-5.023741126060485840e-01,3.230339884757995605e-01,-1.265910863876342773e+00,-1.728480339050292969e+00,5.325003266334533691e-01,3.848426342010498047e-01,4.051660299301147461e-01,1.204630255699157715e+00,1.065392345190048218e-01,-1.949152797460556030e-01,-8.945818543434143066e-01,1.511376947164535522e-01
