2.581523954868316650e-01,1.545826494693756104e-01,-1.280364990234375000e-01,2.219859659671783447e-01,2.041618376970291138e-01,2.632237970829010010e-01,-1.938255876302719116e-01,6.905893795192241669e-03,1.945361047983169556e-01,-1.225380674004554749e-01,1.133436486124992371e-01,-1.438233070075511932e-02,-5.254556983709335327e-02,-1.479576081037521362e-01,1.798260807991027832e-01,-6.174934282898902893e-02,-6.446231901645660400e-02,2.592842578887939453e-01,2.061056718230247498e-02,-1.278778463602066040e-01,2.355636954307556152e-01,4.255068954080343246e-03,1.318006664514541626e-01,-2.241246551275253296e-01,1.436609476804733276e-01,-5.035161972045898438e-03,1.555751264095306396e-01,1.431170552968978882e-01,2.481022775173187256e-01,-3.116377443075180054e-02,3.170486986637115479e-01,1.615298986434936523e-01,8.240991085767745972e-02,-9.644339233636856079e-02,1.180423125624656677e-01,-1.983496695756912231e-01,-2.477202564477920532e-01,7.866336405277252197e-02,-8.814057707786560059e-02,1.676485836505889893e-01,1.568697243928909302e-01,-2.153977602720260620e-01,2.177648693323135376e-01,4.365890100598335266e-02,-3.029058575630187988e-01,1.176650896668434143e-01,1.138542890548706055e-01,1.318902075290679932e-01,2.254992723464965820e-01,-6.834841798990964890e-03,7.229527831077575684e-02,-1.856906265020370483e-01,-5.173214152455329895e-02,2.286990880966186523e-01,1.964604556560516357e-01,-8.866445720195770264e-02,-1.233838275074958801e-01,6.621389836072921753e-02,6.629603356122970581e-02,-2.384953349828720093e-01,1.006474941968917847e-01,2.550285458564758301e-01,4.641695320606231689e-02,-2.408053725957870483e-01
6.929880380630493164e-02,-4.900290369987487793e-01,-2.599290907382965088e-01,1.657709240913391113e+00,-1.047537662088871002e-04,3.258426487445831299e-02,1.190110683441162109e+00,2.901681065559387207e-01,2.623092234134674072e-01,-3.610897064208984375e-01,5.487468242645263672e-01,-1.544975936412811279e-01,-5.631035566329956055e-01,3.335559368133544922e-01,-4.269632995128631592e-01,-9.383969306945800781e-01,-5.673308372497558594e-01,6.042273044586181641e-01,8.413482904434204102e-01,1.673142790794372559e+00,5.680766701698303223e-02,-8.734484910964965820e-01,-3.724678652361035347e-03,-3.889634013175964355e-01,7.597888708114624023e-01,-2.426210232079029083e-02,2.091930657625198364e-01,-1.007587090134620667e-02,1.147460103034973145e+00,-5.823769569396972656e-01,-1.432749070227146149e-02,-2.466712296009063721e-01,-5.970089435577392578e-01,9.645629674196243286e-02,1.021226525306701660e+00,-5.730190277099609375e-01,-6.646730303764343262e-01,2.762042582035064697e-01,8.848888427019119263e-02,5.567843317985534668e-01,2.951292097568511963e-01,-1.019713521003723145e+00,-5.789148807525634766e-01,-1.160771101713180542e-01,-6.282609701156616211e-02,3.349263966083526611e-01,8.624008893966674805e-01,2.753526568412780762e-01,2.455030009150505066e-02,3.311543166637420654e-01,1.994006037712097168e-01,-6.490269303321838379e-01,-3.418528437614440918e-01,2.190713137388229370e-01,-1.213450789451599121e+00,-1.522628068923950195e+00,4.102248847484588623e-01,5.480124950408935547e-01,3.722884356975555420e-01,9.742207527160644531e-01,7.167862355709075928e-02,-2.480749785900115967e-01,-8.298637270927429199e-01,3.476601094007492065e-02
6.209528818726539612e-02,-4.980905354022979736e-01,-2.813019156455993652e-01,1.679193735122680664e+00,-7.906066253781318665e-03,3.005158156156539917e-02,1.185922265052795410e+00,2.881932854652404785e-01,2.627579569816589355e-01,-3.616636395454406738e-01,5.600716471672058105e-01,-1.763146668672561646e-01,-5.718497037887573242e-01,3.429536521434783936e-01,-4.335173964500427246e-01,-9.274614453315734863e-01,-5.762397646903991699e-01,6.162356734275817871e-01,8.425669074058532715e-01,1.695914983749389648e+00,5.237923562526702881e-02,-8.976649641990661621e-01,-2.488106675446033478e-02,-3.955353200435638428e-01,7.573330402374267578e-01,-3.942602872848510742e-02,1.933438628911972046e-01,-1.537127979099750519e-02,1.143127679824829102e+00,-6.131767034530639648e-01,-2.585959434509277344e-02,-2.317268550395965576e-01,-6.124641895294189453e-01,9.987004101276397705e-02,1.030677199363708496e+00,-5.751277208328247070e-01,-6.557385325431823730e-01,2.577027976512908936e-01,9.792088717222213745e-02,5.542395710945129395e-01,3.024716377258300781e-01,-1.033470869064331055e+00,-6.082149744033813477e-01,-1.165800839662551880e-01,-5.770729854702949524e-02,3.122916221618652344e-01,8.752915859222412109e-01,2.694231271743774414e-01,1.519205048680305481e-02,3.543677330017089844e-01,1.775959581136703491e-01,-6.554240584373474121e-01,-3.380300104618072510e-01,2.326577305793762207e-01,-1.230088114738464355e+00,-1.537481546401977539e+00,4.118489325046539307e-01,5.544143915176391602e-01,3.622655868530273438e-01,9.995673894882202148e-01,8.812644332647323608e-02,-2.579110860824584961e-01,-8.249533772468566895e-01,4.389170557260513306e-02
8.476215600967407227e-02,-4.992242455482482910e-01,-2.555502355098724365e-01,1.672150969505310059e+00,-1.406509894877672195e-03,3.037407621741294861e-02,1.169948816299438477e+00,2.891956865787506104e-01,2.727911174297332764e-01,-3.500097990036010742e-01,5.579687952995300293e-01,-1.494437307119369507e-01,-5.670767426490783691e-01,3.460883200168609619e-01,-4.272452890872955322e-01,-9.460974335670471191e-01,-5.794546604156494141e-01,6.064089536666870117e-01,8.330645561218261719e-01,1.685172557830810547e+00,2.814366854727268219e-02,-8.624728322029113770e-01,-2.015112340450286865e-02,-3.832643628120422363e-01,7.309743762016296387e-01,-3.760028630495071411e-02,1.883258521556854248e-01,-1.523993350565433502e-02,1.142359495162963867e+00,-5.997135043144226074e-01,-1.194741390645503998e-02,-2.559981048107147217e-01,-6.157048344612121582e-01,9.424260258674621582e-02,1.016701936721801758e+00,-5.586519241333007812e-01,-6.564874053001403809e-01,2.594420909881591797e-01,8.555066585540771484e-02,5.406016111373901367e-01,2.838076055049896240e-01,-1.019082665443420410e+00,-5.919690728187561035e-01,-1.077349707484245300e-01,-6.066675856709480286e-02,3.388882577419281006e-01,8.453155159950256348e-01,2.828106284141540527e-01,1.531263068318367004e-02,3.647145032882690430e-01,1.690267324447631836e-01,-6.299918293952941895e-01,-3.342795372009277344e-01,2.277592867612838745e-01,-1.219716668128967285e+00,-1.494144916534423828e+00,4.253993630409240723e-01,5.402479767799377441e-01,3.772376775741577148e-01,9.846193194389343262e-01,7.471606135368347168e-02,-2.577143013477325439e-01,-8.385058045387268066e-01,4.672238230705261230e-02
7.125439494848251343e-02,-4.871558248996734619e-01,-2.894172668457031250e-01,1.684404492378234863e+00,-8.417721837759017944e-04,1.594166830182075500e-02,1.202134132385253906e+00,3.005446493625640869e-01,2.628868222236633301e-01,-3.572588562965393066e-01,5.572993159294128418e-01,-1.529549509286880493e-01,-5.794547200202941895e-01,3.428094685077667236e-01,-4.367706179618835449e-01,-9.349334836006164551e-01,-5.887414216995239258e-01,6.017981171607971191e-01,8.455215096473693848e-01,1.707344651222229004e+00,5.818942189216613770e-02,-8.706824183464050293e-01,-2.497698739171028137e-02,-3.727584481239318848e-01,7.449543476104736328e-01,-3.827571123838424683e-02,1.965555399656295776e-01,-2.458363026380538940e-02,1.161607384681701660e+00,-6.045006513595581055e-01,-1.904704794287681580e-02,-2.397181242704391479e-01,-6.163312196731567383e-01,9.845107048749923706e-02,1.011377811431884766e+00,-5.606191754341125488e-01,-6.434984803199768066e-01,2.672060728073120117e-01,8.820103853940963745e-02,5.594270229339599609e-01,2.920676767826080322e-01,-1.034648418426513672e+00,-6.124538779258728027e-01,-1.066894456744194031e-01,-7.451002299785614014e-02,3.388403952121734619e-01,8.747831583023071289e-01,2.677852213382720947e-01,-2.931698225438594818e-03,3.553503751754760742e-01,1.940249353647232056e-01,-6.403907537460327148e-01,-3.397859632968902588e-01,2.266416102647781372e-01,-1.220001339912414551e+00,-1.517647862434387207e+00,4.198839366436004639e-01,5.439782142639160156e-01,3.584897220134735107e-01,9.947252273559570312e-01,8.383881300687789917e-02,-2.539521753787994385e-01,-8.421520590782165527e-01,5.096292495727539062e-02
7.705553621053695679e-02,-4.920490384101867676e-01,-2.833411693572998047e-01,1.684983134269714355e+00,-1.396635919809341431e-02,2.052912861108779907e-02,1.168248057365417480e+00,2.857516705989837646e-01,2.581849098205566406e-01,-3.605614304542541504e-01,5.543642044067382812e-01,-1.529846638441085815e-01,-5.660423040390014648e-01,3.362134099006652832e-01,-4.231511652469635010e-01,-9.394837617874145508e-01,-5.740761756896972656e-01,6.171452999114990234e-01,8.284311294555664062e-01,1.702780365943908691e+00,3.871028125286102295e-02,-8.748192787170410156e-01,-3.585240244865417480e-02,-3.814619481563568115e-01,7.520906925201416016e-01,-2.943648584187030792e-02,1.945879161357879639e-01,-2.367023564875125885e-02,1.151778221130371094e+00,-5.946183800697326660e-01,-1.840936020016670227e-02,-2.501384615898132324e-01,-5.926900506019592285e-01,1.067653819918632507e-01,1.023306488990783691e+00,-5.632027387619018555e-01,-6.732602119445800781e-01,2.625763416290283203e-01,1.083289459347724915e-01,5.394694805145263672e-01,3.029260039329528809e-01,-1.032199978828430176e+00,-6.026471257209777832e-01,-1.234596297144889832e-01,-6.195151060819625854e-02,3.226276040077209473e-01,8.646767139434814453e-01,2.680653333663940430e-01,2.234541811048984528e-03,3.538662791252136230e-01,2.030549943447113037e-01,-6.434775590896606445e-01,-3.343733251094818115e-01,2.197001576423645020e-01,-1.215005874633789062e+00,-1.519058346748352051e+00,4.087401032447814941e-01,5.434900522232055664e-01,3.571492433547973633e-01,9.860097169876098633e-01,8.518894016742706299e-02,-2.656276822090148926e-01,-8.344225883483886719e-01,2.668272145092487335e-02
5.345496907830238342e-02,-5.099017024040222168e-01,-2.578741014003753662e-01,1.678756117820739746e+00,3.148146346211433411e-02,3.250766173005104065e-02,1.163151502609252930e+00,2.993768155574798584e-01,2.685189247131347656e-01,-3.736160993576049805e-01,5.376778841018676758e-01,-1.356844753026962280e-01,-5.693784356117248535e-01,3.486566543579101562e-01,-4.094892442226409912e-01,-9.445618391036987305e-01,-6.034566760063171387e-01,6.029242277145385742e-01,8.257968425750732422e-01,1.705113649368286133e+00,6.544044613838195801e-02,-8.828316926956176758e-01,-2.517713047564029694e-02,-3.695337474346160889e-01,7.711923122406005859e-01,-1.894817873835563660e-02,2.041576951742172241e-01,-1.820513792335987091e-02,1.144649147987365723e+00,-5.992703437805175781e-01,-3.848809003829956055e-02,-2.560699582099914551e-01,-6.217606663703918457e-01,1.188030093908309937e-01,1.025547504425048828e+00,-5.544924139976501465e-01,-6.422294378280639648e-01,2.588843703269958496e-01,7.520316541194915771e-02,5.693203210830688477e-01,3.062477111816406250e-01,-1.030157566070556641e+00,-5.985435843467712402e-01,-1.160986274480819702e-01,-8.146499097347259521e-02,3.383150994777679443e-01,8.560161590576171875e-01,2.946529090404510498e-01,1.182835735380649567e-02,3.669885993003845215e-01,2.012180685997009277e-01,-6.487782597541809082e-01,-3.461088240146636963e-01,2.211634516716003418e-01,-1.201155781745910645e+00,-1.534866809844970703e+00,4.080331027507781982e-01,5.423403978347778320e-01,3.730286657810211182e-01,9.665262103080749512e-01,9.993382543325424194e-02,-2.610437273979187012e-01,-8.323487639427185059e-01,3.244362026453018188e-02
5.316044017672538757e-02,-4.889755249023437500e-01,-2.778309285640716553e-01,1.668771743774414062e+00,-5.942078772932291031e-03,3.179403766989707947e-02,1.185247898101806641e+00,2.711004614830017090e-01,2.710002064704895020e-01,-3.661878407001495361e-01,5.661414861679077148e-01,-1.523721963167190552e-01,-5.754027366638183594e-01,3.707296550273895264e-01,-4.438081979751586914e-01,-9.200979471206665039e-01,-5.791043639183044434e-01,6.170057058334350586e-01,8.233162760734558105e-01,1.702306866645812988e+00,3.495475649833679199e-02,-8.778654336929321289e-01,-4.567583277821540833e-02,-3.840322792530059814e-01,7.334863543510437012e-01,-4.328241944313049316e-02,2.116169482469558716e-01,-1.184260845184326172e-02,1.157105922698974609e+00,-5.873364806175231934e-01,-1.472838222980499268e-02,-2.394973039627075195e-01,-6.115046739578247070e-01,1.268539726734161377e-01,1.018090486526489258e+00,-5.714284777641296387e-01,-6.283993721008300781e-01,2.610922753810882568e-01,8.980035036802291870e-02,5.426924824714660645e-01,2.898470461368560791e-01,-1.033469676971435547e+00,-6.082422733306884766e-01,-1.033973693847656250e-01,-8.219290524721145630e-02,3.257972896099090576e-01,8.625506162643432617e-01,2.770363390445709229e-01,4.449044354259967804e-03,3.539750874042510986e-01,1.851778030395507812e-01,-6.469317674636840820e-01,-3.350463509559631348e-01,2.258598208427429199e-01,-1.230561017990112305e+00,-1.489105582237243652e+00,4.118423759937286377e-01,5.425928831100463867e-01,3.519610762596130371e-01,1.000709056854248047e+00,1.014926731586456299e-01,-2.590774297714233398e-01,-8.261268734931945801e-01,5.387303978204727173e-02
7.446784526109695435e-02,-5.060940384864807129e-01,-2.537829279899597168e-01,1.705263376235961914e+00,4.806381650269031525e-03,1.823388040065765381e-02,1.206123709678649902e+00,2.905483543872833252e-01,2.785241603851318359e-01,-3.757092952728271484e-01,5.548639297485351562e-01,-1.333940923213958740e-01,-5.518393516540527344e-01,3.479497432708740234e-01,-4.290463030338287354e-01,-9.383679032325744629e-01,-5.820584297180175781e-01,6.152418255805969238e-01,8.359519839286804199e-01,1.699930429458618164e+00,5.767237395048141479e-02,-8.674933910369873047e-01,4.365119151771068573e-03,-3.883050680160522461e-01,7.757140398025512695e-01,-1.429652329534292221e-02,1.970887035131454468e-01,-8.005049079656600952e-03,1.153316140174865723e+00,-6.024745702743530273e-01,-2.376243472099304199e-02,-2.584258317947387695e-01,-5.912112593650817871e-01,1.099017262458801270e-01,1.040420889854431152e+00,-5.728304982185363770e-01,-6.792247891426086426e-01,2.764499783515930176e-01,1.061487272381782532e-01,5.653958320617675781e-01,3.131054043769836426e-01,-1.033602595329284668e+00,-5.980461239814758301e-01,-1.289618015289306641e-01,-6.414928287267684937e-02,3.336989581584930420e-01,8.530687689781188965e-01,2.925964593887329102e-01,2.279381453990936279e-02,3.396529853343963623e-01,2.043626904487609863e-01,-6.502535343170166016e-01,-3.514952957630157471e-01,2.252352684736251831e-01,-1.222631454467773438e+00,-1.533385753631591797e+00,3.966847062110900879e-01,5.588006377220153809e-01,3.590464890003204346e-01,9.594283699989318848e-01,7.527277618646621704e-02,-2.769805490970611572e-01,-8.483597636222839355e-01,3.300753235816955566e-02
8.351751416921615601e-02,-5.026866793632507324e-01,-2.432529777288436890e-01,1.655868411064147949e+00,8.685476146638393402e-03,4.002153500914573669e-02,1.183431029319763184e+00,2.994123697280883789e-01,2.632126212120056152e-01,-3.569605648517608643e-01,5.498009920120239258e-01,-1.583126485347747803e-01,-5.684309601783752441e-01,3.459174335002899170e-01,-4.262340366840362549e-01,-9.730029702186584473e-01,-5.793954730033874512e-01,6.084121465682983398e-01,8.219971060752868652e-01,1.673418879508972168e+00,4.769481718540191650e-02,-8.754784464836120605e-01,-1.385678257793188095e-02,-3.973073065280914307e-01,7.579140067100524902e-01,-2.147662267088890076e-02,1.837875992059707642e-01,-1.231799088418483734e-02,1.145675897598266602e+00,-5.900662541389465332e-01,-2.426913008093833923e-02,-2.671195268630981445e-01,-6.151704192161560059e-01,8.443696796894073486e-02,1.029835939407348633e+00,-5.708010792732238770e-01,-6.712884902954101562e-01,2.818497419357299805e-01,8.472384512424468994e-02,5.637506842613220215e-01,2.908732891082763672e-01,-1.022500395774841309e+00,-5.727274417877197266e-01,-1.059299185872077942e-01,-5.394713580608367920e-02,3.427405059337615967e-01,8.511966466903686523e-01,2.601152956485748291e-01,1.958192884922027588e-02,3.440918922424316406e-01,2.094165533781051636e-01,-6.413908004760742188e-01,-3.490409553050994873e-01,2.240501344203948975e-01,-1.214965581893920898e+00,-1.527417421340942383e+00,3.965790271759033203e-01,5.380095839500427246e-01,4.030371010303497314e-01,9.615983963012695312e-01,7.097169756889343262e-02,-2.452462613582611084e-01,-8.361132144927978516e-01,2.611720375716686249e-02
5.571367219090461731e-02,-4.941044747829437256e-01,-2.711272239685058594e-01,1.666710972785949707e+00,-7.456667255610227585e-03,3.455545008182525635e-02,1.185092210769653320e+00,2.900912463665008545e-01,2.735655903816223145e-01,-3.620329201221466064e-01,5.567548871040344238e-01,-1.598130166530609131e-01,-5.705788135528564453e-01,3.413898944854736328e-01,-4.317772090435028076e-01,-9.269822239875793457e-01,-5.664340257644653320e-01,6.203817129135131836e-01,8.419908285140991211e-01,1.693010687828063965e+00,6.148099899291992188e-02,-8.864023685455322266e-01,-1.999091170728206635e-02,-3.862062692642211914e-01,7.498207092285156250e-01,-2.556940354406833649e-02,2.154817432165145874e-01,-2.322415355592966080e-03,1.153860926628112793e+00,-6.039642095565795898e-01,-1.672717183828353882e-02,-2.497139126062393188e-01,-6.009384989738464355e-01,8.780203014612197876e-02,1.023787975311279297e+00,-5.748071670532226562e-01,-6.552191376686096191e-01,2.871587872505187988e-01,9.141811728477478027e-02,5.501120090484619141e-01,3.069138526916503906e-01,-1.030267596244812012e+00,-5.950136780738830566e-01,-1.137466803193092346e-01,-6.863444298505783081e-02,3.298265635967254639e-01,8.697770833969116211e-01,2.818764746189117432e-01,2.862053737044334412e-02,3.273490965366363525e-01,1.863032132387161255e-01,-6.565460562705993652e-01,-3.500643670558929443e-01,2.198151201009750366e-01,-1.210355997085571289e+00,-1.516272306442260742e+00,4.087859988212585449e-01,5.457932949066162109e-01,3.636625707149505615e-01,9.999125599861145020e-01,7.572680711746215820e-02,-2.576051056385040283e-01,-8.380192518234252930e-01,4.818616062402725220e-02
7.168573886156082153e-02,-5.017529726028442383e-01,-2.867803573608398438e-01,1.673308134078979492e+00,-4.839634522795677185e-03,2.129532769322395325e-02,1.186497449874877930e+00,2.911907732486724854e-01,2.512554824352264404e-01,-3.619222044944763184e-01,5.472249984741210938e-01,-1.681983321905136108e-01,-5.849808454513549805e-01,3.341735303401947021e-01,-4.244706034660339355e-01,-9.391834735870361328e-01,-5.655965805053710938e-01,6.137018799781799316e-01,8.486751914024353027e-01,1.695194959640502930e+00,4.322355985641479492e-02,-8.780730366706848145e-01,-2.257011644542217255e-02,-3.891195654869079590e-01,7.578789591789245605e-01,-1.509641855955123901e-02,1.972587108612060547e-01,-1.438852027058601379e-02,1.135282635688781738e+00,-5.989364981651306152e-01,-2.319627255201339722e-02,-2.414226531982421875e-01,-6.090359687805175781e-01,1.022294610738754272e-01,1.019318819046020508e+00,-5.761098265647888184e-01,-6.715408563613891602e-01,2.561550736427307129e-01,1.022509709000587463e-01,5.538414716720581055e-01,3.073317110538482666e-01,-1.024936199188232422e+00,-6.053654551506042480e-01,-1.098687797784805298e-01,-6.540989130735397339e-02,3.203577101230621338e-01,8.649871349334716797e-01,2.737871110439300537e-01,1.842819899320602417e-02,3.621377944946289062e-01,2.010256350040435791e-01,-6.360089182853698730e-01,-3.407002687454223633e-01,2.233324795961380005e-01,-1.226837515830993652e+00,-1.534686923027038574e+00,4.133278727531433105e-01,5.459421277046203613e-01,3.591872453689575195e-01,9.930557608604431152e-01,9.202968329191207886e-02,-2.534573078155517578e-01,-8.292951583862304688e-01,3.565376996994018555e-02
5.609789863228797913e-02,-4.891088306903839111e-01,-2.686689496040344238e-01,1.658727645874023438e+00,2.302027307450771332e-03,2.680709585547447205e-02,1.196382522583007812e+00,2.797763049602508545e-01,2.530818283557891846e-01,-3.613215088844299316e-01,5.456013083457946777e-01,-1.614657342433929443e-01,-5.686422586441040039e-01,3.420802056789398193e-01,-4.267673492431640625e-01,-9.268971681594848633e-01,-5.772829651832580566e-01,5.923569798469543457e-01,8.272731900215148926e-01,1.683452725410461426e+00,6.712925434112548828e-02,-8.747335076332092285e-01,-2.878097258508205414e-02,-3.863192200660705566e-01,7.599541544914245605e-01,-2.235280908644199371e-02,1.980192065238952637e-01,-1.055253669619560242e-02,1.142994999885559082e+00,-5.901896357536315918e-01,-2.596134319901466370e-02,-2.532950639724731445e-01,-5.924128293991088867e-01,1.023219376802444458e-01,1.010288000106811523e+00,-5.704977512359619141e-01,-6.485301852226257324e-01,2.742004990577697754e-01,8.071128278970718384e-02,5.543447136878967285e-01,3.093721866607666016e-01,-1.015668511390686035e+00,-5.845670700073242188e-01,-1.088000982999801636e-01,-7.276496291160583496e-02,3.241713345050811768e-01,8.660153150558471680e-01,2.781485617160797119e-01,2.437152341008186340e-02,3.386359810829162598e-01,2.060264796018600464e-01,-6.470604538917541504e-01,-3.437028527259826660e-01,2.263519018888473511e-01,-1.215266942977905273e+00,-1.529975533485412598e+00,4.014154672622680664e-01,5.401308536529541016e-01,3.718698620796203613e-01,9.800920486450195312e-01,9.339255094528198242e-02,-2.521744668483734131e-01,-8.224591016769409180e-01,4.786122590303421021e-02
6.385576725006103516e-02,-5.096082091331481934e-01,-2.734974920749664307e-01,1.671936869621276855e+00,-1.809925213456153870e-02,3.630020841956138611e-02,1.177464842796325684e+00,2.721945345401763916e-01,2.700896561145782471e-01,-3.748983442783355713e-01,5.504154562950134277e-01,-1.663969457149505615e-01,-5.818515419960021973e-01,3.600068092346191406e-01,-4.290563166141510010e-01,-9.484355449676513672e-01,-5.699418187141418457e-01,6.170639395713806152e-01,8.171465992927551270e-01,1.700509190559387207e+00,3.964532911777496338e-02,-8.790002465248107910e-01,-3.606076166033744812e-02,-3.919869959354400635e-01,7.564725875854492188e-01,-1.548739057034254074e-02,1.993990540504455566e-01,-7.151616271585226059e-03,1.147837519645690918e+00,-6.065582036972045898e-01,-2.541389688849449158e-02,-2.602841258049011230e-01,-6.125965714454650879e-01,1.116969957947731018e-01,1.021021246910095215e+00,-5.634729862213134766e-01,-6.667417287826538086e-01,2.633713483810424805e-01,9.321327507495880127e-02,5.377218127250671387e-01,3.036507368087768555e-01,-1.029650449752807617e+00,-6.148060560226440430e-01,-1.039900332689285278e-01,-7.255417108535766602e-02,3.335705697536468506e-01,8.641358613967895508e-01,2.657992839813232422e-01,1.707505807280540466e-02,3.615750670433044434e-01,1.992533951997756958e-01,-6.398952007293701172e-01,-3.474142253398895264e-01,2.239060401916503906e-01,-1.219701170921325684e+00,-1.520333528518676758e+00,3.924221992492675781e-01,5.400514602661132812e-01,3.634138405323028564e-01,9.973077774047851562e-01,9.974499791860580444e-02,-2.637268006801605225e-01,-8.282398581504821777e-01,4.266395419836044312e-02
8.427556604146957397e-02,-4.891212284564971924e-01,-2.699800133705139160e-01,1.681959748268127441e+00,-2.051353920251131058e-03,1.512940693646669388e-02,1.192246198654174805e+00,2.943065762519836426e-01,2.561640143394470215e-01,-3.583470880985260010e-01,5.501340031623840332e-01,-1.436925232410430908e-01,-5.754641294479370117e-01,3.354377746582031250e-01,-4.242600798606872559e-01,-9.394035339355468750e-01,-5.924504995346069336e-01,6.014006137847900391e-01,8.372614979743957520e-01,1.695815443992614746e+00,3.360155224800109863e-02,-8.711957931518554688e-01,-2.925735525786876678e-02,-3.843110203742980957e-01,7.452773451805114746e-01,-1.544487103819847107e-02,1.927062422037124634e-01,-2.974669821560382843e-02,1.147509932518005371e+00,-5.899471640586853027e-01,-3.197804093360900879e-02,-2.578892111778259277e-01,-6.020416617393493652e-01,1.073313653469085693e-01,1.019763827323913574e+00,-5.694291591644287109e-01,-6.653144955635070801e-01,2.616361677646636963e-01,9.354481846094131470e-02,5.716784000396728516e-01,2.965929806232452393e-01,-1.017205953598022461e+00,-5.948288440704345703e-01,-1.141015291213989258e-01,-6.194308400154113770e-02,3.323716819286346436e-01,8.631594181060791016e-01,2.600396573543548584e-01,1.208943221718072891e-02,3.493559062480926514e-01,2.182269841432571411e-01,-6.416667103767395020e-01,-3.301956355571746826e-01,2.239431887865066528e-01,-1.236791372299194336e+00,-1.523715496063232422e+00,4.069575965404510498e-01,5.418528914451599121e-01,3.755884766578674316e-01,9.779286384582519531e-01,8.249651640653610229e-02,-2.540453076362609863e-01,-8.324233293533325195e-01,3.244733065366744995e-02
7.528369873762130737e-02,-4.964161217212677002e-01,-2.598893344402313232e-01,1.681009173393249512e+00,-2.381426282227039337e-03,4.296075552701950073e-02,1.188969731330871582e+00,2.852036058902740479e-01,2.614194750785827637e-01,-3.657658696174621582e-01,5.471354722976684570e-01,-1.408875733613967896e-01,-5.768385529518127441e-01,3.451502919197082520e-01,-4.317989647388458252e-01,-9.609599709510803223e-01,-5.692555904388427734e-01,6.177485585212707520e-01,8.302646279335021973e-01,1.705721378326416016e+00,3.560344129800796509e-02,-8.752539157867431641e-01,-3.097855485975742340e-02,-3.800732195377349854e-01,7.427772283554077148e-01,-1.934987492859363556e-02,2.136932164430618286e-01,-8.944451808929443359e-03,1.160865664482116699e+00,-5.862817764282226562e-01,-1.328897848725318909e-02,-2.643342614173889160e-01,-6.066578626632690430e-01,9.882008284330368042e-02,1.036638855934143066e+00,-5.622592568397521973e-01,-6.711105704307556152e-01,2.791360020637512207e-01,9.697137027978897095e-02,5.513548254966735840e-01,2.999076545238494873e-01,-1.033354520797729492e+00,-5.918948650360107422e-01,-1.119028329849243164e-01,-5.978563055396080017e-02,3.403925895690917969e-01,8.602305054664611816e-01,2.666398584842681885e-01,2.632334083318710327e-02,3.501848876476287842e-01,2.107893824577331543e-01,-6.428729891777038574e-01,-3.498091101646423340e-01,2.022488564252853394e-01,-1.206206560134887695e+00,-1.531906127929687500e+00,3.978949487209320068e-01,5.452702641487121582e-01,3.896367549896240234e-01,9.784649014472961426e-01,8.322034031152725220e-02,-2.403168976306915283e-01,-8.451080322265625000e-01,2.389647252857685089e-02
5.941434577107429504e-02,-5.065539479255676270e-01,-2.529869973659515381e-01,1.642701625823974609e+00,5.398229695856571198e-03,4.327689111232757568e-02,1.166217446327209473e+00,2.717494070529937744e-01,2.624618113040924072e-01,-3.661328554153442383e-01,5.489325523376464844e-01,-1.509452611207962036e-01,-5.750305056571960449e-01,3.548367321491241455e-01,-4.252704679965972900e-01,-9.503028988838195801e-01,-5.644829869270324707e-01,6.057692170143127441e-01,8.202819228172302246e-01,1.672214508056640625e+00,4.364518076181411743e-02,-8.684264421463012695e-01,-3.396118432283401489e-02,-3.829146027565002441e-01,7.409321069717407227e-01,-2.831694670021533966e-02,2.088442742824554443e-01,-8.080227300524711609e-03,1.140541911125183105e+00,-5.852130055427551270e-01,-1.586400344967842102e-02,-2.498433589935302734e-01,-6.057327985763549805e-01,1.131603792309761047e-01,1.013366580009460449e+00,-5.575965046882629395e-01,-6.453782320022583008e-01,2.598277628421783447e-01,8.388566970825195312e-02,5.355652570724487305e-01,2.836599946022033691e-01,-1.017334461212158203e+00,-5.916402935981750488e-01,-1.005107536911964417e-01,-7.529394328594207764e-02,3.357796967029571533e-01,8.402219414710998535e-01,2.809034287929534912e-01,1.939416676759719849e-02,3.530317544937133789e-01,1.903602778911590576e-01,-6.303344964981079102e-01,-3.467983305454254150e-01,2.151233255863189697e-01,-1.203894376754760742e+00,-1.501358747482299805e+00,3.939716517925262451e-01,5.341303348541259766e-01,3.662305176258087158e-01,9.745198488235473633e-01,8.946177363395690918e-02,-2.501691281795501709e-01,-8.293157815933227539e-01,3.599409013986587524e-02
6.874430179595947266e-02,-4.933857321739196777e-01,-2.550740838050842285e-01,1.676669359207153320e+00,6.713143549859523773e-03,3.042780980467796326e-02,1.187795639038085938e+00,3.002457320690155029e-01,2.699166536331176758e-01,-3.680157065391540527e-01,5.436378121376037598e-01,-1.436651498079299927e-01,-5.672467947006225586e-01,3.371520340442657471e-01,-4.153931736946105957e-01,-9.530177116394042969e-01,-5.686848759651184082e-01,6.092742085456848145e-01,8.343182206153869629e-01,1.697006583213806152e+00,6.363453716039657593e-02,-8.819799423217773438e-01,-1.050875149667263031e-02,-3.755066394805908203e-01,7.567034363746643066e-01,-2.425142005085945129e-02,2.049907296895980835e-01,-1.266124285757541656e-02,1.161474585533142090e+00,-5.907775759696960449e-01,-3.111199662089347839e-02,-2.586606144905090332e-01,-6.166039109230041504e-01,1.014309376478195190e-01,1.026256322860717773e+00,-5.677216053009033203e-01,-6.524617075920104980e-01,2.860752344131469727e-01,7.708034664392471313e-02,5.561348795890808105e-01,2.962917089462280273e-01,-1.025221347808837891e+00,-5.911754965782165527e-01,-1.048832014203071594e-01,-7.731650024652481079e-02,3.380393981933593750e-01,8.626732230186462402e-01,2.815499901771545410e-01,1.333526894450187683e-02,3.518698215484619141e-01,2.022857517004013062e-01,-6.404845118522644043e-01,-3.579125702381134033e-01,2.090708762407302856e-01,-1.202424287796020508e+00,-1.510425209999084473e+00,4.028615653514862061e-01,5.447583198547363281e-01,3.877159655094146729e-01,9.766229391098022461e-01,7.724249362945556641e-02,-2.404208481311798096e-01,-8.318004608154296875e-01,2.227836288511753082e-02
7.184799015522003174e-02,-4.804210066795349121e-01,-2.741135060787200928e-01,1.696408987045288086e+00,4.178084433078765869e-03,3.391132876276969910e-02,1.182250976562500000e+00,2.791971564292907715e-01,2.652877271175384521e-01,-3.636951148509979248e-01,5.660312771797180176e-01,-1.507151573896408081e-01,-5.914782881736755371e-01,3.420770168304443359e-01,-4.370864331722259521e-01,-9.476837515830993652e-01,-5.859312415122985840e-01,6.115554571151733398e-01,8.485943078994750977e-01,1.713654637336730957e+00,4.403344541788101196e-02,-8.819114565849304199e-01,-2.638522535562515259e-02,-3.903371989727020264e-01,7.437443733215332031e-01,-4.952264949679374695e-02,2.082786858081817627e-01,-1.749674789607524872e-03,1.167716026306152344e+00,-5.941558480262756348e-01,-6.211491301655769348e-03,-2.496635615825653076e-01,-6.051048636436462402e-01,7.756283879280090332e-02,1.029169797897338867e+00,-5.719432830810546875e-01,-6.695711016654968262e-01,2.800886631011962891e-01,1.057388186454772949e-01,5.384141802787780762e-01,2.895894050598144531e-01,-1.025097608566284180e+00,-6.057549715042114258e-01,-1.053446158766746521e-01,-6.096098199486732483e-02,3.449649810791015625e-01,8.728641271591186523e-01,2.841889560222625732e-01,2.446787804365158081e-02,3.401317894458770752e-01,1.816494017839431763e-01,-6.351048946380615234e-01,-3.356496095657348633e-01,2.209582030773162842e-01,-1.228370308876037598e+00,-1.520417571067810059e+00,4.136273860931396484e-01,5.475078821182250977e-01,3.870107829570770264e-01,9.947221875190734863e-01,6.209586933255195618e-02,-2.593329250812530518e-01,-8.497015237808227539e-01,5.115085840225219727e-02
7.286442071199417114e-02,-4.972580373287200928e-01,-2.617402672767639160e-01,1.676691293716430664e+00,-1.951251365244388580e-02,3.441537171602249146e-02,1.202607631683349609e+00,2.730083167552947998e-01,2.634017765522003174e-01,-3.757282793521881104e-01,5.589643120765686035e-01,-1.469944715499877930e-01,-5.738170742988586426e-01,3.558885455131530762e-01,-4.439997375011444092e-01,-9.475254416465759277e-01,-5.660302639007568359e-01,6.158667802810668945e-01,8.304364085197448730e-01,1.698138356208801270e+00,4.664900898933410645e-02,-8.732864260673522949e-01,-3.042795322835445404e-02,-3.933419883251190186e-01,7.448367476463317871e-01,-2.997136861085891724e-02,1.972757577896118164e-01,-4.099935758858919144e-03,1.168248534202575684e+00,-5.914664268493652344e-01,-1.285913959145545959e-02,-2.513278722763061523e-01,-5.864604115486145020e-01,9.578046202659606934e-02,1.024079680442810059e+00,-5.771561264991760254e-01,-6.735683679580688477e-01,2.777501046657562256e-01,9.359855204820632935e-02,5.402278304100036621e-01,3.013294041156768799e-01,-1.032758355140686035e+00,-5.980805754661560059e-01,-1.074418649077415466e-01,-6.080465391278266907e-02,3.336807489395141602e-01,8.563161492347717285e-01,2.732791304588317871e-01,2.613591402769088745e-02,3.342266678810119629e-01,1.953382939100265503e-01,-6.435028910636901855e-01,-3.496681749820709229e-01,2.225071787834167480e-01,-1.229025006294250488e+00,-1.524252891540527344e+00,4.050345122814178467e-01,5.532859563827514648e-01,3.678938746452331543e-01,9.883930087089538574e-01,7.923030853271484375e-02,-2.650007009506225586e-01,-8.402234911918640137e-01,4.060174524784088135e-02
5.719816312193870544e-02,-4.980930387973785400e-01,-2.636538445949554443e-01,1.665985226631164551e+00,4.541242495179176331e-03,3.095214813947677612e-02,1.177411913871765137e+00,2.918436825275421143e-01,2.671435475349426270e-01,-3.605985939502716064e-01,5.437614917755126953e-01,-1.565427929162979126e-01,-5.698553919792175293e-01,3.357681930065155029e-01,-4.138889610767364502e-01,-9.394757151603698730e-01,-5.841928720474243164e-01,6.003874540328979492e-01,8.296898603439331055e-01,1.691083550453186035e+00,5.621582269668579102e-02,-8.837138414382934570e-01,-2.026797086000442505e-02,-3.813506066799163818e-01,7.597553730010986328e-01,-1.930540986359119415e-02,2.041839957237243652e-01,-2.317814342677593231e-02,1.142523646354675293e+00,-6.023657321929931641e-01,-2.529409900307655334e-02,-2.500358223915100098e-01,-6.054120063781738281e-01,1.000565066933631897e-01,1.019039511680603027e+00,-5.576826930046081543e-01,-6.467691063880920410e-01,2.715705931186676025e-01,8.131118118762969971e-02,5.589705705642700195e-01,3.015662729740142822e-01,-1.014544963836669922e+00,-5.915985703468322754e-01,-1.193245425820350647e-01,-6.587202847003936768e-02,3.344452679157257080e-01,8.658803105354309082e-01,2.799952626228332520e-01,2.105405926704406738e-02,3.479551374912261963e-01,1.932007819414138794e-01,-6.501317620277404785e-01,-3.387187123298645020e-01,2.231706231832504272e-01,-1.205801367759704590e+00,-1.523233056068420410e+00,4.067754447460174561e-01,5.402740836143493652e-01,3.691216707229614258e-01,9.839241504669189453e-01,8.629484474658966064e-02,-2.508737742900848389e-01,-8.343224525451660156e-01,4.384229332208633423e-02
6.168357655405998230e-02,-4.909601509571075439e-01,-2.653542757034301758e-01,1.684748649597167969e+00,-5.182982422411441803e-03,2.589345350861549377e-02,1.181023001670837402e+00,2.853699326515197754e-01,2.712730169296264648e-01,-3.692651987075805664e-01,5.541152954101562500e-01,-1.422564685344696045e-01,-5.664045810699462891e-01,3.468114435672760010e-01,-4.310625791549682617e-01,-9.402438402175903320e-01,-5.790722966194152832e-01,6.033420562744140625e-01,8.268071413040161133e-01,1.695557117462158203e+00,5.003135651350021362e-02,-8.710151314735412598e-01,-1.629927568137645721e-02,-3.772945106029510498e-01,7.580435276031494141e-01,-2.824998646974563599e-02,2.010942995548248291e-01,-1.378658972680568695e-02,1.154634237289428711e+00,-5.993013978004455566e-01,-2.755873650312423706e-02,-2.521453499794006348e-01,-6.105433702468872070e-01,9.314200282096862793e-02,1.022805333137512207e+00,-5.650566220283508301e-01,-6.572808027267456055e-01,2.827868163585662842e-01,8.945462107658386230e-02,5.463880896568298340e-01,3.022348880767822266e-01,-1.018693089485168457e+00,-6.041858792304992676e-01,-1.128803193569183350e-01,-5.989672243595123291e-02,3.423407375812530518e-01,8.688091635704040527e-01,2.698169946670532227e-01,1.371176354587078094e-02,3.334689736366271973e-01,1.882446110248565674e-01,-6.444948315620422363e-01,-3.443812429904937744e-01,2.129184454679489136e-01,-1.212757468223571777e+00,-1.513006448745727539e+00,3.975612521171569824e-01,5.477285981178283691e-01,3.762562274932861328e-01,9.786002635955810547e-01,7.875983417034149170e-02,-2.640676796436309814e-01,-8.351510167121887207e-01,4.081526398658752441e-02
7.437989860773086548e-02,-5.037953853607177734e-01,-2.666455507278442383e-01,1.702674031257629395e+00,-1.382318791002035141e-03,3.133864328265190125e-02,1.189664721488952637e+00,3.003105819225311279e-01,2.664055526256561279e-01,-3.679466247558593750e-01,5.608280301094055176e-01,-1.563610732555389404e-01,-5.825787782669067383e-01,3.341457247734069824e-01,-4.319135248661041260e-01,-9.509385228157043457e-01,-5.897890925407409668e-01,6.144279837608337402e-01,8.335819840431213379e-01,1.722895383834838867e+00,5.784193426370620728e-02,-8.943311572074890137e-01,-1.519248541444540024e-02,-3.903171420097351074e-01,7.698839902877807617e-01,-3.673671931028366089e-02,1.906089186668395996e-01,-1.316469721496105194e-02,1.176242113113403320e+00,-6.072772145271301270e-01,-2.649981901049613953e-02,-2.597680389881134033e-01,-6.194203495979309082e-01,8.897098153829574585e-02,1.033648848533630371e+00,-5.792743563652038574e-01,-6.799540519714355469e-01,2.781180143356323242e-01,8.760282397270202637e-02,5.561907887458801270e-01,3.075859546661376953e-01,-1.039029717445373535e+00,-6.117852330207824707e-01,-1.013827547430992126e-01,-6.902568042278289795e-02,3.394326865673065186e-01,8.758988380432128906e-01,2.658628523349761963e-01,1.778818853199481964e-02,3.460941612720489502e-01,1.981748640537261963e-01,-6.495274901390075684e-01,-3.439181745052337646e-01,2.261588275432586670e-01,-1.236096024513244629e+00,-1.540061712265014648e+00,4.163476526737213135e-01,5.520098805427551270e-01,3.840357661247253418e-01,9.969242215156555176e-01,7.874552905559539795e-02,-2.750234901905059814e-01,-8.407945036888122559e-01,3.127361088991165161e-02
6.215809658169746399e-02,-4.961861073970794678e-01,-2.710735201835632324e-01,1.676466107368469238e+00,2.969996072351932526e-03,3.082670643925666809e-02,1.185090780258178711e+00,2.986023724079132080e-01,2.689617872238159180e-01,-3.619711101055145264e-01,5.536791682243347168e-01,-1.659717261791229248e-01,-5.732907056808471680e-01,3.425707817077636719e-01,-4.219058752059936523e-01,-9.402945637702941895e-01,-5.872058272361755371e-01,6.024389266967773438e-01,8.308663964271545410e-01,1.695248961448669434e+00,6.373310834169387817e-02,-8.928068876266479492e-01,-2.118440344929695129e-02,-3.836414515972137451e-01,7.683193087577819824e-01,-2.372364327311515808e-02,1.944984942674636841e-01,-2.054596692323684692e-02,1.146630525588989258e+00,-6.096110343933105469e-01,-3.181153163313865662e-02,-2.422071099281311035e-01,-6.161035895347595215e-01,1.050595119595527649e-01,1.030842065811157227e+00,-5.669416785240173340e-01,-6.507869958877563477e-01,2.646803855895996094e-01,8.124923706054687500e-02,5.654716491699218750e-01,3.007795512676239014e-01,-1.027476310729980469e+00,-5.923894047737121582e-01,-1.179824993014335632e-01,-7.226226478815078735e-02,3.296739459037780762e-01,8.728296160697937012e-01,2.718820571899414062e-01,1.525988988578319550e-02,3.523884117603302002e-01,1.898091733455657959e-01,-6.553623080253601074e-01,-3.492964208126068115e-01,2.226612865924835205e-01,-1.215415120124816895e+00,-1.531938076019287109e+00,4.072555601596832275e-01,5.525678992271423340e-01,3.718292117118835449e-01,9.844650626182556152e-01,8.730045706033706665e-02,-2.524809539318084717e-01,-8.275211453437805176e-01,3.646018356084823608e-02
5.845465883612632751e-02,-4.978901445865631104e-01,-2.645874917507171631e-01,1.657387733459472656e+00,-3.120070323348045349e-05,4.066253080964088440e-02,1.173268675804138184e+00,2.829049527645111084e-01,2.565848827362060547e-01,-3.666073679924011230e-01,5.557037591934204102e-01,-1.503919810056686401e-01,-5.672658085823059082e-01,3.422135114669799805e-01,-4.341525435447692871e-01,-9.298707842826843262e-01,-5.711262822151184082e-01,6.082888841629028320e-01,8.254173994064331055e-01,1.677063465118408203e+00,5.480030179023742676e-02,-8.644608855247497559e-01,-1.163156703114509583e-02,-3.867259323596954346e-01,7.522322535514831543e-01,-3.525689244270324707e-02,2.061847150325775146e-01,-1.937472261488437653e-04,1.150302410125732422e+00,-5.992678403854370117e-01,-1.492246985435485840e-02,-2.449112832546234131e-01,-6.040793657302856445e-01,9.017389267683029175e-02,1.010254621505737305e+00,-5.711765289306640625e-01,-6.584831476211547852e-01,2.743647694587707520e-01,8.200185745954513550e-02,5.426669120788574219e-01,3.008283674716949463e-01,-1.017861366271972656e+00,-5.930407047271728516e-01,-1.023107990622520447e-01,-7.259741425514221191e-02,3.310526609420776367e-01,8.602088093757629395e-01,2.770739495754241943e-01,2.290231734514236450e-02,3.323762118816375732e-01,1.821431219577789307e-01,-6.403757929801940918e-01,-3.387345671653747559e-01,2.224976420402526855e-01,-1.209389686584472656e+00,-1.506452441215515137e+00,4.003522992134094238e-01,5.456460118293762207e-01,3.695322275161743164e-01,9.831744432449340820e-01,7.532905787229537964e-02,-2.635860443115234375e-01,-8.267737030982971191e-01,4.200751334428787231e-02
7.385715097188949585e-02,-5.100385546684265137e-01,-2.596217691898345947e-01,1.658637285232543945e+00,-4.633592907339334488e-03,2.897657081484794617e-02,1.164913654327392578e+00,3.010375201702117920e-01,2.391932904720306396e-01,-3.624077737331390381e-01,5.540653467178344727e-01,-1.376214176416397095e-01,-5.832113027572631836e-01,3.336651027202606201e-01,-4.374550879001617432e-01,-9.401003122329711914e-01,-5.675266385078430176e-01,6.084528565406799316e-01,8.283483982086181641e-01,1.676965951919555664e+00,3.496710211038589478e-02,-8.602249026298522949e-01,-2.039014175534248352e-02,-3.878021240234375000e-01,7.561262249946594238e-01,-3.427315503358840942e-02,1.889700889587402344e-01,-8.365714922547340393e-03,1.142805933952331543e+00,-5.935797095298767090e-01,-2.761704474687576294e-02,-2.450268119573593140e-01,-6.123194098472595215e-01,8.594526350498199463e-02,1.008152961730957031e+00,-5.739479064941406250e-01,-6.757554411888122559e-01,2.521373927593231201e-01,9.281760454177856445e-02,5.444140434265136719e-01,2.979215979576110840e-01,-1.014180302619934082e+00,-6.018999218940734863e-01,-8.954206854104995728e-02,-6.990800797939300537e-02,3.371624052524566650e-01,8.539325594902038574e-01,2.579223215579986572e-01,2.013240382075309753e-02,3.401450216770172119e-01,1.777987629175186157e-01,-6.321548819541931152e-01,-3.381679356098175049e-01,2.155922055244445801e-01,-1.227472662925720215e+00,-1.500803709030151367e+00,4.023718833923339844e-01,5.569501519203186035e-01,3.647029399871826172e-01,9.738266468048095703e-01,7.831319421529769897e-02,-2.647826969623565674e-01,-8.295719623565673828e-01,2.983576618134975433e-02
5.989972129464149475e-02,-4.998644292354583740e-01,-2.785601615905761719e-01,1.672570705413818359e+00,-2.029372379183769226e-03,4.051462560892105103e-02,1.182693600654602051e+00,2.826649844646453857e-01,2.629109323024749756e-01,-3.662466704845428467e-01,5.562627315521240234e-01,-1.623049676418304443e-01,-5.839570164680480957e-01,3.532827794551849365e-01,-4.327918589115142822e-01,-9.415983557701110840e-01,-5.700718164443969727e-01,6.144729256629943848e-01,8.313181400299072266e-01,1.692539453506469727e+00,5.539565533399581909e-02,-8.792500495910644531e-01,-3.047716058790683746e-02,-3.911545276641845703e-01,7.558689713478088379e-01,-3.114901855587959290e-02,2.024198025465011597e-01,-8.175523951649665833e-03,1.153720259666442871e+00,-5.958653688430786133e-01,-1.673004776239395142e-02,-2.436549067497253418e-01,-6.090849637985229492e-01,1.099671721458435059e-01,1.012458682060241699e+00,-5.783724188804626465e-01,-6.574819684028625488e-01,2.638364732265472412e-01,8.314079791307449341e-02,5.390636324882507324e-01,2.974457740783691406e-01,-1.032878398895263672e+00,-5.971127748489379883e-01,-9.929367154836654663e-02,-8.750757575035095215e-02,3.323764503002166748e-01,8.614307641983032227e-01,2.816352844238281250e-01,1.603610441088676453e-02,3.525851666927337646e-01,1.913333982229232788e-01,-6.445347666740417480e-01,-3.454356193542480469e-01,2.281447052955627441e-01,-1.222661018371582031e+00,-1.512874722480773926e+00,4.126727879047393799e-01,5.491538643836975098e-01,3.650041520595550537e-01,1.003998279571533203e+00,9.659938514232635498e-02,-2.653389275074005127e-01,-8.286773562431335449e-01,4.430545121431350708e-02
7.003965973854064941e-02,-5.050522685050964355e-01,-2.526613175868988037e-01,1.672240018844604492e+00,1.117321942001581192e-02,3.834499418735504150e-02,1.183964014053344727e+00,2.910957932472229004e-01,2.565429806709289551e-01,-3.796049356460571289e-01,5.415782332420349121e-01,-1.262509226799011230e-01,-5.590590238571166992e-01,3.394736647605895996e-01,-4.178862273693084717e-01,-9.420948028564453125e-01,-5.622501373291015625e-01,6.303569674491882324e-01,8.415517807006835938e-01,1.695295214653015137e+00,4.686888307332992554e-02,-8.636239171028137207e-01,-2.076007425785064697e-02,-3.854782581329345703e-01,7.363681793212890625e-01,-2.305363863706588745e-02,2.148933857679367065e-01,-4.660604055970907211e-03,1.156299710273742676e+00,-5.894061326980590820e-01,-1.127653941512107849e-02,-2.390728741884231567e-01,-5.864260792732238770e-01,9.487327933311462402e-02,1.020189523696899414e+00,-5.680069327354431152e-01,-6.532848477363586426e-01,2.779444158077239990e-01,9.755457937717437744e-02,5.507267117500305176e-01,3.104527890682220459e-01,-1.023563146591186523e+00,-5.879257917404174805e-01,-1.127446666359901428e-01,-6.585229188203811646e-02,3.240875005722045898e-01,8.462037444114685059e-01,2.911288142204284668e-01,2.482383325695991516e-02,3.478290140628814697e-01,2.048647552728652954e-01,-6.435486078262329102e-01,-3.478247821331024170e-01,2.189472317695617676e-01,-1.195180177688598633e+00,-1.518272042274475098e+00,4.000946283340454102e-01,5.494583249092102051e-01,3.671971559524536133e-01,9.785966873168945312e-01,7.917555421590805054e-02,-2.429665923118591309e-01,-8.384305834770202637e-01,2.417059056460857391e-02
7.440003007650375366e-02,-4.899639189243316650e-01,-2.597984671592712402e-01,1.682642221450805664e+00,-6.025829818099737167e-03,3.866492956876754761e-02,1.182352662086486816e+00,2.714540362358093262e-01,2.635821998119354248e-01,-3.627445101737976074e-01,5.560611486434936523e-01,-1.396788358688354492e-01,-5.657330751419067383e-01,3.490385115146636963e-01,-4.273348450660705566e-01,-9.449371695518493652e-01,-5.676184296607971191e-01,6.142839789390563965e-01,8.326930999755859375e-01,1.698081731796264648e+00,2.840370498597621918e-02,-8.629348278045654297e-01,-3.500819951295852661e-02,-3.913442194461822510e-01,7.336000204086303711e-01,-3.503898531198501587e-02,2.102031856775283813e-01,-7.164538372308015823e-03,1.158412575721740723e+00,-5.861817002296447754e-01,-3.910060971975326538e-03,-2.510350048542022705e-01,-5.924970507621765137e-01,1.004033833742141724e-01,1.023878693580627441e+00,-5.694177746772766113e-01,-6.582410931587219238e-01,2.729665637016296387e-01,1.016159802675247192e-01,5.337488055229187012e-01,2.945670485496520996e-01,-1.023644447326660156e+00,-5.863595008850097656e-01,-1.112146899104118347e-01,-6.431353837251663208e-02,3.351167142391204834e-01,8.560642004013061523e-01,2.793415486812591553e-01,1.651053875684738159e-02,3.428401947021484375e-01,1.989054232835769653e-01,-6.475520730018615723e-01,-3.404379785060882568e-01,2.170169949531555176e-01,-1.212640881538391113e+00,-1.501942873001098633e+00,4.009676575660705566e-01,5.459994673728942871e-01,3.721309304237365723e-01,9.921994805335998535e-01,8.254573494195938110e-02,-2.501481771469116211e-01,-8.397318720817565918e-01,4.068300127983093262e-02
6.588909775018692017e-02,-5.104003548622131348e-01,-2.720903456211090088e-01,1.691533684730529785e+00,-1.957879401743412018e-03,3.338460251688957214e-02,1.217738628387451172e+00,2.918063700199127197e-01,2.612616121768951416e-01,-3.648425638675689697e-01,5.739185810089111328e-01,-1.526301056146621704e-01,-5.774750113487243652e-01,3.555095493793487549e-01,-4.439640641212463379e-01,-9.589699506759643555e-01,-5.798619389533996582e-01,6.238663792610168457e-01,8.499021530151367188e-01,1.719494462013244629e+00,5.301423370838165283e-02,-8.857570886611938477e-01,-3.795362263917922974e-02,-3.883188664913177490e-01,7.635411024093627930e-01,-2.757549099624156952e-02,2.123379707336425781e-01,-1.536075584590435028e-02,1.174636840820312500e+00,-6.046727895736694336e-01,-1.475791260600090027e-02,-2.545217573642730713e-01,-6.020615100860595703e-01,1.151454523205757141e-01,1.034231781959533691e+00,-5.807489752769470215e-01,-6.603510975837707520e-01,2.703591883182525635e-01,9.970336407423019409e-02,5.570009350776672363e-01,3.049603402614593506e-01,-1.054738283157348633e+00,-5.930735468864440918e-01,-1.156733185052871704e-01,-8.173360675573348999e-02,3.330946862697601318e-01,8.697633743286132812e-01,2.916339933872222900e-01,1.814851164817810059e-02,3.514356017112731934e-01,2.034944146871566772e-01,-6.621363162994384766e-01,-3.569736778736114502e-01,2.270744293928146362e-01,-1.233970761299133301e+00,-1.541063904762268066e+00,4.138755798339843750e-01,5.574693679809570312e-01,3.554579317569732666e-01,1.005297780036926270e+00,9.099037200212478638e-02,-2.543332874774932861e-01,-8.659965991973876953e-01,4.206758737564086914e-02
6.019198894500732422e-02,-4.967503249645233154e-01,-2.794964909553527832e-01,1.695065975189208984e+00,7.999110966920852661e-04,1.367149408906698227e-02,1.190570712089538574e+00,2.994388639926910400e-01,2.653584182262420654e-01,-3.559139668941497803e-01,5.564609169960021973e-01,-1.637811809778213501e-01,-5.761037468910217285e-01,3.487649261951446533e-01,-4.271644055843353271e-01,-9.368804097175598145e-01,-5.899828672409057617e-01,5.955715775489807129e-01,8.357139229774475098e-01,1.700455546379089355e+00,6.322885304689407349e-02,-8.812710642814636230e-01,-1.118871569633483887e-02,-3.868081271648406982e-01,7.744309902191162109e-01,-3.213658928871154785e-02,1.818118989467620850e-01,-2.078387700021266937e-02,1.145605683326721191e+00,-6.149233579635620117e-01,-3.935958817601203918e-02,-2.448714226484298706e-01,-6.284978389739990234e-01,1.046609356999397278e-01,1.015964031219482422e+00,-5.767173171043395996e-01,-6.520345211029052734e-01,2.649775743484497070e-01,7.988996058702468872e-02,5.600157976150512695e-01,2.949417233467102051e-01,-1.025370836257934570e+00,-6.147713065147399902e-01,-1.053992062807083130e-01,-7.078916579484939575e-02,3.305955827236175537e-01,8.756467103958129883e-01,2.748849093914031982e-01,-1.014510076493024826e-02,3.514509797096252441e-01,1.831992119550704956e-01,-6.418467164039611816e-01,-3.399225473403930664e-01,2.360096722841262817e-01,-1.242746233940124512e+00,-1.513083815574645996e+00,4.125052690505981445e-01,5.422285199165344238e-01,3.685734570026397705e-01,9.969792962074279785e-01,9.363491088151931763e-02,-2.773866653442382812e-01,-8.249927759170532227e-01,5.234681069850921631e-02
7.307317852973937988e-02,-4.975564777851104736e-01,-2.646324336528778076e-01,1.666444420814514160e+00,2.950525842607021332e-03,3.065308555960655212e-02,1.171974539756774902e+00,2.933783233165740967e-01,2.550853192806243896e-01,-3.605972826480865479e-01,5.495942234992980957e-01,-1.411750018596649170e-01,-5.625584125518798828e-01,3.376310169696807861e-01,-4.254890978336334229e-01,-9.466120004653930664e-01,-5.697629451751708984e-01,6.022861599922180176e-01,8.198645710945129395e-01,1.678039789199829102e+00,5.012723803520202637e-02,-8.569127321243286133e-01,-2.771611697971820831e-02,-3.709010183811187744e-01,7.545309662818908691e-01,-3.446028009057044983e-02,1.960657984018325806e-01,-2.416435070335865021e-02,1.151474118232727051e+00,-5.875948667526245117e-01,-1.943897455930709839e-02,-2.495282739400863647e-01,-6.012708544731140137e-01,1.030699759721755981e-01,1.000971198081970215e+00,-5.573664903640747070e-01,-6.510671377182006836e-01,2.655468583106994629e-01,8.996211737394332886e-02,5.386664867401123047e-01,2.897436916828155518e-01,-1.022205591201782227e+00,-5.888972878456115723e-01,-1.110481247305870056e-01,-7.236202061176300049e-02,3.363010585308074951e-01,8.506149053573608398e-01,2.750462889671325684e-01,2.175220288336277008e-03,3.471494019031524658e-01,1.980147212743759155e-01,-6.384308338165283203e-01,-3.426641523838043213e-01,2.194596678018569946e-01,-1.202694892883300781e+00,-1.499951004981994629e+00,4.081076979637145996e-01,5.431515574455261230e-01,3.586893975734710693e-01,9.716706871986389160e-01,8.474602550268173218e-02,-2.594316005706787109e-01,-8.365240097045898438e-01,3.598610311746597290e-02
5.463358759880065918e-02,-4.898363947868347168e-01,-2.760283350944519043e-01,1.685290336608886719e+00,-5.921239964663982391e-03,3.855513036251068115e-02,1.180048346519470215e+00,2.711402177810668945e-01,2.546344995498657227e-01,-3.698802888393402100e-01,5.672516822814941406e-01,-1.443790495395660400e-01,-5.722475051879882812e-01,3.565363287925720215e-01,-4.436866343021392822e-01,-9.354172348976135254e-01,-5.686362385749816895e-01,6.043351888656616211e-01,8.192271590232849121e-01,1.699184894561767578e+00,5.681615322828292847e-02,-8.690311908721923828e-01,-4.989128187298774719e-02,-3.698723912239074707e-01,7.360904812812805176e-01,-4.999755695462226868e-02,1.995015591382980347e-01,-8.648801594972610474e-03,1.157165646553039551e+00,-6.133543252944946289e-01,-1.940505206584930420e-02,-2.305723428726196289e-01,-5.965307354927062988e-01,1.036563664674758911e-01,1.013891816139221191e+00,-5.664457082748413086e-01,-6.348007917404174805e-01,2.728836238384246826e-01,9.940708428621292114e-02,5.219923257827758789e-01,3.026979863643646240e-01,-1.019020080566406250e+00,-6.055650115013122559e-01,-1.080718636512756348e-01,-6.614891439676284790e-02,3.196821808815002441e-01,8.648026585578918457e-01,2.737799286842346191e-01,4.417620599269866943e-03,3.392129540443420410e-01,1.711544543504714966e-01,-6.393295526504516602e-01,-3.539319336414337158e-01,2.131683677434921265e-01,-1.209931254386901855e+00,-1.505215167999267578e+00,3.914850354194641113e-01,5.509179234504699707e-01,3.613717257976531982e-01,9.895998835563659668e-01,9.662424772977828979e-02,-2.644850909709930420e-01,-8.356016874313354492e-01,4.589563608169555664e-02
6.141910329461097717e-02,-4.911875426769256592e-01,-2.697955369949340820e-01,1.662792682647705078e+00,-9.967058897018432617e-03,1.896034553647041321e-02,1.177300095558166504e+00,2.833949923515319824e-01,2.786644101142883301e-01,-3.664335310459136963e-01,5.533893704414367676e-01,-1.512630134820938110e-01,-5.683624148368835449e-01,3.337437510490417480e-01,-4.274318814277648926e-01,-9.169699549674987793e-01,-5.677369236946105957e-01,6.011038422584533691e-01,8.403862714767456055e-01,1.699381828308105469e+00,5.820012837648391724e-02,-8.909267187118530273e-01,-3.274183720350265503e-02,-3.585127294063568115e-01,7.456528544425964355e-01,-1.974611729383468628e-02,2.251429408788681030e-01,-1.613929308950901031e-02,1.157129406929016113e+00,-5.935771465301513672e-01,-2.901299670338630676e-02,-2.631131708621978760e-01,-6.086975336074829102e-01,1.143116578459739685e-01,1.027075409889221191e+00,-5.546884536743164062e-01,-6.437138915061950684e-01,2.748360335826873779e-01,8.115157485008239746e-02,5.493323206901550293e-01,3.053632974624633789e-01,-1.016766786575317383e+00,-6.023893952369689941e-01,-1.168183311820030212e-01,-8.388946950435638428e-02,3.414916396141052246e-01,8.740515708923339844e-01,2.751191854476928711e-01,2.870069444179534912e-02,3.339496850967407227e-01,1.877820193767547607e-01,-6.550461649894714355e-01,-3.458946347236633301e-01,1.989841461181640625e-01,-1.211914420127868652e+00,-1.513483881950378418e+00,4.053126871585845947e-01,5.463401675224304199e-01,3.598326742649078369e-01,9.849566221237182617e-01,7.478195428848266602e-02,-2.473616302013397217e-01,-8.282229900360107422e-01,3.390395641326904297e-02
6.219882145524024963e-02,-5.023585557937622070e-01,-2.568413615226745605e-01,1.663836717605590820e+00,-8.162404410541057587e-03,5.336028710007667542e-02,1.178442955017089844e+00,2.761873602867126465e-01,2.652487456798553467e-01,-3.488725125789642334e-01,5.664458274841308594e-01,-1.787661164999008179e-01,-5.679302215576171875e-01,3.327050507068634033e-01,-4.356893897056579590e-01,-9.568191766738891602e-01,-5.744049549102783203e-01,6.098867058753967285e-01,8.089509010314941406e-01,1.690944314002990723e+00,2.301829680800437927e-02,-8.953652977943420410e-01,-4.599621891975402832e-02,-3.942604362964630127e-01,7.599437236785888672e-01,-3.646046295762062073e-02,2.109486013650894165e-01,-2.155489474534988403e-02,1.144070625305175781e+00,-6.090735793113708496e-01,-1.798187941312789917e-02,-2.586294114589691162e-01,-6.039945483207702637e-01,9.129402786493301392e-02,1.046314358711242676e+00,-5.686769485473632812e-01,-6.530134081840515137e-01,2.711231410503387451e-01,1.027406081557273865e-01,5.539783239364624023e-01,2.996493279933929443e-01,-1.022252321243286133e+00,-5.741908550262451172e-01,-1.271186470985412598e-01,-4.519272223114967346e-02,3.129676282405853271e-01,8.732948303222656250e-01,2.405939102172851562e-01,3.650354593992233276e-02,3.521927297115325928e-01,2.043016105890274048e-01,-6.658876538276672363e-01,-3.598052859306335449e-01,2.024403661489486694e-01,-1.205368757247924805e+00,-1.541059255599975586e+00,3.803890943527221680e-01,5.364904999732971191e-01,3.781027197837829590e-01,9.754401445388793945e-01,9.163343906402587891e-02,-2.315312027931213379e-01,-8.381967544555664062e-01,2.404772303998470306e-02
7.344295084476470947e-02,-4.950825572013854980e-01,-2.524255812168121338e-01,1.662014961242675781e+00,2.458467148244380951e-03,3.224910423159599304e-02,1.175333499908447266e+00,2.919420897960662842e-01,2.646054327487945557e-01,-3.668915927410125732e-01,5.610964298248291016e-01,-1.392236053943634033e-01,-5.598528385162353516e-01,3.469250500202178955e-01,-4.346593916416168213e-01,-9.481977820396423340e-01,-5.610405802726745605e-01,6.132202148437500000e-01,8.304173946380615234e-01,1.675872206687927246e+00,5.202975869178771973e-02,-8.709343671798706055e-01,-1.315513905137777328e-02,-3.823255598545074463e-01,7.531070709228515625e-01,-3.820989280939102173e-02,1.978254467248916626e-01,-5.562400911003351212e-03,1.159368991851806641e+00,-5.833342671394348145e-01,-2.598845958709716797e-02,-2.537049651145935059e-01,-6.154275536537170410e-01,1.041229441761970520e-01,1.023547887802124023e+00,-5.793448686599731445e-01,-6.609885692596435547e-01,2.800516486167907715e-01,8.247733861207962036e-02,5.400445461273193359e-01,2.899439632892608643e-01,-1.028573393821716309e+00,-5.869975686073303223e-01,-9.813058376312255859e-02,-7.517426460981369019e-02,3.390805721282958984e-01,8.499850630760192871e-01,2.776927947998046875e-01,1.289321295917034149e-02,3.309688568115234375e-01,1.882481724023818970e-01,-6.404651999473571777e-01,-3.559699952602386475e-01,2.138748317956924438e-01,-1.216179966926574707e+00,-1.494945287704467773e+00,4.036737382411956787e-01,5.533861517906188965e-01,3.772415518760681152e-01,9.718111753463745117e-01,7.062323391437530518e-02,-2.628107368946075439e-01,-8.269731998443603516e-01,1.930922642350196838e-02
6.671739369630813599e-02,-4.965616464614868164e-01,-2.676694989204406738e-01,1.686957716941833496e+00,-1.635549589991569519e-03,2.816946059465408325e-02,1.190185308456420898e+00,3.040820062160491943e-01,2.552451193332672119e-01,-3.464944660663604736e-01,5.800225734710693359e-01,-1.516930162906646729e-01,-5.640315413475036621e-01,3.311339318752288818e-01,-4.375008940696716309e-01,-9.335311055183410645e-01,-5.900517106056213379e-01,6.117888689041137695e-01,8.266652822494506836e-01,1.695535063743591309e+00,5.501589924097061157e-02,-8.705778121948242188e-01,-2.104890346527099609e-02,-3.845566809177398682e-01,7.705945968627929688e-01,-4.237710684537887573e-02,1.863513290882110596e-01,-2.315430901944637299e-02,1.155847549438476562e+00,-6.078390479087829590e-01,-2.815445885062217712e-02,-2.569236159324645996e-01,-6.034682393074035645e-01,8.973336964845657349e-02,1.020075082778930664e+00,-5.778561830520629883e-01,-6.653109788894653320e-01,2.661135494709014893e-01,9.724565595388412476e-02,5.566961169242858887e-01,2.986795008182525635e-01,-1.039283037185668945e+00,-5.848255753517150879e-01,-1.048668697476387024e-01,-7.885086536407470703e-02,3.225814402103424072e-01,8.687009811401367188e-01,2.773677706718444824e-01,1.379770599305629730e-02,3.459876775741577148e-01,1.908144056797027588e-01,-6.476696133613586426e-01,-3.397944271564483643e-01,2.333093136548995972e-01,-1.227613925933837891e+00,-1.507715106010437012e+00,4.177896380424499512e-01,5.538587570190429688e-01,3.688559532165527344e-01,9.870673418045043945e-01,7.134426385164260864e-02,-2.583094537258148193e-01,-8.508328199386596680e-01,3.916984796524047852e-02
5.937359109520912170e-02,-4.921551048755645752e-01,-2.851985991001129150e-01,1.679656028747558594e+00,-4.654941149055957794e-03,3.417328745126724243e-02,1.172708868980407715e+00,2.864805757999420166e-01,2.660156190395355225e-01,-3.587073683738708496e-01,5.564957857131958008e-01,-1.787744462490081787e-01,-5.877073407173156738e-01,3.375227451324462891e-01,-4.153781235218048096e-01,-9.461995959281921387e-01,-5.836662054061889648e-01,6.114708185195922852e-01,8.392229080200195312e-01,1.712734818458557129e+00,6.783305108547210693e-02,-8.951150774955749512e-01,-3.440826386213302612e-02,-3.887332677841186523e-01,7.567277550697326660e-01,-2.431599050760269165e-02,1.987223774194717407e-01,-4.502488765865564346e-03,1.145542025566101074e+00,-6.231512427330017090e-01,-2.262994647026062012e-02,-2.506384253501892090e-01,-6.072202920913696289e-01,8.075130730867385864e-02,1.026980876922607422e+00,-5.652122497558593750e-01,-6.637485623359680176e-01,2.798777520656585693e-01,9.600181877613067627e-02,5.402206778526306152e-01,3.102836608886718750e-01,-1.028315544128417969e+00,-6.044352054595947266e-01,-1.079871803522109985e-01,-6.967928260564804077e-02,3.267511427402496338e-01,8.788079619407653809e-01,2.809289693832397461e-01,2.121741324663162231e-02,3.583069443702697754e-01,1.897501498460769653e-01,-6.429548859596252441e-01,-3.501971960067749023e-01,2.246717810630798340e-01,-1.201463580131530762e+00,-1.537065744400024414e+00,4.075163602828979492e-01,5.356031060218811035e-01,3.789882063865661621e-01,1.009732127189636230e+00,8.204326033592224121e-02,-2.524394690990447998e-01,-8.382170200347900391e-01,4.430384933948516846e-02
7.295236736536026001e-02,-4.796218872070312500e-01,-2.578400075435638428e-01,1.661131501197814941e+00,-9.309852495789527893e-03,2.646616846323013306e-02,1.169429302215576172e+00,2.847486138343811035e-01,2.773297429084777832e-01,-3.641657233238220215e-01,5.512015819549560547e-01,-1.552497744560241699e-01,-5.605016946792602539e-01,3.450468182563781738e-01,-4.091262221336364746e-01,-9.273114800453186035e-01,-5.728490948677062988e-01,6.056030392646789551e-01,8.132629990577697754e-01,1.676028132438659668e+00,5.370818078517913818e-02,-8.704479336738586426e-01,-2.070736140012741089e-02,-3.825245499610900879e-01,7.405973672866821289e-01,-2.156876772642135620e-02,1.904245018959045410e-01,-1.696893945336341858e-02,1.144381880760192871e+00,-5.998100638389587402e-01,-2.966069057583808899e-02,-2.458723932504653931e-01,-5.861724019050598145e-01,1.024883240461349487e-01,1.016126155853271484e+00,-5.616519451141357422e-01,-6.511338949203491211e-01,2.661673724651336670e-01,8.424935489892959595e-02,5.460390448570251465e-01,2.829817831516265869e-01,-1.015915870666503906e+00,-5.821771621704101562e-01,-1.149004772305488586e-01,-8.256094157695770264e-02,3.247258663177490234e-01,8.441995978355407715e-01,2.729631960391998291e-01,1.537960674613714218e-02,3.448819220066070557e-01,1.962306052446365356e-01,-6.384209394454956055e-01,-3.520042300224304199e-01,2.223757356405258179e-01,-1.189535379409790039e+00,-1.486648559570312500e+00,3.977033793926239014e-01,5.422177910804748535e-01,3.670333325862884521e-01,9.743106365203857422e-01,6.775399297475814819e-02,-2.500412166118621826e-01,-8.177384734153747559e-01,3.187711536884307861e-02
7.113540172576904297e-02,-4.892018139362335205e-01,-2.730569541454315186e-01,1.679908514022827148e+00,2.436568960547447205e-03,3.682214021682739258e-02,1.163868069648742676e+00,2.927707433700561523e-01,2.716026902198791504e-01,-3.661479353904724121e-01,5.620889067649841309e-01,-1.622878164052963257e-01,-5.656070709228515625e-01,3.385122120380401611e-01,-4.128412008285522461e-01,-9.426956176757812500e-01,-5.994438529014587402e-01,6.128217577934265137e-01,8.173170089721679688e-01,1.697626709938049316e+00,4.632041603326797485e-02,-8.689734935760498047e-01,-2.195782959461212158e-02,-3.980297744274139404e-01,7.675483226776123047e-01,-2.215278893709182739e-02,1.946682333946228027e-01,-1.738977059721946716e-02,1.143713355064392090e+00,-6.118655800819396973e-01,-2.765104919672012329e-02,-2.465814501047134399e-01,-6.020360589027404785e-01,8.097440004348754883e-02,1.024374723434448242e+00,-5.731486678123474121e-01,-6.624394059181213379e-01,2.703434526920318604e-01,9.673157334327697754e-02,5.557399392127990723e-01,2.992160320281982422e-01,-1.024127602577209473e+00,-5.855308175086975098e-01,-1.147408857941627502e-01,-6.887592375278472900e-02,3.207922577857971191e-01,8.685703277587890625e-01,2.672416865825653076e-01,1.169185340404510498e-02,3.509941399097442627e-01,2.162875831127166748e-01,-6.475328207015991211e-01,-3.446609377861022949e-01,2.317583709955215454e-01,-1.201950907707214355e+00,-1.521932244300842285e+00,3.985200226306915283e-01,5.360136628150939941e-01,3.755889534950256348e-01,9.860441088676452637e-01,7.208655774593353271e-02,-2.584566175937652588e-01,-8.271999359130859375e-01,3.256940096616744995e-02
7.025593519210815430e-02,-4.830019772052764893e-01,-2.673636078834533691e-01,1.678861379623413086e+00,-5.243473686277866364e-03,3.201682120561599731e-02,1.181655645370483398e+00,2.720979154109954834e-01,2.643045783042907715e-01,-3.791918754577636719e-01,5.623199343681335449e-01,-1.429990381002426147e-01,-5.632894039154052734e-01,3.466175198554992676e-01,-4.329462945461273193e-01,-9.314630031585693359e-01,-5.700840353965759277e-01,6.044099926948547363e-01,8.366025090217590332e-01,1.679737210273742676e+00,4.631645232439041138e-02,-8.554083704948425293e-01,-1.246798876672983170e-02,-3.783799707889556885e-01,7.608504891395568848e-01,-3.559415042400360107e-02,2.085776180028915405e-01,-2.709576394408941269e-03,1.161588072776794434e+00,-5.885416269302368164e-01,-1.460606418550014496e-02,-2.443483918905258179e-01,-6.016522645950317383e-01,1.030142456293106079e-01,1.007609248161315918e+00,-5.748904347419738770e-01,-6.713123321533203125e-01,2.698225975036621094e-01,9.552101790904998779e-02,5.362767577171325684e-01,2.887782454490661621e-01,-1.021917819976806641e+00,-5.967019200325012207e-01,-1.096014827489852905e-01,-7.267174869775772095e-02,3.411896824836730957e-01,8.585131764411926270e-01,2.931918501853942871e-01,1.526970695704221725e-02,3.266214132308959961e-01,1.897269487380981445e-01,-6.400176286697387695e-01,-3.366640508174896240e-01,2.178841084241867065e-01,-1.221628785133361816e+00,-1.499020814895629883e+00,4.096599519252777100e-01,5.513106584548950195e-01,3.591315448284149170e-01,9.851976633071899414e-01,6.255956739187240601e-02,-2.660902440547943115e-01,-8.334025740623474121e-01,5.018128454685211182e-02
7.182727754116058350e-02,-4.945193827152252197e-01,-2.550953924655914307e-01,1.690555930137634277e+00,-6.525888107717037201e-03,4.590553417801856995e-02,1.162662982940673828e+00,2.736545503139495850e-01,2.934860289096832275e-01,-3.934289515018463135e-01,5.525476932525634766e-01,-1.355362832546234131e-01,-5.633850693702697754e-01,3.565593361854553223e-01,-4.217967689037322998e-01,-9.683795571327209473e-01,-5.809303522109985352e-01,5.990005135536193848e-01,8.165021538734436035e-01,1.690925836563110352e+00,4.754873365163803101e-02,-8.625830411911010742e-01,-4.421238787472248077e-03,-3.715679645538330078e-01,7.653744816780090332e-01,-1.289015077054500580e-02,2.077969610691070557e-01,-2.028104290366172791e-02,1.163754582405090332e+00,-6.010802388191223145e-01,-2.830477803945541382e-02,-2.519295215606689453e-01,-6.140895485877990723e-01,1.049671322107315063e-01,1.033215045928955078e+00,-5.621197223663330078e-01,-6.779729723930358887e-01,2.737622261047363281e-01,8.351280540227890015e-02,5.467839241027832031e-01,2.798868417739868164e-01,-1.026866197586059570e+00,-5.913642048835754395e-01,-1.277303844690322876e-01,-5.785757303237915039e-02,3.558065891265869141e-01,8.543657660484313965e-01,2.789360284805297852e-01,1.738628186285495758e-02,3.330872356891632080e-01,1.974599808454513550e-01,-6.467561125755310059e-01,-3.602629899978637695e-01,2.017872482538223267e-01,-1.201346874237060547e+00,-1.525843381881713867e+00,4.000743627548217773e-01,5.566148161888122559e-01,3.787876963615417480e-01,9.670410156250000000e-01,6.804341822862625122e-02,-2.751154601573944092e-01,-8.351801037788391113e-01,3.381714224815368652e-02
6.506874412298202515e-02,-5.213370323181152344e-01,-2.578245699405670166e-01,1.662220358848571777e+00,1.663204282522201538e-03,4.905376583337783813e-02,1.170760154724121094e+00,2.867141962051391602e-01,2.595776319503784180e-01,-3.685856461524963379e-01,5.473946332931518555e-01,-1.503997147083282471e-01,-5.755990147590637207e-01,3.461577594280242920e-01,-4.089931547641754150e-01,-9.524277448654174805e-01,-5.622797012329101562e-01,6.393745541572570801e-01,8.336082100868225098e-01,1.694530487060546875e+00,3.384467959403991699e-02,-8.863239288330078125e-01,-5.244196578860282898e-02,-3.824340105056762695e-01,7.353451848030090332e-01,-2.015125378966331482e-02,2.171003520488739014e-01,-2.391215413808822632e-02,1.162073969841003418e+00,-5.912258625030517578e-01,-2.572882920503616333e-03,-2.307089567184448242e-01,-5.718296170234680176e-01,1.249751448631286621e-01,1.021617650985717773e+00,-5.631947517395019531e-01,-6.606352329254150391e-01,2.420069575309753418e-01,9.743061661720275879e-02,5.500044822692871094e-01,2.946383059024810791e-01,-1.048755288124084473e+00,-5.793383717536926270e-01,-1.301185786724090576e-01,-8.483279496431350708e-02,3.182381391525268555e-01,8.275709152221679688e-01,3.110739886760711670e-01,3.309953585267066956e-02,3.668473958969116211e-01,1.945766508579254150e-01,-6.595215201377868652e-01,-3.519200086593627930e-01,2.222137898206710815e-01,-1.194240450859069824e+00,-1.523287296295166016e+00,4.274742603302001953e-01,5.542675852775573730e-01,3.307677507400512695e-01,9.992969036102294922e-01,9.719920158386230469e-02,-2.500631213188171387e-01,-8.560706377029418945e-01,3.885435312986373901e-02
4.667874798178672791e-02,-5.031067132949829102e-01,-2.719056606292724609e-01,1.672154545783996582e+00,-3.224226646125316620e-03,2.139599248766899109e-02,1.198391914367675781e+00,2.733360528945922852e-01,2.785411179065704346e-01,-3.726553022861480713e-01,5.695013999938964844e-01,-1.669826209545135498e-01,-5.633736848831176758e-01,3.729420900344848633e-01,-4.527695775032043457e-01,-9.188494086265563965e-01,-5.768527388572692871e-01,6.115013957023620605e-01,8.292999267578125000e-01,1.697832822799682617e+00,6.134831905364990234e-02,-8.790608048439025879e-01,-1.054807472974061966e-02,-3.975547552108764648e-01,7.588165402412414551e-01,-4.408434405922889709e-02,1.993118673563003540e-01,7.400109432637691498e-03,1.149864315986633301e+00,-6.076799035072326660e-01,-2.826348692178726196e-02,-2.482471019029617310e-01,-6.256738305091857910e-01,1.086131259799003601e-01,1.021676898002624512e+00,-5.834076404571533203e-01,-6.374224424362182617e-01,2.776255011558532715e-01,8.582519739866256714e-02,5.446884036064147949e-01,3.075104951858520508e-01,-1.027944564819335938e+00,-6.199222803115844727e-01,-9.564051777124404907e-02,-7.388263195753097534e-02,3.221603333950042725e-01,8.749363422393798828e-01,2.854256927967071533e-01,1.360357925295829773e-02,3.491075634956359863e-01,1.663036048412322998e-01,-6.349381804466247559e-01,-3.451190590858459473e-01,2.361494600772857666e-01,-1.240116357803344727e+00,-1.508894562721252441e+00,3.982575237751007080e-01,5.436968803405761719e-01,3.645620346069335938e-01,9.927383661270141602e-01,9.529247879981994629e-02,-2.739189267158508301e-01,-8.220256567001342773e-01,5.961883068084716797e-02
7.437776774168014526e-02,-4.930141866207122803e-01,-2.692602872848510742e-01,1.683709859848022461e+00,-5.597881041467189789e-03,2.203328907489776611e-02,1.188143968582153320e+00,2.869413197040557861e-01,2.520844638347625732e-01,-3.580559492111206055e-01,5.549729466438293457e-01,-1.715231388807296753e-01,-5.923707485198974609e-01,3.251717686653137207e-01,-4.319055080413818359e-01,-9.497346878051757812e-01,-5.712994337081909180e-01,5.948241353034973145e-01,8.462058305740356445e-01,1.695238471031188965e+00,5.781646817922592163e-02,-9.024048447608947754e-01,-3.423396125435829163e-02,-3.669072687625885010e-01,7.606918215751647949e-01,-3.137645497918128967e-02,2.049924284219741821e-01,-1.543771848082542419e-02,1.149234056472778320e+00,-6.095225214958190918e-01,-2.826948091387748718e-02,-2.570537626743316650e-01,-6.067557930946350098e-01,9.921608120203018188e-02,1.038465619087219238e+00,-5.554285645484924316e-01,-6.678114533424377441e-01,2.704227864742279053e-01,1.101210787892341614e-01,5.414202213287353516e-01,2.990610003471374512e-01,-1.014550924301147461e+00,-6.113260984420776367e-01,-1.273312866687774658e-01,-5.572445690631866455e-02,3.400191962718963623e-01,8.786187171936035156e-01,2.615512013435363770e-01,2.612543851137161255e-02,3.379107415676116943e-01,1.805525571107864380e-01,-6.404111981391906738e-01,-3.459465205669403076e-01,1.984361708164215088e-01,-1.222769260406494141e+00,-1.536629080772399902e+00,3.903144598007202148e-01,5.514546036720275879e-01,3.744165599346160889e-01,9.754384756088256836e-01,7.194235175848007202e-02,-2.441634237766265869e-01,-8.439093232154846191e-01,3.299034386873245239e-02
8.362308144569396973e-02,-4.955252408981323242e-01,-2.432228177785873413e-01,1.677649140357971191e+00,-1.981610804796218872e-02,4.846554249525070190e-02,1.165405273437500000e+00,2.831612229347229004e-01,2.621066570281982422e-01,-3.703312873840332031e-01,5.541524291038513184e-01,-1.309267878532409668e-01,-5.903843045234680176e-01,3.485777080059051514e-01,-4.464036226272583008e-01,-9.663352966308593750e-01,-5.649542212486267090e-01,6.190415024757385254e-01,8.178604841232299805e-01,1.701276659965515137e+00,2.872351743280887604e-02,-8.807296752929687500e-01,-1.395728159695863724e-02,-3.916345238685607910e-01,7.465869784355163574e-01,-3.217630833387374878e-02,1.850125193595886230e-01,8.810820989310741425e-03,1.167120575904846191e+00,-5.807905197143554688e-01,-9.799143299460411072e-03,-2.627191245555877686e-01,-6.039331555366516113e-01,7.288215309381484985e-02,1.045354843139648438e+00,-5.759631991386413574e-01,-7.087608575820922852e-01,2.841584086418151855e-01,9.897223114967346191e-02,5.314061045646667480e-01,2.946819067001342773e-01,-1.027862787246704102e+00,-5.938189625740051270e-01,-9.640286862850189209e-02,-3.494791314005851746e-02,3.492624163627624512e-01,8.475563526153564453e-01,2.467458993196487427e-01,3.734520450234413147e-02,3.187482059001922607e-01,1.817443966865539551e-01,-6.446405053138732910e-01,-3.534306287765502930e-01,2.021604627370834351e-01,-1.230885386466979980e+00,-1.527404546737670898e+00,4.014865159988403320e-01,5.600001811981201172e-01,4.015934169292449951e-01,9.686139225959777832e-01,6.295774132013320923e-02,-2.778437435626983643e-01,-8.377857208251953125e-01,2.079360745847225189e-02
7.925062626600265503e-02,-4.838715493679046631e-01,-2.766155898571014404e-01,1.675123214721679688e+00,1.592139713466167450e-03,1.964137703180313110e-02,1.173172712326049805e+00,2.862680554389953613e-01,2.769285142421722412e-01,-3.664168715476989746e-01,5.389141440391540527e-01,-1.399026960134506226e-01,-5.616661906242370605e-01,3.377497792243957520e-01,-4.092679917812347412e-01,-9.428783059120178223e-01,-5.859122276306152344e-01,6.043109893798828125e-01,8.396430611610412598e-01,1.695623636245727539e+00,2.385034784674644470e-02,-8.595467805862426758e-01,-2.046590857207775116e-02,-3.842049241065979004e-01,7.405831217765808105e-01,-9.807588532567024231e-03,2.066813707351684570e-01,-2.446063049137592316e-02,1.134459495544433594e+00,-5.908677577972412109e-01,-2.924551442265510559e-02,-2.525796294212341309e-01,-6.111126542091369629e-01,9.878659248352050781e-02,1.015488505363464355e+00,-5.601228475570678711e-01,-6.437523365020751953e-01,2.736927568912506104e-01,8.961017429828643799e-02,5.655755996704101562e-01,2.967534661293029785e-01,-1.005551815032958984e+00,-5.942758917808532715e-01,-1.178071871399879456e-01,-4.974944144487380981e-02,3.317972421646118164e-01,8.671443462371826172e-01,2.650312185287475586e-01,3.513433039188385010e-03,3.654619753360748291e-01,2.192612737417221069e-01,-6.387169361114501953e-01,-3.334117531776428223e-01,2.179875522851943970e-01,-1.209205746650695801e+00,-1.515235781669616699e+00,4.040338695049285889e-01,5.303610563278198242e-01,3.818462193012237549e-01,9.733738899230957031e-01,8.311451226472854614e-02,-2.393301725387573242e-01,-8.173629641532897949e-01,3.137612342834472656e-02
6.705332547426223755e-02,-4.887636005878448486e-01,-2.753399908542633057e-01,1.660658955574035645e+00,5.142667330801486969e-03,2.942144870758056641e-02,1.181171417236328125e+00,2.957223951816558838e-01,2.645908296108245850e-01,-3.650136888027191162e-01,5.578386187553405762e-01,-1.432150900363922119e-01,-5.795910358428955078e-01,3.410892188549041748e-01,-4.365122616291046143e-01,-9.399920105934143066e-01,-5.714119076728820801e-01,6.077722311019897461e-01,8.284234404563903809e-01,1.685599923133850098e+00,5.603453516960144043e-02,-8.622271418571472168e-01,-1.253647077828645706e-02,-3.711092472076416016e-01,7.445397377014160156e-01,-2.724454924464225769e-02,2.057550102472305298e-01,-1.631588302552700043e-02,1.152544856071472168e+00,-6.004279255867004395e-01,-2.305828034877777100e-02,-2.379833757877349854e-01,-6.138623356819152832e-01,9.921598434448242188e-02,1.013151049613952637e+00,-5.650593042373657227e-01,-6.473754048347473145e-01,2.731123268604278564e-01,8.254209905862808228e-02,5.523815751075744629e-01,2.934170067310333252e-01,-1.024059653282165527e+00,-6.018146276473999023e-01,-1.044564768671989441e-01,-8.115588873624801636e-02,3.397599160671234131e-01,8.521747589111328125e-01,2.665352821350097656e-01,1.358036883175373077e-02,3.431499898433685303e-01,1.950152367353439331e-01,-6.277508139610290527e-01,-3.487581312656402588e-01,2.147509306669235229e-01,-1.204793691635131836e+00,-1.499032139778137207e+00,4.049524366855621338e-01,5.454774498939514160e-01,3.647280037403106689e-01,9.739463925361633301e-01,7.845394313335418701e-02,-2.580003142356872559e-01,-8.339738249778747559e-01,2.897498197853565216e-02
6.580420583486557007e-02,-5.044022798538208008e-01,-2.770019471645355225e-01,1.671664714813232422e+00,-2.131810784339904785e-02,2.682161703705787659e-02,1.192308545112609863e+00,2.864211499691009521e-01,2.749471366405487061e-01,-3.761884570121765137e-01,5.615778565406799316e-01,-1.577361375093460083e-01,-5.683317184448242188e-01,3.453394472599029541e-01,-4.475863873958587646e-01,-9.231857657432556152e-01,-5.763865113258361816e-01,6.204407215118408203e-01,8.324413895606994629e-01,1.697254657745361328e+00,4.308827221393585205e-02,-8.827115297317504883e-01,-1.594965718686580658e-02,-3.903968334197998047e-01,7.625750899314880371e-01,-2.430483885109424591e-02,2.101550847291946411e-01,-1.321942731738090515e-02,1.166399002075195312e+00,-5.943822860717773438e-01,-2.570502832531929016e-02,-2.520384192466735840e-01,-6.105047464370727539e-01,1.086834445595741272e-01,1.023937463760375977e+00,-5.828815698623657227e-01,-6.746217608451843262e-01,2.686712443828582764e-01,8.301360160112380981e-02,5.632467269897460938e-01,3.078234791755676270e-01,-1.037226080894470215e+00,-6.097940802574157715e-01,-1.110230237245559692e-01,-6.903188675642013550e-02,3.267148137092590332e-01,8.772989511489868164e-01,2.659875750541687012e-01,2.699152380228042603e-02,3.377982079982757568e-01,1.945361793041229248e-01,-6.542210578918457031e-01,-3.408849835395812988e-01,2.226378023624420166e-01,-1.241567850112915039e+00,-1.531988024711608887e+00,4.183132350444793701e-01,5.546694397926330566e-01,3.536778688430786133e-01,9.937879443168640137e-01,8.255705237388610840e-02,-2.769051492214202881e-01,-8.257582187652587891e-01,3.989939391613006592e-02
6.439447402954101562e-02,-5.094116330146789551e-01,-2.615620791912078857e-01,1.695969104766845703e+00,-2.111571375280618668e-03,1.741061359643936157e-02,1.188521504402160645e+00,3.177142739295959473e-01,2.583326399326324463e-01,-3.785215318202972412e-01,5.258896350860595703e-01,-1.508902162313461304e-01,-5.569540262222290039e-01,3.360923528671264648e-01,-3.944002091884613037e-01,-9.547741413116455078e-01,-5.670531988143920898e-01,6.156571507453918457e-01,8.649774193763732910e-01,1.693389892578125000e+00,4.987470805644989014e-02,-8.932046294212341309e-01,-1.157163921743631363e-02,-3.870941698551177979e-01,7.825934886932373047e-01,1.182785490527749062e-03,2.017449587583541870e-01,-2.167056500911712646e-02,1.138792514801025391e+00,-6.149074435234069824e-01,-4.271255806088447571e-02,-2.328185886144638062e-01,-6.171166896820068359e-01,9.186402708292007446e-02,1.031603097915649414e+00,-5.768375396728515625e-01,-6.700788140296936035e-01,2.708779275417327881e-01,9.065933525562286377e-02,5.806723237037658691e-01,3.142339289188385010e-01,-1.019678831100463867e+00,-5.985969305038452148e-01,-1.364803165197372437e-01,-3.638626262545585632e-02,3.160206675529479980e-01,8.787208199501037598e-01,3.012589216232299805e-01,2.746949438005685806e-03,3.476951420307159424e-01,1.896326243877410889e-01,-6.679121255874633789e-01,-3.582804203033447266e-01,2.147641032934188843e-01,-1.211338639259338379e+00,-1.545844793319702148e+00,4.110186100006103516e-01,5.516714453697204590e-01,3.609069287776947021e-01,9.941877722740173340e-01,8.188970386981964111e-02,-2.460305094718933105e-01,-8.302913308143615723e-01,4.070091247558593750e-02
2.461094595491886139e-02,-4.882248640060424805e-01,-2.636267840862274170e-01,1.622217059135437012e+00,5.091315135359764099e-03,3.294399753212928772e-02,1.090507030487060547e+00,2.773498892784118652e-01,2.599803507328033447e-01,-3.245219886302947998e-01,5.468727350234985352e-01,-1.748093068599700928e-01,-5.751838684082031250e-01,3.140014410018920898e-01,-3.789427578449249268e-01,-9.097639918327331543e-01,-5.749743580818176270e-01,5.773388743400573730e-01,7.981789708137512207e-01,1.665320754051208496e+00,9.015417098999023438e-02,-8.632672429084777832e-01,-3.312748670578002930e-02,-3.714216053485870361e-01,7.663072347640991211e-01,-1.330601330846548080e-02,1.876996010541915894e-01,1.554271206259727478e-02,1.089027285575866699e+00,-6.145349144935607910e-01,-3.181137144565582275e-02,-2.398748248815536499e-01,-5.641265511512756348e-01,1.026097163558006287e-01,9.845131039619445801e-01,-5.520025491714477539e-01,-6.271061301231384277e-01,2.768539190292358398e-01,8.640951663255691528e-02,4.950903058052062988e-01,3.045419454574584961e-01,-9.718667864799499512e-01,-5.676009654998779297e-01,-1.086103171110153198e-01,-7.978352904319763184e-02,3.098890781402587891e-01,8.467329740524291992e-01,3.012914657592773438e-01,1.106119900941848755e-02,3.409798741340637207e-01,1.550498008728027344e-01,-6.379863023757934570e-01,-3.512956500053405762e-01,2.096774876117706299e-01,-1.191356778144836426e+00,-1.466578602790832520e+00,3.958480656147003174e-01,5.135748386383056641e-01,3.610869050025939941e-01,9.840731024742126465e-01,1.099975779652595520e-01,-2.774482965469360352e-01,-7.866115570068359375e-01,4.882165044546127319e-02
1.996692642569541931e-02,-5.358774662017822266e-01,-2.774679362773895264e-01,1.693755745887756348e+00,2.731178887188434601e-03,-1.319209113717079163e-03,1.216155648231506348e+00,2.813886404037475586e-01,2.754858136177062988e-01,-4.407446980476379395e-01,5.098801851272583008e-01,-1.295287013053894043e-01,-5.350152850151062012e-01,4.264654815196990967e-01,-4.480984210968017578e-01,-9.539740681648254395e-01,-5.485562086105346680e-01,6.171909570693969727e-01,8.399968147277832031e-01,1.730686306953430176e+00,7.033180445432662964e-02,-8.735576272010803223e-01,2.901737950742244720e-02,-3.959463238716125488e-01,8.723455071449279785e-01,-2.877387590706348419e-02,2.024088948965072632e-01,1.295415870845317841e-02,1.208009481430053711e+00,-5.620096921920776367e-01,-6.765748560428619385e-02,-2.578053772449493408e-01,-6.810443401336669922e-01,1.588272154331207275e-01,1.040026307106018066e+00,-6.158772706985473633e-01,-6.620433330535888672e-01,2.590197622776031494e-01,2.678102813661098480e-02,5.865849256515502930e-01,3.010752201080322266e-01,-1.076992034912109375e+00,-6.211041808128356934e-01,-1.047221720218658447e-01,-7.788985967636108398e-02,3.771190643310546875e-01,8.945084810256958008e-01,3.389146625995635986e-01,-4.667773097753524780e-02,3.194648623466491699e-01,2.012228071689605713e-01,-6.881780624389648438e-01,-3.546473681926727295e-01,2.202304005622863770e-01,-1.294770717620849609e+00,-1.558349132537841797e+00,4.125189781188964844e-01,5.841992497444152832e-01,3.525762856006622314e-01,9.818388819694519043e-01,1.018819287419319153e-01,-2.781798243522644043e-01,-7.817656993865966797e-01,7.322821021080017090e-02
5.471413955092430115e-02,-5.176171660423278809e-01,-2.879619300365447998e-01,1.750770568847656250e+00,-1.544829457998275757e-02,2.784314379096031189e-02,1.243450522422790527e+00,2.804040014743804932e-01,2.801404297351837158e-01,-3.814494311809539795e-01,5.910838842391967773e-01,-1.592653095722198486e-01,-6.007164120674133301e-01,3.711034059524536133e-01,-4.497091770172119141e-01,-9.820033311843872070e-01,-6.018331050872802734e-01,6.221647858619689941e-01,8.742058873176574707e-01,1.784746170043945312e+00,6.156018376350402832e-02,-9.129493832588195801e-01,-1.990181580185890198e-02,-4.037710726261138916e-01,7.850293517112731934e-01,-3.297913074493408203e-02,2.034528851509094238e-01,-1.992556080222129822e-02,1.198518633842468262e+00,-6.481884717941284180e-01,-1.972832903265953064e-02,-2.504181861877441406e-01,-6.401987075805664062e-01,9.517738968133926392e-02,1.067952752113342285e+00,-5.878937840461730957e-01,-6.810415387153625488e-01,2.853129506111145020e-01,8.797971904277801514e-02,5.572971105575561523e-01,3.197243213653564453e-01,-1.077754378318786621e+00,-6.510856747627258301e-01,-1.099744811654090881e-01,-7.020898908376693726e-02,3.551091551780700684e-01,9.032120108604431152e-01,2.913554906845092773e-01,1.161457225680351257e-02,3.544217646121978760e-01,1.935599446296691895e-01,-6.781427264213562012e-01,-3.450810909271240234e-01,2.434127777814865112e-01,-1.272300839424133301e+00,-1.593303203582763672e+00,4.256515800952911377e-01,5.727398395538330078e-01,3.776025176048278809e-01,1.046831727027893066e+00,9.415249526500701904e-02,-2.872020304203033447e-01,-8.748998641967773438e-01,6.262141466140747070e-02
9.762637317180633545e-02,-5.014657378196716309e-01,-2.547879219055175781e-01,1.742046236991882324e+00,-6.383224390447139740e-03,3.380229324102401733e-02,1.223075389862060547e+00,3.266298472881317139e-01,2.656383812427520752e-01,-3.531110882759094238e-01,5.657988786697387695e-01,-1.466496288776397705e-01,-6.123092770576477051e-01,3.430925011634826660e-01,-4.338310956954956055e-01,-1.010001420974731445e+00,-5.993218421936035156e-01,6.196275949478149414e-01,8.684706687927246094e-01,1.747600913047790527e+00,2.673457004129886627e-02,-9.023606777191162109e-01,2.469270257279276848e-03,-3.920406103134155273e-01,7.633502483367919922e-01,-4.649125970900058746e-03,2.047457844018936157e-01,-1.871534995734691620e-02,1.180756688117980957e+00,-6.259056329727172852e-01,-2.599463611841201782e-02,-2.794029414653778076e-01,-6.508507132530212402e-01,8.075930923223495483e-02,1.081210613250732422e+00,-5.751644372940063477e-01,-7.154975533485412598e-01,2.873402833938598633e-01,1.061922386288642883e-01,5.842863917350769043e-01,2.899230718612670898e-01,-1.048553228378295898e+00,-6.136109828948974609e-01,-1.201393753290176392e-01,-3.833909332752227783e-02,3.547383248805999756e-01,8.888962268829345703e-01,2.591987550258636475e-01,1.394995395094156265e-02,3.600237369537353516e-01,2.108049243688583374e-01,-6.444217562675476074e-01,-3.560103476047515869e-01,2.055266946554183960e-01,-1.258092403411865234e+00,-1.562221050262451172e+00,4.198759198188781738e-01,5.499656796455383301e-01,4.309680461883544922e-01,1.002840757369995117e+00,6.695111840963363647e-02,-2.462585270404815674e-01,-8.827731609344482422e-01,1.885641552507877350e-02
6.185953691601753235e-02,-5.016403794288635254e-01,-2.884730994701385498e-01,1.682487487792968750e+00,-1.451820693910121918e-02,4.162410646677017212e-02,1.161437034606933594e+00,2.651174664497375488e-01,2.719428837299346924e-01,-3.695576190948486328e-01,5.656681060791015625e-01,-1.643633842468261719e-01,-5.851091146469116211e-01,3.572644591331481934e-01,-4.384179413318634033e-01,-9.321403503417968750e-01,-5.485700964927673340e-01,6.240758895874023438e-01,8.088811039924621582e-01,1.707641839981079102e+00,6.433080136775970459e-02,-8.786751031875610352e-01,-1.315120514482259750e-02,-3.933054804801940918e-01,7.510452866554260254e-01,-3.454837948083877563e-02,1.910235881805419922e-01,-1.101548038423061371e-02,1.153962135314941406e+00,-5.936179757118225098e-01,-9.530613198876380920e-03,-2.379204630851745605e-01,-6.112105250358581543e-01,1.059853956103324890e-01,1.038639903068542480e+00,-5.561227798461914062e-01,-6.767390370368957520e-01,2.505320608615875244e-01,8.823793381452560425e-02,5.098501443862915039e-01,2.963197827339172363e-01,-1.044030189514160156e+00,-6.080836653709411621e-01,-9.863531589508056641e-02,-9.415175020694732666e-02,3.271628618240356445e-01,8.512213230133056641e-01,2.854035198688507080e-01,2.059002965688705444e-02,3.613485395908355713e-01,1.710192263126373291e-01,-6.136763691902160645e-01,-3.232429325580596924e-01,2.268161922693252563e-01,-1.223392605781555176e+00,-1.509543776512145996e+00,4.050694704055786133e-01,5.704321861267089844e-01,3.818283379077911377e-01,9.920052886009216309e-01,8.226121217012405396e-02,-2.778766453266143799e-01,-8.175331950187683105e-01,2.231839857995510101e-02
7.520408928394317627e-02,-5.032617449760437012e-01,-2.813155651092529297e-01,1.666695594787597656e+00,-1.941557601094245911e-02,9.732238017022609711e-03,1.152763605117797852e+00,2.941004037857055664e-01,2.754862308502197266e-01,-3.623329102993011475e-01,5.259600281715393066e-01,-1.738517731428146362e-01,-5.779846310615539551e-01,2.993810176849365234e-01,-3.882734477519989014e-01,-9.439355731010437012e-01,-5.676317214965820312e-01,6.003446578979492188e-01,8.429516553878784180e-01,1.692404270172119141e+00,4.722882062196731567e-02,-8.833919167518615723e-01,-2.896727807819843292e-02,-3.744654357433319092e-01,7.471241950988769531e-01,1.088126841932535172e-02,1.892708092927932739e-01,-3.920991346240043640e-02,1.123262882232666016e+00,-6.152536273002624512e-01,-4.519959166646003723e-02,-2.632806897163391113e-01,-5.895516276359558105e-01,8.344830572605133057e-02,1.021210670471191406e+00,-5.418749451637268066e-01,-6.713447570800781250e-01,2.713709473609924316e-01,9.634251147508621216e-02,5.474792718887329102e-01,3.144562244415283203e-01,-9.851759672164916992e-01,-6.058126091957092285e-01,-1.229857802391052246e-01,-5.204285681247711182e-02,3.331096470355987549e-01,8.693677783012390137e-01,2.612264156341552734e-01,3.316756710410118103e-02,3.601871132850646973e-01,2.021498829126358032e-01,-6.385442018508911133e-01,-3.433417677879333496e-01,2.081518769264221191e-01,-1.203960657119750977e+00,-1.538737416267395020e+00,4.091005325317382812e-01,5.320721268653869629e-01,3.739605844020843506e-01,9.808847308158874512e-01,7.726120203733444214e-02,-2.400258779525756836e-01,-8.219652771949768066e-01,2.656451426446437836e-02
8.455273509025573730e-02,-4.696387350559234619e-01,-2.512951791286468506e-01,1.608186960220336914e+00,4.372037947177886963e-03,2.617095038294792175e-02,1.113923311233520508e+00,2.695787847042083740e-01,2.774029374122619629e-01,-3.493182361125946045e-01,5.543295145034790039e-01,-1.659455150365829468e-01,-5.318436026573181152e-01,3.168325424194335938e-01,-3.970673382282257080e-01,-8.937819004058837891e-01,-5.700563788414001465e-01,5.740655064582824707e-01,7.819887995719909668e-01,1.637370347976684570e+00,5.431492626667022705e-02,-8.212075233459472656e-01,8.567446842789649963e-03,-3.827165365219116211e-01,7.260189652442932129e-01,-4.133166372776031494e-02,1.808673739433288574e-01,-9.638361632823944092e-03,1.115410447120666504e+00,-5.889226198196411133e-01,-6.145462393760681152e-03,-2.460011094808578491e-01,-5.899947285652160645e-01,8.839222043752670288e-02,9.733744859695434570e-01,-5.458264350891113281e-01,-6.299187541007995605e-01,2.638875246047973633e-01,9.747314453125000000e-02,5.053359270095825195e-01,2.813185155391693115e-01,-9.799354076385498047e-01,-5.786945223808288574e-01,-1.010618805885314941e-01,-7.684697955846786499e-02,3.287118673324584961e-01,8.191095590591430664e-01,2.699096500873565674e-01,8.808314800262451172e-03,3.315291702747344971e-01,1.996370255947113037e-01,-6.072851419448852539e-01,-3.184952437877655029e-01,2.375832349061965942e-01,-1.170601844787597656e+00,-1.433704257011413574e+00,4.069989025592803955e-01,5.036974549293518066e-01,3.451666533946990967e-01,9.562374949455261230e-01,6.489804387092590332e-02,-2.731747031211853027e-01,-7.942990064620971680e-01,4.706350713968276978e-02
7.270004600286483765e-02,-4.743546247482299805e-01,-2.471718788146972656e-01,1.613962888717651367e+00,3.923822194337844849e-03,4.324491322040557861e-02,1.122668027877807617e+00,2.888849079608917236e-01,2.487193346023559570e-01,-3.351622819900512695e-01,5.421541929244995117e-01,-1.561900973320007324e-01,-5.680084228515625000e-01,2.985331118106842041e-01,-4.152536988258361816e-01,-9.342156648635864258e-01,-5.552218556404113770e-01,5.788478255271911621e-01,7.688413262367248535e-01,1.649744153022766113e+00,5.351484566926956177e-02,-8.580782413482666016e-01,-2.361666643992066383e-03,-3.594691753387451172e-01,7.564175724983215332e-01,-3.628762438893318176e-02,1.948612481355667114e-01,-1.937969401478767395e-02,1.127796053886413574e+00,-6.115443110466003418e-01,-3.241634368896484375e-02,-2.667594552040100098e-01,-5.901516079902648926e-01,6.778294593095779419e-02,9.985638260841369629e-01,-5.352508425712585449e-01,-6.431222558021545410e-01,2.816417515277862549e-01,9.170485287904739380e-02,5.213999748229980469e-01,2.903881371021270752e-01,-9.803246855735778809e-01,-5.707615613937377930e-01,-1.103869602084159851e-01,-5.460205674171447754e-02,3.094618916511535645e-01,8.477555513381958008e-01,2.379154115915298462e-01,2.734382078051567078e-02,3.274456858634948730e-01,1.974796503782272339e-01,-6.104250550270080566e-01,-3.407862782478332520e-01,2.045819610357284546e-01,-1.160012245178222656e+00,-1.468532323837280273e+00,3.524831235408782959e-01,5.171211957931518555e-01,3.821617662906646729e-01,9.311349987983703613e-01,5.152008309960365295e-02,-2.391312867403030396e-01,-8.198530673980712891e-01,2.614033408463001251e-02
6.979168206453323364e-02,-4.754799008369445801e-01,-2.221101224422454834e-01,1.617389321327209473e+00,9.777802042663097382e-03,6.292144209146499634e-02,1.136763691902160645e+00,3.048208653926849365e-01,2.460843622684478760e-01,-3.606361150741577148e-01,5.405250787734985352e-01,-1.376827657222747803e-01,-5.722897052764892578e-01,3.243840336799621582e-01,-3.988541960716247559e-01,-9.395661950111389160e-01,-5.622405409812927246e-01,5.939958095550537109e-01,7.877131104469299316e-01,1.630048394203186035e+00,5.937239527702331543e-02,-8.768274784088134766e-01,-4.279781877994537354e-02,-3.806468248367309570e-01,7.456277608871459961e-01,-2.440635114908218384e-02,2.153155803680419922e-01,-3.088355995714664459e-02,1.108529567718505859e+00,-5.719950795173645020e-01,-1.865637302398681641e-02,-2.263913750648498535e-01,-5.737863183021545410e-01,1.065122112631797791e-01,9.877934455871582031e-01,-5.510176420211791992e-01,-6.321866512298583984e-01,2.634457647800445557e-01,1.002604737877845764e-01,5.339561104774475098e-01,2.788413166999816895e-01,-9.732880592346191406e-01,-5.577579140663146973e-01,-1.185530200600624084e-01,-7.210878282785415649e-02,3.128280043601989746e-01,8.494117856025695801e-01,2.527087628841400146e-01,-2.161299809813499451e-03,3.492616117000579834e-01,1.862949579954147339e-01,-6.244894266128540039e-01,-3.204923868179321289e-01,2.036171406507492065e-01,-1.152047276496887207e+00,-1.454860091209411621e+00,3.856485188007354736e-01,5.264357328414916992e-01,3.717871904373168945e-01,9.437110424041748047e-01,9.011022746562957764e-02,-2.191649675369262695e-01,-8.172135949134826660e-01,1.019171997904777527e-02
6.577251106500625610e-02,-4.953396320343017578e-01,-2.913752198219299316e-01,1.670842170715332031e+00,-1.211878564208745956e-02,4.249575547873973846e-03,1.176741242408752441e+00,2.533065378665924072e-01,3.043866753578186035e-01,-3.853565454483032227e-01,5.670504570007324219e-01,-1.839833855628967285e-01,-5.394189357757568359e-01,3.707069754600524902e-01,-4.700669646263122559e-01,-8.871712684631347656e-01,-5.603501796722412109e-01,6.293236017227172852e-01,8.535104393959045410e-01,1.668634891510009766e+00,8.349701762199401855e-02,-8.968911170959472656e-01,-2.105087414383888245e-02,-3.702308237552642822e-01,7.210379242897033691e-01,-6.161352246999740601e-02,1.975824534893035889e-01,1.220552623271942139e-02,1.164799809455871582e+00,-5.894695520401000977e-01,-1.820154860615730286e-02,-2.556753158569335938e-01,-5.829953551292419434e-01,1.297996193170547485e-01,1.008238792419433594e+00,-5.983169674873352051e-01,-6.380748152732849121e-01,2.811438739299774170e-01,1.036548763513565063e-01,5.097326636314392090e-01,3.199512064456939697e-01,-1.033566236495971680e+00,-6.053795814514160156e-01,-1.290336251258850098e-01,-7.808908075094223022e-02,3.200003206729888916e-01,8.603171706199645996e-01,2.995226681232452393e-01,4.102201387286186218e-02,3.264859020709991455e-01,1.413626223802566528e-01,-6.460938453674316406e-01,-3.534136414527893066e-01,2.379306256771087646e-01,-1.243882417678833008e+00,-1.507265090942382812e+00,4.142288565635681152e-01,5.634164214134216309e-01,3.317334949970245361e-01,9.914543628692626953e-01,7.353005558252334595e-02,-3.028681874275207520e-01,-8.205760121345520020e-01,7.144559174776077271e-02
6.743435561656951904e-02,-4.832067191600799561e-01,-2.368781268596649170e-01,1.682457923889160156e+00,-1.409419812262058258e-03,5.926732346415519714e-02,1.192524909973144531e+00,2.877640128135681152e-01,2.776933014392852783e-01,-3.753499090671539307e-01,5.779336094856262207e-01,-1.672617197036743164e-01,-5.405490994453430176e-01,3.522107005119323730e-01,-4.368047118186950684e-01,-9.441508650779724121e-01,-6.020225882530212402e-01,6.164295077323913574e-01,8.116942644119262695e-01,1.684791922569274902e+00,7.100381702184677124e-02,-8.748276233673095703e-01,-3.559308499097824097e-02,-3.798841536045074463e-01,7.546085119247436523e-01,-3.821332752704620361e-02,1.905860006809234619e-01,4.560543224215507507e-03,1.165293216705322266e+00,-6.145690083503723145e-01,-2.943161875009536743e-02,-2.545098364353179932e-01,-5.920837521553039551e-01,1.034104451537132263e-01,1.021346688270568848e+00,-5.760135650634765625e-01,-6.774685978889465332e-01,2.970935106277465820e-01,8.988875150680541992e-02,5.428359508514404297e-01,2.859496772289276123e-01,-1.026769518852233887e+00,-5.735947489738464355e-01,-8.229935169219970703e-02,-6.305225938558578491e-02,3.042589128017425537e-01,8.731871247291564941e-01,2.492193877696990967e-01,1.375285815447568893e-02,3.500421345233917236e-01,1.939571946859359741e-01,-6.489771604537963867e-01,-3.688311278820037842e-01,2.060525417327880859e-01,-1.211343407630920410e+00,-1.533870339393615723e+00,3.865558505058288574e-01,5.145674943923950195e-01,4.091835916042327881e-01,1.005013108253479004e+00,7.675723731517791748e-02,-2.423416376113891602e-01,-8.304777741432189941e-01,2.298248000442981720e-02
