-1.982629776000976562e+00,-2.923763513565063477e+00,-1.543758034706115723e+00,1.861646652221679688e+00,-2.482058525085449219e+00,5.325227260589599609e+00,1.209590911865234375e+00,1.045555472373962402e-01,-1.005082204937934875e-01,-1.336676836013793945e+00,2.298069000244140625e+00,-5.469813346862792969e-01,-4.143290221691131592e-01,1.406515955924987793e+00,3.142863512039184570e-02,-1.626640558242797852e-01,5.719617605209350586e-01,-2.235383272171020508e+00,-3.411937713623046875e+00,-8.789522051811218262e-01,2.536440849304199219e+00,-1.135202884674072266e+00,-2.063154458999633789e+00,-1.025433182716369629e+00,1.445856690406799316e-01,3.296141028404235840e-01,-1.124159693717956543e+00,7.137849926948547363e-02,4.804054796695709229e-01,-1.216198444366455078e+00,2.039965867996215820e+00,-1.048354580998420715e-01,1.268322825431823730e+00,-4.510736942291259766e+00,8.024781346321105957e-01,-1.045214653015136719e+00,-3.101515531539916992e+00,6.189177036285400391e-01,-2.355721950531005859e+00,1.003545403480529785e+00,4.850953817367553711e-01,3.602643907070159912e-01,1.438641905784606934e+00,1.668482542037963867e+00,3.922435641288757324e-02,-1.619521021842956543e+00,1.196741580963134766e+00,1.031788468360900879e+00,1.553277850151062012e+00,3.138754606246948242e+00,-1.265071868896484375e+00,2.545803785324096680e+00,-5.920025110244750977e-01,-7.315997481346130371e-01,-4.967035055160522461e-01,5.359921455383300781e-01,-1.613925695419311523e+00,3.630803346633911133e+00,1.234110891819000244e-01,-6.521676778793334961e-01,3.469797670841217041e-01,-3.960238218307495117e+00,-1.406914114952087402e+00,2.339375495910644531e+00
-2.104553937911987305e+00,-3.268448352813720703e+00,-2.066294670104980469e+00,3.124495267868041992e+00,-1.989273309707641602e+00,5.230896472930908203e+00,2.239233732223510742e+00,3.444765806198120117e-01,3.545378744602203369e-01,-2.014612436294555664e+00,2.510856866836547852e+00,-8.812068700790405273e-01,-9.077731966972351074e-01,1.941959738731384277e+00,-2.985880672931671143e-01,-1.065940380096435547e+00,4.292483329772949219e-01,-2.270515680313110352e+00,-2.570420980453491211e+00,1.129672169685363770e+00,2.941094398498535156e+00,-2.197661399841308594e+00,-1.764388561248779297e+00,-1.095298171043395996e+00,1.022041916847229004e+00,-1.581972092390060425e-01,-8.758385181427001953e-01,7.645280659198760986e-02,1.092054367065429688e+00,-1.929382205009460449e+00,1.435057520866394043e+00,-4.682801365852355957e-01,1.663089394569396973e-01,-4.357800006866455078e+00,1.543004989624023438e+00,-1.656204700469970703e+00,-3.088370800018310547e+00,3.466727435588836670e-01,-2.606596946716308594e+00,1.669489145278930664e+00,9.714627265930175781e-01,-2.183627635240554810e-01,1.843145191669464111e-01,1.674762129783630371e+00,2.217578589916229248e-01,-1.651265621185302734e+00,1.866840958595275879e+00,7.171061635017395020e-01,1.667964577674865723e+00,3.506302118301391602e+00,-6.512025594711303711e-01,1.606707453727722168e+00,-1.117844343185424805e+00,-4.565759301185607910e-01,-1.711509704589843750e+00,-5.453624129295349121e-01,-1.329857110977172852e+00,4.011876106262207031e+00,5.769098997116088867e-01,8.797513246536254883e-01,2.990015149116516113e-01,-4.158236503601074219e+00,-2.213777065277099609e+00,2.454935073852539062e+00
-1.927941560745239258e+00,-2.921819448471069336e+00,-2.196142435073852539e+00,3.153141498565673828e+00,-2.270198345184326172e+00,5.464533329010009766e+00,2.303370475769042969e+00,3.962416648864746094e-01,9.631673991680145264e-02,-2.199596881866455078e+00,2.255158185958862305e+00,-7.327542901039123535e-01,-1.126177549362182617e+00,2.075298070907592773e+00,-3.280370533466339111e-01,-9.790472388267517090e-01,5.372204780578613281e-01,-2.245006084442138672e+00,-2.751146316528320312e+00,1.168389201164245605e+00,2.736473798751831055e+00,-1.831130981445312500e+00,-1.843583226203918457e+00,-1.283099055290222168e+00,7.764771580696105957e-01,1.169754564762115479e-02,-1.159894824028015137e+00,-9.819117188453674316e-02,1.198800206184387207e+00,-1.733451962471008301e+00,1.292404770851135254e+00,-2.354426980018615723e-01,4.072158336639404297e-01,-4.178226947784423828e+00,1.622703433036804199e+00,-1.611453294754028320e+00,-3.429276466369628906e+00,7.002377510070800781e-01,-2.316773176193237305e+00,1.475306749343872070e+00,1.089638829231262207e+00,4.999336600303649902e-02,5.326378345489501953e-01,1.573050975799560547e+00,1.399851739406585693e-01,-1.613974690437316895e+00,1.965336322784423828e+00,8.705406188964843750e-01,1.672131538391113281e+00,3.515588283538818359e+00,-8.711255788803100586e-01,1.997192978858947754e+00,-1.002603054046630859e+00,-5.732864141464233398e-01,-1.798274993896484375e+00,-6.463024020195007324e-01,-1.237820267677307129e+00,4.264345169067382812e+00,5.639289021492004395e-01,1.089309692382812500e+00,5.705137848854064941e-01,-4.014674663543701172e+00,-2.184345006942749023e+00,2.402672529220581055e+00
-1.902978181838989258e+00,-2.994499206542968750e+00,-2.154316425323486328e+00,3.156242370605468750e+00,-2.033086299896240234e+00,5.339908599853515625e+00,2.281272411346435547e+00,1.433039754629135132e-01,2.266525328159332275e-01,-1.879404187202453613e+00,2.294606208801269531e+00,-7.701768279075622559e-01,-7.352401018142700195e-01,2.257783651351928711e+00,-3.585376739501953125e-01,-1.104225873947143555e+00,4.390399754047393799e-01,-2.208166599273681641e+00,-2.590931653976440430e+00,1.285229444503784180e+00,2.827163219451904297e+00,-2.035705804824829102e+00,-1.901107907295227051e+00,-9.824047088623046875e-01,8.524794578552246094e-01,-1.464217156171798706e-02,-7.373516559600830078e-01,1.009045690298080444e-01,1.277758717536926270e+00,-1.671922206878662109e+00,1.357436060905456543e+00,-4.475508630275726318e-01,3.806574344635009766e-01,-4.188877105712890625e+00,1.719915270805358887e+00,-1.338288068771362305e+00,-3.503639221191406250e+00,5.663878321647644043e-01,-2.411726713180541992e+00,1.678046822547912598e+00,8.067996501922607422e-01,-6.588104367256164551e-02,4.588671922683715820e-01,1.559725522994995117e+00,6.717398762702941895e-02,-1.715906023979187012e+00,1.920169711112976074e+00,6.806403994560241699e-01,1.753347635269165039e+00,3.321362257003784180e+00,-6.299949884414672852e-01,1.612615227699279785e+00,-1.012944698333740234e+00,-2.543345689773559570e-01,-1.735413551330566406e+00,-8.157182335853576660e-01,-1.167551279067993164e+00,4.391550540924072266e+00,5.880436897277832031e-01,1.098529219627380371e+00,2.460781037807464600e-01,-4.313414573669433594e+00,-2.323943376541137695e+00,2.687416076660156250e+00
-2.062727689743041992e+00,-3.165254354476928711e+00,-2.144031286239624023e+00,3.531988620758056641e+00,-1.992311835289001465e+00,4.929915904998779297e+00,2.344864368438720703e+00,1.619718521833419800e-01,4.183873236179351807e-01,-1.978860735893249512e+00,2.258593082427978516e+00,-5.588631033897399902e-01,-9.900422096252441406e-01,2.150242090225219727e+00,-2.386080026626586914e-01,-1.213782548904418945e+00,4.066139161586761475e-01,-2.333043813705444336e+00,-2.811447143554687500e+00,1.218728065490722656e+00,2.719046592712402344e+00,-2.022097349166870117e+00,-1.863407492637634277e+00,-1.109038233757019043e+00,8.903933167457580566e-01,-6.132418662309646606e-02,-7.198922634124755859e-01,1.206969171762466431e-01,1.416576266288757324e+00,-1.699328064918518066e+00,1.445968151092529297e+00,-4.492616057395935059e-01,1.109403073787689209e-01,-4.479850292205810547e+00,1.662608981132507324e+00,-1.505509018898010254e+00,-3.263969421386718750e+00,5.374774336814880371e-01,-2.577847242355346680e+00,1.820178270339965820e+00,8.282009959220886230e-01,-3.714938163757324219e-01,5.913177132606506348e-01,1.702808499336242676e+00,4.234327673912048340e-01,-1.669428586959838867e+00,1.831999659538269043e+00,1.066424012184143066e+00,1.580400466918945312e+00,3.688694000244140625e+00,-8.848755359649658203e-01,1.563244223594665527e+00,-1.149682879447937012e+00,-2.379462420940399170e-01,-2.044620513916015625e+00,-9.359820485115051270e-01,-1.234066843986511230e+00,4.250299930572509766e+00,6.961287260055541992e-01,7.838788032531738281e-01,2.565939724445343018e-01,-4.168454647064208984e+00,-2.141071796417236328e+00,2.806888818740844727e+00
-2.026385545730590820e+00,-3.078297615051269531e+00,-1.974817752838134766e+00,3.342374801635742188e+00,-2.313654661178588867e+00,5.121469497680664062e+00,2.144111156463623047e+00,1.872256845235824585e-01,4.329748749732971191e-01,-1.861592292785644531e+00,2.254062652587890625e+00,-8.386483788490295410e-01,-1.052098751068115234e+00,1.863742947578430176e+00,3.399991989135742188e-02,-1.173903226852416992e+00,6.075719594955444336e-01,-2.511765956878662109e+00,-2.739753484725952148e+00,1.347754478454589844e+00,2.767666578292846680e+00,-2.057521343231201172e+00,-1.774851202964782715e+00,-1.270275115966796875e+00,8.630765676498413086e-01,9.687766432762145996e-03,-8.157035112380981445e-01,-6.352433562278747559e-02,1.422522068023681641e+00,-2.002930641174316406e+00,1.409566521644592285e+00,-1.905210614204406738e-01,3.669671714305877686e-01,-4.380272865295410156e+00,1.607109546661376953e+00,-1.756185531616210938e+00,-3.287614583969116211e+00,4.364970326423645020e-01,-2.388538122177124023e+00,1.517325878143310547e+00,7.313433885574340820e-01,1.867787539958953857e-02,4.628503322601318359e-01,1.733018159866333008e+00,3.241424858570098877e-01,-1.663904428482055664e+00,1.771236658096313477e+00,7.415155172348022461e-01,1.587517499923706055e+00,3.296077966690063477e+00,-7.761114835739135742e-01,1.954048156738281250e+00,-1.092321157455444336e+00,-5.626755952835083008e-01,-1.781563758850097656e+00,-7.551561594009399414e-01,-1.181654572486877441e+00,4.087825298309326172e+00,4.411073923110961914e-01,8.852671384811401367e-01,5.734443664550781250e-01,-4.072823524475097656e+00,-2.453042984008789062e+00,2.532498598098754883e+00
-2.063540935516357422e+00,-2.946316003799438477e+00,-1.819594025611877441e+00,3.449586153030395508e+00,-2.169888257980346680e+00,5.110605239868164062e+00,2.411756277084350586e+00,9.623132646083831787e-02,2.082909643650054932e-01,-1.822251558303833008e+00,2.243278503417968750e+00,-9.200801849365234375e-01,-1.115721702575683594e+00,1.894375085830688477e+00,-1.971971690654754639e-01,-1.119161367416381836e+00,5.302934050559997559e-01,-2.146786451339721680e+00,-2.853908538818359375e+00,1.108202457427978516e+00,2.903637886047363281e+00,-1.882199525833129883e+00,-2.035196781158447266e+00,-1.181523203849792480e+00,6.934242844581604004e-01,2.878931760787963867e-01,-8.298862576484680176e-01,-7.830511033535003662e-02,1.368608474731445312e+00,-1.728114604949951172e+00,1.231621861457824707e+00,-2.269938290119171143e-01,2.868949472904205322e-01,-4.053208827972412109e+00,1.847282409667968750e+00,-1.578260779380798340e+00,-3.212668418884277344e+00,6.179187297821044922e-01,-2.341438293457031250e+00,1.645221471786499023e+00,7.228286266326904297e-01,-1.673439294099807739e-01,5.088668465614318848e-01,1.670948266983032227e+00,7.893896102905273438e-02,-1.352604031562805176e+00,1.994374036788940430e+00,9.022443890571594238e-01,1.368294954299926758e+00,3.408722877502441406e+00,-8.478215932846069336e-01,2.014084815979003906e+00,-1.255271553993225098e+00,-3.471732437610626221e-01,-1.934883594512939453e+00,-5.740696787834167480e-01,-1.339237570762634277e+00,4.401858329772949219e+00,3.590534627437591553e-01,7.762962579727172852e-01,3.195278346538543701e-01,-4.254579544067382812e+00,-2.089061260223388672e+00,2.418737173080444336e+00
-1.812774181365966797e+00,-3.197829246520996094e+00,-2.097266197204589844e+00,3.516990423202514648e+00,-2.218697786331176758e+00,5.244388103485107422e+00,2.150447130203247070e+00,2.358262836933135986e-01,2.599744796752929688e-01,-1.723950862884521484e+00,2.479226589202880859e+00,-9.593166112899780273e-01,-1.022870779037475586e+00,2.140311241149902344e+00,-3.763845562934875488e-02,-9.627251625061035156e-01,4.936640858650207520e-01,-2.227969408035278320e+00,-2.837357997894287109e+00,1.139499783515930176e+00,2.567569732666015625e+00,-2.100382804870605469e+00,-1.681736588478088379e+00,-1.160047531127929688e+00,8.899459838867187500e-01,-3.001242876052856445e-03,-7.508312463760375977e-01,2.286601513624191284e-01,1.342813611030578613e+00,-1.945779919624328613e+00,1.459775209426879883e+00,-9.974661469459533691e-02,1.192281693220138550e-01,-4.261323928833007812e+00,1.928601503372192383e+00,-1.480126619338989258e+00,-3.271219730377197266e+00,5.519868135452270508e-01,-2.497677803039550781e+00,1.774333238601684570e+00,8.042288422584533691e-01,-1.632626950740814209e-01,4.041060507297515869e-01,1.701873421669006348e+00,1.220428645610809326e-01,-1.631655693054199219e+00,1.854635357856750488e+00,1.060069084167480469e+00,1.648712396621704102e+00,3.448856592178344727e+00,-7.975277900695800781e-01,1.819275021553039551e+00,-1.049324512481689453e+00,-2.052025645971298218e-01,-1.819161295890808105e+00,-7.926853895187377930e-01,-1.195020198822021484e+00,4.413206100463867188e+00,4.799256324768066406e-01,7.700378894805908203e-01,4.310188293457031250e-01,-4.251851081848144531e+00,-2.425065279006958008e+00,2.506523370742797852e+00
-1.909444332122802734e+00,-3.035259246826171875e+00,-1.968340158462524414e+00,3.189951658248901367e+00,-2.272455453872680664e+00,5.016828060150146484e+00,2.162698745727539062e+00,2.800255417823791504e-01,1.487794816493988037e-01,-2.064043998718261719e+00,2.315736055374145508e+00,-5.328264832496643066e-01,-9.948577284812927246e-01,2.268786191940307617e+00,-1.057972908020019531e-01,-1.184965610504150391e+00,5.278493762016296387e-01,-2.415750741958618164e+00,-2.656692981719970703e+00,1.348678708076477051e+00,2.892449617385864258e+00,-2.048724651336669922e+00,-1.873165607452392578e+00,-1.206636428833007812e+00,6.641405224800109863e-01,1.634743213653564453e-01,-8.066275119781494141e-01,-5.844637751579284668e-03,1.426990509033203125e+00,-2.025104045867919922e+00,1.272450327873229980e+00,-5.100816488265991211e-01,3.999795913696289062e-01,-4.324129104614257812e+00,1.801676154136657715e+00,-1.423946142196655273e+00,-3.463443517684936523e+00,4.113272428512573242e-01,-2.444261789321899414e+00,1.715609788894653320e+00,8.476777076721191406e-01,-2.062696665525436401e-01,6.281062960624694824e-01,1.769845008850097656e+00,4.078345894813537598e-01,-1.528572678565979004e+00,1.788057088851928711e+00,8.742120862007141113e-01,1.455303072929382324e+00,3.479748487472534180e+00,-9.070734977722167969e-01,1.863927602767944336e+00,-1.220681905746459961e+00,-1.666869819164276123e-01,-1.919841289520263672e+00,-6.641948819160461426e-01,-1.412396430969238281e+00,4.332980155944824219e+00,4.866945147514343262e-01,1.102962493896484375e+00,5.591251254081726074e-01,-4.276303291320800781e+00,-2.317486763000488281e+00,2.617531299591064453e+00
-1.796918630599975586e+00,-3.275429725646972656e+00,-1.778235793113708496e+00,3.212748527526855469e+00,-2.287082195281982422e+00,5.069883346557617188e+00,2.349721908569335938e+00,3.354531526565551758e-01,4.548020064830780029e-01,-1.899037122726440430e+00,2.550226211547851562e+00,-9.517420530319213867e-01,-9.770686626434326172e-01,2.251105546951293945e+00,-3.625718355178833008e-01,-1.407150745391845703e+00,2.702491879463195801e-01,-2.351268768310546875e+00,-2.969438314437866211e+00,1.085891604423522949e+00,2.876061916351318359e+00,-1.780838131904602051e+00,-2.047267675399780273e+00,-1.097014665603637695e+00,9.938907623291015625e-01,1.090122014284133911e-01,-1.165082812309265137e+00,-6.094896793365478516e-02,1.172997713088989258e+00,-1.714268684387207031e+00,1.213545322418212891e+00,-1.900148391723632812e-01,4.445602595806121826e-01,-4.353243350982666016e+00,1.697061061859130859e+00,-1.304339647293090820e+00,-3.414225578308105469e+00,7.036135792732238770e-01,-2.359245777130126953e+00,1.770094871520996094e+00,5.716197490692138672e-01,-3.384861946105957031e-01,5.079771280288696289e-01,1.760641694068908691e+00,9.260126948356628418e-02,-1.679902791976928711e+00,1.845337748527526855e+00,6.990426778793334961e-01,1.353080511093139648e+00,3.358995437622070312e+00,-8.192521333694458008e-01,1.723882794380187988e+00,-1.136586427688598633e+00,-1.651530861854553223e-01,-2.042858839035034180e+00,-6.481952667236328125e-01,-1.365148067474365234e+00,4.207915306091308594e+00,4.305124878883361816e-01,7.265368700027465820e-01,3.221778869628906250e-01,-4.016932964324951172e+00,-2.206427574157714844e+00,2.532214403152465820e+00
-1.786466360092163086e+00,-2.905343532562255859e+00,-1.851313114166259766e+00,3.264753341674804688e+00,-2.117135047912597656e+00,5.077678680419921875e+00,2.380643367767333984e+00,8.479531109333038330e-02,3.961440920829772949e-01,-1.992901682853698730e+00,2.488912105560302734e+00,-5.964589118957519531e-01,-1.022001981735229492e+00,2.069774389266967773e+00,-2.593211829662322998e-01,-9.549967646598815918e-01,3.570402562618255615e-01,-2.116262197494506836e+00,-2.587140798568725586e+00,1.217446565628051758e+00,2.601527690887451172e+00,-1.828040719032287598e+00,-1.664716005325317383e+00,-1.057571768760681152e+00,8.063570857048034668e-01,-7.623295485973358154e-02,-1.014030337333679199e+00,-2.696517109870910645e-02,1.432105898857116699e+00,-1.841615796089172363e+00,1.464994430541992188e+00,-2.346289306879043579e-01,3.332124352455139160e-01,-4.203013896942138672e+00,1.889592289924621582e+00,-1.352418065071105957e+00,-3.310743808746337891e+00,3.905893564224243164e-01,-2.374224662780761719e+00,1.665796995162963867e+00,7.477763891220092773e-01,-2.749142050743103027e-02,3.794597983360290527e-01,1.606011748313903809e+00,3.821383714675903320e-01,-1.554865121841430664e+00,1.888536214828491211e+00,9.346279501914978027e-01,1.427601575851440430e+00,3.574638605117797852e+00,-9.446055889129638672e-01,1.833894252777099609e+00,-1.248542308807373047e+00,-3.396266698837280273e-01,-1.835171461105346680e+00,-5.178941488265991211e-01,-1.340599536895751953e+00,4.174381732940673828e+00,5.899791121482849121e-01,1.088805675506591797e+00,3.017086982727050781e-01,-4.114196300506591797e+00,-2.172601938247680664e+00,2.611077547073364258e+00
-1.794962882995605469e+00,-2.961590528488159180e+00,-1.835960865020751953e+00,3.330925703048706055e+00,-2.009721517562866211e+00,5.468588829040527344e+00,2.381868362426757812e+00,3.427123129367828369e-01,2.366761565208435059e-01,-2.044570446014404297e+00,2.471602439880371094e+00,-8.147761225700378418e-01,-8.647872209548950195e-01,2.150940418243408203e+00,-1.671097874641418457e-01,-1.216064214706420898e+00,6.866303682327270508e-01,-2.482806921005249023e+00,-2.750441551208496094e+00,1.380971670150756836e+00,2.948823451995849609e+00,-1.927396059036254883e+00,-1.758316397666931152e+00,-9.704070091247558594e-01,7.545081377029418945e-01,-9.984159469604492188e-02,-1.064439654350280762e+00,8.736968040466308594e-03,1.207561731338500977e+00,-1.709145307540893555e+00,1.478990674018859863e+00,-3.142799437046051025e-01,8.861415088176727295e-02,-4.199375629425048828e+00,1.889120936393737793e+00,-1.280018329620361328e+00,-3.168089866638183594e+00,4.234914183616638184e-01,-2.224794626235961914e+00,1.705523490905761719e+00,5.529400706291198730e-01,-2.171427607536315918e-01,4.062053859233856201e-01,1.736215353012084961e+00,1.201586425304412842e-01,-1.390692234039306641e+00,1.862856626510620117e+00,9.210151433944702148e-01,1.740827798843383789e+00,3.184073686599731445e+00,-7.719074487686157227e-01,1.584487438201904297e+00,-1.320189356803894043e+00,-5.731852054595947266e-01,-1.746102571487426758e+00,-7.376840114593505859e-01,-1.132297277450561523e+00,4.428949356079101562e+00,3.385523557662963867e-01,1.043062567710876465e+00,3.320463895797729492e-01,-4.234181880950927734e+00,-2.122278213500976562e+00,2.662082433700561523e+00
-1.962455272674560547e+00,-3.117490530014038086e+00,-1.848162651062011719e+00,3.442041158676147461e+00,-2.269500255584716797e+00,5.273150920867919922e+00,2.206132173538208008e+00,3.331901133060455322e-01,2.163431197404861450e-01,-1.912824511528015137e+00,2.401261806488037109e+00,-5.591046810150146484e-01,-6.978548765182495117e-01,1.835772395133972168e+00,-1.399874687194824219e-03,-9.162854552268981934e-01,4.366067051887512207e-01,-2.492862939834594727e+00,-2.836552143096923828e+00,1.139251112937927246e+00,2.863390922546386719e+00,-2.154820919036865234e+00,-1.868989229202270508e+00,-1.112888455390930176e+00,7.994745373725891113e-01,-1.575771123170852661e-01,-9.322181344032287598e-01,4.018901288509368896e-02,1.151267051696777344e+00,-2.068099975585937500e+00,1.291666507720947266e+00,-5.253453254699707031e-01,1.497633382678031921e-02,-4.210781574249267578e+00,1.795960426330566406e+00,-1.750573039054870605e+00,-3.222296714782714844e+00,4.110749959945678711e-01,-2.583666086196899414e+00,1.743683934211730957e+00,7.801826000213623047e-01,-1.760015040636062622e-01,2.924621701240539551e-01,1.518142461776733398e+00,2.586095631122589111e-01,-1.285272598266601562e+00,1.747909665107727051e+00,9.402713179588317871e-01,1.475798845291137695e+00,3.451033592224121094e+00,-7.034299373626708984e-01,1.778424382209777832e+00,-1.235614657402038574e+00,-3.123611211776733398e-01,-1.931301116943359375e+00,-7.200850844383239746e-01,-1.393012046813964844e+00,4.288634300231933594e+00,4.627325534820556641e-01,9.189884662628173828e-01,5.006982684135437012e-01,-4.197878837585449219e+00,-2.227745294570922852e+00,2.588206529617309570e+00
-1.873459100723266602e+00,-3.033034086227416992e+00,-1.863178849220275879e+00,3.372076511383056641e+00,-2.120960474014282227e+00,5.412833213806152344e+00,2.420314550399780273e+00,1.028702855110168457e-01,2.764714360237121582e-01,-1.835141301155090332e+00,2.445986747741699219e+00,-7.888557910919189453e-01,-8.184658288955688477e-01,1.878656029701232910e+00,-3.818885087966918945e-01,-1.044360876083374023e+00,6.017035841941833496e-01,-2.249358177185058594e+00,-2.575352430343627930e+00,1.027627468109130859e+00,2.955760955810546875e+00,-1.924947142601013184e+00,-2.137052774429321289e+00,-1.208552122116088867e+00,6.947329640388488770e-01,-1.014106571674346924e-01,-8.220102787017822266e-01,-1.665295809507369995e-01,1.306225776672363281e+00,-1.763118505477905273e+00,1.469375371932983398e+00,-4.133467674255371094e-01,1.111247986555099487e-01,-4.360498905181884766e+00,1.593274116516113281e+00,-1.441839218139648438e+00,-3.297207117080688477e+00,3.100212514400482178e-01,-2.196499109268188477e+00,1.536640882492065430e+00,7.123493552207946777e-01,-3.095086812973022461e-01,2.173071056604385376e-01,1.562871217727661133e+00,2.519311308860778809e-01,-1.766947507858276367e+00,1.825116872787475586e+00,7.343373298645019531e-01,1.554226875305175781e+00,3.364307641983032227e+00,-5.207185149192810059e-01,1.968145132064819336e+00,-1.315922856330871582e+00,-2.322011590003967285e-01,-1.727355122566223145e+00,-9.829620122909545898e-01,-1.275820016860961914e+00,4.155844688415527344e+00,2.762743830680847168e-01,8.319127559661865234e-01,3.351184725761413574e-01,-4.249168395996093750e+00,-2.319997549057006836e+00,2.675157785415649414e+00
-2.167828798294067383e+00,-3.109218120574951172e+00,-1.880298137664794922e+00,3.336010694503784180e+00,-2.124412536621093750e+00,5.377698421478271484e+00,2.376280546188354492e+00,2.694172561168670654e-01,3.267383575439453125e-01,-1.918781518936157227e+00,2.217104911804199219e+00,-6.217315196990966797e-01,-1.092094182968139648e+00,1.929988861083984375e+00,-3.045429289340972900e-01,-1.366180419921875000e+00,2.879171371459960938e-01,-2.457348346710205078e+00,-2.675039291381835938e+00,1.275114297866821289e+00,2.950909852981567383e+00,-2.060178518295288086e+00,-2.132133722305297852e+00,-1.285039544105529785e+00,8.961922526359558105e-01,-1.165383681654930115e-01,-1.099188327789306641e+00,-1.779800355434417725e-01,1.080702662467956543e+00,-1.839781165122985840e+00,1.564379334449768066e+00,-3.276517987251281738e-01,9.461313486099243164e-03,-4.403688430786132812e+00,1.849249958992004395e+00,-1.325693249702453613e+00,-3.421769142150878906e+00,3.692392408847808838e-01,-2.610766649246215820e+00,1.680580615997314453e+00,5.230296254158020020e-01,-2.101315110921859741e-01,4.027315676212310791e-01,1.804041981697082520e+00,3.229152560234069824e-01,-1.469187498092651367e+00,1.664336204528808594e+00,7.317968606948852539e-01,1.766402959823608398e+00,3.409219503402709961e+00,-7.955859899520874023e-01,1.831361174583435059e+00,-1.047473907470703125e+00,-4.476771354675292969e-01,-1.923417091369628906e+00,-5.684430599212646484e-01,-1.423262119293212891e+00,4.224627494812011719e+00,7.120300531387329102e-01,8.166612386703491211e-01,4.081969857215881348e-01,-4.228562831878662109e+00,-2.439010143280029297e+00,2.710781097412109375e+00
-2.070944070816040039e+00,-2.964797973632812500e+00,-2.086087226867675781e+00,3.133172512054443359e+00,-2.257644176483154297e+00,5.151788234710693359e+00,2.175714492797851562e+00,1.848806738853454590e-01,2.689826786518096924e-01,-2.171579837799072266e+00,2.216354131698608398e+00,-7.275628447532653809e-01,-1.028127193450927734e+00,2.162225961685180664e+00,-6.401044130325317383e-02,-1.371702551841735840e+00,3.778809309005737305e-01,-2.275641441345214844e+00,-2.811403036117553711e+00,1.070001125335693359e+00,2.669677019119262695e+00,-2.116683006286621094e+00,-2.055786132812500000e+00,-1.201717615127563477e+00,8.116824626922607422e-01,2.031615972518920898e-01,-9.050262570381164551e-01,1.777443438768386841e-01,1.164837598800659180e+00,-1.721839666366577148e+00,1.238508462905883789e+00,-1.305103600025177002e-01,3.789343833923339844e-01,-4.353466987609863281e+00,1.588282585144042969e+00,-1.386412739753723145e+00,-3.420720577239990234e+00,3.848313987255096436e-01,-2.557026386260986328e+00,1.875240802764892578e+00,1.016547918319702148e+00,-2.804866433143615723e-01,5.534697771072387695e-01,1.775375008583068848e+00,1.951989829540252686e-01,-1.347054839134216309e+00,1.851069927215576172e+00,6.703357100486755371e-01,1.776101112365722656e+00,3.570088148117065430e+00,-7.898399829864501953e-01,1.875214219093322754e+00,-1.003399729728698730e+00,-2.157934457063674927e-01,-1.886776208877563477e+00,-9.598592519760131836e-01,-1.479134678840637207e+00,4.111314773559570312e+00,5.973007082939147949e-01,9.153220653533935547e-01,4.328121244907379150e-01,-4.389972686767578125e+00,-2.162651300430297852e+00,2.668635606765747070e+00
-1.729077577590942383e+00,-2.998282194137573242e+00,-2.210039138793945312e+00,3.415174484252929688e+00,-2.045376539230346680e+00,5.118484973907470703e+00,2.437297344207763672e+00,3.760704696178436279e-01,4.264462590217590332e-01,-1.863007545471191406e+00,2.311918258666992188e+00,-5.827580094337463379e-01,-8.519370555877685547e-01,2.191489458084106445e+00,1.536723971366882324e-02,-1.054157972335815430e+00,6.359405517578125000e-01,-2.468653917312622070e+00,-2.879546165466308594e+00,1.177698731422424316e+00,2.558974266052246094e+00,-1.976525306701660156e+00,-2.111430406570434570e+00,-9.568092823028564453e-01,7.729915976524353027e-01,1.453100442886352539e-01,-8.303076028823852539e-01,-1.027284562587738037e-02,1.121108412742614746e+00,-2.021775484085083008e+00,1.148351192474365234e+00,-3.484901189804077148e-01,2.297586202621459961e-02,-4.192541599273681641e+00,1.964974880218505859e+00,-1.623775959014892578e+00,-3.168933153152465820e+00,4.076959490776062012e-01,-2.386325836181640625e+00,1.791528344154357910e+00,6.052278280258178711e-01,-6.025247275829315186e-02,5.932818055152893066e-01,1.475359201431274414e+00,2.794137895107269287e-01,-1.510432004928588867e+00,1.735126376152038574e+00,7.517606616020202637e-01,1.414401531219482422e+00,3.720709323883056641e+00,-9.243971109390258789e-01,1.563717842102050781e+00,-1.288905620574951172e+00,-4.915194511413574219e-01,-1.897965192794799805e+00,-8.603518009185791016e-01,-1.508341193199157715e+00,4.120652675628662109e+00,3.573455512523651123e-01,9.387774467468261719e-01,4.243411421775817871e-01,-4.255861282348632812e+00,-2.150205612182617188e+00,2.498360633850097656e+00
-2.043350934982299805e+00,-3.095704555511474609e+00,-1.872459411621093750e+00,3.242052316665649414e+00,-2.104069948196411133e+00,5.309586524963378906e+00,2.448980808258056641e+00,2.181107252836227417e-01,1.906262487173080444e-01,-1.807012796401977539e+00,2.242594718933105469e+00,-5.976521968841552734e-01,-1.077737689018249512e+00,2.024851560592651367e+00,3.594413399696350098e-02,-1.356683969497680664e+00,3.414866328239440918e-01,-2.382788419723510742e+00,-2.527886152267456055e+00,9.833610653877258301e-01,2.963086843490600586e+00,-1.794914841651916504e+00,-2.008884668350219727e+00,-1.032188653945922852e+00,6.124857664108276367e-01,4.478181898593902588e-02,-1.037754058837890625e+00,2.342820167541503906e-02,1.395592689514160156e+00,-1.734492063522338867e+00,1.316469907760620117e+00,-4.026253819465637207e-01,3.927502632141113281e-01,-4.384208202362060547e+00,1.538651108741760254e+00,-1.597987174987792969e+00,-3.131299495697021484e+00,2.713843584060668945e-01,-2.469037532806396484e+00,1.690818071365356445e+00,8.899857997894287109e-01,-1.202075481414794922e-01,5.744663476943969727e-01,1.429762125015258789e+00,3.002333045005798340e-01,-1.402874827384948730e+00,1.924584627151489258e+00,8.433754444122314453e-01,1.336586236953735352e+00,3.546172142028808594e+00,-7.098192572593688965e-01,1.946945667266845703e+00,-1.181038856506347656e+00,-4.080037176609039307e-01,-1.807817220687866211e+00,-7.156554460525512695e-01,-1.490537405014038086e+00,4.352591991424560547e+00,4.703480601310729980e-01,1.041572809219360352e+00,3.348263204097747803e-01,-4.208269596099853516e+00,-2.485822439193725586e+00,2.488969326019287109e+00
-1.863140463829040527e+00,-2.850889205932617188e+00,-1.797163009643554688e+00,3.367401838302612305e+00,-2.177129268646240234e+00,5.167459487915039062e+00,2.533757448196411133e+00,3.660084605216979980e-01,1.847395896911621094e-01,-1.961223363876342773e+00,2.531261444091796875e+00,-5.604613423347473145e-01,-9.489256143569946289e-01,1.891442060470581055e+00,-1.823081374168395996e-01,-9.695543050765991211e-01,2.816039323806762695e-01,-2.363265275955200195e+00,-2.820058107376098633e+00,1.257995128631591797e+00,2.727250337600708008e+00,-2.051620721817016602e+00,-1.799968123435974121e+00,-1.041865587234497070e+00,8.389288187026977539e-01,1.500543653964996338e-01,-9.201146364212036133e-01,1.708700656890869141e-01,1.221111774444580078e+00,-2.080151081085205078e+00,1.225249052047729492e+00,-4.073356986045837402e-01,4.136262238025665283e-01,-4.355340957641601562e+00,1.894412398338317871e+00,-1.695503115653991699e+00,-3.203753709793090820e+00,7.294428348541259766e-01,-2.310936927795410156e+00,1.639124512672424316e+00,7.286932468414306641e-01,-1.672025471925735474e-01,3.591936826705932617e-01,1.691855669021606445e+00,3.168405890464782715e-01,-1.486295580863952637e+00,2.037435054779052734e+00,8.991271257400512695e-01,1.511513590812683105e+00,3.428925752639770508e+00,-7.328733205795288086e-01,1.733177304267883301e+00,-1.315300464630126953e+00,-5.181925296783447266e-01,-1.686905384063720703e+00,-6.793029904365539551e-01,-1.431209683418273926e+00,4.261718750000000000e+00,6.134325265884399414e-01,7.763085365295410156e-01,4.031525552272796631e-01,-4.166686058044433594e+00,-2.549742460250854492e+00,2.716085672378540039e+00
-1.903418898582458496e+00,-3.181232929229736328e+00,-2.089646577835083008e+00,3.136015653610229492e+00,-2.200179576873779297e+00,5.433228015899658203e+00,2.210642814636230469e+00,3.902429342269897461e-02,1.857953965663909912e-01,-1.895199537277221680e+00,2.373394966125488281e+00,-9.429239630699157715e-01,-1.097731590270996094e+00,2.109368562698364258e+00,-2.925205528736114502e-01,-1.161680579185485840e+00,5.482535362243652344e-01,-2.352052211761474609e+00,-2.546220779418945312e+00,1.194531559944152832e+00,2.838331699371337891e+00,-2.063332796096801758e+00,-1.843617558479309082e+00,-1.352937698364257812e+00,7.467249631881713867e-01,2.942955493927001953e-01,-1.095795750617980957e+00,4.771997034549713135e-02,1.365233540534973145e+00,-1.863138675689697266e+00,1.350036501884460449e+00,-3.707543313503265381e-01,4.562230706214904785e-01,-4.081279277801513672e+00,1.821333408355712891e+00,-1.498769164085388184e+00,-3.408043146133422852e+00,7.172985076904296875e-01,-2.238289117813110352e+00,1.799200177192687988e+00,8.103555440902709961e-01,-1.721882671117782593e-01,3.369618654251098633e-01,1.739308595657348633e+00,2.026430070400238037e-01,-1.578447222709655762e+00,1.702761530876159668e+00,7.525690793991088867e-01,1.368467092514038086e+00,3.373778343200683594e+00,-5.347563028335571289e-01,1.969964385032653809e+00,-1.144532322883605957e+00,-2.412582039833068848e-01,-1.790339350700378418e+00,-9.697452783584594727e-01,-1.259573698043823242e+00,4.158160209655761719e+00,5.994820594787597656e-01,7.538362741470336914e-01,5.589151382446289062e-01,-4.305697441101074219e+00,-2.444632530212402344e+00,2.574186086654663086e+00
-2.126964330673217773e+00,-2.987534523010253906e+00,-2.163159132003784180e+00,3.235818624496459961e+00,-2.246723413467407227e+00,5.438508033752441406e+00,2.424337387084960938e+00,1.780011206865310669e-01,4.948665499687194824e-01,-1.775763273239135742e+00,2.204548835754394531e+00,-7.701584100723266602e-01,-7.266426086425781250e-01,1.879215717315673828e+00,-1.811230182647705078e-02,-1.293479204177856445e+00,4.475523829460144043e-01,-2.186079502105712891e+00,-2.682898521423339844e+00,1.223420858383178711e+00,2.843894958496093750e+00,-1.798600792884826660e+00,-1.748689889907836914e+00,-1.196800827980041504e+00,1.064506769180297852e+00,-6.812468171119689941e-03,-1.124344110488891602e+00,-1.634339541196823120e-01,1.286545753479003906e+00,-1.897803902626037598e+00,1.511806011199951172e+00,-3.645745813846588135e-01,6.885652244091033936e-02,-4.254223346710205078e+00,1.832158446311950684e+00,-1.571297049522399902e+00,-3.358653306961059570e+00,6.985937952995300293e-01,-2.215704679489135742e+00,1.427667617797851562e+00,8.836529254913330078e-01,-6.866243481636047363e-02,5.569094419479370117e-01,1.766471147537231445e+00,4.333199560642242432e-01,-1.452974796295166016e+00,1.930519938468933105e+00,6.843498945236206055e-01,1.444880247116088867e+00,3.342028141021728516e+00,-8.936194777488708496e-01,1.607170820236206055e+00,-9.974154233932495117e-01,-4.150941967964172363e-01,-1.806841731071472168e+00,-6.658887267112731934e-01,-1.309843301773071289e+00,4.257660865783691406e+00,6.788510084152221680e-01,1.099410295486450195e+00,2.108817994594573975e-01,-4.315152168273925781e+00,-2.385213375091552734e+00,2.559702396392822266e+00
-2.069563627243041992e+00,-3.309655427932739258e+00,-2.174960374832153320e+00,3.189471483230590820e+00,-2.080220222473144531e+00,5.146909236907958984e+00,2.131031513214111328e+00,1.794823408126831055e-01,3.933361768722534180e-01,-2.031350851058959961e+00,2.599231243133544922e+00,-8.833554387092590332e-01,-8.673105239868164062e-01,2.052611351013183594e+00,-6.736606359481811523e-03,-1.039932370185852051e+00,5.323392152786254883e-01,-2.313165426254272461e+00,-2.592568159103393555e+00,9.196828603744506836e-01,2.805970668792724609e+00,-1.982308149337768555e+00,-1.719132184982299805e+00,-1.220535159111022949e+00,9.475077390670776367e-01,1.669351756572723389e-01,-1.028208732604980469e+00,6.800507009029388428e-02,1.207270383834838867e+00,-2.134128808975219727e+00,1.466191411018371582e+00,-1.660460978746414185e-01,-6.486676633358001709e-03,-4.289497852325439453e+00,1.848770141601562500e+00,-1.580608487129211426e+00,-3.325739622116088867e+00,6.974022388458251953e-01,-2.644851684570312500e+00,1.382459282875061035e+00,6.510630846023559570e-01,-2.566364109516143799e-01,2.411924451589584351e-01,1.658241748809814453e+00,3.294115066528320312e-01,-1.601745963096618652e+00,1.855310440063476562e+00,7.035277485847473145e-01,1.424107432365417480e+00,3.265118837356567383e+00,-7.668206691741943359e-01,1.570566654205322266e+00,-1.025683641433715820e+00,-1.873228847980499268e-01,-2.056486606597900391e+00,-6.924669146537780762e-01,-1.320461988449096680e+00,4.381277084350585938e+00,4.124180674552917480e-01,7.875179648399353027e-01,4.189918339252471924e-01,-4.120871543884277344e+00,-2.223241806030273438e+00,2.601185560226440430e+00
-1.886729478836059570e+00,-3.135263919830322266e+00,-1.977574706077575684e+00,3.371143102645874023e+00,-2.304145336151123047e+00,5.037777423858642578e+00,2.408292055130004883e+00,1.567631512880325317e-01,4.987587928771972656e-01,-2.030202865600585938e+00,2.631123781204223633e+00,-6.383358240127563477e-01,-9.794042110443115234e-01,1.914860606193542480e+00,-9.666514396667480469e-02,-1.147840499877929688e+00,5.537586212158203125e-01,-2.320881605148315430e+00,-2.861356496810913086e+00,1.274769783020019531e+00,2.937679052352905273e+00,-2.041112899780273438e+00,-2.001508951187133789e+00,-1.301666617393493652e+00,8.863289356231689453e-01,-3.101894259452819824e-02,-9.852741956710815430e-01,-2.353833168745040894e-01,1.107706308364868164e+00,-1.827582716941833496e+00,1.236431837081909180e+00,-4.225202500820159912e-01,1.417368054389953613e-01,-4.509035110473632812e+00,1.523215293884277344e+00,-1.323787212371826172e+00,-3.451527595520019531e+00,7.678934931755065918e-01,-2.526084423065185547e+00,1.761833667755126953e+00,6.596963405609130859e-01,-3.466684818267822266e-01,4.180890619754791260e-01,1.442938327789306641e+00,1.727944612503051758e-01,-1.601594328880310059e+00,2.034306526184082031e+00,8.064807057380676270e-01,1.488358616828918457e+00,3.410087585449218750e+00,-8.036855459213256836e-01,1.657052636146545410e+00,-1.094421625137329102e+00,-4.749423563480377197e-01,-1.701902389526367188e+00,-7.385989427566528320e-01,-1.481327295303344727e+00,4.131926536560058594e+00,6.056894063949584961e-01,1.073000073432922363e+00,3.302217721939086914e-01,-4.068418979644775391e+00,-2.134323120117187500e+00,2.620944976806640625e+00
-2.177618980407714844e+00,-2.889011859893798828e+00,-1.922792315483093262e+00,3.238462209701538086e+00,-2.167366743087768555e+00,5.224378585815429688e+00,2.527126312255859375e+00,1.499068588018417358e-01,2.153819799423217773e-01,-1.891155838966369629e+00,2.559128999710083008e+00,-5.558439493179321289e-01,-1.002542376518249512e+00,1.888356804847717285e+00,7.595318555831909180e-02,-1.328168392181396484e+00,2.941923737525939941e-01,-2.221001625061035156e+00,-2.918202161788940430e+00,1.101676821708679199e+00,2.839507341384887695e+00,-2.030860185623168945e+00,-1.755875349044799805e+00,-1.162419915199279785e+00,7.666592597961425781e-01,2.810403406620025635e-01,-1.044935226440429688e+00,4.305541515350341797e-03,1.354028463363647461e+00,-1.977316617965698242e+00,1.439030885696411133e+00,-4.498744606971740723e-01,4.525910019874572754e-01,-4.441369056701660156e+00,1.721872091293334961e+00,-1.575731992721557617e+00,-3.440892457962036133e+00,3.454604744911193848e-01,-2.467287540435791016e+00,1.545698523521423340e+00,9.472575783729553223e-01,-5.881832540035247803e-02,4.233204424381256104e-01,1.485428333282470703e+00,2.959181070327758789e-01,-1.719676852226257324e+00,2.007690906524658203e+00,8.947079181671142578e-01,1.462630033493041992e+00,3.611382722854614258e+00,-8.251278400421142578e-01,1.746859312057495117e+00,-1.172901034355163574e+00,-2.309659272432327271e-01,-1.981679201126098633e+00,-7.525009512901306152e-01,-1.486753702163696289e+00,4.397822856903076172e+00,6.593516469001770020e-01,9.421613216400146484e-01,4.997224807739257812e-01,-4.064543247222900391e+00,-2.469816923141479492e+00,2.511227130889892578e+00
-2.140180587768554688e+00,-2.926344633102416992e+00,-2.059154272079467773e+00,3.315672874450683594e+00,-1.927083492279052734e+00,5.511151313781738281e+00,2.469840526580810547e+00,1.595139354467391968e-01,2.338320910930633545e-01,-1.896846055984497070e+00,2.469978809356689453e+00,-5.997092723846435547e-01,-9.689085483551025391e-01,2.029372215270996094e+00,-4.771912097930908203e-02,-9.612805247306823730e-01,7.197067737579345703e-01,-2.127110958099365234e+00,-2.669815301895141602e+00,1.180695533752441406e+00,2.789905548095703125e+00,-1.991328001022338867e+00,-1.956602334976196289e+00,-1.248073577880859375e+00,8.725739121437072754e-01,2.180887460708618164e-01,-9.410805702209472656e-01,1.569525748491287231e-01,1.418726086616516113e+00,-1.985363841056823730e+00,1.490216493606567383e+00,-2.081232219934463501e-01,2.540407776832580566e-01,-4.079313278198242188e+00,1.720141291618347168e+00,-1.357568502426147461e+00,-3.179949522018432617e+00,4.282793104648590088e-01,-2.355216503143310547e+00,1.548329472541809082e+00,8.525715470314025879e-01,-5.664171278476715088e-02,3.655029535293579102e-01,1.444853305816650391e+00,2.294161915779113770e-01,-1.533192873001098633e+00,1.808708071708679199e+00,7.885388731956481934e-01,1.683959007263183594e+00,3.683395385742187500e+00,-8.415141105651855469e-01,1.928844332695007324e+00,-1.170847058296203613e+00,-2.294707596302032471e-01,-2.095058679580688477e+00,-5.995744466781616211e-01,-1.208095908164978027e+00,4.127523422241210938e+00,5.799199938774108887e-01,7.612231373786926270e-01,6.624823808670043945e-01,-4.338407039642333984e+00,-2.493772745132446289e+00,2.451764345169067383e+00
-1.986421585083007812e+00,-3.099266767501831055e+00,-1.879973649978637695e+00,3.465137958526611328e+00,-1.948464989662170410e+00,5.387067317962646484e+00,2.513357877731323242e+00,7.057496905326843262e-02,1.229792833328247070e-01,-2.181295871734619141e+00,2.236942768096923828e+00,-7.515321969985961914e-01,-6.965854763984680176e-01,1.807836651802062988e+00,-3.402665853500366211e-01,-9.376764297485351562e-01,3.380867838859558105e-01,-2.291197776794433594e+00,-2.624454975128173828e+00,1.066323757171630859e+00,2.536805152893066406e+00,-1.915722370147705078e+00,-1.743970155715942383e+00,-1.158853173255920410e+00,1.028233170509338379e+00,1.735574901103973389e-01,-8.631926774978637695e-01,2.251258790493011475e-01,1.308650255203247070e+00,-1.925428628921508789e+00,1.189292073249816895e+00,-3.464653491973876953e-01,1.858384609222412109e-01,-4.157397270202636719e+00,1.682752490043640137e+00,-1.690012216567993164e+00,-3.110052108764648438e+00,3.968699872493743896e-01,-2.302616119384765625e+00,1.674923539161682129e+00,7.172069549560546875e-01,-1.407607048749923706e-01,3.929372429847717285e-01,1.457504630088806152e+00,1.515915989875793457e-02,-1.618395328521728516e+00,1.656929016113281250e+00,1.070494771003723145e+00,1.367530703544616699e+00,3.588757514953613281e+00,-9.520675539970397949e-01,1.603416562080383301e+00,-1.045806884765625000e+00,-4.102909266948699951e-01,-1.676266908645629883e+00,-6.114030480384826660e-01,-1.207020282745361328e+00,4.425470352172851562e+00,4.595921635627746582e-01,1.110123991966247559e+00,3.077086210250854492e-01,-4.147879123687744141e+00,-2.309131145477294922e+00,2.714002370834350586e+00
-2.076618194580078125e+00,-2.944986820220947266e+00,-1.836789846420288086e+00,3.366294860839843750e+00,-2.197924375534057617e+00,5.136849880218505859e+00,2.307146787643432617e+00,2.793112695217132568e-01,2.926910817623138428e-01,-1.806136369705200195e+00,2.626246929168701172e+00,-8.972677588462829590e-01,-8.753756284713745117e-01,2.127150774002075195e+00,5.644294619560241699e-02,-1.107366085052490234e+00,3.920581936836242676e-01,-2.016817331314086914e+00,-2.901827573776245117e+00,1.053540825843811035e+00,2.615406751632690430e+00,-1.768192648887634277e+00,-1.765128850936889648e+00,-1.294083237648010254e+00,9.919338822364807129e-01,2.528523504734039307e-01,-1.075015068054199219e+00,-7.982426881790161133e-02,1.276203632354736328e+00,-2.029376029968261719e+00,1.244407773017883301e+00,-3.322043418884277344e-01,3.456454277038574219e-01,-4.145819664001464844e+00,1.516634464263916016e+00,-1.498762965202331543e+00,-3.273892402648925781e+00,3.603493869304656982e-01,-2.387998580932617188e+00,1.776247382164001465e+00,9.394537806510925293e-01,-1.941528171300888062e-01,1.970610320568084717e-01,1.715393900871276855e+00,4.309399127960205078e-01,-1.540719151496887207e+00,1.747931480407714844e+00,8.318924307823181152e-01,1.497301101684570312e+00,3.475248813629150391e+00,-7.485679388046264648e-01,1.590624928474426270e+00,-1.037549734115600586e+00,-1.783887296915054321e-01,-1.703804373741149902e+00,-5.612947344779968262e-01,-1.129799604415893555e+00,4.325850009918212891e+00,5.848175883293151855e-01,7.922993898391723633e-01,2.578493356704711914e-01,-4.131670475006103516e+00,-2.428887367248535156e+00,2.788611888885498047e+00
-2.002347230911254883e+00,-3.032693624496459961e+00,-1.948470711708068848e+00,3.381149530410766602e+00,-2.106335878372192383e+00,5.177751064300537109e+00,2.125716209411621094e+00,4.023782312870025635e-01,3.858570754528045654e-01,-1.759482383728027344e+00,2.327639579772949219e+00,-7.815748453140258789e-01,-8.647263050079345703e-01,2.123246431350708008e+00,-8.772760629653930664e-03,-1.289956331253051758e+00,7.712255120277404785e-01,-2.266219854354858398e+00,-2.867540359497070312e+00,9.331070780754089355e-01,2.746038198471069336e+00,-2.003645181655883789e+00,-1.933486223220825195e+00,-9.924945235252380371e-01,9.899999499320983887e-01,6.123977899551391602e-02,-6.838792562484741211e-01,-1.333262026309967041e-02,1.093844175338745117e+00,-2.043702840805053711e+00,1.478187084197998047e+00,-2.730331718921661377e-01,1.241839826107025146e-01,-3.999022722244262695e+00,1.900905251502990723e+00,-1.716262936592102051e+00,-3.505586862564086914e+00,6.672524809837341309e-01,-2.210071086883544922e+00,1.403402209281921387e+00,6.623444557189941406e-01,-1.047732979059219360e-01,4.650215506553649902e-01,1.865126371383666992e+00,3.962815999984741211e-01,-1.443806529045104980e+00,1.890942692756652832e+00,6.874030232429504395e-01,1.722697615623474121e+00,3.407460212707519531e+00,-7.253531217575073242e-01,1.912951111793518066e+00,-1.276054382324218750e+00,-3.843438327312469482e-01,-1.761576294898986816e+00,-7.311439514160156250e-01,-1.233195066452026367e+00,4.410997390747070312e+00,6.244671344757080078e-01,1.081183910369873047e+00,2.974221706390380859e-01,-4.184739589691162109e+00,-2.405615806579589844e+00,2.282183408737182617e+00
-1.929154872894287109e+00,-3.129312276840209961e+00,-1.963073611259460449e+00,3.335875034332275391e+00,-2.032261371612548828e+00,5.334116458892822266e+00,2.233811855316162109e+00,1.084548830986022949e-01,1.167351305484771729e-01,-1.764700412750244141e+00,2.331281661987304688e+00,-6.581997275352478027e-01,-7.949721813201904297e-01,2.288076162338256836e+00,-2.342986762523651123e-01,-1.353316664695739746e+00,4.387471079826354980e-01,-2.337757349014282227e+00,-2.863562583923339844e+00,1.015265345573425293e+00,2.571863412857055664e+00,-1.789103746414184570e+00,-1.919846415519714355e+00,-1.193302869796752930e+00,8.126100301742553711e-01,-1.544748991727828979e-02,-1.078549981117248535e+00,-6.027136743068695068e-02,1.232841968536376953e+00,-2.027247190475463867e+00,1.225228548049926758e+00,-4.859411716461181641e-01,4.008337259292602539e-01,-4.214577198028564453e+00,1.825473070144653320e+00,-1.673994660377502441e+00,-3.342635154724121094e+00,6.859632134437561035e-01,-2.309716224670410156e+00,1.579083204269409180e+00,6.997484564781188965e-01,-5.595982074737548828e-03,2.802751660346984863e-01,1.790234684944152832e+00,1.134025752544403076e-01,-1.582555890083312988e+00,1.795057296752929688e+00,8.619576692581176758e-01,1.637397289276123047e+00,3.558448314666748047e+00,-8.763936758041381836e-01,1.668022751808166504e+00,-1.211213946342468262e+00,-1.789232492446899414e-01,-1.893784523010253906e+00,-8.398669362068176270e-01,-1.288801074028015137e+00,4.201682567596435547e+00,6.268568634986877441e-01,8.536394834518432617e-01,6.342945098876953125e-01,-4.102094650268554688e+00,-2.374177455902099609e+00,2.436814546585083008e+00
-1.843080043792724609e+00,-2.978925466537475586e+00,-1.975236654281616211e+00,3.252059698104858398e+00,-2.295785665512084961e+00,5.171573638916015625e+00,2.580428600311279297e+00,1.901593953371047974e-01,3.314018547534942627e-01,-1.986588478088378906e+00,2.580865383148193359e+00,-6.670190691947937012e-01,-7.680482864379882812e-01,1.836379408836364746e+00,-1.297928094863891602e-01,-1.284942150115966797e+00,5.546945929527282715e-01,-2.417475700378417969e+00,-2.527091503143310547e+00,1.220423102378845215e+00,2.961689472198486328e+00,-1.884865283966064453e+00,-1.977854013442993164e+00,-1.039190769195556641e+00,7.742608785629272461e-01,-2.224436402320861816e-02,-1.112567901611328125e+00,2.282917499542236328e-03,1.030001401901245117e+00,-2.028217315673828125e+00,1.438329577445983887e+00,-2.863256037235260010e-01,1.442898809909820557e-01,-4.116375923156738281e+00,1.784512042999267578e+00,-1.645125150680541992e+00,-3.315906763076782227e+00,4.859200417995452881e-01,-2.192173719406127930e+00,1.708744168281555176e+00,6.470955610275268555e-01,-5.337633192539215088e-02,2.263494729995727539e-01,1.485342741012573242e+00,7.962638139724731445e-02,-1.543475747108459473e+00,1.731534123420715332e+00,1.064601302146911621e+00,1.362783193588256836e+00,3.218332052230834961e+00,-6.498800516128540039e-01,1.963332772254943848e+00,-9.868869185447692871e-01,-2.216095328330993652e-01,-2.051280021667480469e+00,-7.113727927207946777e-01,-1.286267757415771484e+00,4.338816165924072266e+00,5.234805941581726074e-01,1.176858782768249512e+00,1.974725127220153809e-01,-4.136550903320312500e+00,-2.366659879684448242e+00,2.455081224441528320e+00
-2.151643991470336914e+00,-3.220958471298217773e+00,-1.827932476997375488e+00,3.451744556427001953e+00,-2.297043323516845703e+00,5.478727817535400391e+00,2.427892446517944336e+00,1.636004000902175903e-01,4.317725896835327148e-01,-2.084557056427001953e+00,2.549479007720947266e+00,-9.392018318176269531e-01,-8.552150130271911621e-01,1.912387132644653320e+00,-2.363122105598449707e-01,-1.169686555862426758e+00,6.690572500228881836e-01,-2.471662044525146484e+00,-2.975612163543701172e+00,9.460849761962890625e-01,2.648620605468750000e+00,-1.757091522216796875e+00,-2.051631212234497070e+00,-1.137571692466735840e+00,9.431223273277282715e-01,2.647066116333007812e-01,-1.137299060821533203e+00,-1.073056757450103760e-01,1.016053557395935059e+00,-1.798033237457275391e+00,1.159130692481994629e+00,-1.785969734191894531e-01,1.885750442743301392e-01,-4.157957077026367188e+00,1.759442210197448730e+00,-1.543803453445434570e+00,-3.375797271728515625e+00,4.247828125953674316e-01,-2.149594783782958984e+00,1.669213414192199707e+00,6.869034171104431152e-01,-2.928036153316497803e-01,3.539572954177856445e-01,1.562506318092346191e+00,2.822405099868774414e-02,-1.715764641761779785e+00,1.722045898437500000e+00,9.870879650115966797e-01,1.470501422882080078e+00,3.289675951004028320e+00,-8.433749079704284668e-01,1.731612205505371094e+00,-1.062875032424926758e+00,-5.409805178642272949e-01,-2.073636293411254883e+00,-7.907935380935668945e-01,-1.324449896812438965e+00,4.194117546081542969e+00,3.114151358604431152e-01,1.146297454833984375e+00,4.019821882247924805e-01,-4.076138496398925781e+00,-2.227658748626708984e+00,2.771350622177124023e+00
-1.749661564826965332e+00,-3.246085405349731445e+00,-1.929083347320556641e+00,3.098356485366821289e+00,-2.170674562454223633e+00,5.070808887481689453e+00,2.439755916595458984e+00,3.874716758728027344e-01,1.448754668235778809e-01,-1.920869350433349609e+00,2.559838771820068359e+00,-6.646137833595275879e-01,-6.684739589691162109e-01,2.152693510055541992e+00,-3.203574419021606445e-01,-1.290617704391479492e+00,5.714064836502075195e-01,-2.261245727539062500e+00,-2.540892839431762695e+00,1.146901845932006836e+00,2.657812595367431641e+00,-2.031595468521118164e+00,-1.812114238739013672e+00,-1.006144523620605469e+00,8.688806295394897461e-01,-6.727939844131469727e-02,-8.203510046005249023e-01,-6.499777734279632568e-02,1.266845941543579102e+00,-1.893055081367492676e+00,1.416974782943725586e+00,-3.806710541248321533e-01,1.708227694034576416e-01,-4.208475589752197266e+00,1.728612422943115234e+00,-1.543634295463562012e+00,-3.389152765274047852e+00,6.883788704872131348e-01,-2.182761192321777344e+00,1.787650942802429199e+00,6.079787611961364746e-01,-8.504748344421386719e-02,3.498180806636810303e-01,1.861782550811767578e+00,1.201942265033721924e-01,-1.602011561393737793e+00,1.835231661796569824e+00,7.573139071464538574e-01,1.655022740364074707e+00,3.232638835906982422e+00,-8.213489055633544922e-01,1.781143069267272949e+00,-1.270034551620483398e+00,-4.441684484481811523e-01,-1.888038158416748047e+00,-6.902719140052795410e-01,-1.450446724891662598e+00,4.079131126403808594e+00,5.647037625312805176e-01,7.709783911705017090e-01,4.132962822914123535e-01,-4.056060314178466797e+00,-2.340563297271728516e+00,2.564767360687255859e+00
-2.088672637939453125e+00,-2.879434108734130859e+00,-2.023687601089477539e+00,3.388545751571655273e+00,-2.268909692764282227e+00,5.260903835296630859e+00,2.333147525787353516e+00,2.782208621501922607e-01,2.444377094507217407e-01,-1.928428888320922852e+00,2.372205972671508789e+00,-5.623686909675598145e-01,-1.145211815834045410e+00,1.965793490409851074e+00,-2.975454628467559814e-01,-9.899099469184875488e-01,4.727409183979034424e-01,-2.230416297912597656e+00,-2.648951530456542969e+00,1.167358756065368652e+00,2.698533535003662109e+00,-2.111278295516967773e+00,-2.029067754745483398e+00,-1.292328953742980957e+00,8.895431756973266602e-01,-1.409147828817367554e-01,-1.016951203346252441e+00,-9.151220321655273438e-03,1.345410585403442383e+00,-1.876772284507751465e+00,1.356101512908935547e+00,-3.970295786857604980e-01,2.730119228363037109e-01,-4.160614490509033203e+00,1.575810194015502930e+00,-1.683765888214111328e+00,-3.140751361846923828e+00,3.793085515499114990e-01,-2.457527637481689453e+00,1.720075011253356934e+00,9.716104865074157715e-01,-1.794254928827285767e-01,5.434338450431823730e-01,1.549663662910461426e+00,4.498657286167144775e-01,-1.350465297698974609e+00,2.026474237442016602e+00,1.027140259742736816e+00,1.507477641105651855e+00,3.399446249008178711e+00,-7.941081523895263672e-01,1.758365631103515625e+00,-9.905183315277099609e-01,-4.675582945346832275e-01,-1.693274378776550293e+00,-9.178586602210998535e-01,-1.237834453582763672e+00,4.184932231903076172e+00,5.666425228118896484e-01,8.043328523635864258e-01,6.966189146041870117e-01,-4.233142375946044922e+00,-2.333500623703002930e+00,2.619229078292846680e+00
-2.072522640228271484e+00,-3.114915609359741211e+00,-2.102460861206054688e+00,3.290169477462768555e+00,-2.145677566528320312e+00,5.157248973846435547e+00,2.482228994369506836e+00,1.598199307918548584e-01,1.588626205921173096e-01,-2.095560312271118164e+00,2.247861623764038086e+00,-6.882591843605041504e-01,-1.024143695831298828e+00,1.918391227722167969e+00,-3.633382320404052734e-01,-1.173033595085144043e+00,6.633815169334411621e-01,-2.401976823806762695e+00,-2.702374935150146484e+00,1.348089694976806641e+00,2.834929466247558594e+00,-1.870881080627441406e+00,-1.734377622604370117e+00,-9.317005872726440430e-01,1.049841284751892090e+00,3.008641600608825684e-01,-1.068670153617858887e+00,3.237518668174743652e-02,1.212458729743957520e+00,-2.045028209686279297e+00,1.292617321014404297e+00,-1.906035244464874268e-01,2.722831964492797852e-01,-4.104355335235595703e+00,1.764370679855346680e+00,-1.509040117263793945e+00,-3.094280719757080078e+00,6.904801130294799805e-01,-2.505656480789184570e+00,1.792584657669067383e+00,8.971279859542846680e-01,-3.268707692623138428e-01,3.590836524963378906e-01,1.739578127861022949e+00,1.421499550342559814e-01,-1.587327480316162109e+00,1.752144813537597656e+00,1.023213148117065430e+00,1.389644384384155273e+00,3.554893493652343750e+00,-7.781069278717041016e-01,1.631847858428955078e+00,-1.320599555969238281e+00,-2.667517364025115967e-01,-1.669386863708496094e+00,-5.820721983909606934e-01,-1.268132686614990234e+00,4.117545127868652344e+00,4.903760552406311035e-01,9.466172456741333008e-01,2.778582870960235596e-01,-4.246171474456787109e+00,-2.245797634124755859e+00,2.511711597442626953e+00
-1.753705978393554688e+00,-2.998852014541625977e+00,-1.707682847976684570e+00,3.262160539627075195e+00,-2.262826681137084961e+00,5.312018871307373047e+00,2.477218151092529297e+00,2.994751036167144775e-01,4.380531311035156250e-01,-2.025486946105957031e+00,2.521984100341796875e+00,-7.077187895774841309e-01,-7.864080071449279785e-01,2.144164085388183594e+00,-5.431982874870300293e-02,-1.328835725784301758e+00,6.265219449996948242e-01,-2.329719066619873047e+00,-2.701230764389038086e+00,9.871711134910583496e-01,2.701165676116943359e+00,-1.945623159408569336e+00,-1.895350217819213867e+00,-1.128933668136596680e+00,8.529354333877563477e-01,2.037743031978607178e-01,-1.064315199851989746e+00,8.076542615890502930e-02,1.041819930076599121e+00,-1.894142031669616699e+00,1.547271847724914551e+00,-1.753843724727630615e-01,3.596595823764801025e-01,-4.106664657592773438e+00,1.624028205871582031e+00,-1.449603796005249023e+00,-3.167232751846313477e+00,5.220628976821899414e-01,-2.293725728988647461e+00,1.772173404693603516e+00,8.495415449142456055e-01,-1.027215570211410522e-01,6.333946585655212402e-01,1.554785966873168945e+00,2.573340535163879395e-01,-1.596829414367675781e+00,1.755352854728698730e+00,9.475326538085937500e-01,1.728371500968933105e+00,3.599327087402343750e+00,-6.925343275070190430e-01,1.600885391235351562e+00,-9.471950531005859375e-01,-1.315216720104217529e-01,-1.782969594001770020e+00,-7.825933098793029785e-01,-1.150314331054687500e+00,4.258717536926269531e+00,6.838412284851074219e-01,9.873583316802978516e-01,4.438551366329193115e-01,-4.204206466674804688e+00,-2.347672224044799805e+00,2.695094823837280273e+00
-1.844316005706787109e+00,-3.014767646789550781e+00,-1.942206978797912598e+00,3.427106857299804688e+00,-1.961101412773132324e+00,5.021005630493164062e+00,2.389958381652832031e+00,4.288350939750671387e-01,2.928092479705810547e-01,-2.045275688171386719e+00,2.225599765777587891e+00,-9.624541997909545898e-01,-8.570628166198730469e-01,1.869246721267700195e+00,-2.992180287837982178e-01,-1.258686423301696777e+00,3.631693720817565918e-01,-2.461385726928710938e+00,-2.976092576980590820e+00,9.005705714225769043e-01,2.613153457641601562e+00,-2.204695940017700195e+00,-1.981453180313110352e+00,-1.289887189865112305e+00,9.794471859931945801e-01,-6.534422188997268677e-02,-9.116984605789184570e-01,1.945518851280212402e-01,1.399864673614501953e+00,-1.932689905166625977e+00,1.229162454605102539e+00,-1.139976978302001953e-01,2.502584159374237061e-01,-4.124012470245361328e+00,1.585389614105224609e+00,-1.544631242752075195e+00,-3.398368597030639648e+00,5.430566072463989258e-01,-2.347858905792236328e+00,1.389125943183898926e+00,9.276427626609802246e-01,4.278843104839324951e-02,2.149520665407180786e-01,1.381706595420837402e+00,1.696546673774719238e-01,-1.389470696449279785e+00,1.742993593215942383e+00,1.017780065536499023e+00,1.385456323623657227e+00,3.494948863983154297e+00,-5.667784214019775391e-01,1.834994673728942871e+00,-1.366011500358581543e+00,-1.867581158876419067e-01,-1.704514503479003906e+00,-8.039960861206054688e-01,-1.388986706733703613e+00,4.286874771118164062e+00,6.444858312606811523e-01,9.947589635848999023e-01,2.417066097259521484e-01,-4.370837211608886719e+00,-2.254689931869506836e+00,2.693428277969360352e+00
-2.083973169326782227e+00,-2.865164518356323242e+00,-1.893034934997558594e+00,3.427755355834960938e+00,-2.356827974319458008e+00,5.067289829254150391e+00,2.500403404235839844e+00,4.541178643703460693e-01,3.455215096473693848e-01,-1.857374072074890137e+00,2.331835031509399414e+00,-7.772722840309143066e-01,-1.133937716484069824e+00,1.830388307571411133e+00,-1.613536477088928223e-01,-1.232795834541320801e+00,1.843905746936798096e-01,-2.198419809341430664e+00,-2.909820556640625000e+00,1.051063418388366699e+00,2.827740669250488281e+00,-1.886117100715637207e+00,-1.783077359199523926e+00,-1.236861467361450195e+00,6.297663450241088867e-01,-8.003863692283630371e-02,-8.506047725677490234e-01,2.453979849815368652e-02,1.365423917770385742e+00,-1.778319597244262695e+00,1.312195897102355957e+00,-3.201327323913574219e-01,2.309982031583786011e-01,-4.119635105133056641e+00,1.673564195632934570e+00,-1.387797594070434570e+00,-3.425362348556518555e+00,4.123303294181823730e-01,-2.582929134368896484e+00,1.779052734375000000e+00,6.570033431053161621e-01,2.282950282096862793e-02,3.275368213653564453e-01,1.736425399780273438e+00,2.706707715988159180e-01,-1.391568899154663086e+00,1.694859385490417480e+00,1.004486322402954102e+00,1.665412664413452148e+00,3.358074188232421875e+00,-6.142851710319519043e-01,1.895498514175415039e+00,-1.352592349052429199e+00,-5.934013724327087402e-01,-1.725993752479553223e+00,-8.637362122535705566e-01,-1.176381826400756836e+00,4.347841739654541016e+00,6.782084703445434570e-01,8.208185434341430664e-01,6.380434632301330566e-01,-4.166208744049072266e+00,-2.230227231979370117e+00,2.576143026351928711e+00
-2.088972330093383789e+00,-3.091413974761962891e+00,-2.069442987442016602e+00,3.384484529495239258e+00,-2.163156747817993164e+00,5.315789222717285156e+00,2.316429138183593750e+00,2.519630789756774902e-01,1.203547567129135132e-01,-1.801811695098876953e+00,2.253793239593505859e+00,-9.197195768356323242e-01,-1.096680879592895508e+00,2.215365886688232422e+00,-2.511740326881408691e-01,-1.100807785987854004e+00,4.322525858879089355e-01,-2.145248174667358398e+00,-2.825568675994873047e+00,1.291498064994812012e+00,2.827225923538208008e+00,-2.114974737167358398e+00,-2.123693943023681641e+00,-1.305247187614440918e+00,9.075175523757934570e-01,-3.134925663471221924e-02,-1.033827185630798340e+00,-1.078953742980957031e-01,1.284620523452758789e+00,-1.942315936088562012e+00,1.153981924057006836e+00,-4.738711118698120117e-01,9.737357497215270996e-03,-4.422960281372070312e+00,1.790615677833557129e+00,-1.308580279350280762e+00,-3.379913806915283203e+00,6.365060210227966309e-01,-2.268293619155883789e+00,1.751969575881958008e+00,7.880282402038574219e-01,-1.233761459589004517e-01,4.867197275161743164e-01,1.530213952064514160e+00,1.090636253356933594e-01,-1.533964753150939941e+00,2.039425134658813477e+00,1.067066073417663574e+00,1.322537183761596680e+00,3.621459245681762695e+00,-7.256150841712951660e-01,1.659505009651184082e+00,-1.353277206420898438e+00,-4.356350600719451904e-01,-1.944802999496459961e+00,-8.082565665245056152e-01,-1.225749254226684570e+00,4.181190490722656250e+00,4.050229191780090332e-01,8.689070940017700195e-01,4.020592272281646729e-01,-4.275778770446777344e+00,-2.309820652008056641e+00,2.689550638198852539e+00
-1.945842862129211426e+00,-2.835374355316162109e+00,-1.918591737747192383e+00,3.506692171096801758e+00,-2.017840623855590820e+00,5.410907268524169922e+00,2.521208286285400391e+00,3.558580577373504639e-01,5.888304114341735840e-02,-2.093994855880737305e+00,2.633009195327758789e+00,-9.379347562789916992e-01,-1.084897398948669434e+00,2.252933740615844727e+00,-3.303712606430053711e-01,-1.196803808212280273e+00,6.848260760307312012e-01,-2.175100326538085938e+00,-2.879250764846801758e+00,1.244484186172485352e+00,2.655965566635131836e+00,-1.875426530838012695e+00,-1.698111772537231445e+00,-9.904117584228515625e-01,9.412711858749389648e-01,2.432737648487091064e-01,-9.421491026878356934e-01,-5.863289535045623779e-02,1.149041295051574707e+00,-1.944272518157958984e+00,1.214180350303649902e+00,-1.037584543228149414e-01,2.033808529376983643e-01,-4.469131469726562500e+00,1.583250522613525391e+00,-1.388877391815185547e+00,-3.368015050888061523e+00,2.653639614582061768e-01,-2.637278318405151367e+00,1.685332179069519043e+00,6.686996817588806152e-01,-3.148719668388366699e-01,3.210313320159912109e-01,1.807389020919799805e+00,3.715397715568542480e-01,-1.546003818511962891e+00,1.692551851272583008e+00,7.838274836540222168e-01,1.553129196166992188e+00,3.676747083663940430e+00,-6.039640903472900391e-01,1.793731212615966797e+00,-1.014685153961181641e+00,-4.229989051818847656e-01,-1.682071328163146973e+00,-5.607620477676391602e-01,-1.221334457397460938e+00,4.103610992431640625e+00,6.451376080513000488e-01,8.060686588287353516e-01,5.129233598709106445e-01,-4.273569107055664062e+00,-2.383536338806152344e+00,2.484627008438110352e+00
-1.797295451164245605e+00,-3.063145160675048828e+00,-1.872003436088562012e+00,3.269976615905761719e+00,-2.234773635864257812e+00,5.086079120635986328e+00,2.396356821060180664e+00,3.436354994773864746e-01,3.192167878150939941e-01,-2.037675142288208008e+00,2.432482481002807617e+00,-5.566223859786987305e-01,-7.575466036796569824e-01,1.902183532714843750e+00,-2.416613399982452393e-01,-1.291984796524047852e+00,5.970625281333923340e-01,-2.500538825988769531e+00,-2.966812133789062500e+00,1.347434878349304199e+00,2.883206605911254883e+00,-1.952098965644836426e+00,-1.905096530914306641e+00,-1.036639332771301270e+00,7.211441397666931152e-01,7.725536823272705078e-02,-8.400031328201293945e-01,-7.398934662342071533e-02,1.357764720916748047e+00,-2.015407800674438477e+00,1.517729401588439941e+00,-3.415906131267547607e-01,4.781985282897949219e-01,-4.378531455993652344e+00,1.583484172821044922e+00,-1.536208152770996094e+00,-3.165392160415649414e+00,3.709686100482940674e-01,-2.356410980224609375e+00,1.557158708572387695e+00,6.799168586730957031e-01,-1.494848728179931641e-01,2.822464108467102051e-01,1.467279434204101562e+00,5.278390645980834961e-02,-1.663002371788024902e+00,1.883911371231079102e+00,8.217582106590270996e-01,1.482448220252990723e+00,3.320466518402099609e+00,-8.035532236099243164e-01,1.979218006134033203e+00,-1.150830745697021484e+00,-3.578318953514099121e-01,-2.060014486312866211e+00,-6.079685688018798828e-01,-1.359007358551025391e+00,4.073393344879150391e+00,4.087671637535095215e-01,8.421319723129272461e-01,4.000216424465179443e-01,-4.137537002563476562e+00,-2.231761217117309570e+00,2.439373970031738281e+00
-1.975764632225036621e+00,-3.238572835922241211e+00,-2.077675819396972656e+00,3.533488273620605469e+00,-2.033441305160522461e+00,5.029755592346191406e+00,2.206205129623413086e+00,4.089141488075256348e-01,4.343585669994354248e-01,-2.146590232849121094e+00,2.208844661712646484e+00,-5.697997212409973145e-01,-7.410610318183898926e-01,2.027426004409790039e+00,-3.141103684902191162e-01,-1.045253992080688477e+00,4.604607820510864258e-01,-2.069372892379760742e+00,-2.723403692245483398e+00,1.045898437500000000e+00,2.981566190719604492e+00,-1.844855666160583496e+00,-2.022845506668090820e+00,-1.026089310646057129e+00,8.297921419143676758e-01,1.883760839700698853e-01,-7.407314181327819824e-01,6.542657315731048584e-02,1.396029472351074219e+00,-1.854803681373596191e+00,1.293478012084960938e+00,-2.778013050556182861e-01,7.399475574493408203e-02,-4.414065837860107422e+00,1.612192511558532715e+00,-1.613492012023925781e+00,-3.153704881668090820e+00,4.804822206497192383e-01,-2.453139781951904297e+00,1.516351699829101562e+00,6.112592220306396484e-01,-1.095958054065704346e-01,3.033219873905181885e-01,1.403970956802368164e+00,2.486376762390136719e-01,-1.381507039070129395e+00,1.848269820213317871e+00,9.686082005500793457e-01,1.537630319595336914e+00,3.392457962036132812e+00,-8.488181233406066895e-01,1.759336113929748535e+00,-9.983628988265991211e-01,-5.100117921829223633e-01,-1.819755196571350098e+00,-7.066368460655212402e-01,-1.464849948883056641e+00,4.301724910736083984e+00,2.797640860080718994e-01,8.051863312721252441e-01,4.915595054626464844e-01,-4.159857749938964844e+00,-2.220117330551147461e+00,2.831866979598999023e+00
-2.065335035324096680e+00,-2.977939128875732422e+00,-1.915008783340454102e+00,3.579058885574340820e+00,-2.125956535339355469e+00,5.100818157196044922e+00,2.303983688354492188e+00,3.071675300598144531e-01,9.141474962234497070e-02,-1.782897233963012695e+00,2.454081058502197266e+00,-7.300900220870971680e-01,-8.052496910095214844e-01,2.001624345779418945e+00,-1.294227242469787598e-01,-9.569051861763000488e-01,6.190801858901977539e-01,-2.072176933288574219e+00,-2.918642759323120117e+00,1.145386219024658203e+00,2.700716257095336914e+00,-1.936338424682617188e+00,-1.950920820236206055e+00,-9.894178509712219238e-01,8.381391763687133789e-01,3.561764955520629883e-03,-1.142445802688598633e+00,-1.499383002519607544e-01,1.256850600242614746e+00,-1.672732234001159668e+00,1.342473030090332031e+00,-3.972286581993103027e-01,3.322441279888153076e-01,-4.160328865051269531e+00,1.648673295974731445e+00,-1.591600656509399414e+00,-3.252734661102294922e+00,7.293608188629150391e-01,-2.621233463287353516e+00,1.653506040573120117e+00,8.424903154373168945e-01,1.304349303245544434e-02,2.858578562736511230e-01,1.654547691345214844e+00,3.845604658126831055e-01,-1.561955094337463379e+00,1.742211580276489258e+00,1.082702159881591797e+00,1.461019039154052734e+00,3.352439165115356445e+00,-6.816427707672119141e-01,1.784618139266967773e+00,-1.004471063613891602e+00,-3.486280143260955811e-01,-1.888327121734619141e+00,-5.280046463012695312e-01,-1.214963078498840332e+00,4.002083778381347656e+00,4.770255684852600098e-01,7.415838241577148438e-01,2.386120259761810303e-01,-4.172155857086181641e+00,-2.330209732055664062e+00,2.583693265914916992e+00
-1.875095367431640625e+00,-2.931770801544189453e+00,-2.020553588867187500e+00,3.366210937500000000e+00,-2.096466779708862305e+00,5.087846279144287109e+00,2.282935142517089844e+00,4.007624983787536621e-01,3.577131330966949463e-01,-1.896594882011413574e+00,2.209846258163452148e+00,-9.577786326408386230e-01,-6.544139981269836426e-01,1.826684713363647461e+00,-1.891718804836273193e-01,-1.150177955627441406e+00,3.026884794235229492e-01,-2.103130102157592773e+00,-2.721380472183227539e+00,1.052586317062377930e+00,2.482644796371459961e+00,-2.165410041809082031e+00,-2.001980304718017578e+00,-1.067011952400207520e+00,6.763293743133544922e-01,1.679232120513916016e-01,-7.658365964889526367e-01,-1.385995447635650635e-01,1.424835205078125000e+00,-1.987815976142883301e+00,1.334171891212463379e+00,-1.552113592624664307e-01,9.187138080596923828e-02,-4.339792251586914062e+00,1.688821315765380859e+00,-1.543447017669677734e+00,-3.322398900985717773e+00,2.966282665729522705e-01,-2.445534706115722656e+00,1.433209300041198730e+00,7.889181375503540039e-01,4.515917599201202393e-02,5.333608984947204590e-01,1.356508970260620117e+00,8.106791973114013672e-02,-1.418813467025756836e+00,1.616787791252136230e+00,1.074459552764892578e+00,1.418395757675170898e+00,3.445280075073242188e+00,-6.180245876312255859e-01,1.635455250740051270e+00,-1.130204558372497559e+00,-5.239281058311462402e-01,-1.923779129981994629e+00,-9.708990454673767090e-01,-1.248956680297851562e+00,4.379214763641357422e+00,6.830341219902038574e-01,1.153695702552795410e+00,4.019219875335693359e-01,-4.143515110015869141e+00,-2.450450181961059570e+00,2.469161272048950195e+00
-1.943123579025268555e+00,-3.195605754852294922e+00,-1.737696766853332520e+00,3.407146930694580078e+00,-2.220729827880859375e+00,5.389928817749023438e+00,2.535178661346435547e+00,2.430974394083023071e-01,2.808585762977600098e-01,-1.928459167480468750e+00,2.428250312805175781e+00,-8.870804905891418457e-01,-8.667793869972229004e-01,1.926919698715209961e+00,-1.904312074184417725e-01,-1.181668162345886230e+00,2.978610992431640625e-01,-2.159523248672485352e+00,-2.940854787826538086e+00,1.343806743621826172e+00,2.822231769561767578e+00,-2.103651046752929688e+00,-1.771736621856689453e+00,-1.220234036445617676e+00,7.605233788490295410e-01,2.164328694343566895e-01,-1.070913195610046387e+00,2.692547738552093506e-01,1.088266372680664062e+00,-1.990552186965942383e+00,1.194411993026733398e+00,-2.417729794979095459e-01,7.979638874530792236e-02,-4.309903621673583984e+00,1.682357311248779297e+00,-1.550198674201965332e+00,-3.123668432235717773e+00,4.400137960910797119e-01,-2.347260475158691406e+00,1.695174694061279297e+00,6.903380751609802246e-01,1.862668991088867188e-02,3.319991827011108398e-01,1.664567589759826660e+00,3.267496824264526367e-01,-1.317320585250854492e+00,1.833380937576293945e+00,8.886429071426391602e-01,1.650856375694274902e+00,3.417884349822998047e+00,-6.757633686065673828e-01,1.901559948921203613e+00,-1.261173605918884277e+00,-4.610622525215148926e-01,-1.988616704940795898e+00,-5.020830035209655762e-01,-1.368837237358093262e+00,4.024479866027832031e+00,5.435159802436828613e-01,1.100675106048583984e+00,3.138478398323059082e-01,-4.420497417449951172e+00,-2.331993103027343750e+00,2.408998489379882812e+00
-2.014940977096557617e+00,-3.207088470458984375e+00,-1.828260064125061035e+00,3.146715164184570312e+00,-2.254569053649902344e+00,5.043916702270507812e+00,2.461735963821411133e+00,1.904138028621673584e-01,3.706656098365783691e-01,-1.763949036598205566e+00,2.652508258819580078e+00,-8.518170714378356934e-01,-1.176258325576782227e+00,2.026083230972290039e+00,-1.913238465785980225e-01,-1.151385664939880371e+00,4.486950039863586426e-01,-2.497984647750854492e+00,-2.603573560714721680e+00,1.191718220710754395e+00,2.540227413177490234e+00,-2.054940462112426758e+00,-2.013998508453369141e+00,-1.237260460853576660e+00,7.810121178627014160e-01,2.568535804748535156e-01,-9.342166781425476074e-01,-5.038340389728546143e-02,1.197194576263427734e+00,-1.962312102317810059e+00,1.245772719383239746e+00,-4.500167369842529297e-01,3.130161464214324951e-01,-4.160919189453125000e+00,1.581035137176513672e+00,-1.592080354690551758e+00,-3.314139366149902344e+00,5.147424936294555664e-01,-2.595034837722778320e+00,1.683383107185363770e+00,9.109702706336975098e-01,-1.235110908746719360e-01,3.180440664291381836e-01,1.510355472564697266e+00,4.130783677101135254e-02,-1.520230531692504883e+00,2.024174690246582031e+00,6.378439664840698242e-01,1.521383523941040039e+00,3.631055355072021484e+00,-9.572006464004516602e-01,1.568853735923767090e+00,-8.957698941230773926e-01,-1.812670826911926270e-01,-1.945653200149536133e+00,-8.284175992012023926e-01,-1.217629075050354004e+00,4.357335090637207031e+00,3.518604338169097900e-01,1.055074334144592285e+00,4.880527257919311523e-01,-4.100910186767578125e+00,-2.132910966873168945e+00,2.579426765441894531e+00
-1.717192411422729492e+00,-3.067882299423217773e+00,-2.181325197219848633e+00,3.319471597671508789e+00,-2.294922113418579102e+00,5.455419063568115234e+00,2.434130191802978516e+00,1.653872281312942505e-01,3.342935442924499512e-02,-1.929502725601196289e+00,2.286920070648193359e+00,-6.574930548667907715e-01,-1.043268918991088867e+00,2.085068225860595703e+00,-1.455004215240478516e-01,-1.198213338851928711e+00,7.205202579498291016e-01,-2.448257923126220703e+00,-2.635038852691650391e+00,1.100001692771911621e+00,2.875258922576904297e+00,-1.933497667312622070e+00,-2.123449563980102539e+00,-1.227463603019714355e+00,7.554345726966857910e-01,1.307191401720046997e-01,-9.981592893600463867e-01,-1.302551478147506714e-01,1.339966773986816406e+00,-2.027681827545166016e+00,1.421281695365905762e+00,-2.802919447422027588e-01,7.021249085664749146e-02,-4.256963253021240234e+00,1.956352949142456055e+00,-1.648616790771484375e+00,-3.170720577239990234e+00,6.862363219261169434e-01,-2.390227556228637695e+00,1.571571826934814453e+00,7.621937394142150879e-01,-2.858980894088745117e-01,2.366045266389846802e-01,1.768925666809082031e+00,1.583834886550903320e-01,-1.558070302009582520e+00,1.647656917572021484e+00,8.069336414337158203e-01,1.367101192474365234e+00,3.605797290802001953e+00,-7.428194880485534668e-01,1.703649401664733887e+00,-1.128594875335693359e+00,-2.338080853223800659e-01,-1.843390226364135742e+00,-9.522842168807983398e-01,-1.346684217453002930e+00,4.132001876831054688e+00,6.607517600059509277e-01,6.775369644165039062e-01,2.637235522270202637e-01,-4.085419178009033203e+00,-2.507378101348876953e+00,2.546081304550170898e+00
-1.859056234359741211e+00,-3.184718132019042969e+00,-1.804977655410766602e+00,3.323102235794067383e+00,-2.098519325256347656e+00,5.323674678802490234e+00,2.355240821838378906e+00,1.939128935337066650e-01,4.943366050720214844e-01,-1.946516513824462891e+00,2.547991752624511719e+00,-9.423248767852783203e-01,-9.386966228485107422e-01,2.171506881713867188e+00,-2.922415733337402344e-03,-1.291955947875976562e+00,3.723698854446411133e-01,-2.321487665176391602e+00,-2.717080116271972656e+00,1.136659145355224609e+00,2.829743385314941406e+00,-1.802979111671447754e+00,-1.921313047409057617e+00,-9.773970246315002441e-01,8.986827135086059570e-01,1.654523909091949463e-01,-9.786013960838317871e-01,1.213282644748687744e-01,1.218433618545532227e+00,-1.700184941291809082e+00,1.294470906257629395e+00,-2.813160121440887451e-01,1.547810882329940796e-01,-4.463193416595458984e+00,1.920389294624328613e+00,-1.281190991401672363e+00,-3.079827547073364258e+00,4.626391828060150146e-01,-2.291761159896850586e+00,1.521505713462829590e+00,7.502858638763427734e-01,-2.898387610912322998e-01,2.913074493408203125e-01,1.537368059158325195e+00,5.905839800834655762e-02,-1.519523859024047852e+00,2.023319005966186523e+00,7.293761968612670898e-01,1.443147301673889160e+00,3.335247993469238281e+00,-6.221818923950195312e-01,1.678626060485839844e+00,-1.216143727302551270e+00,-4.080223441123962402e-01,-1.957735061645507812e+00,-6.550584435462951660e-01,-1.544036269187927246e+00,4.355435371398925781e+00,6.353472471237182617e-01,6.936502456665039062e-01,3.546088635921478271e-01,-4.073101520538330078e+00,-2.057430267333984375e+00,2.802721738815307617e+00
-1.927543878555297852e+00,-3.002437591552734375e+00,-2.181569099426269531e+00,3.062494277954101562e+00,-2.105708837509155273e+00,5.318773746490478516e+00,2.314397096633911133e+00,3.763615787029266357e-01,3.898817300796508789e-01,-1.811250805854797363e+00,2.434621334075927734e+00,-6.088465452194213867e-01,-8.854591250419616699e-01,2.166368246078491211e+00,5.104127526283264160e-02,-1.166239976882934570e+00,2.911677360534667969e-01,-2.284322023391723633e+00,-2.886926651000976562e+00,1.257712125778198242e+00,2.655806064605712891e+00,-1.822219014167785645e+00,-2.073414325714111328e+00,-1.334324121475219727e+00,9.119693636894226074e-01,1.019662171602249146e-01,-1.046485900878906250e+00,2.013784646987915039e-01,1.080969095230102539e+00,-1.973545908927917480e+00,1.334800958633422852e+00,-7.566361129283905029e-02,1.427881568670272827e-01,-4.234171390533447266e+00,1.931212544441223145e+00,-1.578993439674377441e+00,-3.345381736755371094e+00,5.215359926223754883e-01,-2.288609981536865234e+00,1.813911914825439453e+00,6.566653847694396973e-01,-1.152030080556869507e-01,2.816329598426818848e-01,1.598899245262145996e+00,1.414923965930938721e-01,-1.723078012466430664e+00,1.771580696105957031e+00,6.868438124656677246e-01,1.626177787780761719e+00,3.218812227249145508e+00,-7.059004306793212891e-01,1.620283484458923340e+00,-1.050216436386108398e+00,-2.999238967895507812e-01,-2.014397621154785156e+00,-4.581527113914489746e-01,-1.425971269607543945e+00,4.224923133850097656e+00,6.751000285148620605e-01,9.191088676452636719e-01,3.156745433807373047e-01,-4.322527408599853516e+00,-2.205952405929565430e+00,2.708242893218994141e+00
-2.004099369049072266e+00,-2.961467504501342773e+00,-1.877308130264282227e+00,3.499079704284667969e+00,-2.061078071594238281e+00,5.074103832244873047e+00,2.246730566024780273e+00,3.737303614616394043e-01,4.765984416007995605e-01,-1.770864725112915039e+00,2.464461565017700195e+00,-6.115431189537048340e-01,-7.311681509017944336e-01,1.917293548583984375e+00,-1.398729383945465088e-01,-1.016360044479370117e+00,4.980786442756652832e-01,-2.344729661941528320e+00,-2.856387615203857422e+00,1.319438815116882324e+00,2.765636205673217773e+00,-2.070149660110473633e+00,-2.004247188568115234e+00,-1.234262108802795410e+00,7.892619967460632324e-01,-9.491828083992004395e-02,-8.505904674530029297e-01,-6.764930486679077148e-02,1.092062354087829590e+00,-1.772102355957031250e+00,1.475514173507690430e+00,-1.338795274496078491e-01,-9.041722863912582397e-03,-4.226079463958740234e+00,1.664083242416381836e+00,-1.473813891410827637e+00,-3.316681861877441406e+00,3.719722032546997070e-01,-2.566545486450195312e+00,1.614801764488220215e+00,9.694990515708923340e-01,-1.665675044059753418e-01,4.089262485504150391e-01,1.379649400711059570e+00,1.439651846885681152e-01,-1.560739994049072266e+00,1.732600569725036621e+00,8.317801356315612793e-01,1.486388921737670898e+00,3.463238239288330078e+00,-9.394675493240356445e-01,1.803172469139099121e+00,-1.011074423789978027e+00,-1.787684559822082520e-01,-2.036512374877929688e+00,-7.015282511711120605e-01,-1.440406322479248047e+00,4.270596981048583984e+00,5.654510259628295898e-01,7.834657430648803711e-01,3.560723960399627686e-01,-4.397099971771240234e+00,-2.334227800369262695e+00,2.715840816497802734e+00
-1.877197980880737305e+00,-3.212248563766479492e+00,-2.027985334396362305e+00,3.182530403137207031e+00,-2.279524564743041992e+00,5.207442283630371094e+00,2.310144662857055664e+00,1.454441249370574951e-01,5.043916702270507812e-01,-2.085798501968383789e+00,2.328912734985351562e+00,-6.117690205574035645e-01,-7.094118595123291016e-01,2.039935588836669922e+00,-1.017385423183441162e-01,-1.414939999580383301e+00,2.654525637626647949e-01,-2.098311901092529297e+00,-2.837068080902099609e+00,1.293164730072021484e+00,2.708564758300781250e+00,-1.977315068244934082e+00,-1.705701589584350586e+00,-9.715658426284790039e-01,7.991065979003906250e-01,-1.282200962305068970e-02,-1.178324699401855469e+00,-8.035688102245330811e-02,9.710431098937988281e-01,-1.920160531997680664e+00,1.353243112564086914e+00,-5.287370085716247559e-01,3.710629343986511230e-01,-4.346109867095947266e+00,1.873138904571533203e+00,-1.724002599716186523e+00,-3.240768432617187500e+00,6.926589012145996094e-01,-2.389836788177490234e+00,1.819710373878479004e+00,9.131146073341369629e-01,-1.930686533451080322e-01,6.281745433807373047e-01,1.683331727981567383e+00,3.587004244327545166e-01,-1.394117832183837891e+00,1.843021750450134277e+00,7.899380922317504883e-01,1.433148264884948730e+00,3.361356496810913086e+00,-9.856559038162231445e-01,1.564477205276489258e+00,-9.507623314857482910e-01,-4.725759625434875488e-01,-1.928641796112060547e+00,-6.276934146881103516e-01,-1.507765054702758789e+00,4.297288894653320312e+00,3.655960559844970703e-01,8.978088498115539551e-01,4.781200587749481201e-01,-4.195084095001220703e+00,-2.492642164230346680e+00,2.441146850585937500e+00
-1.924571633338928223e+00,-2.874955177307128906e+00,-1.993771433830261230e+00,3.455401182174682617e+00,-2.271725654602050781e+00,5.065711021423339844e+00,2.339569091796875000e+00,1.889681220054626465e-01,3.285237848758697510e-01,-1.738335967063903809e+00,2.562553644180297852e+00,-5.538913011550903320e-01,-1.103062152862548828e+00,1.899372816085815430e+00,-1.091548800468444824e-01,-1.142389416694641113e+00,4.055775105953216553e-01,-2.338493824005126953e+00,-2.860330820083618164e+00,1.233922958374023438e+00,2.877723693847656250e+00,-1.819553256034851074e+00,-1.854686975479125977e+00,-1.008223176002502441e+00,9.901996254920959473e-01,-1.015493273735046387e-02,-9.752668142318725586e-01,-1.120730787515640259e-01,1.245819449424743652e+00,-1.952283263206481934e+00,1.497582316398620605e+00,-3.793804645538330078e-01,1.254960894584655762e-01,-4.407071590423583984e+00,1.544700860977172852e+00,-1.596731901168823242e+00,-3.180339813232421875e+00,6.829617619514465332e-01,-2.389500141143798828e+00,1.804311752319335938e+00,5.463753342628479004e-01,-6.693746149539947510e-02,5.250744223594665527e-01,1.637300252914428711e+00,6.392109394073486328e-02,-1.393503189086914062e+00,1.828341007232666016e+00,8.612971305847167969e-01,1.577801227569580078e+00,3.289849996566772461e+00,-7.443337440490722656e-01,1.891488909721374512e+00,-1.211438775062561035e+00,-3.783442080020904541e-01,-1.811105012893676758e+00,-7.673404812812805176e-01,-1.422226428985595703e+00,4.269094467163085938e+00,4.031718373298645020e-01,8.548326492309570312e-01,2.559563815593719482e-01,-4.425505161285400391e+00,-2.200039148330688477e+00,2.803558826446533203e+00
-1.946461677551269531e+00,-3.237320423126220703e+00,-2.115232229232788086e+00,3.547717571258544922e+00,-2.180675506591796875e+00,5.146840572357177734e+00,2.179435491561889648e+00,3.229319453239440918e-01,4.869202077388763428e-01,-2.303269147872924805e+00,2.419234514236450195e+00,-5.684552788734436035e-01,-9.628253579139709473e-01,2.047557115554809570e+00,-8.733052015304565430e-02,-1.051551818847656250e+00,3.329487144947052002e-01,-2.247695207595825195e+00,-2.629190683364868164e+00,1.295408606529235840e+00,2.999258518218994141e+00,-1.942870378494262695e+00,-2.010700464248657227e+00,-1.284604787826538086e+00,9.074963927268981934e-01,-6.065278127789497375e-02,-9.722824096679687500e-01,-1.001138687133789062e-01,1.254181385040283203e+00,-1.627835750579833984e+00,1.392069339752197266e+00,-5.127571821212768555e-01,-4.275585711002349854e-02,-4.113934993743896484e+00,1.535799264907836914e+00,-1.559523940086364746e+00,-3.448607921600341797e+00,4.770760536193847656e-01,-2.612977266311645508e+00,1.679434776306152344e+00,7.496723532676696777e-01,-1.690999716520309448e-01,1.617404967546463013e-01,1.541252493858337402e+00,4.012778401374816895e-01,-1.636816024780273438e+00,1.919180512428283691e+00,1.096865534782409668e+00,1.532944798469543457e+00,3.299663782119750977e+00,-7.623271942138671875e-01,1.566751718521118164e+00,-1.010191679000854492e+00,-2.277092039585113525e-01,-1.941986799240112305e+00,-7.806314826011657715e-01,-1.512809276580810547e+00,4.197010517120361328e+00,2.586922049522399902e-01,7.291177511215209961e-01,3.155298829078674316e-01,-4.074551582336425781e+00,-2.122353076934814453e+00,2.641725063323974609e+00
-1.911602258682250977e+00,-3.122448682785034180e+00,-2.109092235565185547e+00,3.170859813690185547e+00,-2.204245090484619141e+00,5.292296886444091797e+00,2.242294788360595703e+00,3.051332831382751465e-01,2.144722938537597656e-01,-2.032881498336791992e+00,2.575140953063964844e+00,-8.399978280067443848e-01,-7.330083250999450684e-01,2.032040834426879883e+00,-4.976269602775573730e-02,-1.364159345626831055e+00,3.190912604331970215e-01,-2.450439453125000000e+00,-2.497501373291015625e+00,1.451679229736328125e+00,2.741312980651855469e+00,-2.149321079254150391e+00,-2.074331760406494141e+00,-1.147068977355957031e+00,1.094899773597717285e+00,1.423965692520141602e-01,-9.410588145256042480e-01,3.295320272445678711e-02,1.146668910980224609e+00,-1.965544342994689941e+00,1.378487944602966309e+00,-2.281883358955383301e-01,1.681746542453765869e-01,-4.066164970397949219e+00,1.604720473289489746e+00,-1.687339901924133301e+00,-3.477898359298706055e+00,6.071226596832275391e-01,-2.433405399322509766e+00,1.736275911331176758e+00,8.274626731872558594e-01,-3.508388996124267578e-02,3.490374684333801270e-01,1.856807947158813477e+00,1.568416059017181396e-01,-1.627912521362304688e+00,1.935658097267150879e+00,8.783755898475646973e-01,1.406038999557495117e+00,3.444390058517456055e+00,-8.085738420486450195e-01,1.700863122940063477e+00,-1.096769094467163086e+00,-2.406729906797409058e-01,-1.982891321182250977e+00,-9.693216681480407715e-01,-1.104008078575134277e+00,4.171061992645263672e+00,2.989046871662139893e-01,8.310064673423767090e-01,4.278761744499206543e-01,-4.138409137725830078e+00,-2.344443321228027344e+00,2.379906892776489258e+00
-2.020510435104370117e+00,-3.142944574356079102e+00,-1.962574005126953125e+00,3.173519372940063477e+00,-2.307708740234375000e+00,4.975119590759277344e+00,2.315999269485473633e+00,1.048232018947601318e-01,2.213962376117706299e-01,-2.067610979080200195e+00,2.288153409957885742e+00,-9.039947986602783203e-01,-1.184337973594665527e+00,1.884784221649169922e+00,-2.685196399688720703e-01,-9.895802140235900879e-01,4.413618445396423340e-01,-2.419231414794921875e+00,-2.546513557434082031e+00,1.149430871009826660e+00,3.001986265182495117e+00,-2.180642366409301758e+00,-1.966750621795654297e+00,-1.214582800865173340e+00,7.755721211433410645e-01,-1.593426764011383057e-01,-9.916090965270996094e-01,-1.742957830429077148e-01,1.493673682212829590e+00,-1.692436337471008301e+00,1.314775824546813965e+00,-4.479132890701293945e-01,6.961445510387420654e-02,-4.152467250823974609e+00,1.844568610191345215e+00,-1.363599181175231934e+00,-3.137537479400634766e+00,3.788938224315643311e-01,-2.364014148712158203e+00,1.736936926841735840e+00,7.605317831039428711e-01,-3.193026781082153320e-01,2.974736690521240234e-01,1.440932393074035645e+00,5.162614583969116211e-01,-1.440036296844482422e+00,1.738855600357055664e+00,1.090352058410644531e+00,1.484312891960144043e+00,3.736996173858642578e+00,-7.452894449234008789e-01,1.954666256904602051e+00,-1.331158518791198730e+00,-3.163384199142456055e-01,-1.680719137191772461e+00,-6.975265145301818848e-01,-1.436999201774597168e+00,4.378732204437255859e+00,8.017812967300415039e-01,7.692184448242187500e-01,5.158274173736572266e-01,-4.058075428009033203e+00,-2.137158870697021484e+00,2.814012050628662109e+00
-2.038201808929443359e+00,-3.156393527984619141e+00,-1.879429578781127930e+00,3.163947343826293945e+00,-2.150334119796752930e+00,5.370890617370605469e+00,2.325598478317260742e+00,3.652623891830444336e-01,3.507892489433288574e-01,-2.021901369094848633e+00,2.426039457321166992e+00,-6.882163286209106445e-01,-7.586676478385925293e-01,2.007087469100952148e+00,-1.425726115703582764e-01,-9.510688781738281250e-01,5.351988077163696289e-01,-2.535493373870849609e+00,-2.926192045211791992e+00,1.135920882225036621e+00,2.661981105804443359e+00,-1.859672188758850098e+00,-2.011764287948608398e+00,-1.277163624763488770e+00,9.405189156532287598e-01,6.338208913803100586e-03,-8.063560724258422852e-01,6.785929203033447266e-02,1.145158052444458008e+00,-1.909386515617370605e+00,1.125369310379028320e+00,-1.467000246047973633e-01,1.715031862258911133e-01,-4.128552913665771484e+00,1.847038149833679199e+00,-1.543296694755554199e+00,-3.158886194229125977e+00,3.482990264892578125e-01,-2.467911958694458008e+00,1.418350815773010254e+00,6.109369993209838867e-01,-4.857365787029266357e-02,3.189070224761962891e-01,1.479866147041320801e+00,1.095238626003265381e-01,-1.604255318641662598e+00,1.972172856330871582e+00,7.493816018104553223e-01,1.341462969779968262e+00,3.219091415405273438e+00,-6.166688203811645508e-01,1.784546136856079102e+00,-1.242707729339599609e+00,-2.877704501152038574e-01,-1.909166574478149414e+00,-6.159865856170654297e-01,-1.150355577468872070e+00,4.328626632690429688e+00,5.405273437500000000e-01,7.800883054733276367e-01,2.924167513847351074e-01,-4.347210884094238281e+00,-2.249526739120483398e+00,2.345040559768676758e+00
-1.768116712570190430e+00,-3.236957073211669922e+00,-1.874566078186035156e+00,3.275185346603393555e+00,-2.261250257492065430e+00,5.360829353332519531e+00,2.426039695739746094e+00,3.663429319858551025e-01,2.503719627857208252e-01,-2.078078746795654297e+00,2.233942508697509766e+00,-1.017500281333923340e+00,-1.122378587722778320e+00,1.967653632164001465e+00,4.705387353897094727e-02,-1.277471780776977539e+00,4.535388052463531494e-01,-2.109704256057739258e+00,-2.620957374572753906e+00,1.345920324325561523e+00,2.885761260986328125e+00,-1.811974048614501953e+00,-2.057372808456420898e+00,-1.091128826141357422e+00,8.562877774238586426e-01,-1.607237756252288818e-02,-8.415765762329101562e-01,-5.492240190505981445e-03,1.106216192245483398e+00,-2.065232038497924805e+00,1.313940644264221191e+00,-2.621940672397613525e-01,4.729128181934356689e-01,-4.227623939514160156e+00,1.900239706039428711e+00,-1.294045209884643555e+00,-3.389174938201904297e+00,5.726251602172851562e-01,-2.443870544433593750e+00,1.836485862731933594e+00,9.407389760017395020e-01,5.736088752746582031e-02,4.547449946403503418e-01,1.688968420028686523e+00,3.816453218460083008e-01,-1.482166528701782227e+00,1.925100326538085938e+00,7.789050936698913574e-01,1.668710947036743164e+00,3.390771150588989258e+00,-5.340615510940551758e-01,1.752517580986022949e+00,-1.115935564041137695e+00,-3.099008202552795410e-01,-2.026984930038452148e+00,-8.647107481956481934e-01,-1.237077951431274414e+00,4.388650894165039062e+00,5.338265895843505859e-01,8.487609624862670898e-01,6.405289173126220703e-01,-4.033409118652343750e+00,-2.222541809082031250e+00,2.545150041580200195e+00
-1.929157257080078125e+00,-3.162051439285278320e+00,-1.725651025772094727e+00,3.352839231491088867e+00,-2.332178831100463867e+00,5.312895298004150391e+00,2.426913499832153320e+00,3.429339528083801270e-01,1.748336106538772583e-01,-2.032487392425537109e+00,2.599441051483154297e+00,-6.286491751670837402e-01,-1.025880694389343262e+00,2.208908796310424805e+00,-4.026341438293457031e-02,-1.143487930297851562e+00,5.512608289718627930e-01,-2.323348999023437500e+00,-2.835808992385864258e+00,1.146261215209960938e+00,2.618093490600585938e+00,-1.915610194206237793e+00,-1.977163076400756836e+00,-1.041571140289306641e+00,9.601215720176696777e-01,1.858683675527572632e-01,-1.076416492462158203e+00,1.595951318740844727e-01,1.124510169029235840e+00,-1.807734251022338867e+00,1.378797650337219238e+00,-1.398835331201553345e-01,1.195380836725234985e-01,-4.206580162048339844e+00,1.787080049514770508e+00,-1.727164983749389648e+00,-3.180480241775512695e+00,7.020540833473205566e-01,-2.441209077835083008e+00,1.631144523620605469e+00,7.552347183227539062e-01,-1.772637665271759033e-02,4.878137111663818359e-01,1.863969802856445312e+00,2.662619352340698242e-01,-1.709495782852172852e+00,1.782661795616149902e+00,1.068902373313903809e+00,1.728239655494689941e+00,3.377661466598510742e+00,-5.636867284774780273e-01,1.687608003616333008e+00,-1.004215359687805176e+00,-3.942622244358062744e-01,-1.958895444869995117e+00,-6.467974781990051270e-01,-1.371664524078369141e+00,4.219668388366699219e+00,4.476749002933502197e-01,1.113990187644958496e+00,5.688840150833129883e-01,-4.071063995361328125e+00,-2.301568984985351562e+00,2.744151115417480469e+00
-1.784068703651428223e+00,-3.161491870880126953e+00,-2.057651042938232422e+00,3.230421543121337891e+00,-1.988844037055969238e+00,5.189413070678710938e+00,2.389310121536254883e+00,1.306660771369934082e-01,3.485693633556365967e-01,-1.848211288452148438e+00,2.295037746429443359e+00,-7.516849637031555176e-01,-9.752190113067626953e-01,1.946955680847167969e+00,-2.348343431949615479e-01,-9.689760804176330566e-01,3.550712466239929199e-01,-2.116656541824340820e+00,-2.751599073410034180e+00,9.051223397254943848e-01,2.855695724487304688e+00,-2.133130311965942383e+00,-1.830026268959045410e+00,-1.106496691703796387e+00,7.627377510070800781e-01,-1.293331682682037354e-01,-9.036791324615478516e-01,-1.010224223136901855e-02,1.156535267829895020e+00,-1.731144785881042480e+00,1.157996058464050293e+00,-4.135708808898925781e-01,4.539123177528381348e-02,-4.112202167510986328e+00,1.779265999794006348e+00,-1.587200403213500977e+00,-3.198341131210327148e+00,5.606690049171447754e-01,-2.266891956329345703e+00,1.503616571426391602e+00,9.574602842330932617e-01,3.285630047321319580e-02,2.304899245500564575e-01,1.640687346458435059e+00,2.548019289970397949e-01,-1.385761618614196777e+00,1.714477777481079102e+00,9.959499835968017578e-01,1.468555331230163574e+00,3.238527536392211914e+00,-6.952539682388305664e-01,1.812901139259338379e+00,-1.347079515457153320e+00,-5.917503833770751953e-01,-1.682873249053955078e+00,-7.462380528450012207e-01,-1.378142118453979492e+00,4.316951751708984375e+00,6.129128932952880859e-01,7.292065620422363281e-01,6.002695560455322266e-01,-4.104580879211425781e+00,-2.474229574203491211e+00,2.687958717346191406e+00
-1.940216302871704102e+00,-2.977245330810546875e+00,-1.919057965278625488e+00,3.388754606246948242e+00,-2.062211751937866211e+00,5.193179130554199219e+00,2.391037464141845703e+00,2.172270864248275757e-01,3.356999754905700684e-01,-1.831354141235351562e+00,2.252547264099121094e+00,-7.350049614906311035e-01,-8.275101184844970703e-01,2.054828882217407227e+00,-1.228809654712677002e-01,-1.141020059585571289e+00,6.263903379440307617e-01,-2.409543752670288086e+00,-2.644726276397705078e+00,1.116946458816528320e+00,2.976188898086547852e+00,-2.131098508834838867e+00,-1.765327572822570801e+00,-1.122497320175170898e+00,7.803984880447387695e-01,-1.403635740280151367e-02,-8.455611467361450195e-01,2.554103434085845947e-01,1.298473358154296875e+00,-1.700723528861999512e+00,1.310865283012390137e+00,-3.249214887619018555e-01,2.688416540622711182e-01,-4.287249565124511719e+00,1.471886754035949707e+00,-1.348178625106811523e+00,-3.056179046630859375e+00,3.704779744148254395e-01,-2.461768150329589844e+00,1.445781350135803223e+00,7.085641026496887207e-01,-1.323211491107940674e-01,4.373000860214233398e-01,1.424724578857421875e+00,2.074907720088958740e-01,-1.563852310180664062e+00,1.715591073036193848e+00,8.262152075767517090e-01,1.394908070564270020e+00,3.397722482681274414e+00,-5.007839798927307129e-01,1.686085104942321777e+00,-1.180145144462585449e+00,-1.850752234458923340e-01,-1.602062106132507324e+00,-5.502153038978576660e-01,-1.383267879486083984e+00,4.137366294860839844e+00,5.571736097335815430e-01,8.532828092575073242e-01,3.938135504722595215e-01,-4.203468799591064453e+00,-2.312624216079711914e+00,2.727232933044433594e+00
-1.967355370521545410e+00,-3.020438909530639648e+00,-1.815350890159606934e+00,3.314158201217651367e+00,-2.366380691528320312e+00,5.448749065399169922e+00,2.426643848419189453e+00,1.305601447820663452e-01,3.880474865436553955e-01,-1.830900311470031738e+00,2.259196281433105469e+00,-7.996564507484436035e-01,-9.679214954376220703e-01,1.842140555381774902e+00,-5.363470315933227539e-02,-1.059037685394287109e+00,3.920379281044006348e-01,-2.176003932952880859e+00,-2.514072418212890625e+00,1.043034911155700684e+00,2.707524061203002930e+00,-2.033179521560668945e+00,-1.753950595855712891e+00,-9.654824733734130859e-01,7.169979214668273926e-01,-2.869583666324615479e-03,-9.939471483230590820e-01,1.081810593605041504e-01,1.206620454788208008e+00,-1.916086673736572266e+00,1.295396327972412109e+00,-1.683964282274246216e-01,3.118429705500602722e-02,-4.411293983459472656e+00,1.942065715789794922e+00,-1.647822618484497070e+00,-3.246732950210571289e+00,6.075308918952941895e-01,-2.352552413940429688e+00,1.342746257781982422e+00,9.850472211837768555e-01,-9.711471199989318848e-02,1.626103967428207397e-01,1.739756107330322266e+00,3.009873628616333008e-02,-1.620390415191650391e+00,2.022736072540283203e+00,8.658764958381652832e-01,1.597652673721313477e+00,3.363727092742919922e+00,-5.714228153228759766e-01,1.919831633567810059e+00,-1.327319264411926270e+00,-1.948366761207580566e-01,-1.991910457611083984e+00,-6.069423556327819824e-01,-1.490184187889099121e+00,4.230983734130859375e+00,6.211908459663391113e-01,8.582981228828430176e-01,2.967676818370819092e-01,-4.117329120635986328e+00,-2.415665864944458008e+00,2.841440677642822266e+00
-2.113818407058715820e+00,-3.062068700790405273e+00,-1.938740134239196777e+00,3.204063415527343750e+00,-2.133934736251831055e+00,5.092973232269287109e+00,2.299094438552856445e+00,8.416792750358581543e-02,1.751057654619216919e-01,-1.888680577278137207e+00,2.369594097137451172e+00,-7.127056717872619629e-01,-8.528633713722229004e-01,1.994379758834838867e+00,-1.581436395645141602e-01,-1.138737440109252930e+00,4.842759966850280762e-01,-2.231769800186157227e+00,-2.805320978164672852e+00,1.121495962142944336e+00,2.804828166961669922e+00,-2.081772327423095703e+00,-1.952066659927368164e+00,-1.083490133285522461e+00,9.914633035659790039e-01,2.780034840106964111e-01,-9.170907735824584961e-01,1.135198324918746948e-01,1.309186935424804688e+00,-2.034355640411376953e+00,1.281686186790466309e+00,-4.028129577636718750e-01,2.791895270347595215e-01,-4.193829536437988281e+00,1.893542647361755371e+00,-1.543874979019165039e+00,-3.199983596801757812e+00,3.408207595348358154e-01,-2.498506784439086914e+00,1.437320590019226074e+00,9.986546635627746582e-01,-2.794160544872283936e-01,6.246103048324584961e-01,1.459259271621704102e+00,1.575830876827239990e-01,-1.589087009429931641e+00,1.698959350585937500e+00,9.598890542984008789e-01,1.317990303039550781e+00,3.362898826599121094e+00,-8.704153895378112793e-01,1.965801119804382324e+00,-1.280200004577636719e+00,-2.197601944208145142e-01,-1.924417495727539062e+00,-9.838300943374633789e-01,-1.217501401901245117e+00,4.102081298828125000e+00,5.645037889480590820e-01,1.177817940711975098e+00,3.898864388465881348e-01,-4.103160381317138672e+00,-2.371081352233886719e+00,2.684103965759277344e+00
