1.328341841697692871e+00,-4.439513206481933594e+00,-4.159782886505126953e+00,-4.252352714538574219e+00,-3.868713617324829102e+00,-5.008491516113281250e+00,-4.061635017395019531e+00,-4.905687808990478516e+00,-5.014675140380859375e+00,-4.840849399566650391e+00,-4.440490245819091797e+00,-4.668603897094726562e+00,-4.193632125854492188e+00,-4.191995143890380859e+00,-4.335244655609130859e+00,-4.162831306457519531e+00,-4.985168933868408203e+00,-3.868088722229003906e+00,-4.061705112457275391e+00,-5.028698921203613281e+00,-4.000994205474853516e+00,-4.329299926757812500e+00,-4.765450477600097656e+00,-4.698279380798339844e+00,-4.071765422821044922e+00,-4.476552009582519531e+00,-4.464904308319091797e+00,-4.440284729003906250e+00,-4.549075126647949219e+00,-4.088123798370361328e+00,-4.986085414886474609e+00,-4.282281398773193359e+00,-4.088403224945068359e+00,-4.395737171173095703e+00,-3.667924642562866211e+00,-3.888682365417480469e+00,-4.724517822265625000e+00,-4.063846588134765625e+00,-4.550269126892089844e+00,-4.740390300750732422e+00,-4.134208679199218750e+00,-4.335142135620117188e+00,-3.933158159255981445e+00,-4.084845066070556641e+00,-4.456973075866699219e+00,-4.013806819915771484e+00,-3.666703462600708008e+00,-4.212470531463623047e+00,-4.557067871093750000e+00,-4.394111633300781250e+00,-4.683441162109375000e+00,-4.172043323516845703e+00,-4.292264938354492188e+00,-4.157402992248535156e+00,-3.753147602081298828e+00,-4.339130878448486328e+00,-4.184261798858642578e+00,-4.331330299377441406e+00,-5.088423252105712891e+00,-4.164140224456787109e+00,-4.370878219604492188e+00
4.576465487480163574e-02,-2.209321260452270508e+00,-2.160749912261962891e+00,-2.364516019821166992e+00,-2.122664928436279297e+00,-2.605030775070190430e+00,-2.179821729660034180e+00,-2.516400337219238281e+00,-2.466737508773803711e+00,-2.864523410797119141e+00,-2.554678916931152344e+00,-2.776683807373046875e+00,-2.109992980957031250e+00,-2.419289588928222656e+00,-2.133128166198730469e+00,-2.213866710662841797e+00,-2.321210384368896484e+00,-2.155061244964599609e+00,-2.189011812210083008e+00,-2.555260419845581055e+00,-2.734179019927978516e+00,-2.582675933837890625e+00,-2.479419708251953125e+00,-2.949889898300170898e+00,-2.339702129364013672e+00,-2.584336280822753906e+00,-2.025287151336669922e+00,-2.140265464782714844e+00,-2.453608036041259766e+00,-2.287066698074340820e+00,-2.906223535537719727e+00,-2.356785535812377930e+00,-2.379707336425781250e+00,-2.435290575027465820e+00,-1.786663055419921875e+00,-2.081519365310668945e+00,-2.765638351440429688e+00,-2.350273132324218750e+00,-2.884230613708496094e+00,-2.524220466613769531e+00,-1.913436651229858398e+00,-2.218410015106201172e+00,-1.834421753883361816e+00,-2.238680124282836914e+00,-2.899606466293334961e+00,-2.240034341812133789e+00,-1.903962850570678711e+00,-2.578344345092773438e+00,-2.563808441162109375e+00,-2.480224847793579102e+00,-2.821090698242187500e+00,-2.317227125167846680e+00,-2.676798582077026367e+00,-2.121119499206542969e+00,-2.114745378494262695e+00,-2.178683996200561523e+00,-2.444406986236572266e+00,-2.211298942565917969e+00,-2.637401580810546875e+00,-2.044823169708251953e+00,-2.753608942031860352e+00
-1.406919658184051514e-01,-2.125671625137329102e+00,-1.964201331138610840e+00,-2.049802303314208984e+00,-1.816144704818725586e+00,-2.324892759323120117e+00,-1.793087959289550781e+00,-2.326058149337768555e+00,-2.196121931076049805e+00,-2.568394660949707031e+00,-2.222730398178100586e+00,-2.390445232391357422e+00,-1.951571226119995117e+00,-2.019293546676635742e+00,-1.882244706153869629e+00,-1.910900831222534180e+00,-2.252086639404296875e+00,-1.883839726448059082e+00,-1.881797432899475098e+00,-2.267834901809692383e+00,-2.351465702056884766e+00,-2.236784219741821289e+00,-2.163009881973266602e+00,-2.440778255462646484e+00,-2.117646217346191406e+00,-2.194031476974487305e+00,-1.742138981819152832e+00,-1.958188414573669434e+00,-2.066458940505981445e+00,-1.926140189170837402e+00,-2.463066577911376953e+00,-2.126894474029541016e+00,-2.051878213882446289e+00,-2.088952541351318359e+00,-1.673070907592773438e+00,-1.790523290634155273e+00,-2.476599216461181641e+00,-2.109516143798828125e+00,-2.467799425125122070e+00,-2.346513271331787109e+00,-1.714062571525573730e+00,-1.980957746505737305e+00,-1.616320848464965820e+00,-2.062968492507934570e+00,-2.550882101058959961e+00,-1.896485090255737305e+00,-1.731671571731567383e+00,-2.092920780181884766e+00,-2.124966859817504883e+00,-2.137354135513305664e+00,-2.366895675659179688e+00,-2.009507894515991211e+00,-2.195302009582519531e+00,-1.875255465507507324e+00,-1.820203542709350586e+00,-1.905397176742553711e+00,-2.060659170150756836e+00,-2.023293018341064453e+00,-2.404086589813232422e+00,-1.707494258880615234e+00,-2.389542341232299805e+00
2.843380533158779144e-02,-2.204488992691040039e+00,-2.312519788742065430e+00,-2.458851575851440430e+00,-2.206289291381835938e+00,-2.537376165390014648e+00,-2.222159147262573242e+00,-2.562114238739013672e+00,-2.632387876510620117e+00,-2.929538488388061523e+00,-2.537202358245849609e+00,-2.705202341079711914e+00,-2.166157007217407227e+00,-2.409086704254150391e+00,-2.246115922927856445e+00,-2.200074195861816406e+00,-2.483804464340209961e+00,-2.186429023742675781e+00,-2.249470233917236328e+00,-2.489196062088012695e+00,-2.745683193206787109e+00,-2.591356515884399414e+00,-2.417911052703857422e+00,-2.908724784851074219e+00,-2.527240276336669922e+00,-2.586536645889282227e+00,-2.168217182159423828e+00,-2.124183416366577148e+00,-2.408024072647094727e+00,-2.311013936996459961e+00,-2.798616409301757812e+00,-2.421170711517333984e+00,-2.464391946792602539e+00,-2.443557262420654297e+00,-1.972452163696289062e+00,-2.058307409286499023e+00,-2.931290149688720703e+00,-2.494003534317016602e+00,-2.951697826385498047e+00,-2.639525413513183594e+00,-1.898907184600830078e+00,-2.299573183059692383e+00,-1.935826420783996582e+00,-2.335238456726074219e+00,-2.947412490844726562e+00,-2.179020881652832031e+00,-2.037888526916503906e+00,-2.588008642196655273e+00,-2.516625881195068359e+00,-2.569784402847290039e+00,-2.875322341918945312e+00,-2.369065523147583008e+00,-2.531142234802246094e+00,-2.164191007614135742e+00,-2.172618389129638672e+00,-2.180152893066406250e+00,-2.439472913742065430e+00,-2.516125202178955078e+00,-2.714868068695068359e+00,-2.087804317474365234e+00,-2.820288419723510742e+00
2.973193302750587463e-02,-2.238177299499511719e+00,-2.479272603988647461e+00,-2.605685710906982422e+00,-2.302209615707397461e+00,-2.598117113113403320e+00,-2.393162012100219727e+00,-2.642281532287597656e+00,-2.744401454925537109e+00,-3.095661163330078125e+00,-2.637068986892700195e+00,-2.748371839523315430e+00,-2.242876052856445312e+00,-2.532748222351074219e+00,-2.352119684219360352e+00,-2.232275247573852539e+00,-2.589331388473510742e+00,-2.274052381515502930e+00,-2.351947784423828125e+00,-2.488114356994628906e+00,-2.875180959701538086e+00,-2.690264701843261719e+00,-2.496032238006591797e+00,-3.099339008331298828e+00,-2.713678598403930664e+00,-2.678743839263916016e+00,-2.291921615600585938e+00,-2.145559310913085938e+00,-2.558712720870971680e+00,-2.453769207000732422e+00,-2.874063491821289062e+00,-2.512513875961303711e+00,-2.615230321884155273e+00,-2.540418148040771484e+00,-2.116556882858276367e+00,-2.112280607223510742e+00,-3.117954492568969727e+00,-2.635803699493408203e+00,-3.169787883758544922e+00,-2.726413726806640625e+00,-1.929704904556274414e+00,-2.368639230728149414e+00,-2.042801618576049805e+00,-2.391960382461547852e+00,-3.118938684463500977e+00,-2.246320247650146484e+00,-2.102433443069458008e+00,-2.746894836425781250e+00,-2.614959239959716797e+00,-2.718379735946655273e+00,-3.071490049362182617e+00,-2.476704835891723633e+00,-2.605788230895996094e+00,-2.259407043457031250e+00,-2.289100408554077148e+00,-2.167810678482055664e+00,-2.521099090576171875e+00,-2.701822280883789062e+00,-2.763332843780517578e+00,-2.169436454772949219e+00,-2.994705915451049805e+00
-1.091468110680580139e-01,-2.246299505233764648e+00,-2.376871109008789062e+00,-2.453372955322265625e+00,-2.227580785751342773e+00,-2.574460506439208984e+00,-2.316187143325805664e+00,-2.582397460937500000e+00,-2.597825288772583008e+00,-3.009752988815307617e+00,-2.574011564254760742e+00,-2.680689096450805664e+00,-2.179900169372558594e+00,-2.461398363113403320e+00,-2.270226478576660156e+00,-2.198366641998291016e+00,-2.504335880279541016e+00,-2.235259294509887695e+00,-2.277101516723632812e+00,-2.458130598068237305e+00,-2.776529788970947266e+00,-2.621026515960693359e+00,-2.451807737350463867e+00,-3.017011642456054688e+00,-2.612335443496704102e+00,-2.580868959426879883e+00,-2.158654451370239258e+00,-2.138828039169311523e+00,-2.502679347991943359e+00,-2.414663553237915039e+00,-2.829300880432128906e+00,-2.425756931304931641e+00,-2.533556938171386719e+00,-2.440471887588500977e+00,-2.033044576644897461e+00,-2.090965747833251953e+00,-2.953662395477294922e+00,-2.494041204452514648e+00,-3.075465679168701172e+00,-2.644187450408935547e+00,-1.927179813385009766e+00,-2.304352760314941406e+00,-2.002760887145996094e+00,-2.281349182128906250e+00,-3.043525695800781250e+00,-2.214632749557495117e+00,-2.026980638504028320e+00,-2.657041788101196289e+00,-2.534365653991699219e+00,-2.616412639617919922e+00,-2.958963394165039062e+00,-2.403685808181762695e+00,-2.595756769180297852e+00,-2.217368841171264648e+00,-2.198526859283447266e+00,-2.080662012100219727e+00,-2.445049762725830078e+00,-2.499470949172973633e+00,-2.664383649826049805e+00,-2.078619956970214844e+00,-2.881528377532958984e+00
-1.093130037188529968e-01,-2.142017602920532227e+00,-2.163969039916992188e+00,-2.258759737014770508e+00,-2.108622074127197266e+00,-2.439404249191284180e+00,-2.098233461380004883e+00,-2.433534145355224609e+00,-2.446405172348022461e+00,-2.772454261779785156e+00,-2.419751644134521484e+00,-2.566521883010864258e+00,-2.040506124496459961e+00,-2.291040658950805664e+00,-2.126332759857177734e+00,-2.126685619354248047e+00,-2.344082832336425781e+00,-2.101537942886352539e+00,-2.138709068298339844e+00,-2.405033349990844727e+00,-2.583520412445068359e+00,-2.472538232803344727e+00,-2.306268453598022461e+00,-2.758435010910034180e+00,-2.388617515563964844e+00,-2.440278053283691406e+00,-2.010728597640991211e+00,-2.069054365158081055e+00,-2.288325548171997070e+00,-2.232854843139648438e+00,-2.682497501373291016e+00,-2.287464380264282227e+00,-2.336495637893676758e+00,-2.287776470184326172e+00,-1.855488061904907227e+00,-2.003447532653808594e+00,-2.712658643722534180e+00,-2.313873767852783203e+00,-2.795053005218505859e+00,-2.506234884262084961e+00,-1.860029697418212891e+00,-2.194995164871215820e+00,-1.871726512908935547e+00,-2.183005332946777344e+00,-2.798735380172729492e+00,-2.102852344512939453e+00,-1.940549731254577637e+00,-2.451569557189941406e+00,-2.367466926574707031e+00,-2.419115066528320312e+00,-2.705032587051391602e+00,-2.254498243331909180e+00,-2.459361791610717773e+00,-2.076446771621704102e+00,-2.039730310440063477e+00,-2.058860063552856445e+00,-2.319580793380737305e+00,-2.287738561630249023e+00,-2.559249639511108398e+00,-1.967756867408752441e+00,-2.649590015411376953e+00
2.048480957746505737e-01,-1.768023371696472168e+00,-1.934837937355041504e+00,-2.055424213409423828e+00,-1.754723429679870605e+00,-2.092945337295532227e+00,-1.846583485603332520e+00,-2.118430376052856445e+00,-2.167440414428710938e+00,-2.510797262191772461e+00,-2.080807209014892578e+00,-2.302055597305297852e+00,-1.832090020179748535e+00,-2.045435190200805664e+00,-1.812742114067077637e+00,-1.718355655670166016e+00,-1.988346338272094727e+00,-1.752048611640930176e+00,-1.814788818359375000e+00,-1.970206379890441895e+00,-2.359038114547729492e+00,-2.139098644256591797e+00,-1.968652844429016113e+00,-2.497167587280273438e+00,-2.087791442871093750e+00,-2.180131673812866211e+00,-1.697456121444702148e+00,-1.728009581565856934e+00,-2.016404628753662109e+00,-1.846861243247985840e+00,-2.372788429260253906e+00,-1.987872362136840820e+00,-2.090927362442016602e+00,-2.074727296829223633e+00,-1.591037869453430176e+00,-1.642390727996826172e+00,-2.489679098129272461e+00,-2.036185026168823242e+00,-2.519790410995483398e+00,-2.144252538681030273e+00,-1.401854395866394043e+00,-1.866106152534484863e+00,-1.494309782981872559e+00,-1.878809213638305664e+00,-2.548748493194580078e+00,-1.790487647056579590e+00,-1.583033442497253418e+00,-2.230377912521362305e+00,-2.165279150009155273e+00,-2.167205333709716797e+00,-2.476316452026367188e+00,-1.936921834945678711e+00,-2.107412099838256836e+00,-1.727857589721679688e+00,-1.815694332122802734e+00,-1.717435359954833984e+00,-1.983407855033874512e+00,-2.078901052474975586e+00,-2.256092071533203125e+00,-1.663643479347229004e+00,-2.457537651062011719e+00
-7.445093360729515553e-04,-2.533572435379028320e+00,-2.553763389587402344e+00,-2.721493244171142578e+00,-2.466001272201538086e+00,-2.899759531021118164e+00,-2.451903343200683594e+00,-2.899499654769897461e+00,-2.926025152206420898e+00,-3.278403759002685547e+00,-2.867749929428100586e+00,-3.078782558441162109e+00,-2.440028905868530273e+00,-2.701110363006591797e+00,-2.502247571945190430e+00,-2.504403829574584961e+00,-2.788124561309814453e+00,-2.458995580673217773e+00,-2.515819311141967773e+00,-2.867877006530761719e+00,-3.074248790740966797e+00,-2.921754121780395508e+00,-2.746932268142700195e+00,-3.247676372528076172e+00,-2.787876605987548828e+00,-2.910899162292480469e+00,-2.392518281936645508e+00,-2.442052602767944336e+00,-2.699694156646728516e+00,-2.582678556442260742e+00,-3.186330795288085938e+00,-2.725529909133911133e+00,-2.737524271011352539e+00,-2.743027448654174805e+00,-2.171684265136718750e+00,-2.343642711639404297e+00,-3.241731882095336914e+00,-2.765769720077514648e+00,-3.271304607391357422e+00,-2.973619699478149414e+00,-2.176090240478515625e+00,-2.588500261306762695e+00,-2.159960031509399414e+00,-2.631061077117919922e+00,-3.292628288269042969e+00,-2.478268861770629883e+00,-2.282831907272338867e+00,-2.877582788467407227e+00,-2.825864076614379883e+00,-2.854121208190917969e+00,-3.187015295028686523e+00,-2.654993534088134766e+00,-2.885818719863891602e+00,-2.432939529418945312e+00,-2.419233560562133789e+00,-2.490672826766967773e+00,-2.747628450393676758e+00,-2.736566543579101562e+00,-3.071521520614624023e+00,-2.335052728652954102e+00,-3.139441490173339844e+00
-1.800610125064849854e-01,-2.240201711654663086e+00,-2.249898910522460938e+00,-2.389634370803833008e+00,-2.169380664825439453e+00,-2.556626081466674805e+00,-2.178485155105590820e+00,-2.541753292083740234e+00,-2.509564638137817383e+00,-2.927472591400146484e+00,-2.554177284240722656e+00,-2.709810495376586914e+00,-2.124921798706054688e+00,-2.391633749008178711e+00,-2.174497604370117188e+00,-2.199520826339721680e+00,-2.425466775894165039e+00,-2.189174175262451172e+00,-2.214099407196044922e+00,-2.497184991836547852e+00,-2.763605356216430664e+00,-2.600093364715576172e+00,-2.425897598266601562e+00,-2.926861763000488281e+00,-2.488289833068847656e+00,-2.555392980575561523e+00,-2.050387620925903320e+00,-2.118541240692138672e+00,-2.407605171203613281e+00,-2.319137334823608398e+00,-2.822845697402954102e+00,-2.399672746658325195e+00,-2.429819583892822266e+00,-2.400485992431640625e+00,-1.907934427261352539e+00,-2.067519664764404297e+00,-2.865413665771484375e+00,-2.447492599487304688e+00,-2.954537630081176758e+00,-2.609606027603149414e+00,-1.908981323242187500e+00,-2.251185178756713867e+00,-1.890655398368835449e+00,-2.298447847366333008e+00,-2.968769073486328125e+00,-2.194517850875854492e+00,-1.991822481155395508e+00,-2.557796955108642578e+00,-2.480068683624267578e+00,-2.517963171005249023e+00,-2.839221715927124023e+00,-2.345930814743041992e+00,-2.595434665679931641e+00,-2.147469043731689453e+00,-2.134380578994750977e+00,-2.129131078720092773e+00,-2.431832313537597656e+00,-2.363619327545166016e+00,-2.651698589324951172e+00,-2.016411304473876953e+00,-2.800866842269897461e+00
2.863079011440277100e-01,-1.719205379486083984e+00,-1.889394402503967285e+00,-2.075608491897583008e+00,-1.695158123970031738e+00,-2.097360134124755859e+00,-1.794887661933898926e+00,-2.052791357040405273e+00,-2.061257123947143555e+00,-2.474548339843750000e+00,-2.128353118896484375e+00,-2.214756011962890625e+00,-1.730079650878906250e+00,-2.045719146728515625e+00,-1.699580788612365723e+00,-1.653064131736755371e+00,-1.951627373695373535e+00,-1.655278682708740234e+00,-1.761965751647949219e+00,-1.984917879104614258e+00,-2.291541814804077148e+00,-2.123997688293457031e+00,-2.004684686660766602e+00,-2.530527830123901367e+00,-2.022333621978759766e+00,-2.163721799850463867e+00,-1.684723138809204102e+00,-1.705303668975830078e+00,-2.083596706390380859e+00,-1.839009881019592285e+00,-2.366879463195800781e+00,-1.989546418190002441e+00,-1.987286448478698730e+00,-2.044140338897705078e+00,-1.512496471405029297e+00,-1.653276920318603516e+00,-2.463696718215942383e+00,-2.053522348403930664e+00,-2.476995706558227539e+00,-2.070410966873168945e+00,-1.431336998939514160e+00,-1.744637131690979004e+00,-1.440616607666015625e+00,-1.855507254600524902e+00,-2.441070318222045898e+00,-1.825453400611877441e+00,-1.485143184661865234e+00,-2.167676448822021484e+00,-2.052874803543090820e+00,-2.072530508041381836e+00,-2.427998304367065430e+00,-1.894997477531433105e+00,-2.102568149566650391e+00,-1.672001719474792480e+00,-1.770699262619018555e+00,-1.694619059562683105e+00,-1.947334170341491699e+00,-1.980379343032836914e+00,-2.138400793075561523e+00,-1.639290213584899902e+00,-2.436077833175659180e+00
1.467166692018508911e-01,-2.194755077362060547e+00,-2.304805517196655273e+00,-2.484062433242797852e+00,-2.221593618392944336e+00,-2.601270198822021484e+00,-2.269214630126953125e+00,-2.551116466522216797e+00,-2.604803800582885742e+00,-2.940254211425781250e+00,-2.608766317367553711e+00,-2.715033054351806641e+00,-2.132993936538696289e+00,-2.486720561981201172e+00,-2.228800773620605469e+00,-2.221116304397583008e+00,-2.456187725067138672e+00,-2.175230979919433594e+00,-2.269155263900756836e+00,-2.558090209960937500e+00,-2.733747243881225586e+00,-2.628307819366455078e+00,-2.497211694717407227e+00,-3.010235548019409180e+00,-2.501123905181884766e+00,-2.636501789093017578e+00,-2.202159643173217773e+00,-2.172122716903686523e+00,-2.524478197097778320e+00,-2.377604961395263672e+00,-2.884127140045166016e+00,-2.439069986343383789e+00,-2.459120988845825195e+00,-2.477231025695800781e+00,-1.933114409446716309e+00,-2.131933212280273438e+00,-2.915442228317260742e+00,-2.491261720657348633e+00,-2.979375362396240234e+00,-2.605480670928955078e+00,-1.966955661773681641e+00,-2.275957584381103516e+00,-1.962455630302429199e+00,-2.307800531387329102e+00,-2.923029661178588867e+00,-2.272221088409423828e+00,-1.994605183601379395e+00,-2.643823623657226562e+00,-2.537713766098022461e+00,-2.566685676574707031e+00,-2.918114662170410156e+00,-2.392358303070068359e+00,-2.628455162048339844e+00,-2.180957078933715820e+00,-2.184753179550170898e+00,-2.205090522766113281e+00,-2.473628282546997070e+00,-2.440382242202758789e+00,-2.676952362060546875e+00,-2.138957023620605469e+00,-2.846987009048461914e+00
-6.494838744401931763e-02,-2.200913667678833008e+00,-2.172777652740478516e+00,-2.287490844726562500e+00,-1.965431213378906250e+00,-2.455187797546386719e+00,-2.058763742446899414e+00,-2.465932369232177734e+00,-2.390384435653686523e+00,-2.757746458053588867e+00,-2.378923654556274414e+00,-2.509121417999267578e+00,-2.084642410278320312e+00,-2.189232349395751953e+00,-2.064417123794555664e+00,-2.025592088699340820e+00,-2.408176422119140625e+00,-2.041832685470581055e+00,-2.053249359130859375e+00,-2.341934442520141602e+00,-2.529080629348754883e+00,-2.382807493209838867e+00,-2.337298631668090820e+00,-2.693246603012084961e+00,-2.320093631744384766e+00,-2.345655202865600586e+00,-1.980001449584960938e+00,-2.002437829971313477e+00,-2.299059629440307617e+00,-2.130851030349731445e+00,-2.602115392684936523e+00,-2.261137723922729492e+00,-2.240565061569213867e+00,-2.261950492858886719e+00,-1.857805132865905762e+00,-1.882236123085021973e+00,-2.709901571273803711e+00,-2.308393478393554688e+00,-2.726061820983886719e+00,-2.473036289215087891e+00,-1.823035001754760742e+00,-2.105587005615234375e+00,-1.778967976570129395e+00,-2.180186271667480469e+00,-2.746212720870971680e+00,-2.010423660278320312e+00,-1.846165060997009277e+00,-2.305302143096923828e+00,-2.331281900405883789e+00,-2.346062898635864258e+00,-2.619369983673095703e+00,-2.173300266265869141e+00,-2.336175203323364258e+00,-2.040860414505004883e+00,-1.998607277870178223e+00,-1.986060857772827148e+00,-2.224042654037475586e+00,-2.273386955261230469e+00,-2.512498140335083008e+00,-1.888392090797424316e+00,-2.578603744506835938e+00
4.292238950729370117e-01,-1.808913588523864746e+00,-1.972942709922790527e+00,-2.018705606460571289e+00,-1.741805076599121094e+00,-2.149846792221069336e+00,-1.821636915206909180e+00,-2.144037008285522461e+00,-2.187054395675659180e+00,-2.527421236038208008e+00,-2.093549728393554688e+00,-2.233109235763549805e+00,-1.845867753028869629e+00,-2.085814237594604492e+00,-1.812793970108032227e+00,-1.678479552268981934e+00,-2.067979097366333008e+00,-1.680952429771423340e+00,-1.798365712165832520e+00,-2.028116226196289062e+00,-2.229470491409301758e+00,-2.117865562438964844e+00,-1.990849256515502930e+00,-2.483178138732910156e+00,-2.087369680404663086e+00,-2.185071468353271484e+00,-1.727226376533508301e+00,-1.866817116737365723e+00,-2.071039915084838867e+00,-1.846516728401184082e+00,-2.390722274780273438e+00,-2.008826971054077148e+00,-2.073467969894409180e+00,-2.068830013275146484e+00,-1.611992955207824707e+00,-1.706259250640869141e+00,-2.466434717178344727e+00,-1.993832111358642578e+00,-2.473054647445678711e+00,-2.152334928512573242e+00,-1.459542870521545410e+00,-1.870931625366210938e+00,-1.555707454681396484e+00,-1.836610436439514160e+00,-2.471665620803833008e+00,-1.845101237297058105e+00,-1.549206852912902832e+00,-2.213925838470458984e+00,-2.095305204391479492e+00,-2.141164064407348633e+00,-2.460257768630981445e+00,-1.930750012397766113e+00,-2.069384336471557617e+00,-1.730302453041076660e+00,-1.788469195365905762e+00,-1.714079976081848145e+00,-1.917214870452880859e+00,-2.055644750595092773e+00,-2.267587423324584961e+00,-1.678542613983154297e+00,-2.466496944427490234e+00
-1.190494969487190247e-01,-2.145294904708862305e+00,-2.317614555358886719e+00,-2.562580585479736328e+00,-2.334953546524047852e+00,-2.596769809722900391e+00,-2.298939228057861328e+00,-2.525926828384399414e+00,-2.586028575897216797e+00,-3.058633565902709961e+00,-2.741302251815795898e+00,-2.812706232070922852e+00,-2.066477537155151367e+00,-2.600953340530395508e+00,-2.209804058074951172e+00,-2.285531759262084961e+00,-2.386487722396850586e+00,-2.242210626602172852e+00,-2.341215848922729492e+00,-2.589164495468139648e+00,-2.955473661422729492e+00,-2.788330078125000000e+00,-2.506138086318969727e+00,-3.202906370162963867e+00,-2.628797054290771484e+00,-2.758715391159057617e+00,-2.166015625000000000e+00,-2.141468763351440430e+00,-2.567039728164672852e+00,-2.495522975921630859e+00,-2.997986078262329102e+00,-2.525734424591064453e+00,-2.557658672332763672e+00,-2.528558969497680664e+00,-1.915639400482177734e+00,-2.219363689422607422e+00,-3.049008607864379883e+00,-2.634774446487426758e+00,-3.175250291824340820e+00,-2.659949541091918945e+00,-1.955547094345092773e+00,-2.287429571151733398e+00,-1.953597187995910645e+00,-2.391591072082519531e+00,-3.102457523345947266e+00,-2.371825218200683594e+00,-2.056814193725585938e+00,-2.797509670257568359e+00,-2.557767391204833984e+00,-2.644989013671875000e+00,-3.063212871551513672e+00,-2.485110998153686523e+00,-2.805240154266357422e+00,-2.191420793533325195e+00,-2.257452964782714844e+00,-2.234060287475585938e+00,-2.610362291336059570e+00,-2.470994472503662109e+00,-2.677735328674316406e+00,-2.149518251419067383e+00,-3.028817892074584961e+00
-2.184174060821533203e-01,-2.232137918472290039e+00,-2.185548543930053711e+00,-2.347277164459228516e+00,-2.033142805099487305e+00,-2.529764890670776367e+00,-2.112662315368652344e+00,-2.490045785903930664e+00,-2.365640640258789062e+00,-2.856099843978881836e+00,-2.506547689437866211e+00,-2.609699487686157227e+00,-2.071415185928344727e+00,-2.292057514190673828e+00,-2.059486150741577148e+00,-2.098803043365478516e+00,-2.384443759918212891e+00,-2.108647346496582031e+00,-2.112296581268310547e+00,-2.422350406646728516e+00,-2.676859617233276367e+00,-2.506463527679443359e+00,-2.419765472412109375e+00,-2.865514278411865234e+00,-2.381229639053344727e+00,-2.442406892776489258e+00,-1.965094327926635742e+00,-2.030432462692260742e+00,-2.400286197662353516e+00,-2.241266489028930664e+00,-2.737645387649536133e+00,-2.331557035446166992e+00,-2.304158926010131836e+00,-2.322805404663085938e+00,-1.840391516685485840e+00,-1.973692297935485840e+00,-2.780106544494628906e+00,-2.388231515884399414e+00,-2.866292476654052734e+00,-2.512261629104614258e+00,-1.875945091247558594e+00,-2.119047403335571289e+00,-1.790990710258483887e+00,-2.230967760086059570e+00,-2.872612476348876953e+00,-2.122065305709838867e+00,-1.868297815322875977e+00,-2.417027950286865234e+00,-2.388559579849243164e+00,-2.399788379669189453e+00,-2.726871728897094727e+00,-2.247810602188110352e+00,-2.515085697174072266e+00,-2.082125902175903320e+00,-2.055794715881347656e+00,-2.024296760559082031e+00,-2.333681583404541016e+00,-2.236356735229492188e+00,-2.519922971725463867e+00,-1.917011380195617676e+00,-2.696454524993896484e+00
1.340837478637695312e-01,-2.471245050430297852e+00,-2.527865409851074219e+00,-2.664219379425048828e+00,-2.464881658554077148e+00,-2.871008872985839844e+00,-2.412591457366943359e+00,-2.861582279205322266e+00,-2.925969362258911133e+00,-3.276317596435546875e+00,-2.839249372482299805e+00,-3.084242343902587891e+00,-2.417210578918457031e+00,-2.737633705139160156e+00,-2.480257511138916016e+00,-2.470186948776245117e+00,-2.724649906158447266e+00,-2.406285285949707031e+00,-2.494767189025878906e+00,-2.854206800460815430e+00,-3.053684949874877930e+00,-2.914641857147216797e+00,-2.685271739959716797e+00,-3.244752645492553711e+00,-2.770166635513305664e+00,-2.937458038330078125e+00,-2.339640140533447266e+00,-2.482264757156372070e+00,-2.664384603500366211e+00,-2.548966169357299805e+00,-3.211365461349487305e+00,-2.705304622650146484e+00,-2.755122423171997070e+00,-2.741319179534912109e+00,-2.125136137008666992e+00,-2.361956357955932617e+00,-3.216031789779663086e+00,-2.704415559768676758e+00,-3.256248474121093750e+00,-2.946269750595092773e+00,-2.110551834106445312e+00,-2.591722965240478516e+00,-2.140179872512817383e+00,-2.576874732971191406e+00,-3.287792444229125977e+00,-2.495799064636230469e+00,-2.252202033996582031e+00,-2.926622867584228516e+00,-2.818972826004028320e+00,-2.854522228240966797e+00,-3.204392671585083008e+00,-2.642907142639160156e+00,-2.890258312225341797e+00,-2.387428998947143555e+00,-2.401559352874755859e+00,-2.476747512817382812e+00,-2.720621347427368164e+00,-2.700728416442871094e+00,-3.083132266998291016e+00,-2.318173646926879883e+00,-3.177092790603637695e+00
1.529339402914047241e-01,-2.285766839981079102e+00,-2.330213546752929688e+00,-2.473368644714355469e+00,-2.170053243637084961e+00,-2.596618175506591797e+00,-2.204543590545654297e+00,-2.632105112075805664e+00,-2.679807662963867188e+00,-2.928233861923217773e+00,-2.528085231781005859e+00,-2.732445240020751953e+00,-2.243175745010375977e+00,-2.382757902145385742e+00,-2.269840478897094727e+00,-2.204350471496582031e+00,-2.567647933959960938e+00,-2.179153680801391602e+00,-2.238136529922485352e+00,-2.539999961853027344e+00,-2.705748558044433594e+00,-2.565611839294433594e+00,-2.463588953018188477e+00,-2.853150129318237305e+00,-2.488575220108032227e+00,-2.580266237258911133e+00,-2.198067188262939453e+00,-2.179610013961791992e+00,-2.413016080856323242e+00,-2.259763956069946289e+00,-2.803482055664062500e+00,-2.436868190765380859e+00,-2.436825037002563477e+00,-2.469036579132080078e+00,-1.991542458534240723e+00,-2.043375015258789062e+00,-2.928365468978881836e+00,-2.482971191406250000e+00,-2.887914657592773438e+00,-2.672033309936523438e+00,-1.929370164871215820e+00,-2.323969841003417969e+00,-1.932761073112487793e+00,-2.368717908859252930e+00,-2.911876201629638672e+00,-2.167245388031005859e+00,-2.037287950515747070e+00,-2.531189441680908203e+00,-2.543787956237792969e+00,-2.558965444564819336e+00,-2.833524942398071289e+00,-2.355955839157104492e+00,-2.487233877182006836e+00,-2.179484367370605469e+00,-2.168773412704467773e+00,-2.230456590652465820e+00,-2.417089700698852539e+00,-2.533694982528686523e+00,-2.782632350921630859e+00,-2.100764274597167969e+00,-2.784197807312011719e+00
3.486693203449249268e-01,-1.976439237594604492e+00,-2.138764142990112305e+00,-2.327456474304199219e+00,-2.081514358520507812e+00,-2.412891864776611328e+00,-2.026162624359130859e+00,-2.365716695785522461e+00,-2.472174644470214844e+00,-2.805259227752685547e+00,-2.456752300262451172e+00,-2.609688282012939453e+00,-1.980839729309082031e+00,-2.397100210189819336e+00,-2.033653974533081055e+00,-2.028466463088989258e+00,-2.245181322097778320e+00,-1.948229312896728516e+00,-2.098127126693725586e+00,-2.413038730621337891e+00,-2.615514755249023438e+00,-2.500346183776855469e+00,-2.271186351776123047e+00,-2.846230745315551758e+00,-2.341964960098266602e+00,-2.563566684722900391e+00,-1.989048719406127930e+00,-2.088831901550292969e+00,-2.312642574310302734e+00,-2.147365093231201172e+00,-2.771521568298339844e+00,-2.322080612182617188e+00,-2.327326297760009766e+00,-2.364700078964233398e+00,-1.736430644989013672e+00,-2.021685123443603516e+00,-2.793652534484863281e+00,-2.344767808914184570e+00,-2.794297218322753906e+00,-2.453163146972656250e+00,-1.726242780685424805e+00,-2.131719112396240234e+00,-1.753183007240295410e+00,-2.183872938156127930e+00,-2.772339105606079102e+00,-2.168735027313232422e+00,-1.841378331184387207e+00,-2.546021699905395508e+00,-2.365745067596435547e+00,-2.415816307067871094e+00,-2.779346704483032227e+00,-2.239885807037353516e+00,-2.472129583358764648e+00,-1.956804037094116211e+00,-2.047283649444580078e+00,-2.108095407485961914e+00,-2.311738491058349609e+00,-2.300499677658081055e+00,-2.579684257507324219e+00,-1.975445389747619629e+00,-2.791952371597290039e+00
-3.060569241642951965e-02,-2.093902349472045898e+00,-2.140498876571655273e+00,-2.303148746490478516e+00,-2.051375627517700195e+00,-2.452594041824340820e+00,-2.060007572174072266e+00,-2.426363229751586914e+00,-2.400443553924560547e+00,-2.865404129028320312e+00,-2.459986925125122070e+00,-2.684676170349121094e+00,-2.045058250427246094e+00,-2.352672100067138672e+00,-2.037123680114746094e+00,-2.062499284744262695e+00,-2.248852014541625977e+00,-2.052448987960815430e+00,-2.096587657928466797e+00,-2.377827405929565430e+00,-2.736845493316650391e+00,-2.520909309387207031e+00,-2.302113771438598633e+00,-2.878964185714721680e+00,-2.367437124252319336e+00,-2.518465042114257812e+00,-1.881531596183776855e+00,-2.035114049911499023e+00,-2.309458971023559570e+00,-2.171977996826171875e+00,-2.787517547607421875e+00,-2.308361530303955078e+00,-2.363090753555297852e+00,-2.353890895843505859e+00,-1.758942127227783203e+00,-1.973154187202453613e+00,-2.791966438293457031e+00,-2.335295915603637695e+00,-2.877332687377929688e+00,-2.482966184616088867e+00,-1.714735269546508789e+00,-2.140730142593383789e+00,-1.719157695770263672e+00,-2.191223859786987305e+00,-2.922528982162475586e+00,-2.129330873489379883e+00,-1.848713397979736328e+00,-2.534143447875976562e+00,-2.437049150466918945e+00,-2.438904047012329102e+00,-2.791297435760498047e+00,-2.243879318237304688e+00,-2.538536787033081055e+00,-2.000181913375854492e+00,-2.060039997100830078e+00,-2.033858776092529297e+00,-2.336702108383178711e+00,-2.240030765533447266e+00,-2.574896335601806641e+00,-1.898401498794555664e+00,-2.792082309722900391e+00
-5.437496677041053772e-02,-2.300861120223999023e+00,-2.249520540237426758e+00,-2.511892318725585938e+00,-2.013176441192626953e+00,-2.611192941665649414e+00,-2.181997776031494141e+00,-2.617836952209472656e+00,-2.498837709426879883e+00,-2.944392442703247070e+00,-2.538321733474731445e+00,-2.807406425476074219e+00,-2.235077857971191406e+00,-2.311449527740478516e+00,-2.127878427505493164e+00,-2.135796070098876953e+00,-2.454408168792724609e+00,-2.172768831253051758e+00,-2.147598028182983398e+00,-2.454101324081420898e+00,-2.847301483154296875e+00,-2.547184228897094727e+00,-2.514347076416015625e+00,-2.925191879272460938e+00,-2.379027843475341797e+00,-2.527746915817260742e+00,-2.025732755661010742e+00,-2.000430583953857422e+00,-2.442680597305297852e+00,-2.185620546340942383e+00,-2.822562456130981445e+00,-2.390974044799804688e+00,-2.361255407333374023e+00,-2.469736814498901367e+00,-1.873376727104187012e+00,-1.905677556991577148e+00,-2.922785758972167969e+00,-2.481542348861694336e+00,-2.924583673477172852e+00,-2.584716796875000000e+00,-1.819579243659973145e+00,-2.178553104400634766e+00,-1.717285633087158203e+00,-2.359110116958618164e+00,-2.997311592102050781e+00,-2.102082967758178711e+00,-1.890880107879638672e+00,-2.468141794204711914e+00,-2.606084823608398438e+00,-2.496869325637817383e+00,-2.812586784362792969e+00,-2.281962156295776367e+00,-2.542809724807739258e+00,-2.115290164947509766e+00,-2.148490428924560547e+00,-2.129876852035522461e+00,-2.411647558212280273e+00,-2.378530263900756836e+00,-2.677388668060302734e+00,-1.966886758804321289e+00,-2.772985219955444336e+00
-6.727084517478942871e-02,-1.963094353675842285e+00,-2.121906995773315430e+00,-2.208920717239379883e+00,-1.969579577445983887e+00,-2.244960069656372070e+00,-2.008549690246582031e+00,-2.287351131439208984e+00,-2.335279941558837891e+00,-2.685484886169433594e+00,-2.273523807525634766e+00,-2.377568244934082031e+00,-1.934845685958862305e+00,-2.168304443359375000e+00,-2.000158071517944336e+00,-1.915822982788085938e+00,-2.237451553344726562e+00,-1.952203989028930664e+00,-2.006359100341796875e+00,-2.153409242630004883e+00,-2.489645719528198242e+00,-2.325073242187500000e+00,-2.133176803588867188e+00,-2.651090621948242188e+00,-2.341328382492065430e+00,-2.299897670745849609e+00,-1.910308003425598145e+00,-1.871687650680541992e+00,-2.170800685882568359e+00,-2.092023372650146484e+00,-2.480875968933105469e+00,-2.172874212265014648e+00,-2.245890855789184570e+00,-2.170550346374511719e+00,-1.810221672058105469e+00,-1.823104619979858398e+00,-2.680542230606079102e+00,-2.261941909790039062e+00,-2.724431276321411133e+00,-2.369231939315795898e+00,-1.651877641677856445e+00,-2.038606166839599609e+00,-1.735673189163208008e+00,-2.069751977920532227e+00,-2.709879159927368164e+00,-1.933911204338073730e+00,-1.810967326164245605e+00,-2.341951847076416016e+00,-2.219090461730957031e+00,-2.323791027069091797e+00,-2.623322010040283203e+00,-2.124718427658081055e+00,-2.245576143264770508e+00,-1.932040095329284668e+00,-1.953783392906188965e+00,-1.856593132019042969e+00,-2.157298564910888672e+00,-2.292989492416381836e+00,-2.392589092254638672e+00,-1.823173522949218750e+00,-2.590091466903686523e+00
-3.737015649676322937e-02,-3.080041408538818359e+00,-3.075666427612304688e+00,-3.130893230438232422e+00,-2.895657539367675781e+00,-3.412991046905517578e+00,-2.914150476455688477e+00,-3.476319313049316406e+00,-3.504896163940429688e+00,-3.841554164886474609e+00,-3.284786462783813477e+00,-3.540316343307495117e+00,-2.961867094039916992e+00,-3.108762979507446289e+00,-3.039092302322387695e+00,-2.941787004470825195e+00,-3.410416126251220703e+00,-2.928308486938476562e+00,-2.963258743286132812e+00,-3.334482669830322266e+00,-3.496664762496948242e+00,-3.359664201736450195e+00,-3.202897548675537109e+00,-3.694198369979858398e+00,-3.324359416961669922e+00,-3.331039905548095703e+00,-2.860604047775268555e+00,-2.926747322082519531e+00,-3.132332324981689453e+00,-3.032447814941406250e+00,-3.648029565811157227e+00,-3.173383235931396484e+00,-3.241710424423217773e+00,-3.176541328430175781e+00,-2.682813405990600586e+00,-2.725736141204833984e+00,-3.769643306732177734e+00,-3.187758684158325195e+00,-3.799836635589599609e+00,-3.542755126953125000e+00,-2.599940538406372070e+00,-3.116531133651733398e+00,-2.648121833801269531e+00,-3.055969238281250000e+00,-3.846805334091186523e+00,-2.841279983520507812e+00,-2.737519741058349609e+00,-3.315724372863769531e+00,-3.304757595062255859e+00,-3.371442079544067383e+00,-3.696446180343627930e+00,-3.111269235610961914e+00,-3.271116733551025391e+00,-2.922457456588745117e+00,-2.827745676040649414e+00,-2.873414039611816406e+00,-3.154118776321411133e+00,-3.289689064025878906e+00,-3.650851488113403320e+00,-2.743267059326171875e+00,-3.609357118606567383e+00
-1.281693577766418457e-02,-1.765951275825500488e+00,-1.930474400520324707e+00,-2.094895124435424805e+00,-1.765007734298706055e+00,-2.052395343780517578e+00,-1.848587751388549805e+00,-2.097121715545654297e+00,-2.137261390686035156e+00,-2.478046178817749023e+00,-2.090621232986450195e+00,-2.252015352249145508e+00,-1.790088415145874023e+00,-1.983914256095886230e+00,-1.803849697113037109e+00,-1.735777974128723145e+00,-2.004900455474853516e+00,-1.785398364067077637e+00,-1.823689937591552734e+00,-1.942754983901977539e+00,-2.375113964080810547e+00,-2.138754606246948242e+00,-1.971591114997863770e+00,-2.472520589828491211e+00,-2.111921548843383789e+00,-2.133703708648681641e+00,-1.729423284530639648e+00,-1.634757876396179199e+00,-1.996953129768371582e+00,-1.871835827827453613e+00,-2.298743009567260742e+00,-1.992218971252441406e+00,-2.054421663284301758e+00,-2.036252021789550781e+00,-1.617671251296997070e+00,-1.609944701194763184e+00,-2.507188558578491211e+00,-2.109540700912475586e+00,-2.522838354110717773e+00,-2.151221275329589844e+00,-1.438008666038513184e+00,-1.835337519645690918e+00,-1.495709419250488281e+00,-1.929809689521789551e+00,-2.530363559722900391e+00,-1.748018145561218262e+00,-1.622123003005981445e+00,-2.163676023483276367e+00,-2.109041929244995117e+00,-2.142913818359375000e+00,-2.434784650802612305e+00,-1.935442686080932617e+00,-2.075564622879028320e+00,-1.740186810493469238e+00,-1.814401745796203613e+00,-1.712408781051635742e+00,-2.003350734710693359e+00,-2.118329048156738281e+00,-2.201504707336425781e+00,-1.657429695129394531e+00,-2.406399011611938477e+00
1.678055375814437866e-01,-2.604058027267456055e+00,-2.539021492004394531e+00,-2.717974185943603516e+00,-2.358592748641967773e+00,-3.019598484039306641e+00,-2.396221399307250977e+00,-2.932645797729492188e+00,-2.824809074401855469e+00,-3.343318462371826172e+00,-2.940315485000610352e+00,-3.092676401138305664e+00,-2.448086023330688477e+00,-2.750393390655517578e+00,-2.390595197677612305e+00,-2.427258968353271484e+00,-2.800127267837524414e+00,-2.363096714019775391e+00,-2.444371223449707031e+00,-2.936549425125122070e+00,-3.048252582550048828e+00,-2.927386999130249023e+00,-2.840109825134277344e+00,-3.333193063735961914e+00,-2.711715459823608398e+00,-2.933212757110595703e+00,-2.298882484436035156e+00,-2.534603595733642578e+00,-2.820907592773437500e+00,-2.547112703323364258e+00,-3.290050506591796875e+00,-2.753121614456176758e+00,-2.674589395523071289e+00,-2.768112659454345703e+00,-2.087471961975097656e+00,-2.374341487884521484e+00,-3.228906631469726562e+00,-2.730035781860351562e+00,-3.262320995330810547e+00,-2.938002347946166992e+00,-2.188158750534057617e+00,-2.499203681945800781e+00,-2.078841924667358398e+00,-2.593259334564208984e+00,-3.279701232910156250e+00,-2.557552337646484375e+00,-2.135883331298828125e+00,-2.851905345916748047e+00,-2.796819925308227539e+00,-2.787330865859985352e+00,-3.182335376739501953e+00,-2.617603540420532227e+00,-2.940059423446655273e+00,-2.390805721282958984e+00,-2.384210109710693359e+00,-2.456454992294311523e+00,-2.693535566329956055e+00,-2.572987556457519531e+00,-3.036378383636474609e+00,-2.274071455001831055e+00,-3.191922903060913086e+00
-2.538499832153320312e-01,-1.533973693847656250e+00,-1.643266916275024414e+00,-1.754786610603332520e+00,-1.594009041786193848e+00,-1.793786883354187012e+00,-1.644671559333801270e+00,-1.797728180885314941e+00,-1.792183279991149902e+00,-2.190021038055419922e+00,-1.852868676185607910e+00,-2.016361474990844727e+00,-1.518831729888916016e+00,-1.784496784210205078e+00,-1.567233920097351074e+00,-1.572217702865600586e+00,-1.646913766860961914e+00,-1.622994780540466309e+00,-1.620437502861022949e+00,-1.701184749603271484e+00,-2.152882575988769531e+00,-1.927216053009033203e+00,-1.707080125808715820e+00,-2.243050813674926758e+00,-1.870165824890136719e+00,-1.886807203292846680e+00,-1.418468356132507324e+00,-1.434228777885437012e+00,-1.750414490699768066e+00,-1.720001578330993652e+00,-2.078063249588012695e+00,-1.720632672309875488e+00,-1.854594230651855469e+00,-1.762675642967224121e+00,-1.372904658317565918e+00,-1.466620683670043945e+00,-2.142295598983764648e+00,-1.795133590698242188e+00,-2.290557622909545898e+00,-1.863577008247375488e+00,-1.260339498519897461e+00,-1.620195865631103516e+00,-1.326183080673217773e+00,-1.631304264068603516e+00,-2.307526588439941406e+00,-1.581125378608703613e+00,-1.427246212959289551e+00,-1.983833193778991699e+00,-1.874907970428466797e+00,-1.898889183998107910e+00,-2.181974172592163086e+00,-1.724134683609008789e+00,-1.956386566162109375e+00,-1.539259552955627441e+00,-1.591284513473510742e+00,-1.454764604568481445e+00,-1.804519534111022949e+00,-1.735386252403259277e+00,-1.886036276817321777e+00,-1.427548170089721680e+00,-2.142617464065551758e+00
6.518970429897308350e-02,-2.450139760971069336e+00,-2.608631849288940430e+00,-2.687636137008666992e+00,-2.606550931930541992e+00,-2.828470945358276367e+00,-2.528837442398071289e+00,-2.868130445480346680e+00,-3.053486585617065430e+00,-3.268773794174194336e+00,-2.828886032104492188e+00,-3.045279502868652344e+00,-2.429485321044921875e+00,-2.765465259552001953e+00,-2.626236677169799805e+00,-2.559569358825683594e+00,-2.785240888595581055e+00,-2.505319595336914062e+00,-2.601264476776123047e+00,-2.847219944000244141e+00,-3.039747476577758789e+00,-2.941133975982666016e+00,-2.661379098892211914e+00,-3.236902952194213867e+00,-2.896883726119995117e+00,-2.950813531875610352e+00,-2.497876405715942383e+00,-2.491276979446411133e+00,-2.657484054565429688e+00,-2.665926456451416016e+00,-3.164865255355834961e+00,-2.719645738601684570e+00,-2.852058649063110352e+00,-2.743139028549194336e+00,-2.259375810623168945e+00,-2.413908243179321289e+00,-3.251662731170654297e+00,-2.752930641174316406e+00,-3.314885854721069336e+00,-3.006237745285034180e+00,-2.185557842254638672e+00,-2.703688383102416992e+00,-2.312671661376953125e+00,-2.597940683364868164e+00,-3.303439378738403320e+00,-2.498305797576904297e+00,-2.397714376449584961e+00,-3.001313447952270508e+00,-2.843847751617431641e+00,-2.948677778244018555e+00,-3.264314889907836914e+00,-2.721083641052246094e+00,-2.879421472549438477e+00,-2.480374574661254883e+00,-2.458594560623168945e+00,-2.511518239974975586e+00,-2.779709577560424805e+00,-2.868949174880981445e+00,-3.121084690093994141e+00,-2.429767608642578125e+00,-3.173871278762817383e+00
-2.380909621715545654e-01,-1.832534670829772949e+00,-1.811012983322143555e+00,-1.873883008956909180e+00,-1.518583536148071289e+00,-2.019132375717163086e+00,-1.655048608779907227e+00,-2.038107633590698242e+00,-1.848907709121704102e+00,-2.406327724456787109e+00,-1.970135211944580078e+00,-2.090911865234375000e+00,-1.732590675354003906e+00,-1.808770775794982910e+00,-1.594187736511230469e+00,-1.544992923736572266e+00,-1.943635106086730957e+00,-1.644403457641601562e+00,-1.615051865577697754e+00,-1.811490297317504883e+00,-2.214728355407714844e+00,-1.975653648376464844e+00,-1.889212846755981445e+00,-2.319214105606079102e+00,-1.958073139190673828e+00,-1.914536833763122559e+00,-1.429933071136474609e+00,-1.587934613227844238e+00,-1.905200719833374023e+00,-1.710263133049011230e+00,-2.169161081314086914e+00,-1.861639976501464844e+00,-1.877446889877319336e+00,-1.853736639022827148e+00,-1.502749323844909668e+00,-1.475241422653198242e+00,-2.308547019958496094e+00,-1.908707380294799805e+00,-2.372030019760131836e+00,-2.023698806762695312e+00,-1.343972206115722656e+00,-1.650427937507629395e+00,-1.329328179359436035e+00,-1.758950829505920410e+00,-2.438723802566528320e+00,-1.624276041984558105e+00,-1.412551879882812500e+00,-1.920284509658813477e+00,-1.907368779182434082e+00,-1.934169173240661621e+00,-2.222050189971923828e+00,-1.754605054855346680e+00,-1.942458748817443848e+00,-1.616606950759887695e+00,-1.637731671333312988e+00,-1.461451411247253418e+00,-1.776186227798461914e+00,-1.812492847442626953e+00,-2.016564607620239258e+00,-1.390123963356018066e+00,-2.257372140884399414e+00
1.712145954370498657e-01,-2.401083946228027344e+00,-2.483452320098876953e+00,-2.620718955993652344e+00,-2.346220731735229492e+00,-2.793361186981201172e+00,-2.360803604125976562e+00,-2.770737409591674805e+00,-2.804391860961914062e+00,-3.180628538131713867e+00,-2.765312433242797852e+00,-2.911934852600097656e+00,-2.331124544143676758e+00,-2.640137910842895508e+00,-2.378387689590454102e+00,-2.340850830078125000e+00,-2.681997776031494141e+00,-2.298666477203369141e+00,-2.396676778793334961e+00,-2.736619710922241211e+00,-2.912040233612060547e+00,-2.796349763870239258e+00,-2.637912273406982422e+00,-3.165584325790405273e+00,-2.688488483428955078e+00,-2.810295343399047852e+00,-2.300720930099487305e+00,-2.378994703292846680e+00,-2.648446321487426758e+00,-2.480774879455566406e+00,-3.076005935668945312e+00,-2.622588157653808594e+00,-2.633767127990722656e+00,-2.642328262329101562e+00,-2.084104776382446289e+00,-2.265546321868896484e+00,-3.133383512496948242e+00,-2.646582841873168945e+00,-3.161033868789672852e+00,-2.829445838928222656e+00,-2.066360950469970703e+00,-2.454574108123779297e+00,-2.076923847198486328e+00,-2.481014013290405273e+00,-3.148160696029663086e+00,-2.408326864242553711e+00,-2.134271860122680664e+00,-2.793225049972534180e+00,-2.685443639755249023e+00,-2.738950729370117188e+00,-3.096803903579711914e+00,-2.541741609573364258e+00,-2.756717920303344727e+00,-2.313401937484741211e+00,-2.318593740463256836e+00,-2.346588611602783203e+00,-2.597287178039550781e+00,-2.625352621078491211e+00,-2.921647548675537109e+00,-2.237093210220336914e+00,-3.066581249237060547e+00
-7.071187496185302734e-01,-1.949998497962951660e+00,-2.030272722244262695e+00,-2.245598793029785156e+00,-1.931852459907531738e+00,-2.229472875595092773e+00,-2.050903558731079102e+00,-2.228538990020751953e+00,-2.097328662872314453e+00,-2.751705646514892578e+00,-2.359504461288452148e+00,-2.493162631988525391e+00,-1.848260879516601562e+00,-2.154535055160522461e+00,-1.871261119842529297e+00,-1.943429827690124512e+00,-2.038902759552001953e+00,-2.062982559204101562e+00,-1.992780566215515137e+00,-2.063536167144775391e+00,-2.786138772964477539e+00,-2.420228004455566406e+00,-2.173933982849121094e+00,-2.851655721664428711e+00,-2.343797683715820312e+00,-2.288678884506225586e+00,-1.701222658157348633e+00,-1.635803341865539551e+00,-2.213371038436889648e+00,-2.171105861663818359e+00,-2.549294233322143555e+00,-2.150047779083251953e+00,-2.258733987808227539e+00,-2.158088445663452148e+00,-1.699736356735229492e+00,-1.758637666702270508e+00,-2.707458019256591797e+00,-2.328486680984497070e+00,-2.924051046371459961e+00,-2.307387590408325195e+00,-1.576244831085205078e+00,-1.917681336402893066e+00,-1.570596814155578613e+00,-2.079890966415405273e+00,-2.939377307891845703e+00,-1.926669597625732422e+00,-1.747304201126098633e+00,-2.392943620681762695e+00,-2.291750669479370117e+00,-2.321833610534667969e+00,-2.694856166839599609e+00,-2.129090547561645508e+00,-2.463710308074951172e+00,-1.915518522262573242e+00,-1.979072213172912598e+00,-1.734196662902832031e+00,-2.270205020904541016e+00,-2.116139411926269531e+00,-2.235169887542724609e+00,-1.696038603782653809e+00,-2.654364824295043945e+00
2.356142103672027588e-01,-2.091876983642578125e+00,-2.224121093750000000e+00,-2.442880630493164062e+00,-2.167628049850463867e+00,-2.547984838485717773e+00,-2.194334983825683594e+00,-2.465225934982299805e+00,-2.523002862930297852e+00,-2.900868892669677734e+00,-2.586165666580200195e+00,-2.702104091644287109e+00,-2.051888465881347656e+00,-2.487098455429077148e+00,-2.129092931747436523e+00,-2.153441667556762695e+00,-2.331478595733642578e+00,-2.087716817855834961e+00,-2.207274436950683594e+00,-2.517735958099365234e+00,-2.724154949188232422e+00,-2.605363130569458008e+00,-2.440542697906494141e+00,-3.012479066848754883e+00,-2.424125194549560547e+00,-2.637021780014038086e+00,-2.107478857040405273e+00,-2.130764245986938477e+00,-2.489194631576538086e+00,-2.313228130340576172e+00,-2.888851642608642578e+00,-2.398911714553833008e+00,-2.409831523895263672e+00,-2.454169988632202148e+00,-1.820000529289245605e+00,-2.108223438262939453e+00,-2.871326208114624023e+00,-2.441329479217529297e+00,-2.940088987350463867e+00,-2.523332357406616211e+00,-1.876742362976074219e+00,-2.197091579437255859e+00,-1.861938714981079102e+00,-2.251969099044799805e+00,-2.882805824279785156e+00,-2.268934249877929688e+00,-1.906629920005798340e+00,-2.643041133880615234e+00,-2.496767997741699219e+00,-2.510352849960327148e+00,-2.895817279815673828e+00,-2.342094898223876953e+00,-2.631568193435668945e+00,-2.090293407440185547e+00,-2.141732692718505859e+00,-2.170683145523071289e+00,-2.438960552215576172e+00,-2.341384649276733398e+00,-2.614732265472412109e+00,-2.083174705505371094e+00,-2.853074073791503906e+00
1.897727996110916138e-01,-1.606410503387451172e+00,-1.837998628616333008e+00,-2.047627210617065430e+00,-1.777903676033020020e+00,-2.009539127349853516e+00,-1.854884147644042969e+00,-2.000413894653320312e+00,-2.107030153274536133e+00,-2.452377080917358398e+00,-2.074845552444458008e+00,-2.342544555664062500e+00,-1.722485780715942383e+00,-2.075580835342407227e+00,-1.759820580482482910e+00,-1.730927824974060059e+00,-1.789397239685058594e+00,-1.746084809303283691e+00,-1.816417455673217773e+00,-1.924579262733459473e+00,-2.432281494140625000e+00,-2.161858320236206055e+00,-1.917127966880798340e+00,-2.557527542114257812e+00,-2.033137321472167969e+00,-2.217191219329833984e+00,-1.649705529212951660e+00,-1.620489597320556641e+00,-1.988416314125061035e+00,-1.857887625694274902e+00,-2.402445793151855469e+00,-1.938681364059448242e+00,-2.093297719955444336e+00,-2.076573133468627930e+00,-1.476393461227416992e+00,-1.637185811996459961e+00,-2.452330827713012695e+00,-2.014755964279174805e+00,-2.544176101684570312e+00,-2.052701711654663086e+00,-1.324064731597900391e+00,-1.820703744888305664e+00,-1.425751566886901855e+00,-1.835739731788635254e+00,-2.555494070053100586e+00,-1.802914977073669434e+00,-1.551275491714477539e+00,-2.314837932586669922e+00,-2.207712411880493164e+00,-2.166266202926635742e+00,-2.513541460037231445e+00,-1.933045864105224609e+00,-2.197743654251098633e+00,-1.673439502716064453e+00,-1.818549394607543945e+00,-1.719875693321228027e+00,-2.041733741760253906e+00,-2.006005287170410156e+00,-2.186181783676147461e+00,-1.670405864715576172e+00,-2.469696521759033203e+00
1.018035039305686951e-02,-2.031476497650146484e+00,-2.104736328125000000e+00,-2.353262662887573242e+00,-1.972833156585693359e+00,-2.435482740402221680e+00,-2.054941177368164062e+00,-2.375807285308837891e+00,-2.312030792236328125e+00,-2.853402137756347656e+00,-2.474240064620971680e+00,-2.667511940002441406e+00,-1.993081569671630859e+00,-2.338827848434448242e+00,-1.945619583129882812e+00,-1.992945432662963867e+00,-2.175659894943237305e+00,-1.998412132263183594e+00,-2.046181201934814453e+00,-2.322161912918090820e+00,-2.764311790466308594e+00,-2.501116275787353516e+00,-2.323862552642822266e+00,-2.935134887695312500e+00,-2.306592941284179688e+00,-2.502394914627075195e+00,-1.841995000839233398e+00,-1.931515455245971680e+00,-2.356695413589477539e+00,-2.140189647674560547e+00,-2.782934904098510742e+00,-2.285847425460815430e+00,-2.304164648056030273e+00,-2.354568243026733398e+00,-1.687918066978454590e+00,-1.912148952484130859e+00,-2.800796985626220703e+00,-2.353503942489624023e+00,-2.886337280273437500e+00,-2.403260946273803711e+00,-1.657462120056152344e+00,-2.031189203262329102e+00,-1.615501523017883301e+00,-2.169900178909301758e+00,-2.906170606613159180e+00,-2.111290454864501953e+00,-1.746734738349914551e+00,-2.511242866516113281e+00,-2.430269002914428711e+00,-2.393447637557983398e+00,-2.790029764175415039e+00,-2.200498580932617188e+00,-2.542715072631835938e+00,-1.944809556007385254e+00,-2.046682596206665039e+00,-1.981152653694152832e+00,-2.320739507675170898e+00,-2.182174444198608398e+00,-2.479884386062622070e+00,-1.856308579444885254e+00,-2.794338464736938477e+00
1.745734922587871552e-02,-1.661499738693237305e+00,-1.795371770858764648e+00,-1.904047489166259766e+00,-1.612951874732971191e+00,-1.945026874542236328e+00,-1.728842139244079590e+00,-1.948274016380310059e+00,-1.933428049087524414e+00,-2.329046964645385742e+00,-1.954649090766906738e+00,-2.074276208877563477e+00,-1.659655451774597168e+00,-1.876673221588134766e+00,-1.649728655815124512e+00,-1.584196686744689941e+00,-1.849055647850036621e+00,-1.636782884597778320e+00,-1.675045132637023926e+00,-1.807335972785949707e+00,-2.177778959274291992e+00,-1.982924103736877441e+00,-1.851521372795104980e+00,-2.343783617019653320e+00,-1.951826453208923340e+00,-1.977022409439086914e+00,-1.560835003852844238e+00,-1.564898490905761719e+00,-1.911640763282775879e+00,-1.760654926300048828e+00,-2.173396587371826172e+00,-1.837865114212036133e+00,-1.912652492523193359e+00,-1.883420467376708984e+00,-1.485682725906372070e+00,-1.521898984909057617e+00,-2.294894933700561523e+00,-1.905589699745178223e+00,-2.364826440811157227e+00,-1.969637036323547363e+00,-1.343496322631835938e+00,-1.682186961174011230e+00,-1.397247552871704102e+00,-1.725622177124023438e+00,-2.361188411712646484e+00,-1.659981846809387207e+00,-1.448498368263244629e+00,-2.031537532806396484e+00,-1.952369689941406250e+00,-1.979212641716003418e+00,-2.280161857604980469e+00,-1.789692759513854980e+00,-1.965663313865661621e+00,-1.616071820259094238e+00,-1.669745564460754395e+00,-1.532097339630126953e+00,-1.831106305122375488e+00,-1.882002115249633789e+00,-2.007210493087768555e+00,-1.515163898468017578e+00,-2.255864620208740234e+00
-2.720854878425598145e-01,-1.778207302093505859e+00,-1.741560578346252441e+00,-1.891729354858398438e+00,-1.503219962120056152e+00,-1.962069869041442871e+00,-1.602881312370300293e+00,-2.023707866668701172e+00,-1.869758605957031250e+00,-2.378915071487426758e+00,-1.926945686340332031e+00,-2.216872692108154297e+00,-1.748272180557250977e+00,-1.766883373260498047e+00,-1.577904343605041504e+00,-1.564483165740966797e+00,-1.850750803947448730e+00,-1.662595272064208984e+00,-1.600977897644042969e+00,-1.780999183654785156e+00,-2.336669683456420898e+00,-1.982090234756469727e+00,-1.833942055702209473e+00,-2.277132511138916016e+00,-1.902155637741088867e+00,-1.941807389259338379e+00,-1.363813400268554688e+00,-1.494538187980651855e+00,-1.787609338760375977e+00,-1.613943576812744141e+00,-2.175870418548583984e+00,-1.842941284179687500e+00,-1.879326939582824707e+00,-1.886355400085449219e+00,-1.431426882743835449e+00,-1.398678541183471680e+00,-2.326560974121093750e+00,-1.916446208953857422e+00,-2.348241567611694336e+00,-2.022964715957641602e+00,-1.224783539772033691e+00,-1.662113547325134277e+00,-1.206684827804565430e+00,-1.817250370979309082e+00,-2.491844892501831055e+00,-1.562955856323242188e+00,-1.430746793746948242e+00,-1.928926110267639160e+00,-1.997184634208679199e+00,-1.948910713195800781e+00,-2.212898254394531250e+00,-1.737442851066589355e+00,-1.950026273727416992e+00,-1.565462589263916016e+00,-1.650166034698486328e+00,-1.522603273391723633e+00,-1.821127414703369141e+00,-1.833673834800720215e+00,-2.083894252777099609e+00,-1.363728284835815430e+00,-2.258875608444213867e+00
-1.198369637131690979e-02,-1.421744227409362793e+00,-1.644290328025817871e+00,-1.820167541503906250e+00,-1.581048488616943359e+00,-1.818901062011718750e+00,-1.670320272445678711e+00,-1.732118010520935059e+00,-1.731322407722473145e+00,-2.256401538848876953e+00,-1.948526740074157715e+00,-2.014086484909057617e+00,-1.433796882629394531e+00,-1.918886542320251465e+00,-1.475387215614318848e+00,-1.500306129455566406e+00,-1.552870035171508789e+00,-1.530676007270812988e+00,-1.606781482696533203e+00,-1.707958936691284180e+00,-2.192138195037841797e+00,-1.982134819030761719e+00,-1.748663544654846191e+00,-2.436829090118408203e+00,-1.865686297416687012e+00,-1.980208992958068848e+00,-1.401304244995117188e+00,-1.443536043167114258e+00,-1.895990848541259766e+00,-1.763940572738647461e+00,-2.190545320510864258e+00,-1.750559806823730469e+00,-1.862938642501831055e+00,-1.815817117691040039e+00,-1.287110209465026855e+00,-1.526560187339782715e+00,-2.199422359466552734e+00,-1.828044772148132324e+00,-2.384140729904174805e+00,-1.788596749305725098e+00,-1.219810843467712402e+00,-1.528013110160827637e+00,-1.276466846466064453e+00,-1.580661416053771973e+00,-2.324411869049072266e+00,-1.692988395690917969e+00,-1.307755827903747559e+00,-2.102598905563354492e+00,-1.868731617927551270e+00,-1.900385022163391113e+00,-2.295843601226806641e+00,-1.735991597175598145e+00,-2.059684514999389648e+00,-1.484177827835083008e+00,-1.609197258949279785e+00,-1.420375108718872070e+00,-1.818894624710083008e+00,-1.668351054191589355e+00,-1.802962779998779297e+00,-1.437291145324707031e+00,-2.283223867416381836e+00
-9.474475681781768799e-02,-2.358873844146728516e+00,-2.382063627243041992e+00,-2.536623716354370117e+00,-2.302590131759643555e+00,-2.721835851669311523e+00,-2.337286949157714844e+00,-2.670447826385498047e+00,-2.649279356002807617e+00,-3.055077791213989258e+00,-2.717671155929565430e+00,-2.804260969161987305e+00,-2.215892076492309570e+00,-2.540515899658203125e+00,-2.306119918823242188e+00,-2.333779096603393555e+00,-2.580392599105834961e+00,-2.299823999404907227e+00,-2.352288484573364258e+00,-2.671041250228881836e+00,-2.839601755142211914e+00,-2.734002113342285156e+00,-2.607038974761962891e+00,-3.100556135177612305e+00,-2.609542369842529297e+00,-2.691600084304809570e+00,-2.241961240768432617e+00,-2.260494947433471680e+00,-2.607053995132446289e+00,-2.493269443511962891e+00,-2.976027727127075195e+00,-2.532677888870239258e+00,-2.536618471145629883e+00,-2.529136896133422852e+00,-2.023336887359619141e+00,-2.219599962234497070e+00,-2.994035243988037109e+00,-2.581032276153564453e+00,-3.093786716461181641e+00,-2.729835987091064453e+00,-2.095004320144653320e+00,-2.362796783447265625e+00,-2.053087949752807617e+00,-2.405024528503417969e+00,-3.053408622741699219e+00,-2.350274324417114258e+00,-2.092808723449707031e+00,-2.689298629760742188e+00,-2.593853950500488281e+00,-2.638954401016235352e+00,-2.984801769256591797e+00,-2.481915950775146484e+00,-2.742158651351928711e+00,-2.291062116622924805e+00,-2.248712539672851562e+00,-2.263957023620605469e+00,-2.566053867340087891e+00,-2.480280876159667969e+00,-2.758265018463134766e+00,-2.181644916534423828e+00,-2.916240930557250977e+00
-1.646448113024234772e-02,-1.904176115989685059e+00,-2.055595159530639648e+00,-2.373771667480468750e+00,-1.926716923713684082e+00,-2.264669895172119141e+00,-2.082199096679687500e+00,-2.285626888275146484e+00,-2.327254533767700195e+00,-2.665865659713745117e+00,-2.316922903060913086e+00,-2.564365625381469727e+00,-1.953601598739624023e+00,-2.164631128311157227e+00,-1.970941305160522461e+00,-1.965178132057189941e+00,-2.115160226821899414e+00,-2.008098125457763672e+00,-2.019268989562988281e+00,-2.152093648910522461e+00,-2.688765048980712891e+00,-2.362599372863769531e+00,-2.233371257781982422e+00,-2.756658792495727539e+00,-2.228713750839233398e+00,-2.364488363265991211e+00,-1.928949236869812012e+00,-1.689867138862609863e+00,-2.224874496459960938e+00,-2.057959079742431641e+00,-2.561925411224365234e+00,-2.167594194412231445e+00,-2.223157405853271484e+00,-2.282946348190307617e+00,-1.706270813941955566e+00,-1.730704903602600098e+00,-2.735798120498657227e+00,-2.337799072265625000e+00,-2.764205217361450195e+00,-2.312975168228149414e+00,-1.586163282394409180e+00,-1.987166166305541992e+00,-1.577739477157592773e+00,-2.152879238128662109e+00,-2.771621227264404297e+00,-1.915016770362854004e+00,-1.764795660972595215e+00,-2.386259555816650391e+00,-2.432271480560302734e+00,-2.352245807647705078e+00,-2.675744771957397461e+00,-2.125162601470947266e+00,-2.358440637588500977e+00,-1.917007446289062500e+00,-2.019542694091796875e+00,-1.949928641319274902e+00,-2.282080173492431641e+00,-2.286563873291015625e+00,-2.398485660552978516e+00,-1.866041183471679688e+00,-2.592749834060668945e+00
-5.518067628145217896e-02,-2.175480365753173828e+00,-2.225405693054199219e+00,-2.417699813842773438e+00,-2.028397083282470703e+00,-2.509541511535644531e+00,-2.137035846710205078e+00,-2.470518589019775391e+00,-2.397113800048828125e+00,-2.858540296554565430e+00,-2.517918586730957031e+00,-2.555644035339355469e+00,-2.052508592605590820e+00,-2.308795690536499023e+00,-2.056060552597045898e+00,-2.053098678588867188e+00,-2.407647132873535156e+00,-2.064014911651611328e+00,-2.112669706344604492e+00,-2.395267724990844727e+00,-2.648740768432617188e+00,-2.494273900985717773e+00,-2.426879644393920898e+00,-2.890578031539916992e+00,-2.399783372879028320e+00,-2.452662467956542969e+00,-2.039815902709960938e+00,-2.002677917480468750e+00,-2.444156885147094727e+00,-2.241951704025268555e+00,-2.710973024368286133e+00,-2.346522331237792969e+00,-2.293597936630249023e+00,-2.338644266128540039e+00,-1.862780451774597168e+00,-1.960482597351074219e+00,-2.834619998931884766e+00,-2.441256284713745117e+00,-2.874855756759643555e+00,-2.495310306549072266e+00,-1.865559935569763184e+00,-2.087499141693115234e+00,-1.796253681182861328e+00,-2.239033460617065430e+00,-2.831472635269165039e+00,-2.120020627975463867e+00,-1.847902774810791016e+00,-2.421515941619873047e+00,-2.363534688949584961e+00,-2.403165340423583984e+00,-2.750891685485839844e+00,-2.246395111083984375e+00,-2.464792251586914062e+00,-2.068247556686401367e+00,-2.069151401519775391e+00,-2.019606828689575195e+00,-2.318953514099121094e+00,-2.314006090164184570e+00,-2.493653774261474609e+00,-1.946900486946105957e+00,-2.719330549240112305e+00
1.419541537761688232e-01,-2.140670061111450195e+00,-2.310423612594604492e+00,-2.569351911544799805e+00,-2.289402484893798828e+00,-2.556131124496459961e+00,-2.262235403060913086e+00,-2.563812494277954102e+00,-2.712804794311523438e+00,-2.969747304916381836e+00,-2.619314193725585938e+00,-2.840843200683593750e+00,-2.160963773727416992e+00,-2.505413293838500977e+00,-2.272850990295410156e+00,-2.274718284606933594e+00,-2.434218168258666992e+00,-2.221039056777954102e+00,-2.317485094070434570e+00,-2.563952207565307617e+00,-2.884886741638183594e+00,-2.691894531250000000e+00,-2.458909511566162109e+00,-3.020142078399658203e+00,-2.546571016311645508e+00,-2.723013401031494141e+00,-2.230752229690551758e+00,-2.121549129486083984e+00,-2.445539236068725586e+00,-2.348158359527587891e+00,-2.912344694137573242e+00,-2.485737562179565430e+00,-2.521963834762573242e+00,-2.547507047653198242e+00,-1.935960769653320312e+00,-2.114873170852661133e+00,-3.026271343231201172e+00,-2.589828014373779297e+00,-3.023747920989990234e+00,-2.670958518981933594e+00,-1.892282724380493164e+00,-2.340773105621337891e+00,-1.918973803520202637e+00,-2.425626516342163086e+00,-3.011193752288818359e+00,-2.257269144058227539e+00,-2.086283445358276367e+00,-2.714377880096435547e+00,-2.624287366867065430e+00,-2.642874956130981445e+00,-2.978323698043823242e+00,-2.437520503997802734e+00,-2.648131847381591797e+00,-2.171321153640747070e+00,-2.246994972229003906e+00,-2.313596725463867188e+00,-2.564248800277709961e+00,-2.584878921508789062e+00,-2.791684150695800781e+00,-2.177582025527954102e+00,-2.923609018325805664e+00
2.339109033346176147e-01,-2.885742902755737305e+00,-2.920529842376708984e+00,-2.979824781417846680e+00,-2.798786878585815430e+00,-3.283650159835815430e+00,-2.715494394302368164e+00,-3.268222570419311523e+00,-3.344372034072875977e+00,-3.643602848052978516e+00,-3.204136610031127930e+00,-3.295612573623657227e+00,-2.731136083602905273e+00,-3.047934770584106445e+00,-2.851670742034912109e+00,-2.789179086685180664e+00,-3.266568899154663086e+00,-2.683964729309082031e+00,-2.825762510299682617e+00,-3.294168472290039062e+00,-3.209024906158447266e+00,-3.230618000030517578e+00,-3.074795007705688477e+00,-3.545847892761230469e+00,-3.154748916625976562e+00,-3.238416433334350586e+00,-2.788210391998291016e+00,-2.924947261810302734e+00,-3.049513101577758789e+00,-2.919651508331298828e+00,-3.525831699371337891e+00,-3.077419042587280273e+00,-3.040111303329467773e+00,-3.026813983917236328e+00,-2.511817455291748047e+00,-2.727968215942382812e+00,-3.578769207000732422e+00,-3.052594184875488281e+00,-3.563974380493164062e+00,-3.365629911422729492e+00,-2.569833040237426758e+00,-2.943805456161499023e+00,-2.578276872634887695e+00,-2.906125307083129883e+00,-3.527899980545043945e+00,-2.828781127929687500e+00,-2.586576700210571289e+00,-3.169219970703125000e+00,-3.019454240798950195e+00,-3.160506010055541992e+00,-3.508507966995239258e+00,-2.978790283203125000e+00,-3.130540609359741211e+00,-2.756384611129760742e+00,-2.667326211929321289e+00,-2.812228202819824219e+00,-2.991405963897705078e+00,-3.094258546829223633e+00,-3.459195137023925781e+00,-2.672819375991821289e+00,-3.470103263854980469e+00
-1.066599115729331970e-01,-1.781414508819580078e+00,-1.998040676116943359e+00,-2.145293951034545898e+00,-1.899119496345520020e+00,-2.101072788238525391e+00,-1.945426702499389648e+00,-2.133706092834472656e+00,-2.206339120864868164e+00,-2.587987422943115234e+00,-2.189572572708129883e+00,-2.337532281875610352e+00,-1.806787252426147461e+00,-2.113196849822998047e+00,-1.882318615913391113e+00,-1.830699682235717773e+00,-2.020560264587402344e+00,-1.878943681716918945e+00,-1.927254557609558105e+00,-2.010106325149536133e+00,-2.500141382217407227e+00,-2.264448165893554688e+00,-2.012647151947021484e+00,-2.624135255813598633e+00,-2.243827104568481445e+00,-2.246901750564575195e+00,-1.780869126319885254e+00,-1.703246235847473145e+00,-2.073920965194702148e+00,-2.012619495391845703e+00,-2.415016412734985352e+00,-2.067690134048461914e+00,-2.186714649200439453e+00,-2.104951143264770508e+00,-1.674576878547668457e+00,-1.726648330688476562e+00,-2.600829601287841797e+00,-2.187736749649047852e+00,-2.684448242187500000e+00,-2.228821754455566406e+00,-1.492640614509582520e+00,-1.925009012222290039e+00,-1.594818592071533203e+00,-1.974623203277587891e+00,-2.672136306762695312e+00,-1.857109546661376953e+00,-1.712442040443420410e+00,-2.330165863037109375e+00,-2.183974981307983398e+00,-2.256976842880249023e+00,-2.583432674407958984e+00,-2.044856786727905273e+00,-2.224105834960937500e+00,-1.815131306648254395e+00,-1.897516250610351562e+00,-1.760799050331115723e+00,-2.117141723632812500e+00,-2.184527397155761719e+00,-2.262182235717773438e+00,-1.734319448471069336e+00,-2.546792745590209961e+00
-2.315781079232692719e-02,-2.762660741806030273e+00,-2.660517692565917969e+00,-2.858324766159057617e+00,-2.471843242645263672e+00,-3.182377338409423828e+00,-2.686408758163452148e+00,-3.084523677825927734e+00,-2.923784017562866211e+00,-3.463416099548339844e+00,-3.053994178771972656e+00,-3.265531539916992188e+00,-2.602050781250000000e+00,-2.847521781921386719e+00,-2.575503587722778320e+00,-2.615993976593017578e+00,-2.889822006225585938e+00,-2.611764907836914062e+00,-2.605104446411132812e+00,-3.017456054687500000e+00,-3.233393669128417969e+00,-3.043069362640380859e+00,-3.048616409301757812e+00,-3.540284872055053711e+00,-2.818384170532226562e+00,-3.010015726089477539e+00,-2.453038930892944336e+00,-2.541213750839233398e+00,-3.028144836425781250e+00,-2.763168573379516602e+00,-3.433132648468017578e+00,-2.809545278549194336e+00,-2.833688497543334961e+00,-2.900551557540893555e+00,-2.226253747940063477e+00,-2.435147047042846680e+00,-3.315176486968994141e+00,-2.812669038772583008e+00,-3.479335784912109375e+00,-3.023746728897094727e+00,-2.341251611709594727e+00,-2.629023075103759766e+00,-2.227447748184204102e+00,-2.655095577239990234e+00,-3.486620664596557617e+00,-2.636999607086181641e+00,-2.239454269409179688e+00,-3.015197992324829102e+00,-3.081110239028930664e+00,-2.963145256042480469e+00,-3.364125013351440430e+00,-2.754964590072631836e+00,-3.155610084533691406e+00,-2.596194744110107422e+00,-2.532457828521728516e+00,-2.512266397476196289e+00,-2.874961376190185547e+00,-2.653163433074951172e+00,-3.109688997268676758e+00,-2.422251224517822266e+00,-3.250205278396606445e+00
-8.066239766776561737e-03,-1.748925685882568359e+00,-1.927344202995300293e+00,-2.076714515686035156e+00,-1.807173490524291992e+00,-2.007952690124511719e+00,-1.902449727058410645e+00,-2.101781845092773438e+00,-2.219796895980834961e+00,-2.409898281097412109e+00,-2.014182329177856445e+00,-2.273489952087402344e+00,-1.830541849136352539e+00,-1.942489624023437500e+00,-1.897993445396423340e+00,-1.796473026275634766e+00,-1.998363971710205078e+00,-1.852037072181701660e+00,-1.862650036811828613e+00,-1.916055917739868164e+00,-2.357281446456909180e+00,-2.103810787200927734e+00,-1.936415433883666992e+00,-2.388814687728881836e+00,-2.102849245071411133e+00,-2.110468149185180664e+00,-1.797708153724670410e+00,-1.600903749465942383e+00,-1.926856040954589844e+00,-1.868425011634826660e+00,-2.247497797012329102e+00,-1.947515368461608887e+00,-2.085865020751953125e+00,-2.036539077758789062e+00,-1.660613179206848145e+00,-1.576721191406250000e+00,-2.466458797454833984e+00,-2.070315837860107422e+00,-2.483170509338378906e+00,-2.157177686691284180e+00,-1.437223076820373535e+00,-1.910978317260742188e+00,-1.548074126243591309e+00,-1.926000118255615234e+00,-2.512329101562500000e+00,-1.689054012298583984e+00,-1.695991396903991699e+00,-2.172321081161499023e+00,-2.189917802810668945e+00,-2.184567213058471680e+00,-2.419849157333374023e+00,-1.944915294647216797e+00,-2.040497303009033203e+00,-1.779173970222473145e+00,-1.831627249717712402e+00,-1.751607894897460938e+00,-2.026344537734985352e+00,-2.189897775650024414e+00,-2.251413345336914062e+00,-1.713883876800537109e+00,-2.328310251235961914e+00
3.122469782829284668e-01,-2.422876358032226562e+00,-2.373704910278320312e+00,-2.503442525863647461e+00,-2.056725025177001953e+00,-2.734806776046752930e+00,-2.182259082794189453e+00,-2.722703218460083008e+00,-2.633094072341918945e+00,-2.998232126235961914e+00,-2.582808732986450195e+00,-2.720704793930053711e+00,-2.316030979156494141e+00,-2.390260696411132812e+00,-2.213769435882568359e+00,-2.133072137832641602e+00,-2.683294057846069336e+00,-2.113729953765869141e+00,-2.179932832717895508e+00,-2.601048707962036133e+00,-2.649596929550170898e+00,-2.543803691864013672e+00,-2.583114385604858398e+00,-2.891538858413696289e+00,-2.442427158355712891e+00,-2.565743446350097656e+00,-2.173017740249633789e+00,-2.271672487258911133e+00,-2.540302038192749023e+00,-2.222555398941040039e+00,-2.855705261230468750e+00,-2.474934101104736328e+00,-2.374981164932250977e+00,-2.495271921157836914e+00,-1.990656852722167969e+00,-2.041810274124145508e+00,-2.941986560821533203e+00,-2.475058317184448242e+00,-2.866388559341430664e+00,-2.677521705627441406e+00,-1.978356122970581055e+00,-2.264027833938598633e+00,-1.894882082939147949e+00,-2.364077568054199219e+00,-2.889748811721801758e+00,-2.203848361968994141e+00,-1.926913499832153320e+00,-2.454547882080078125e+00,-2.522618770599365234e+00,-2.506920099258422852e+00,-2.808662176132202148e+00,-2.321426630020141602e+00,-2.471426725387573242e+00,-2.180275917053222656e+00,-2.146385669708251953e+00,-2.198241710662841797e+00,-2.346000432968139648e+00,-2.456550121307373047e+00,-2.777997255325317383e+00,-2.057925939559936523e+00,-2.799079418182373047e+00
3.934117555618286133e-01,-1.570459485054016113e+00,-1.872387647628784180e+00,-2.156111478805541992e+00,-1.773654341697692871e+00,-2.060434341430664062e+00,-1.863749504089355469e+00,-1.993658900260925293e+00,-2.102015495300292969e+00,-2.514143228530883789e+00,-2.180237293243408203e+00,-2.334071874618530273e+00,-1.683700203895568848e+00,-2.163459539413452148e+00,-1.705726265907287598e+00,-1.689974665641784668e+00,-1.806811094284057617e+00,-1.678005695343017578e+00,-1.818546533584594727e+00,-1.976666331291198730e+00,-2.452349185943603516e+00,-2.213961601257324219e+00,-1.992079615592956543e+00,-2.685791015625000000e+00,-2.047669172286987305e+00,-2.294587612152099609e+00,-1.699731469154357910e+00,-1.647514462471008301e+00,-2.116711139678955078e+00,-1.888048171997070312e+00,-2.476147890090942383e+00,-2.008405447006225586e+00,-2.076597929000854492e+00,-2.133236885070800781e+00,-1.449677467346191406e+00,-1.689003467559814453e+00,-2.543202638626098633e+00,-2.108383417129516602e+00,-2.596695661544799805e+00,-2.043534040451049805e+00,-1.347300410270690918e+00,-1.759305238723754883e+00,-1.403965473175048828e+00,-1.870454072952270508e+00,-2.541361570358276367e+00,-1.891366839408874512e+00,-1.492977142333984375e+00,-2.356981277465820312e+00,-2.177586317062377930e+00,-2.161498546600341797e+00,-2.577803611755371094e+00,-1.953496694564819336e+00,-2.240748643875122070e+00,-1.651342868804931641e+00,-1.843483448028564453e+00,-1.748345375061035156e+00,-2.061196804046630859e+00,-2.020136594772338867e+00,-2.157047271728515625e+00,-1.703362226486206055e+00,-2.569437265396118164e+00
-4.582760110497474670e-02,-1.785867333412170410e+00,-1.892771363258361816e+00,-2.110109567642211914e+00,-1.657443881034851074e+00,-2.101118803024291992e+00,-1.856292247772216797e+00,-2.111564636230468750e+00,-2.030970335006713867e+00,-2.540285587310791016e+00,-2.107895374298095703e+00,-2.355897665023803711e+00,-1.822207689285278320e+00,-1.993807911872863770e+00,-1.717712759971618652e+00,-1.682328224182128906e+00,-1.915092110633850098e+00,-1.777226090431213379e+00,-1.766126513481140137e+00,-1.897418141365051270e+00,-2.498338937759399414e+00,-2.144893169403076172e+00,-2.017577648162841797e+00,-2.577572584152221680e+00,-2.042063713073730469e+00,-2.141009807586669922e+00,-1.584477066993713379e+00,-1.568186521530151367e+00,-2.053220748901367188e+00,-1.825642228126525879e+00,-2.381702423095703125e+00,-1.966296315193176270e+00,-2.050265789031982422e+00,-2.075849056243896484e+00,-1.527753472328186035e+00,-1.540821671485900879e+00,-2.513697862625122070e+00,-2.073635339736938477e+00,-2.587712764739990234e+00,-2.093444824218750000e+00,-1.334396362304687500e+00,-1.759520053863525391e+00,-1.348362088203430176e+00,-1.891817808151245117e+00,-2.643414020538330078e+00,-1.741752624511718750e+00,-1.495795369148254395e+00,-2.192474126815795898e+00,-2.212875843048095703e+00,-2.136968374252319336e+00,-2.480190753936767578e+00,-1.899063348770141602e+00,-2.163147926330566406e+00,-1.699046730995178223e+00,-1.817288398742675781e+00,-1.634527087211608887e+00,-2.002104759216308594e+00,-1.990171074867248535e+00,-2.165537595748901367e+00,-1.568959593772888184e+00,-2.462110042572021484e+00
-4.824165105819702148e-01,-2.198995828628540039e+00,-2.356930971145629883e+00,-2.592068672180175781e+00,-2.395119190216064453e+00,-2.590681552886962891e+00,-2.427741765975952148e+00,-2.550605535507202148e+00,-2.583188533782958984e+00,-3.064305305480957031e+00,-2.748791456222534180e+00,-2.815235853195190430e+00,-2.088717222213745117e+00,-2.566647291183471680e+00,-2.292331457138061523e+00,-2.373953342437744141e+00,-2.410436630249023438e+00,-2.391669750213623047e+00,-2.410699129104614258e+00,-2.547219753265380859e+00,-3.030054330825805664e+00,-2.812083244323730469e+00,-2.543425798416137695e+00,-3.236302375793457031e+00,-2.707591772079467773e+00,-2.712369918823242188e+00,-2.221106529235839844e+00,-2.047925472259521484e+00,-2.592200279235839844e+00,-2.612059831619262695e+00,-2.957403182983398438e+00,-2.512750387191772461e+00,-2.613397598266601562e+00,-2.512100696563720703e+00,-2.010026216506958008e+00,-2.200416803359985352e+00,-3.059187173843383789e+00,-2.680727958679199219e+00,-3.271739959716796875e+00,-2.688028335571289062e+00,-2.024026632308959961e+00,-2.328126668930053711e+00,-2.035531759262084961e+00,-2.411353588104248047e+00,-3.189525604248046875e+00,-2.335682153701782227e+00,-2.142209291458129883e+00,-2.812686204910278320e+00,-2.621046066284179688e+00,-2.702446699142456055e+00,-3.095980167388916016e+00,-2.531550168991088867e+00,-2.852430343627929688e+00,-2.289757490158081055e+00,-2.303362369537353516e+00,-2.196657896041870117e+00,-2.680637121200561523e+00,-2.521877527236938477e+00,-2.641284227371215820e+00,-2.179002046585083008e+00,-2.986603975296020508e+00
-2.494953945279121399e-02,-1.979040861129760742e+00,-2.022153139114379883e+00,-2.276139497756958008e+00,-1.924811482429504395e+00,-2.317149639129638672e+00,-1.930430769920349121e+00,-2.283093214035034180e+00,-2.263562679290771484e+00,-2.650290012359619141e+00,-2.367505788803100586e+00,-2.464915275573730469e+00,-1.887044548988342285e+00,-2.167517900466918945e+00,-1.898425221443176270e+00,-1.952332139015197754e+00,-2.190464258193969727e+00,-1.917594432830810547e+00,-1.980284690856933594e+00,-2.282395124435424805e+00,-2.538408994674682617e+00,-2.370079517364501953e+00,-2.238222360610961914e+00,-2.686715602874755859e+00,-2.212370872497558594e+00,-2.351947069168090820e+00,-1.886053085327148438e+00,-1.862439036369323730e+00,-2.215939521789550781e+00,-2.052277326583862305e+00,-2.568403005599975586e+00,-2.215764999389648438e+00,-2.134028434753417969e+00,-2.212513208389282227e+00,-1.672971010208129883e+00,-1.846253514289855957e+00,-2.667579174041748047e+00,-2.313858032226562500e+00,-2.657824754714965820e+00,-2.346345424652099609e+00,-1.708488106727600098e+00,-1.962815999984741211e+00,-1.619586110115051270e+00,-2.156845808029174805e+00,-2.643772125244140625e+00,-1.997155785560607910e+00,-1.758338570594787598e+00,-2.281474351882934570e+00,-2.220299005508422852e+00,-2.243314504623413086e+00,-2.563088893890380859e+00,-2.107891082763671875e+00,-2.334351778030395508e+00,-1.892430067062377930e+00,-1.939742326736450195e+00,-1.984798669815063477e+00,-2.218126058578491211e+00,-2.170004606246948242e+00,-2.384422779083251953e+00,-1.831932544708251953e+00,-2.563916683197021484e+00
-1.656462550163269043e-01,-2.454979181289672852e+00,-2.451369524002075195e+00,-2.637008428573608398e+00,-2.275788068771362305e+00,-2.750751256942749023e+00,-2.288758277893066406e+00,-2.756069898605346680e+00,-2.701513767242431641e+00,-3.114412784576416016e+00,-2.751338720321655273e+00,-2.806538343429565430e+00,-2.283960819244384766e+00,-2.484652996063232422e+00,-2.309796810150146484e+00,-2.314472913742065430e+00,-2.735350608825683594e+00,-2.300734519958496094e+00,-2.345044612884521484e+00,-2.689467430114746094e+00,-2.880566120147705078e+00,-2.744634628295898438e+00,-2.642598867416381836e+00,-3.059457302093505859e+00,-2.666146278381347656e+00,-2.681689977645874023e+00,-2.279853105545043945e+00,-2.249492406845092773e+00,-2.592864274978637695e+00,-2.443577289581298828e+00,-2.930799245834350586e+00,-2.610860586166381836e+00,-2.509770631790161133e+00,-2.547785758972167969e+00,-2.098168373107910156e+00,-2.172513723373413086e+00,-3.116117238998413086e+00,-2.713666200637817383e+00,-3.092094182968139648e+00,-2.826914787292480469e+00,-2.109293460845947266e+00,-2.363261938095092773e+00,-2.021879196166992188e+00,-2.543354272842407227e+00,-3.076857566833496094e+00,-2.305985450744628906e+00,-2.137522459030151367e+00,-2.590444564819335938e+00,-2.546274662017822266e+00,-2.634615659713745117e+00,-2.951514482498168945e+00,-2.483450651168823242e+00,-2.647551298141479492e+00,-2.299218416213989258e+00,-2.266080379486083984e+00,-2.303290367126464844e+00,-2.556819915771484375e+00,-2.615831136703491211e+00,-2.823538064956665039e+00,-2.157040596008300781e+00,-2.937216520309448242e+00
-1.909644305706024170e-01,-2.225630998611450195e+00,-2.330886363983154297e+00,-2.570309638977050781e+00,-2.369101047515869141e+00,-2.659831762313842773e+00,-2.232082605361938477e+00,-2.557508468627929688e+00,-2.575087070465087891e+00,-3.085376977920532227e+00,-2.829005718231201172e+00,-2.775627851486206055e+00,-2.038608551025390625e+00,-2.619834423065185547e+00,-2.186991453170776367e+00,-2.316023588180541992e+00,-2.483975887298583984e+00,-2.224303483963012695e+00,-2.353621959686279297e+00,-2.709694623947143555e+00,-2.914233207702636719e+00,-2.839065074920654297e+00,-2.558028936386108398e+00,-3.201790571212768555e+00,-2.664111852645874023e+00,-2.781062126159667969e+00,-2.190418004989624023e+00,-2.247453451156616211e+00,-2.599971055984497070e+00,-2.534309148788452148e+00,-3.023062229156494141e+00,-2.605792760848999023e+00,-2.517353057861328125e+00,-2.513986825942993164e+00,-1.929915666580200195e+00,-2.314083099365234375e+00,-3.069868564605712891e+00,-2.702447891235351562e+00,-3.154059171676635742e+00,-2.726961851119995117e+00,-2.080113172531127930e+00,-2.288002490997314453e+00,-2.001794815063476562e+00,-2.463556051254272461e+00,-3.055362701416015625e+00,-2.447779655456542969e+00,-2.095626115798950195e+00,-2.741415739059448242e+00,-2.436231136322021484e+00,-2.602200746536254883e+00,-3.020356893539428711e+00,-2.510942459106445312e+00,-2.818403720855712891e+00,-2.210037231445312500e+00,-2.242096900939941406e+00,-2.299427032470703125e+00,-2.619510173797607422e+00,-2.455002784729003906e+00,-2.690841197967529297e+00,-2.160578012466430664e+00,-3.041054725646972656e+00
-2.118729054927825928e-01,-2.287352085113525391e+00,-2.306821823120117188e+00,-2.527641296386718750e+00,-2.148473501205444336e+00,-2.618908405303955078e+00,-2.238017320632934570e+00,-2.611411809921264648e+00,-2.528628110885620117e+00,-3.034661531448364258e+00,-2.629342317581176758e+00,-2.814861536026000977e+00,-2.193890094757080078e+00,-2.424192428588867188e+00,-2.173502206802368164e+00,-2.200445652008056641e+00,-2.463228702545166016e+00,-2.232023239135742188e+00,-2.232714653015136719e+00,-2.497983455657958984e+00,-2.924388170242309570e+00,-2.659680366516113281e+00,-2.513177871704101562e+00,-3.050352811813354492e+00,-2.527839660644531250e+00,-2.610559940338134766e+00,-2.058672666549682617e+00,-2.063302993774414062e+00,-2.493800163269042969e+00,-2.330435991287231445e+00,-2.892126798629760742e+00,-2.459377765655517578e+00,-2.468345165252685547e+00,-2.487165689468383789e+00,-1.928398728370666504e+00,-2.030913591384887695e+00,-2.999285459518432617e+00,-2.559844493865966797e+00,-3.069698572158813477e+00,-2.649310111999511719e+00,-1.877789258956909180e+00,-2.237981557846069336e+00,-1.826221585273742676e+00,-2.384117364883422852e+00,-3.099928140640258789e+00,-2.204546689987182617e+00,-1.977493882179260254e+00,-2.601812601089477539e+00,-2.583898305892944336e+00,-2.574988126754760742e+00,-2.929203033447265625e+00,-2.376464366912841797e+00,-2.654415369033813477e+00,-2.167221784591674805e+00,-2.201298236846923828e+00,-2.140515327453613281e+00,-2.492298603057861328e+00,-2.430635213851928711e+00,-2.686791658401489258e+00,-2.015286922454833984e+00,-2.900659799575805664e+00
-1.887560822069644928e-02,-2.350388765335083008e+00,-2.492151021957397461e+00,-2.697278738021850586e+00,-2.443495273590087891e+00,-2.742006778717041016e+00,-2.379409551620483398e+00,-2.709480285644531250e+00,-2.802292823791503906e+00,-3.124618053436279297e+00,-2.836047887802124023e+00,-2.798046350479125977e+00,-2.210751295089721680e+00,-2.626003026962280273e+00,-2.386550426483154297e+00,-2.401138782501220703e+00,-2.717142343521118164e+00,-2.327436923980712891e+00,-2.456730842590332031e+00,-2.771187782287597656e+00,-2.882860898971557617e+00,-2.838948488235473633e+00,-2.658234119415283203e+00,-3.169773578643798828e+00,-2.758694410324096680e+00,-2.801926374435424805e+00,-2.440093994140625000e+00,-2.317849636077880859e+00,-2.670011758804321289e+00,-2.589869499206542969e+00,-3.001667261123657227e+00,-2.670071125030517578e+00,-2.591505527496337891e+00,-2.598356008529663086e+00,-2.130399227142333984e+00,-2.322696685791015625e+00,-3.169637203216552734e+00,-2.789342164993286133e+00,-3.169791460037231445e+00,-2.849656105041503906e+00,-2.201603889465332031e+00,-2.430571317672729492e+00,-2.166109561920166016e+00,-2.564084529876708984e+00,-3.058142662048339844e+00,-2.433846473693847656e+00,-2.228091955184936523e+00,-2.748663663864135742e+00,-2.552230358123779297e+00,-2.712600469589233398e+00,-3.065741300582885742e+00,-2.584163665771484375e+00,-2.745025873184204102e+00,-2.348564386367797852e+00,-2.329812765121459961e+00,-2.405233621597290039e+00,-2.659936904907226562e+00,-2.708926916122436523e+00,-2.839309215545654297e+00,-2.310852050781250000e+00,-3.021930217742919922e+00
-1.259351074695587158e-01,-2.116128683090209961e+00,-2.178322315216064453e+00,-2.368566274642944336e+00,-2.078270673751831055e+00,-2.447494983673095703e+00,-2.099182605743408203e+00,-2.423882722854614258e+00,-2.407206058502197266e+00,-2.820108890533447266e+00,-2.490352153778076172e+00,-2.573374748229980469e+00,-2.009200096130371094e+00,-2.306033134460449219e+00,-2.062283515930175781e+00,-2.087133169174194336e+00,-2.340517282485961914e+00,-2.075551509857177734e+00,-2.126207590103149414e+00,-2.391762018203735352e+00,-2.665755748748779297e+00,-2.508389234542846680e+00,-2.353738784790039062e+00,-2.850384235382080078e+00,-2.402545928955078125e+00,-2.467405080795288086e+00,-2.012967824935913086e+00,-1.993589639663696289e+00,-2.354524135589599609e+00,-2.235938787460327148e+00,-2.701118946075439453e+00,-2.331085681915283203e+00,-2.310703516006469727e+00,-2.318220615386962891e+00,-1.833213925361633301e+00,-1.978244662284851074e+00,-2.806833505630493164e+00,-2.422773361206054688e+00,-2.856660604476928711e+00,-2.497543096542358398e+00,-1.837566256523132324e+00,-2.118486404418945312e+00,-1.797803163528442383e+00,-2.240954637527465820e+00,-2.830991029739379883e+00,-2.115135431289672852e+00,-1.897047758102416992e+00,-2.448132038116455078e+00,-2.351245880126953125e+00,-2.409050941467285156e+00,-2.740529775619506836e+00,-2.255018472671508789e+00,-2.478233098983764648e+00,-2.048887252807617188e+00,-2.061791896820068359e+00,-2.051448583602905273e+00,-2.344260215759277344e+00,-2.312845230102539062e+00,-2.512563228607177734e+00,-1.949882149696350098e+00,-2.713092088699340820e+00
1.915549784898757935e-01,-2.306844472885131836e+00,-2.326619386672973633e+00,-2.559349775314331055e+00,-2.249545335769653320e+00,-2.706880569458007812e+00,-2.306960105895996094e+00,-2.677575349807739258e+00,-2.715626478195190430e+00,-3.002285242080688477e+00,-2.651235580444335938e+00,-2.919559478759765625e+00,-2.273493766784667969e+00,-2.516148805618286133e+00,-2.309002399444580078e+00,-2.325697183609008789e+00,-2.516053676605224609e+00,-2.268782615661621094e+00,-2.323586463928222656e+00,-2.666420221328735352e+00,-2.867232561111450195e+00,-2.692755222320556641e+00,-2.588087558746337891e+00,-3.038531303405761719e+00,-2.490442276000976562e+00,-2.724436283111572266e+00,-2.233676671981811523e+00,-2.226951599121093750e+00,-2.538904190063476562e+00,-2.361534357070922852e+00,-2.998706579208374023e+00,-2.497887849807739258e+00,-2.516342878341674805e+00,-2.592480421066284180e+00,-1.947526216506958008e+00,-2.142786979675292969e+00,-2.978840589523315430e+00,-2.531019926071166992e+00,-3.005000829696655273e+00,-2.698070764541625977e+00,-1.988430142402648926e+00,-2.377673387527465820e+00,-1.945823550224304199e+00,-2.420741319656372070e+00,-3.026139497756958008e+00,-2.300676345825195312e+00,-2.060332775115966797e+00,-2.693731069564819336e+00,-2.722605228424072266e+00,-2.645717144012451172e+00,-2.966764211654663086e+00,-2.444536209106445312e+00,-2.713737249374389648e+00,-2.239445686340332031e+00,-2.253926515579223633e+00,-2.347518920898437500e+00,-2.570027828216552734e+00,-2.495345592498779297e+00,-2.848771572113037109e+00,-2.198605060577392578e+00,-2.888199806213378906e+00
1.922111213207244873e-01,-1.479223251342773438e+00,-1.641079783439636230e+00,-1.747045874595642090e+00,-1.522395133972167969e+00,-1.768961787223815918e+00,-1.594310283660888672e+00,-1.807152867317199707e+00,-1.884861707687377930e+00,-2.152374267578125000e+00,-1.756151437759399414e+00,-2.035590410232543945e+00,-1.585359454154968262e+00,-1.767755031585693359e+00,-1.574910879135131836e+00,-1.490948200225830078e+00,-1.647818684577941895e+00,-1.523639798164367676e+00,-1.567035675048828125e+00,-1.668318748474121094e+00,-2.073920488357543945e+00,-1.842457413673400879e+00,-1.651445269584655762e+00,-2.144714593887329102e+00,-1.784581065177917480e+00,-1.895152449607849121e+00,-1.429952740669250488e+00,-1.465348362922668457e+00,-1.687476038932800293e+00,-1.568179249763488770e+00,-2.057009696960449219e+00,-1.685357570648193359e+00,-1.834364056587219238e+00,-1.800044178962707520e+00,-1.344875574111938477e+00,-1.396325349807739258e+00,-2.132351160049438477e+00,-1.718567252159118652e+00,-2.176714658737182617e+00,-1.834114193916320801e+00,-1.143511056900024414e+00,-1.632650732994079590e+00,-1.262135863304138184e+00,-1.600567698478698730e+00,-2.231980085372924805e+00,-1.524771690368652344e+00,-1.371240496635437012e+00,-1.969113230705261230e+00,-1.925551176071166992e+00,-1.894806981086730957e+00,-2.156198978424072266e+00,-1.668823361396789551e+00,-1.834883332252502441e+00,-1.473232150077819824e+00,-1.572727918624877930e+00,-1.484082579612731934e+00,-1.724872112274169922e+00,-1.791009068489074707e+00,-1.971641421318054199e+00,-1.431019425392150879e+00,-2.128686904907226562e+00
-4.207889139652252197e-01,-2.499629020690917969e+00,-2.450150012969970703e+00,-2.591497421264648438e+00,-2.397865295410156250e+00,-2.808242082595825195e+00,-2.479056358337402344e+00,-2.779979467391967773e+00,-2.707065820693969727e+00,-3.135760307312011719e+00,-2.782546043395996094e+00,-2.923168182373046875e+00,-2.316719770431518555e+00,-2.567027330398559570e+00,-2.431290388107299805e+00,-2.483830928802490234e+00,-2.657586574554443359e+00,-2.492986440658569336e+00,-2.460339784622192383e+00,-2.728496313095092773e+00,-2.984728813171386719e+00,-2.822977066040039062e+00,-2.706459999084472656e+00,-3.184946775436401367e+00,-2.710719823837280273e+00,-2.722698688507080078e+00,-2.301309823989868164e+00,-2.266881227493286133e+00,-2.669317722320556641e+00,-2.628257036209106445e+00,-3.042324542999267578e+00,-2.579362392425537109e+00,-2.645093202590942383e+00,-2.583611488342285156e+00,-2.129929542541503906e+00,-2.260332584381103516e+00,-3.048914909362792969e+00,-2.647760629653930664e+00,-3.229771614074707031e+00,-2.831066846847534180e+00,-2.200443744659423828e+00,-2.473765850067138672e+00,-2.153216838836669922e+00,-2.481961488723754883e+00,-3.217298984527587891e+00,-2.380063772201538086e+00,-2.215538501739501953e+00,-2.762010097503662109e+00,-2.739506006240844727e+00,-2.748176574707031250e+00,-3.069169282913208008e+00,-2.576652050018310547e+00,-2.870981216430664062e+00,-2.429907560348510742e+00,-2.334813117980957031e+00,-2.306983232498168945e+00,-2.690678596496582031e+00,-2.540744304656982422e+00,-2.830842733383178711e+00,-2.245182275772094727e+00,-2.942673683166503906e+00
-1.661786995828151703e-02,-2.095968484878540039e+00,-2.145211458206176758e+00,-2.368704080581665039e+00,-2.109092950820922852e+00,-2.447897195816040039e+00,-2.036711931228637695e+00,-2.418987274169921875e+00,-2.451362609863281250e+00,-2.794228792190551758e+00,-2.503566265106201172e+00,-2.609639883041381836e+00,-1.994338154792785645e+00,-2.321455478668212891e+00,-2.060125112533569336e+00,-2.117892503738403320e+00,-2.336138963699340820e+00,-2.049513339996337891e+00,-2.134415149688720703e+00,-2.465037822723388672e+00,-2.654828786849975586e+00,-2.530236244201660156e+00,-2.341884136199951172e+00,-2.812322139739990234e+00,-2.374904870986938477e+00,-2.516400575637817383e+00,-2.030642509460449219e+00,-2.046668291091918945e+00,-2.310949087142944336e+00,-2.203037500381469727e+00,-2.728947639465332031e+00,-2.359760999679565430e+00,-2.292556047439575195e+00,-2.337640285491943359e+00,-1.794981718063354492e+00,-2.019590139389038086e+00,-2.805705785751342773e+00,-2.434930324554443359e+00,-2.797827005386352539e+00,-2.521953105926513672e+00,-1.851975083351135254e+00,-2.145129919052124023e+00,-1.789664983749389648e+00,-2.289305448532104492e+00,-2.782270193099975586e+00,-2.147085189819335938e+00,-1.930041432380676270e+00,-2.446690797805786133e+00,-2.335280656814575195e+00,-2.397289752960205078e+00,-2.714984416961669922e+00,-2.264073610305786133e+00,-2.481775760650634766e+00,-2.027748584747314453e+00,-2.057414293289184570e+00,-2.153089046478271484e+00,-2.367382764816284180e+00,-2.322760343551635742e+00,-2.574440240859985352e+00,-1.982697844505310059e+00,-2.715048551559448242e+00
2.415682002902030945e-02,-2.136136054992675781e+00,-2.243021488189697266e+00,-2.387126207351684570e+00,-2.141961574554443359e+00,-2.471778154373168945e+00,-2.076466560363769531e+00,-2.468737602233886719e+00,-2.516169071197509766e+00,-2.877579450607299805e+00,-2.519576787948608398e+00,-2.582930326461791992e+00,-2.046214342117309570e+00,-2.366899728775024414e+00,-2.113846302032470703e+00,-2.099263429641723633e+00,-2.431396007537841797e+00,-2.056983947753906250e+00,-2.161713123321533203e+00,-2.457679986953735352e+00,-2.649245262145996094e+00,-2.548159122467041016e+00,-2.341687917709350586e+00,-2.846737861633300781e+00,-2.478499889373779297e+00,-2.535132169723510742e+00,-2.071558237075805664e+00,-2.113806009292602539e+00,-2.349521875381469727e+00,-2.242420434951782227e+00,-2.734013795852661133e+00,-2.399907827377319336e+00,-2.361169576644897461e+00,-2.354708671569824219e+00,-1.889044523239135742e+00,-2.049802064895629883e+00,-2.878396511077880859e+00,-2.467411279678344727e+00,-2.866092681884765625e+00,-2.580052137374877930e+00,-1.860912919044494629e+00,-2.191409111022949219e+00,-1.863105654716491699e+00,-2.292904853820800781e+00,-2.838926792144775391e+00,-2.166185617446899414e+00,-1.960713028907775879e+00,-2.491214036941528320e+00,-2.325392484664916992e+00,-2.452979087829589844e+00,-2.778884649276733398e+00,-2.299338102340698242e+00,-2.455834150314331055e+00,-2.063260793685913086e+00,-2.086326599121093750e+00,-2.120175361633300781e+00,-2.349158048629760742e+00,-2.418179988861083984e+00,-2.614467859268188477e+00,-1.995188474655151367e+00,-2.792101144790649414e+00
1.999236792325973511e-01,-1.759499907493591309e+00,-1.851246237754821777e+00,-1.857139706611633301e+00,-1.546782612800598145e+00,-1.978044748306274414e+00,-1.762027978897094727e+00,-2.060937881469726562e+00,-2.043685436248779297e+00,-2.348928451538085938e+00,-1.830052733421325684e+00,-2.146857261657714844e+00,-1.850164055824279785e+00,-1.825848340988159180e+00,-1.748888015747070312e+00,-1.560155034065246582e+00,-1.929920911788940430e+00,-1.664982914924621582e+00,-1.653784990310668945e+00,-1.754299879074096680e+00,-2.150075674057006836e+00,-1.896403431892395020e+00,-1.828925132751464844e+00,-2.236783266067504883e+00,-1.924432516098022461e+00,-1.935663342475891113e+00,-1.547058820724487305e+00,-1.611930370330810547e+00,-1.851847529411315918e+00,-1.654367208480834961e+00,-2.151312828063964844e+00,-1.787675499916076660e+00,-1.967657208442687988e+00,-1.919191122055053711e+00,-1.558189868927001953e+00,-1.425227284431457520e+00,-2.274083137512207031e+00,-1.790077686309814453e+00,-2.316488027572631836e+00,-2.002889394760131836e+00,-1.257694482803344727e+00,-1.776015400886535645e+00,-1.395448088645935059e+00,-1.685882687568664551e+00,-2.412868261337280273e+00,-1.562450408935546875e+00,-1.446474313735961914e+00,-2.020159959793090820e+00,-2.101445674896240234e+00,-2.037634134292602539e+00,-2.275771617889404297e+00,-1.759346008300781250e+00,-1.868968009948730469e+00,-1.643337368965148926e+00,-1.678141832351684570e+00,-1.503971338272094727e+00,-1.760851025581359863e+00,-1.948123931884765625e+00,-2.143043518066406250e+00,-1.497031807899475098e+00,-2.221349000930786133e+00
-7.381468266248703003e-02,-2.441956043243408203e+00,-2.319988489151000977e+00,-2.451906681060791016e+00,-2.122042655944824219e+00,-2.757330179214477539e+00,-2.202226161956787109e+00,-2.698472499847412109e+00,-2.528346776962280273e+00,-3.050799369812011719e+00,-2.658543586730957031e+00,-2.805586576461791992e+00,-2.258692026138305664e+00,-2.448386907577514648e+00,-2.184799194335937500e+00,-2.218453407287597656e+00,-2.576442480087280273e+00,-2.204923152923583984e+00,-2.218297243118286133e+00,-2.636574745178222656e+00,-2.793245792388916016e+00,-2.647645950317382812e+00,-2.597100496292114258e+00,-3.014788150787353516e+00,-2.483042955398559570e+00,-2.607501745223999023e+00,-2.056687831878662109e+00,-2.266448736190795898e+00,-2.559705972671508789e+00,-2.332621812820434570e+00,-2.956971406936645508e+00,-2.485527038574218750e+00,-2.433817863464355469e+00,-2.486865282058715820e+00,-1.936708450317382812e+00,-2.120102643966674805e+00,-2.920237064361572266e+00,-2.474628686904907227e+00,-2.989526033401489258e+00,-2.684996128082275391e+00,-2.006048440933227539e+00,-2.272229671478271484e+00,-1.895540595054626465e+00,-2.354676008224487305e+00,-3.029408216476440430e+00,-2.281880378723144531e+00,-1.952282190322875977e+00,-2.549012422561645508e+00,-2.551387786865234375e+00,-2.532454252243041992e+00,-2.871757745742797852e+00,-2.372577905654907227e+00,-2.668366670608520508e+00,-2.207353115081787109e+00,-2.163681983947753906e+00,-2.176690578460693359e+00,-2.441185235977172852e+00,-2.320877075195312500e+00,-2.738120317459106445e+00,-2.026786088943481445e+00,-2.863711595535278320e+00
