8.672124743461608887e-01,-4.544667303562164307e-01,9.182460308074951172e-01,9.646425843238830566e-01,-4.935386180877685547e-01,-4.466319680213928223e-01,1.736191749572753906e+00,6.682208180427551270e-01,-3.739036619663238525e-01,-8.982623815536499023e-01,-1.387382000684738159e-01,-8.712892532348632812e-01,-9.158692359924316406e-01,-1.060517907142639160e+00,1.276719212532043457e+00,1.380128115415573120e-01,-1.231227740645408630e-01,3.158075511455535889e-01,-1.355945229530334473e+00,-5.640870332717895508e-01,-2.018973350524902344e+00,-9.784852862358093262e-01,2.063643455505371094e+00,-1.158666968345642090e+00,1.066488027572631836e-01,-2.451294064521789551e-01,-1.004444122314453125e+00,-5.165823698043823242e-01,-3.454672396183013916e-01,-1.368466973304748535e+00,-4.383351802825927734e-01,-2.100870460271835327e-01,-6.288029551506042480e-01,7.147363424301147461e-01,-3.801549971103668213e-01,-9.225679636001586914e-01,1.112222075462341309e+00,-1.265377849340438843e-01,-7.229748368263244629e-01,-2.010182142257690430e+00,6.618619710206985474e-02,1.002793312072753906e+00,-1.911254048347473145e+00,5.655019283294677734e-01,1.089901804924011230e+00,-7.797663211822509766e-01,-1.486274957656860352e+00,-6.791095137596130371e-01,1.947723865509033203e+00,1.176470875740051270e+00,-1.170699119567871094e+00,1.643590688705444336e+00,7.888835668563842773e-01,-1.215282320976257324e+00,-3.940698802471160889e-01,-1.680713295936584473e+00,-1.023979902267456055e+00,-1.013435482978820801e+00,6.525806188583374023e-01,-1.185900688171386719e+00,-6.953371167182922363e-01,3.368122577667236328e-01,1.749285757541656494e-01,-5.915175080299377441e-01
-1.302958011627197266e+00,-3.725374042987823486e-01,2.016398191452026367e+00,9.698858261108398438e-01,-1.864908784627914429e-01,2.317586660385131836e+00,-5.533387660980224609e-01,-8.058562874794006348e-01,5.304849147796630859e-01,1.382369995117187500e+00,-7.150443792343139648e-01,-6.650263667106628418e-01,1.774866878986358643e-01,-3.105656243860721588e-02,3.729572296142578125e-01,-1.989559382200241089e-01,-1.120786666870117188e-01,-8.738054633140563965e-01,8.346964716911315918e-01,-1.360117197036743164e+00,1.144525647163391113e+00,4.219443202018737793e-01,2.422302007675170898e+00,5.974069833755493164e-01,-1.237080842256546021e-01,-8.193935751914978027e-01,1.326469063758850098e+00,-2.264064103364944458e-01,4.063535034656524658e-01,6.107308268547058105e-01,-8.625958114862442017e-02,3.085488080978393555e-01,1.629483819007873535e+00,8.282409310340881348e-01,3.567205667495727539e-01,9.909673929214477539e-01,2.054226398468017578e+00,6.793469786643981934e-01,-2.277598381042480469e+00,6.977879405021667480e-01,1.099811792373657227e+00,-1.215857625007629395e+00,4.025410711765289307e-01,3.238818645477294922e-01,-1.649537682533264160e+00,-3.463835120201110840e-01,-5.200721025466918945e-01,-1.530917406082153320e+00,5.850437879562377930e-01,-8.629599809646606445e-01,5.224434733390808105e-01,6.335929036140441895e-02,-1.053140282630920410e+00,-1.391953825950622559e-01,-4.281563460826873779e-01,8.087021708488464355e-01,5.364594459533691406e-01,1.802968263626098633e+00,1.039172530174255371e+00,9.995774365961551666e-03,-1.775443553924560547e-01,8.094677925109863281e-01,-1.803397655487060547e+00,3.175889551639556885e-01
-1.491471767425537109e+00,9.826881438493728638e-02,1.830692410469055176e+00,9.410793185234069824e-01,-1.986510902643203735e-01,2.432654380798339844e+00,-6.902294754981994629e-01,-1.450672030448913574e+00,8.678891509771347046e-02,2.017402887344360352e+00,-1.187591314315795898e+00,-3.634488880634307861e-01,1.106840558350086212e-02,1.574689149856567383e-01,7.596767544746398926e-01,4.080014824867248535e-01,-4.621311426162719727e-01,-7.853256464004516602e-01,1.093551516532897949e+00,-1.611186742782592773e+00,5.620698928833007812e-01,4.431198537349700928e-01,2.345977306365966797e+00,6.222758889198303223e-01,-1.025154814124107361e-01,-1.310273766517639160e+00,1.385844588279724121e+00,2.598783373832702637e-01,2.430641949176788330e-01,9.005008935928344727e-01,-3.717209994792938232e-01,-3.004569746553897858e-02,1.695288777351379395e+00,1.313199281692504883e+00,5.168636441230773926e-01,1.298817038536071777e+00,2.003946065902709961e+00,3.650184869766235352e-01,-1.462261795997619629e+00,9.657188057899475098e-01,4.399909377098083496e-01,-1.697951674461364746e+00,4.334927797317504883e-01,7.753975689411163330e-02,-1.910395026206970215e+00,-8.531948924064636230e-01,-6.600869297981262207e-01,-1.434694051742553711e+00,2.713104188442230225e-01,-4.805770814418792725e-01,5.466069579124450684e-01,5.268720537424087524e-02,-1.521457910537719727e+00,1.638371683657169342e-02,-9.210156649351119995e-02,6.383821368217468262e-01,8.706586360931396484e-01,1.157214999198913574e+00,8.340483307838439941e-01,-2.037885189056396484e-01,-1.454985588788986206e-01,1.101013898849487305e+00,-2.191151380538940430e+00,-4.513407126069068909e-02
-1.688745737075805664e+00,1.329969018697738647e-01,1.360466241836547852e+00,6.298105716705322266e-01,-9.088915586471557617e-02,2.922152519226074219e+00,-1.120371937751770020e+00,-7.557544112205505371e-01,5.357578396797180176e-01,1.956269145011901855e+00,-9.950661063194274902e-01,-4.596830010414123535e-01,-3.556412644684314728e-03,-5.603833198547363281e-01,7.257510423660278320e-01,2.098226100206375122e-01,-5.406107902526855469e-01,-4.617242217063903809e-01,6.800558567047119141e-01,-1.834170222282409668e+00,5.222374796867370605e-01,3.706540763378143311e-01,2.662794113159179688e+00,1.753892302513122559e-01,-2.608535885810852051e-01,-7.523496150970458984e-01,1.904502034187316895e+00,3.116175718605518341e-02,-2.570720314979553223e-01,1.130407452583312988e+00,-9.477617144584655762e-01,1.338921114802360535e-02,1.155323147773742676e+00,1.678953647613525391e+00,5.083802938461303711e-01,1.272082805633544922e+00,2.219748258590698242e+00,6.272401213645935059e-01,-1.485092163085937500e+00,1.302768707275390625e+00,1.110453009605407715e+00,-1.557414770126342773e+00,3.172758519649505615e-01,-8.712036162614822388e-02,-1.534609436988830566e+00,-4.132898747920989990e-01,-1.537625432014465332e+00,-1.414237976074218750e+00,9.658722281455993652e-01,-6.538453698158264160e-01,5.764007568359375000e-01,6.673377156257629395e-01,-1.231834173202514648e+00,4.922258201986551285e-03,-5.720350146293640137e-02,9.596753120422363281e-01,6.612074375152587891e-01,1.785786271095275879e+00,1.074975728988647461e+00,-1.820795238018035889e-01,-6.305473297834396362e-02,1.039413571357727051e+00,-1.713389873504638672e+00,-2.184286713600158691e-01
-1.325910687446594238e+00,-3.322412669658660889e-01,1.694451928138732910e+00,9.204049110412597656e-01,-2.176965326070785522e-01,2.552293539047241211e+00,-1.008582592010498047e+00,-1.503500342369079590e+00,3.705634176731109619e-01,1.795746564865112305e+00,-6.456398963928222656e-01,-5.217679142951965332e-01,-3.156019374728202820e-03,-7.053504586219787598e-01,8.604950308799743652e-01,1.139158979058265686e-01,-8.827455043792724609e-01,-6.646682024002075195e-01,1.041328310966491699e+00,-1.029470324516296387e+00,5.616505742073059082e-01,7.472845315933227539e-01,2.757100582122802734e+00,2.719848752021789551e-01,2.667695283889770508e-02,-8.141608238220214844e-01,1.523665547370910645e+00,2.506456077098846436e-01,-5.352642014622688293e-02,3.927266597747802734e-01,-2.337956279516220093e-01,8.558180183172225952e-02,1.595950007438659668e+00,1.953037500381469727e+00,1.435525268316268921e-01,1.090967774391174316e+00,1.842488646507263184e+00,4.708882570266723633e-01,-1.650396585464477539e+00,9.666525721549987793e-01,6.682002544403076172e-01,-1.503438949584960938e+00,-9.969160892069339752e-03,-2.118851840496063232e-01,-1.380090475082397461e+00,-1.279588341712951660e-01,-1.116862654685974121e+00,-1.283490657806396484e+00,7.040354609489440918e-01,-6.245877742767333984e-01,1.068657994270324707e+00,1.954165101051330566e-01,-1.272189736366271973e+00,-4.406343027949333191e-02,-3.665686547756195068e-01,5.198440551757812500e-01,5.009900331497192383e-01,1.417505025863647461e+00,1.383813381195068359e+00,-4.872640594840049744e-02,-1.996518373489379883e-01,1.244811415672302246e+00,-1.508727192878723145e+00,-3.066686093807220459e-01
-1.738474249839782715e+00,-1.307059824466705322e-01,1.684129357337951660e+00,1.499408364295959473e+00,-1.781315952539443970e-01,2.566977262496948242e+00,-8.760142922401428223e-01,-1.178195953369140625e+00,3.194558899849653244e-03,1.697906732559204102e+00,-3.324501812458038330e-01,-6.492653489112854004e-01,-2.320272922515869141e-01,-6.902579069137573242e-01,8.313835263252258301e-01,-3.140765726566314697e-01,-5.450352430343627930e-01,-8.319363594055175781e-01,8.253811001777648926e-01,-1.521134257316589355e+00,5.166988968849182129e-01,7.139139175415039062e-01,2.287030220031738281e+00,1.908215284347534180e-01,7.890716940164566040e-02,-8.775700330734252930e-01,1.188060522079467773e+00,4.750374853610992432e-01,3.202396631240844727e-01,6.491256356239318848e-01,-3.281868398189544678e-01,2.988432049751281738e-01,1.682742953300476074e+00,1.151703834533691406e+00,2.133219242095947266e-01,1.446095943450927734e+00,2.103276014328002930e+00,8.802812695503234863e-01,-2.232539415359497070e+00,1.158106565475463867e+00,1.064970135688781738e+00,-1.239221930503845215e+00,1.929677724838256836e-01,-1.901775449514389038e-01,-1.187854886054992676e+00,-5.423816442489624023e-01,-9.830232858657836914e-01,-1.383278965950012207e+00,7.346600890159606934e-01,-7.184447646141052246e-01,6.444423198699951172e-01,1.531741768121719360e-01,-1.389128088951110840e+00,-1.466209292411804199e-01,-4.286778867244720459e-01,8.036876916885375977e-01,6.701581478118896484e-01,1.723417639732360840e+00,8.839811086654663086e-01,-2.067194879055023193e-01,-2.125962525606155396e-01,8.914587497711181641e-01,-1.549256801605224609e+00,-9.399284608662128448e-03
-9.146853685379028320e-01,-6.584109663963317871e-01,1.502790570259094238e+00,1.128795146942138672e+00,-2.214731276035308838e-01,2.502841234207153320e+00,-1.019097805023193359e+00,-1.214389204978942871e+00,4.105572998523712158e-01,1.965725183486938477e+00,-6.311364769935607910e-01,-3.745726644992828369e-01,-3.876283168792724609e-01,-3.509391844272613525e-02,5.901430845260620117e-01,2.689426243305206299e-01,-2.170399725437164307e-01,-1.411130070686340332e+00,6.871643662452697754e-01,-1.964618325233459473e+00,8.029558062553405762e-01,5.490554571151733398e-01,2.500284671783447266e+00,5.878344178199768066e-01,1.250915825366973877e-01,-1.284473896026611328e+00,1.389053583145141602e+00,3.292461931705474854e-01,3.076583445072174072e-01,1.029209613800048828e+00,-2.678600251674652100e-01,3.565777242183685303e-01,1.370032548904418945e+00,1.624910831451416016e+00,3.469297289848327637e-01,1.560293555259704590e+00,1.979906439781188965e+00,5.229667574167251587e-02,-1.605004191398620605e+00,9.618927836418151855e-01,1.314157724380493164e+00,-1.761977314949035645e+00,5.699874833226203918e-02,-8.195309340953826904e-02,-1.487476348876953125e+00,-4.788311123847961426e-01,-1.106724739074707031e+00,-1.068548679351806641e+00,5.563893914222717285e-01,-5.350883603096008301e-01,8.564760088920593262e-01,-5.786601081490516663e-02,-1.259193062782287598e+00,-4.050020873546600342e-01,-6.457629799842834473e-01,7.585458159446716309e-01,6.198093295097351074e-01,1.546904683113098145e+00,5.593209862709045410e-01,3.130863606929779053e-01,-3.848975002765655518e-01,8.260537385940551758e-01,-1.933723092079162598e+00,5.232462659478187561e-02
-1.594834804534912109e+00,-1.738280355930328369e-01,1.526089787483215332e+00,1.236539721488952637e+00,-2.722111046314239502e-01,2.934632778167724609e+00,-8.516830801963806152e-01,-1.096992254257202148e+00,6.941393613815307617e-01,1.633158802986145020e+00,-3.121671676635742188e-01,-8.264529109001159668e-01,-2.352764606475830078e-01,-2.755500078201293945e-01,4.568207859992980957e-01,-1.682851761579513550e-01,-3.586929142475128174e-01,-1.079415321350097656e+00,7.929487228393554688e-01,-1.749822974205017090e+00,9.483379721641540527e-01,8.292411565780639648e-01,2.524297952651977539e+00,8.867799639701843262e-01,-1.529947370290756226e-01,-8.056107163429260254e-01,1.533715605735778809e+00,4.058717489242553711e-01,-9.531051665544509888e-02,4.814445674419403076e-01,-3.012169599533081055e-01,1.095962822437286377e-01,1.778342604637145996e+00,1.211115717887878418e+00,5.770856738090515137e-01,1.282516956329345703e+00,2.134475231170654297e+00,6.997275948524475098e-01,-2.166573047637939453e+00,1.037089943885803223e+00,9.794551134109497070e-01,-1.083760857582092285e+00,1.180232763290405273e-01,-3.552466034889221191e-01,-1.389219760894775391e+00,-4.555721879005432129e-01,-1.374882459640502930e+00,-1.395743727684020996e+00,4.859758615493774414e-01,-1.267440438270568848e+00,1.205648660659790039e+00,3.067250549793243408e-01,-1.031094074249267578e+00,6.579119712114334106e-02,-4.801205396652221680e-01,6.365259289741516113e-01,3.894386887550354004e-01,1.490947365760803223e+00,9.596767425537109375e-01,-1.466435194015502930e-01,3.677030503749847412e-01,1.071715354919433594e+00,-1.864239692687988281e+00,-1.225600913166999817e-01
-1.562647223472595215e+00,-4.032500982284545898e-01,1.432625412940979004e+00,1.237396717071533203e+00,3.582566976547241211e-01,2.917801141738891602e+00,-9.407480359077453613e-01,-8.604115247726440430e-01,9.720344841480255127e-02,1.869053244590759277e+00,-6.235116720199584961e-01,-2.506256699562072754e-01,-2.888757586479187012e-01,-6.925010085105895996e-01,9.978435635566711426e-01,3.062631934881210327e-02,-4.242048859596252441e-01,-1.041682720184326172e+00,8.025521636009216309e-01,-1.482769489288330078e+00,6.437438130378723145e-01,8.402913212776184082e-01,2.406373500823974609e+00,-3.357430100440979004e-01,-3.738961517810821533e-01,-5.379061698913574219e-01,1.086425304412841797e+00,2.453852891921997070e-01,1.903581619262695312e-01,6.161121129989624023e-01,-1.611615270376205444e-01,2.473936825990676880e-01,2.035434007644653320e+00,1.782232403755187988e+00,7.600900530815124512e-01,1.368724584579467773e+00,1.962484240531921387e+00,4.815005064010620117e-01,-1.861361622810363770e+00,1.552592277526855469e+00,8.846063613891601562e-01,-1.220782518386840820e+00,-4.191483929753303528e-02,-6.872066855430603027e-01,-1.557114481925964355e+00,-5.905331969261169434e-01,-9.251226782798767090e-01,-1.474339246749877930e+00,5.515476465225219727e-01,-4.021249115467071533e-01,9.160168766975402832e-01,4.068003594875335693e-01,-1.427651286125183105e+00,1.041324362158775330e-01,-4.421203434467315674e-01,9.054207205772399902e-01,8.750485777854919434e-01,1.404267430305480957e+00,7.635236382484436035e-01,1.057219654321670532e-01,-3.265862762928009033e-01,1.038168311119079590e+00,-1.397831201553344727e+00,-6.892513632774353027e-01
-1.882199645042419434e+00,-4.448533356189727783e-01,1.606293559074401855e+00,1.196816205978393555e+00,-3.538827300071716309e-01,2.989767551422119141e+00,-1.071885228157043457e+00,-7.397183775901794434e-01,7.495747804641723633e-01,1.321052432060241699e+00,-6.519353389739990234e-01,-7.793760895729064941e-01,-4.362444207072257996e-02,-3.311438858509063721e-01,3.628264665603637695e-01,-1.828352212905883789e-01,-3.452093601226806641e-01,-9.829155206680297852e-01,5.335602760314941406e-01,-1.337500572204589844e+00,8.714373111724853516e-01,1.197205901145935059e+00,2.231923341751098633e+00,7.063156366348266602e-01,2.555176317691802979e-01,-8.859375119209289551e-01,1.351337194442749023e+00,2.907208502292633057e-01,1.521067917346954346e-01,7.420828342437744141e-01,2.223766595125198364e-02,3.950794693082571030e-03,1.788097858428955078e+00,1.554959416389465332e+00,4.513730108737945557e-01,1.564450144767761230e+00,2.324149608612060547e+00,9.213128089904785156e-01,-1.824050664901733398e+00,8.076884150505065918e-01,1.370958328247070312e+00,-8.990604281425476074e-01,1.917065232992172241e-01,-2.594962418079376221e-01,-1.636044383049011230e+00,-2.653979659080505371e-01,-5.640393495559692383e-01,-1.301752090454101562e+00,6.120198965072631836e-01,-6.598067283630371094e-01,7.903423905372619629e-01,-1.247467696666717529e-01,-1.110514521598815918e+00,8.232881128787994385e-02,-7.629771232604980469e-01,4.458952248096466064e-01,9.563829302787780762e-01,1.294464111328125000e+00,1.670747280120849609e+00,1.374783664941787720e-01,-1.865834295749664307e-01,1.268056869506835938e+00,-1.749974131584167480e+00,-4.019426926970481873e-02
-9.888661503791809082e-01,-2.214709967374801636e-01,2.015125751495361328e+00,1.077221989631652832e+00,-3.421027362346649170e-01,2.562415122985839844e+00,-8.491962552070617676e-01,-1.079636096954345703e+00,2.442528307437896729e-01,1.618074297904968262e+00,-5.592812299728393555e-01,-7.364434599876403809e-01,1.178637519478797913e-01,-6.130799651145935059e-01,7.340633869171142578e-01,-4.522847235202789307e-01,-5.235970020294189453e-01,-4.777036905288696289e-01,6.814846992492675781e-01,-1.664331555366516113e+00,8.725721836090087891e-01,8.663916587829589844e-01,2.143309593200683594e+00,3.062390387058258057e-01,5.295331403613090515e-02,-2.145681530237197876e-01,1.265482544898986816e+00,5.673682689666748047e-02,3.540066182613372803e-01,7.894887328147888184e-01,-2.053569704294204712e-01,-3.871152549982070923e-02,1.406597495079040527e+00,1.653689384460449219e+00,1.704431511461734772e-02,1.299618124961853027e+00,2.239586353302001953e+00,9.637886881828308105e-01,-1.839602351188659668e+00,1.062542557716369629e+00,1.073502898216247559e+00,-9.217067360877990723e-01,-2.043565362691879272e-02,-3.647753968834877014e-02,-1.291778206825256348e+00,-2.256160601973533630e-02,-9.080649614334106445e-01,-1.690787434577941895e+00,5.842341780662536621e-01,-9.296831488609313965e-01,6.188119649887084961e-01,1.152461767196655273e-01,-9.798130393028259277e-01,4.097196459770202637e-01,-4.892493486404418945e-01,9.543719291687011719e-01,7.691333293914794922e-01,1.224141836166381836e+00,1.520542740821838379e+00,-1.029344722628593445e-01,4.524952732026576996e-03,1.142631292343139648e+00,-1.915470480918884277e+00,3.528396487236022949e-01
-1.273174285888671875e+00,-1.227649003267288208e-01,1.684311628341674805e+00,6.901751160621643066e-01,-2.097165584564208984e-01,2.401941299438476562e+00,-9.990583062171936035e-01,-9.401457905769348145e-01,3.573257625102996826e-01,1.849278211593627930e+00,-6.128633022308349609e-01,-4.886617362499237061e-01,-9.152181446552276611e-02,-2.633259594440460205e-01,8.706158995628356934e-01,2.471591830253601074e-01,-8.012477159500122070e-01,-1.219236016273498535e+00,4.222368001937866211e-01,-1.754569053649902344e+00,6.091018915176391602e-01,2.439839392900466919e-01,2.304613828659057617e+00,1.774376183748245239e-01,-4.571778699755668640e-02,-6.473457813262939453e-01,1.361721158027648926e+00,1.307696998119354248e-01,1.608872264623641968e-01,7.323652505874633789e-01,-2.739825658500194550e-02,2.922628819942474365e-01,1.355346560478210449e+00,1.655317902565002441e+00,5.412734746932983398e-01,1.369743347167968750e+00,1.866729736328125000e+00,9.968273043632507324e-01,-2.147260904312133789e+00,9.379385113716125488e-01,1.289125800132751465e+00,-1.325326323509216309e+00,2.012274861335754395e-01,4.833796322345733643e-01,-1.454904794692993164e+00,-4.661840498447418213e-01,-1.165747880935668945e+00,-1.648825883865356445e+00,6.741333007812500000e-01,-1.157936811447143555e+00,2.552351355552673340e-01,2.561371624469757080e-01,-1.370591640472412109e+00,-5.776622518897056580e-02,-7.125434875488281250e-01,8.209931254386901855e-01,5.647985339164733887e-01,1.528977632522583008e+00,1.316810011863708496e+00,1.856162101030349731e-01,-2.390224337577819824e-01,1.062660574913024902e+00,-1.531957268714904785e+00,1.479774862527847290e-01
-1.470371007919311523e+00,-2.922927737236022949e-01,1.307528495788574219e+00,9.306531548500061035e-01,-3.078278303146362305e-01,3.137988090515136719e+00,-8.190609812736511230e-01,-1.302646398544311523e+00,2.427200824022293091e-01,2.085109710693359375e+00,-5.589192509651184082e-01,-3.289419114589691162e-01,-8.833280950784683228e-02,-5.036648511886596680e-01,6.708678007125854492e-01,-2.735495865345001221e-01,-3.113473057746887207e-01,-7.062218785285949707e-01,9.958829283714294434e-01,-1.565384387969970703e+00,8.618066906929016113e-01,1.011177599430084229e-01,2.013637304306030273e+00,4.559750258922576904e-01,-2.202762216329574585e-01,-9.853321909904479980e-01,1.540719389915466309e+00,1.363186687231063843e-01,1.893718354403972626e-02,8.950826525688171387e-01,-1.527461111545562744e-01,4.347705841064453125e-01,1.549837350845336914e+00,9.027577638626098633e-01,7.348970174789428711e-01,1.173133492469787598e+00,1.655664563179016113e+00,4.471819102764129639e-01,-1.797258973121643066e+00,8.713055849075317383e-01,1.005484461784362793e+00,-1.048808455467224121e+00,7.973144650459289551e-01,-2.725039236247539520e-02,-1.634867787361145020e+00,-5.424946546554565430e-01,-1.171084880828857422e+00,-1.442824006080627441e+00,8.509325981140136719e-01,-6.258286833763122559e-01,7.514612674713134766e-01,9.932691603899002075e-02,-1.279895186424255371e+00,-5.665186643600463867e-01,2.303064614534378052e-02,5.072386264801025391e-01,5.015875101089477539e-01,1.564153313636779785e+00,7.160270810127258301e-01,-4.619402810931205750e-02,1.747170388698577881e-01,9.148231148719787598e-01,-2.084291458129882812e+00,-3.146483898162841797e-01
-1.249501585960388184e+00,1.044562458992004395e-01,1.372898101806640625e+00,9.313348531723022461e-01,-1.449457406997680664e-01,3.176493167877197266e+00,-5.041456818580627441e-01,-1.264071822166442871e+00,6.820845007896423340e-01,1.976289868354797363e+00,-8.776789307594299316e-01,-2.734060287475585938e-01,1.092509329319000244e-01,-4.076686501502990723e-01,6.754068136215209961e-01,1.145015433430671692e-01,-9.368565678596496582e-01,-6.117675900459289551e-01,5.726416110992431641e-01,-1.431698679924011230e+00,9.306933283805847168e-01,7.556557059288024902e-01,2.324122667312622070e+00,7.409033775329589844e-01,-3.153380751609802246e-01,-4.429583549499511719e-01,1.955066561698913574e+00,1.382657587528228760e-01,7.971268147230148315e-02,6.495406031608581543e-01,4.177847877144813538e-03,1.071883216500282288e-01,1.576653361320495605e+00,1.584243535995483398e+00,8.636248111724853516e-02,1.530633211135864258e+00,1.716124415397644043e+00,7.698725461959838867e-01,-1.479354977607727051e+00,1.079118013381958008e+00,1.076215744018554688e+00,-1.443211436271667480e+00,4.067587256431579590e-01,-8.630920946598052979e-02,-1.498600125312805176e+00,-6.330416202545166016e-01,-1.532874226570129395e+00,-1.229053020477294922e+00,6.987133026123046875e-01,-5.156599879264831543e-01,1.053419828414916992e+00,-8.552355319261550903e-02,-9.225420355796813965e-01,5.293683335185050964e-02,-8.323699980974197388e-02,8.551022410392761230e-01,2.320694625377655029e-01,1.075177550315856934e+00,1.235906958580017090e+00,-2.576933987438678741e-02,-2.534538041800260544e-03,1.029197573661804199e+00,-2.297482967376708984e+00,-2.448436468839645386e-01
-1.424661755561828613e+00,-2.255314886569976807e-01,1.447067260742187500e+00,1.118019461631774902e+00,-2.304725050926208496e-01,2.779421329498291016e+00,-8.556804060935974121e-01,-1.134002923965454102e+00,1.698485165834426880e-01,1.448268413543701172e+00,-1.130318045616149902e+00,-3.591705486178398132e-02,-1.709150820970535278e-01,-6.985146403312683105e-01,6.961686015129089355e-01,-2.078968584537506104e-01,-7.269107103347778320e-01,-9.970320463180541992e-01,9.747568964958190918e-01,-1.244999051094055176e+00,9.260879755020141602e-01,4.600976407527923584e-01,2.210586309432983398e+00,-4.139300584793090820e-01,-5.304950475692749023e-01,-9.683231711387634277e-01,1.052906036376953125e+00,7.547749206423759460e-03,1.385594755411148071e-01,3.688259422779083252e-01,4.845055639743804932e-01,7.007569670677185059e-01,1.780579209327697754e+00,1.604285717010498047e+00,5.384598374366760254e-01,1.245048046112060547e+00,1.856831908226013184e+00,1.914178282022476196e-01,-1.850705385208129883e+00,1.089280962944030762e+00,9.224328398704528809e-01,-1.352615833282470703e+00,3.949168920516967773e-01,-1.185124367475509644e-01,-1.120555400848388672e+00,-6.999359130859375000e-01,-1.152934670448303223e+00,-1.143897414207458496e+00,6.579740643501281738e-01,-2.905495166778564453e-01,1.773712933063507080e-01,4.250794276595115662e-02,-1.021265387535095215e+00,1.152574196457862854e-01,-6.667284965515136719e-01,1.099627375602722168e+00,3.864266872406005859e-01,1.989541888236999512e+00,7.913274168968200684e-01,-1.601998656988143921e-01,-4.462624192237854004e-01,8.381121754646301270e-01,-1.726372599601745605e+00,-2.598742544651031494e-01
-1.523254394531250000e+00,-2.509305775165557861e-01,1.563168287277221680e+00,1.201771259307861328e+00,-1.422342360019683838e-01,2.500003576278686523e+00,-4.121821522712707520e-01,-1.404687762260437012e+00,6.490048766136169434e-01,1.586899280548095703e+00,-1.080037474632263184e+00,-2.974037528038024902e-01,1.420834567397832870e-02,-5.774470567703247070e-01,8.885500431060791016e-01,2.906439900398254395e-01,-7.027907967567443848e-01,-7.191472053527832031e-01,4.399276971817016602e-01,-1.641644239425659180e+00,6.328947544097900391e-01,4.561893343925476074e-01,2.549148797988891602e+00,-7.625457644462585449e-02,-6.774113327264785767e-02,-1.003678441047668457e+00,1.331695914268493652e+00,-1.730662286281585693e-01,3.976798802614212036e-02,6.704165935516357422e-01,-7.659731507301330566e-01,-1.368366628885269165e-01,1.434862017631530762e+00,1.785933732986450195e+00,1.648616790771484375e-01,1.036789774894714355e+00,1.923116922378540039e+00,5.417433381080627441e-01,-2.135104417800903320e+00,9.639480113983154297e-01,1.267780303955078125e+00,-1.234981536865234375e+00,-1.269027292728424072e-01,-2.174622416496276855e-01,-1.359327435493469238e+00,-4.990598559379577637e-01,-1.333330154418945312e+00,-1.689082622528076172e+00,4.733028113842010498e-01,-7.294951677322387695e-01,7.625043988227844238e-01,1.412173211574554443e-01,-1.041713356971740723e+00,1.910426318645477295e-01,-2.750153541564941406e-01,3.603008091449737549e-01,8.240739107131958008e-01,1.429866671562194824e+00,1.008782505989074707e+00,2.961224019527435303e-01,-3.208026587963104248e-01,1.072384119033813477e+00,-1.789348721504211426e+00,1.772717684507369995e-01
-1.337730050086975098e+00,3.419451788067817688e-02,1.652522087097167969e+00,1.229591965675354004e+00,3.837037459015846252e-02,2.564126491546630859e+00,-7.352064847946166992e-01,-1.061076521873474121e+00,-2.357591837644577026e-01,1.445132136344909668e+00,-6.540865302085876465e-01,-3.139615952968597412e-01,-2.856326103210449219e-02,-2.960050106048583984e-01,5.392067432403564453e-01,3.369157388806343079e-02,-3.732400834560394287e-01,-9.429630041122436523e-01,5.602958798408508301e-01,-1.117568254470825195e+00,4.789046049118041992e-01,6.441634297370910645e-01,2.547387599945068359e+00,5.456778407096862793e-01,4.366925917565822601e-03,-5.377093553543090820e-01,1.425375699996948242e+00,4.240930080413818359e-01,-1.614172756671905518e-01,3.560909628868103027e-01,-3.124656975269317627e-01,1.203344240784645081e-01,2.039005041122436523e+00,1.164598464965820312e+00,5.678923130035400391e-01,1.122460007667541504e+00,2.344013690948486328e+00,5.670179128646850586e-01,-2.059367179870605469e+00,1.249856472015380859e+00,6.656575202941894531e-01,-1.472283601760864258e+00,2.528402209281921387e-01,-2.453583525493741035e-03,-1.656669020652770996e+00,-4.521841704845428467e-01,-1.010529994964599609e+00,-1.556820034980773926e+00,5.725347995758056641e-01,-9.834110736846923828e-01,5.217986106872558594e-01,-1.816879399120807648e-02,-1.391551852226257324e+00,3.000291883945465088e-01,-2.333219498395919800e-01,8.227955102920532227e-01,4.296687245368957520e-01,1.480274081230163574e+00,9.077436923980712891e-01,-3.270691037178039551e-01,2.613198570907115936e-02,1.201837301254272461e+00,-1.594112753868103027e+00,8.591925352811813354e-02
-1.150292038917541504e+00,-7.446448802947998047e-01,1.358011960983276367e+00,1.251814484596252441e+00,-5.264322757720947266e-01,2.447642803192138672e+00,-7.086309194564819336e-01,-1.235992789268493652e+00,9.813140332698822021e-02,1.461631178855895996e+00,-5.524957776069641113e-01,4.403510689735412598e-02,-5.434728860855102539e-01,-3.505241870880126953e-01,7.321934700012207031e-01,1.559029221534729004e-01,-6.511208415031433105e-01,-1.088919520378112793e+00,3.809669017791748047e-01,-1.808742642402648926e+00,2.152837663888931274e-01,-1.483812332153320312e-01,2.325881481170654297e+00,4.656943976879119873e-01,-1.211555600166320801e-01,-8.650881648063659668e-01,1.305497169494628906e+00,8.296112529933452606e-03,4.308741390705108643e-01,3.010744154453277588e-01,-9.419254958629608154e-02,5.428392887115478516e-01,1.313893079757690430e+00,1.681597113609313965e+00,3.526055216789245605e-01,1.076846957206726074e+00,2.018563747406005859e+00,3.065505027770996094e-01,-1.976984858512878418e+00,6.025041937828063965e-01,1.136920690536499023e+00,-1.207299470901489258e+00,-1.609468907117843628e-01,-3.000805713236331940e-02,-1.794918060302734375e+00,-7.038993239402770996e-01,-1.411161303520202637e+00,-1.139585852622985840e+00,7.431299090385437012e-01,-6.996759176254272461e-01,3.269232213497161865e-01,-1.359291523694992065e-01,-8.381649255752563477e-01,-2.314616292715072632e-01,-6.965603232383728027e-01,6.737731099128723145e-01,4.343368113040924072e-01,1.389047741889953613e+00,8.949404954910278320e-01,2.059154659509658813e-01,-4.427832067012786865e-01,1.110824465751647949e+00,-1.654501795768737793e+00,-2.160973660647869110e-02
-1.747708797454833984e+00,-1.488361209630966187e-01,1.996995210647583008e+00,1.090410470962524414e+00,-6.808006167411804199e-01,2.571441173553466797e+00,-6.646976470947265625e-01,-1.052060842514038086e+00,6.726281642913818359e-01,1.715632319450378418e+00,-1.124438762664794922e+00,-6.239601969718933105e-01,-7.903776317834854126e-02,-4.589666426181793213e-01,7.884846329689025879e-01,7.146368026733398438e-01,-8.755128383636474609e-01,-9.117930531501770020e-01,6.541373729705810547e-01,-1.418382048606872559e+00,1.013675570487976074e+00,7.777477502822875977e-01,2.529359340667724609e+00,3.449502289295196533e-01,-4.890604317188262939e-01,-5.000350475311279297e-01,1.375912189483642578e+00,-1.976295560598373413e-02,2.766253352165222168e-01,6.447722911834716797e-01,-1.622831523418426514e-01,8.892428129911422729e-02,1.507599472999572754e+00,1.760993957519531250e+00,2.605825662612915039e-01,1.195516943931579590e+00,1.925269603729248047e+00,4.341524541378021240e-01,-1.736574649810791016e+00,1.004741430282592773e+00,1.079553127288818359e+00,-1.281617522239685059e+00,-2.826819419860839844e-01,1.224372163414955139e-01,-1.502055764198303223e+00,-1.998656839132308960e-01,-1.095210194587707520e+00,-1.093615770339965820e+00,3.843195736408233643e-01,-5.571750998497009277e-01,1.138194799423217773e+00,2.004125416278839111e-01,-1.178041458129882812e+00,1.816770285367965698e-01,-1.115706443786621094e+00,4.054987430572509766e-01,5.338405966758728027e-01,1.182984471321105957e+00,1.037049651145935059e+00,5.665932595729827881e-02,-3.022508621215820312e-01,1.397368073463439941e+00,-1.909426927566528320e+00,-2.720167636871337891e-01
-1.400624394416809082e+00,-1.433759927749633789e-02,1.451845169067382812e+00,8.929429650306701660e-01,-1.085930168628692627e-01,2.558053493499755859e+00,-7.390990257263183594e-01,-1.225718736648559570e+00,3.996752500534057617e-01,1.712505102157592773e+00,-6.339523196220397949e-01,-7.003418803215026855e-01,-4.297303557395935059e-01,-6.912046074867248535e-01,7.631261348724365234e-01,2.665746808052062988e-01,-3.158046901226043701e-01,-1.016440868377685547e+00,6.545554399490356445e-01,-1.432672381401062012e+00,3.303765058517456055e-01,5.180810093879699707e-01,2.601533174514770508e+00,1.851966083049774170e-01,-3.680136501789093018e-01,-9.812465310096740723e-01,1.296272516250610352e+00,3.637443482875823975e-01,-2.031334638595581055e-01,4.028933942317962646e-01,-3.307223916053771973e-01,-1.721100509166717529e-01,1.768901109695434570e+00,1.506443142890930176e+00,2.363615296781063080e-02,1.196712851524353027e+00,2.022742986679077148e+00,1.071434140205383301e+00,-2.343654870986938477e+00,1.430548310279846191e+00,1.312160372734069824e+00,-1.234563827514648438e+00,4.146471619606018066e-02,-5.772053599357604980e-01,-1.601605772972106934e+00,-3.299682140350341797e-01,-1.260521411895751953e+00,-1.413744926452636719e+00,5.401072502136230469e-01,-3.937617838382720947e-01,1.000434994697570801e+00,4.377984628081321716e-02,-1.482851624488830566e+00,3.664231300354003906e-01,-2.262421995401382446e-01,6.537499427795410156e-01,6.987535953521728516e-01,1.140842556953430176e+00,1.004687547683715820e+00,1.285630762577056885e-01,-1.207568868994712830e-01,1.164423227310180664e+00,-1.765041947364807129e+00,2.379577010869979858e-01
-1.288492083549499512e+00,-6.436388492584228516e-01,1.190192222595214844e+00,9.397804737091064453e-01,-2.246705144643783569e-01,2.672367095947265625e+00,-7.312091588973999023e-01,-8.349246978759765625e-01,5.377980470657348633e-01,2.129859924316406250e+00,-7.475519776344299316e-01,-9.353810548782348633e-01,-3.690654039382934570e-01,-5.827298760414123535e-01,1.061487317085266113e+00,1.015880927443504333e-01,-7.033581137657165527e-01,-5.430688261985778809e-01,6.379027962684631348e-01,-1.611425399780273438e+00,6.349953413009643555e-01,6.288174986839294434e-01,2.549878835678100586e+00,1.658440232276916504e-01,-4.794785752892494202e-02,-3.859398663043975830e-01,1.426395535469055176e+00,5.351998284459114075e-02,2.669568657875061035e-01,7.024409770965576172e-01,-1.489917933940887451e-01,2.037610113620758057e-02,1.032035231590270996e+00,1.962590932846069336e+00,5.104060173034667969e-01,1.270869374275207520e+00,2.191417455673217773e+00,9.074363112449645996e-01,-1.736418485641479492e+00,4.865599572658538818e-01,8.717157840728759766e-01,-1.193902373313903809e+00,-4.587360471487045288e-02,-2.484531402587890625e-01,-1.269180893898010254e+00,-1.100593730807304382e-01,-9.643377065658569336e-01,-1.800095081329345703e+00,8.307413458824157715e-01,-1.057471752166748047e+00,2.162635028362274170e-01,3.037236630916595459e-01,-1.102466940879821777e+00,3.467546105384826660e-01,-7.649926543235778809e-01,7.559929490089416504e-01,3.929953873157501221e-01,1.578169822692871094e+00,1.256427764892578125e+00,3.674735724925994873e-01,-2.433346658945083618e-01,1.155394434928894043e+00,-1.525577425956726074e+00,3.639314472675323486e-01
-1.504197835922241211e+00,-3.332787454128265381e-01,1.685881733894348145e+00,6.678397655487060547e-01,-3.341731429100036621e-01,2.672994136810302734e+00,-9.675755500793457031e-01,-1.378411650657653809e+00,8.155059218406677246e-01,1.875739455223083496e+00,-3.908021152019500732e-01,-7.281296253204345703e-01,-2.757700681686401367e-01,-6.952947378158569336e-01,7.728015780448913574e-01,2.641509473323822021e-01,-4.292482733726501465e-01,-7.842801809310913086e-01,7.103487253189086914e-01,-1.707547068595886230e+00,3.715836107730865479e-01,6.884803771972656250e-01,2.259670495986938477e+00,3.442892730236053467e-01,-5.002224445343017578e-01,-1.177654862403869629e+00,1.513332962989807129e+00,1.115127429366111755e-01,-2.641193754971027374e-02,5.816962122917175293e-01,-9.299366921186447144e-02,1.128704920411109924e-01,1.476196289062500000e+00,1.857539772987365723e+00,1.464150547981262207e-01,1.267484188079833984e+00,2.126805305480957031e+00,9.104837179183959961e-01,-1.842285513877868652e+00,9.017707705497741699e-01,1.414249777793884277e+00,-1.265097379684448242e+00,3.209276497364044189e-01,-3.154476583003997803e-01,-1.499977111816406250e+00,-5.063333511352539062e-01,-1.289782166481018066e+00,-1.351342558860778809e+00,6.539342403411865234e-01,-4.473967552185058594e-01,6.604439020156860352e-01,1.615038067102432251e-01,-1.263483166694641113e+00,2.712891101837158203e-01,-2.150830477476119995e-01,5.266653895378112793e-01,2.198324948549270630e-01,1.327137708663940430e+00,1.450971007347106934e+00,8.286054432392120361e-02,1.810623407363891602e-01,9.513600468635559082e-01,-1.933319687843322754e+00,1.891265958547592163e-01
-1.515871524810791016e+00,-1.284211874008178711e-01,1.651268362998962402e+00,1.034625291824340820e+00,-1.353266835212707520e-02,2.774130821228027344e+00,-8.453130722045898438e-01,-4.332260191440582275e-01,3.939960598945617676e-01,1.818795800209045410e+00,-1.579118072986602783e-01,-5.543925166130065918e-01,-4.979467988014221191e-01,-2.224646806716918945e-01,7.604550719261169434e-01,-5.715856552124023438e-01,-6.164413094520568848e-01,-8.798177242279052734e-01,7.399769425392150879e-01,-1.531296253204345703e+00,6.162440776824951172e-01,4.106691777706146240e-01,2.614676475524902344e+00,7.143607139587402344e-01,-2.341557294130325317e-01,-1.171214222908020020e+00,1.469656467437744141e+00,3.573440313339233398e-01,4.097254946827888489e-02,2.748024165630340576e-01,-1.380120813846588135e-01,9.674444794654846191e-02,1.381012916564941406e+00,1.306318283081054688e+00,1.677437722682952881e-01,1.403360247611999512e+00,2.224157571792602539e+00,7.207141518592834473e-01,-2.112670660018920898e+00,1.242104530334472656e+00,7.714326977729797363e-01,-1.130536794662475586e+00,-2.268381044268608093e-02,1.595977544784545898e-01,-1.142262816429138184e+00,-8.976809382438659668e-01,-1.321419000625610352e+00,-1.289494633674621582e+00,1.102220773696899414e+00,-1.020693659782409668e+00,6.138995289802551270e-01,7.142888754606246948e-02,-1.108984827995300293e+00,1.869877055287361145e-02,-7.267642617225646973e-01,6.837468147277832031e-01,7.828928232192993164e-01,1.593006134033203125e+00,9.051946401596069336e-01,-6.193132996559143066e-01,6.916316598653793335e-02,1.172585368156433105e+00,-2.034639596939086914e+00,-3.342501521110534668e-01
-1.638006210327148438e+00,-3.854504600167274475e-02,1.810099959373474121e+00,9.583824276924133301e-01,-1.217408999800682068e-01,2.783663272857666016e+00,-8.547234535217285156e-01,-1.174651384353637695e+00,4.407697319984436035e-01,1.833901882171630859e+00,-4.012516736984252930e-01,-1.087662816047668457e+00,-1.594028174877166748e-01,-4.378407895565032959e-01,8.566774129867553711e-01,1.980202496051788330e-01,-5.023030042648315430e-01,-6.350306272506713867e-01,5.863358974456787109e-01,-1.639577984809875488e+00,8.052423596382141113e-01,7.258034944534301758e-01,2.178857564926147461e+00,5.256220698356628418e-01,-4.993721246719360352e-01,-5.846733450889587402e-01,1.265769600868225098e+00,1.010865196585655212e-01,1.043422371149063110e-01,7.978394627571105957e-01,-2.813531458377838135e-01,-2.307255193591117859e-02,1.415621399879455566e+00,1.912546396255493164e+00,8.411055803298950195e-02,1.856063008308410645e+00,2.364566802978515625e+00,8.710029125213623047e-01,-1.702731370925903320e+00,9.545006155967712402e-01,1.173948287963867188e+00,-1.135899662971496582e+00,-1.780775189399719238e-01,-3.530618846416473389e-01,-1.472897768020629883e+00,-5.146334171295166016e-01,-9.867127537727355957e-01,-1.370906949043273926e+00,9.447242021560668945e-01,-3.456829786300659180e-01,1.011300444602966309e+00,5.844358801841735840e-01,-1.559010505676269531e+00,3.983668088912963867e-01,-5.089921355247497559e-01,7.750257253646850586e-01,7.837439775466918945e-01,1.439411163330078125e+00,1.385508894920349121e+00,-2.987176179885864258e-01,-6.079535931348800659e-02,8.975301384925842285e-01,-1.671414375305175781e+00,-4.574321582913398743e-02
-1.622164011001586914e+00,-6.576969027519226074e-01,1.733138680458068848e+00,8.482589721679687500e-01,-1.546665579080581665e-01,3.088051080703735352e+00,-3.434394598007202148e-01,-6.518069505691528320e-01,3.316383957862854004e-01,1.618461251258850098e+00,-3.635071516036987305e-01,-1.068156003952026367e+00,-4.405872225761413574e-01,-8.671215772628784180e-01,9.616891741752624512e-01,8.971962332725524902e-02,-2.560060918331146240e-01,-5.254858732223510742e-01,2.775642573833465576e-01,-1.544049859046936035e+00,6.623263359069824219e-01,8.492509126663208008e-01,2.511281728744506836e+00,4.722459316253662109e-01,-7.710214853286743164e-01,-6.076418757438659668e-01,1.225554823875427246e+00,-1.409894227981567383e-01,-8.700343966484069824e-02,2.712341248989105225e-01,6.917740218341350555e-03,3.712984174489974976e-02,1.779006838798522949e+00,1.820676445960998535e+00,3.876218497753143311e-01,1.221503138542175293e+00,2.244174718856811523e+00,4.697935879230499268e-01,-1.515671253204345703e+00,6.892638802528381348e-01,7.324594855308532715e-01,-9.228176474571228027e-01,-4.105660915374755859e-01,-4.266227781772613525e-01,-1.146439552307128906e+00,-3.422856330871582031e-01,-8.587753772735595703e-01,-1.026150226593017578e+00,6.996757388114929199e-01,-2.488849014043807983e-01,7.003533840179443359e-01,1.246350631117820740e-01,-9.737741351127624512e-01,-5.502448678016662598e-01,-6.754215955734252930e-01,5.287949442863464355e-01,6.477477550506591797e-01,1.109241366386413574e+00,1.665474534034729004e+00,-1.635033190250396729e-01,-3.806772828102111816e-01,8.946654796600341797e-01,-1.749508500099182129e+00,-3.220115602016448975e-01
-1.400456309318542480e+00,-1.842751950025558472e-01,1.644232869148254395e+00,1.055540561676025391e+00,-2.568672895431518555e-01,2.689501762390136719e+00,-9.291736483573913574e-01,-1.003604292869567871e+00,1.749107986688613892e-01,1.752034783363342285e+00,-8.048101067543029785e-01,-4.073193967342376709e-01,2.069461345672607422e-01,-3.573449254035949707e-01,6.109293103218078613e-01,2.773194909095764160e-01,-5.187416076660156250e-01,-7.998659610748291016e-01,8.096044659614562988e-01,-1.143427133560180664e+00,6.463098526000976562e-01,6.150267720222473145e-01,2.556390285491943359e+00,3.229629397392272949e-01,-3.064412474632263184e-01,-9.530522823333740234e-01,1.422648072242736816e+00,3.241885900497436523e-01,2.020513713359832764e-01,7.567727565765380859e-01,-1.553179929032921791e-03,-2.087844535708427429e-02,1.547311186790466309e+00,1.762909173965454102e+00,2.609397768974304199e-01,1.411929607391357422e+00,1.834209322929382324e+00,9.483494162559509277e-01,-1.680497765541076660e+00,1.224596619606018066e+00,1.071259260177612305e+00,-1.628715991973876953e+00,4.371283948421478271e-02,-5.020370483398437500e-01,-1.580282211303710938e+00,-3.328043222427368164e-01,-1.066999673843383789e+00,-1.244429707527160645e+00,5.195175409317016602e-01,-1.805838495492935181e-01,1.271033883094787598e+00,1.333861798048019409e-01,-1.660547018051147461e+00,3.875396847724914551e-01,-1.241368427872657776e-01,9.596270322799682617e-01,8.430598378181457520e-01,1.184872388839721680e+00,9.368600845336914062e-01,2.243628203868865967e-01,-1.979862749576568604e-01,9.773874282836914062e-01,-1.643401026725769043e+00,-3.436689376831054688e-01
-1.621105313301086426e+00,-3.707337975502014160e-01,1.384446859359741211e+00,1.151409983634948730e+00,-1.298650056123733521e-01,2.685619592666625977e+00,-1.005470275878906250e+00,-1.119403839111328125e+00,6.634734570980072021e-02,2.339936971664428711e+00,-9.398345351219177246e-01,-8.641479611396789551e-01,-2.141854763031005859e-01,-2.023504078388214111e-01,9.406619071960449219e-01,3.959419205784797668e-02,-6.780744791030883789e-01,-6.951829791069030762e-01,6.595050096511840820e-01,-1.747830986976623535e+00,1.057204604148864746e+00,6.162241101264953613e-01,2.595799207687377930e+00,-3.912238404154777527e-02,-2.654431462287902832e-01,-9.154240489006042480e-01,1.325908303260803223e+00,4.284672737121582031e-01,8.580049872398376465e-02,7.388445734977722168e-01,-2.873757481575012207e-01,3.724079132080078125e-01,1.650576114654541016e+00,1.734628677368164062e+00,3.847003579139709473e-01,1.255246043205261230e+00,2.042710304260253906e+00,1.662036329507827759e-01,-1.646088123321533203e+00,1.691095232963562012e+00,7.977350354194641113e-01,-1.287877321243286133e+00,-6.485834717750549316e-02,-6.578236222267150879e-01,-1.427090525627136230e+00,-7.080224752426147461e-01,-1.001830935478210449e+00,-1.325537919998168945e+00,7.831422090530395508e-01,-2.921768426895141602e-01,8.976022005081176758e-01,2.955088913440704346e-01,-1.111001133918762207e+00,1.871030926704406738e-01,-5.508608818054199219e-01,6.087713241577148438e-01,4.999743700027465820e-01,1.847993850708007812e+00,8.803210258483886719e-01,3.845283091068267822e-01,-3.383300499990582466e-03,1.167860865592956543e+00,-1.798367738723754883e+00,-6.314277052879333496e-01
-1.180494904518127441e+00,2.892869710922241211e-02,1.299254179000854492e+00,1.216383814811706543e+00,-1.333969980478286743e-01,2.580714464187622070e+00,-2.990690469741821289e-01,-1.225947737693786621e+00,1.854169964790344238e-01,1.350707173347473145e+00,-5.399819016456604004e-01,-5.052470564842224121e-01,3.065068721771240234e-01,-8.383883833885192871e-01,6.257985234260559082e-01,-1.932026892900466919e-01,-4.058612585067749023e-01,-9.226641058921813965e-01,7.784532308578491211e-01,-1.219488859176635742e+00,2.695685327053070068e-01,6.416261792182922363e-01,2.163923025131225586e+00,1.171019911766052246e+00,-3.549847900867462158e-01,-8.066320419311523438e-01,1.573631644248962402e+00,1.772284954786300659e-01,4.455774277448654175e-02,2.077199667692184448e-01,-2.624738216400146484e-01,-4.272067546844482422e-01,2.036052465438842773e+00,9.239615201950073242e-01,6.912986934185028076e-02,1.191615462303161621e+00,1.449643135070800781e+00,8.620302081108093262e-01,-1.866307258605957031e+00,1.158910393714904785e+00,1.280431270599365234e+00,-1.018097162246704102e+00,3.607688248157501221e-01,-3.239365518093109131e-01,-1.470364093780517578e+00,-4.996386468410491943e-01,-1.161684036254882812e+00,-1.899200320243835449e+00,3.147985935211181641e-01,-4.547184407711029053e-01,8.127143979072570801e-01,4.365958571434020996e-01,-1.547460556030273438e+00,-1.585874855518341064e-01,1.025887727737426758e-01,6.550050973892211914e-01,6.659185886383056641e-01,6.566030979156494141e-01,1.503775596618652344e+00,1.226424500346183777e-01,2.822350561618804932e-01,1.182526946067810059e+00,-1.709789156913757324e+00,-9.145458042621612549e-02
-1.948408484458923340e+00,-6.176989078521728516e-01,1.324632287025451660e+00,1.134644985198974609e+00,1.152733787894248962e-01,2.441020488739013672e+00,-9.332554340362548828e-01,-1.330046296119689941e+00,4.068379700183868408e-01,2.064972639083862305e+00,-4.581700265407562256e-01,-4.181008040904998779e-01,7.815705984830856323e-02,-4.641559123992919922e-01,7.820941209793090820e-01,-1.387365907430648804e-02,-4.445949196815490723e-01,-4.198528826236724854e-01,5.488402843475341797e-01,-1.209313988685607910e+00,4.351983368396759033e-01,3.913203775882720947e-01,2.608229637145996094e+00,3.446159362792968750e-01,-2.126196920871734619e-01,-4.392772316932678223e-01,1.564014196395874023e+00,1.467354893684387207e-01,-4.377718269824981689e-01,3.172324895858764648e-01,-5.750260353088378906e-01,-1.097070798277854919e-01,1.415395736694335938e+00,1.313759684562683105e+00,3.282846137881278992e-02,1.679993271827697754e+00,2.151818513870239258e+00,5.991483926773071289e-01,-1.695599079132080078e+00,1.208358764648437500e+00,8.765630722045898438e-01,-1.685966372489929199e+00,-1.419367939233779907e-01,-5.034431219100952148e-01,-1.097885727882385254e+00,4.661953076720237732e-02,-7.313949465751647949e-01,-1.283007860183715820e+00,1.093610882759094238e+00,-3.327022492885589600e-01,8.300023078918457031e-01,5.146891251206398010e-02,-1.877584338188171387e+00,-5.729490518569946289e-01,-4.943233430385589600e-01,4.391741752624511719e-01,7.153053879737854004e-01,1.502140879631042480e+00,1.443552136421203613e+00,4.988573491573333740e-03,-2.101855427026748657e-01,1.072895884513854980e+00,-1.088305473327636719e+00,-9.709856659173965454e-02
-1.724469780921936035e+00,-2.482825517654418945e-01,1.805050849914550781e+00,7.091014981269836426e-01,-7.067020633257925510e-04,2.734754085540771484e+00,-6.013663411140441895e-01,-1.228927135467529297e+00,7.585793733596801758e-01,1.768763542175292969e+00,-4.554343521595001221e-01,-5.721129179000854492e-01,-3.471864461898803711e-01,-3.044448196887969971e-01,9.909613728523254395e-01,1.035603433847427368e-01,-3.639942109584808350e-01,-7.786514759063720703e-01,2.960253059864044189e-01,-1.178782343864440918e+00,8.587758541107177734e-01,1.081723332405090332e+00,2.563101530075073242e+00,1.908384263515472412e-01,-3.905095756053924561e-01,-9.617120623588562012e-01,1.192368388175964355e+00,7.307348400354385376e-02,7.449986040592193604e-02,6.442598104476928711e-01,-4.763740897178649902e-01,-2.186242491006851196e-01,1.528138399124145508e+00,1.864029407501220703e+00,-6.820001453161239624e-02,1.373380064964294434e+00,2.194988489151000977e+00,3.820954263210296631e-01,-1.783730030059814453e+00,8.393647670745849609e-01,1.308801531791687012e+00,-1.099166274070739746e+00,-3.438504636287689209e-01,-2.884686589241027832e-01,-1.303948283195495605e+00,-4.249947667121887207e-01,-9.176865220069885254e-01,-1.151169061660766602e+00,8.122452497482299805e-01,-5.499389767646789551e-01,9.451826810836791992e-01,1.696393638849258423e-01,-1.383443593978881836e+00,-1.741558611392974854e-01,-5.929105877876281738e-01,6.541324257850646973e-01,4.765555560588836670e-01,1.357549548149108887e+00,1.276305198669433594e+00,-1.158738955855369568e-01,-4.588350951671600342e-01,9.653741717338562012e-01,-1.715311884880065918e+00,2.495017200708389282e-01
-1.478298544883728027e+00,8.705513924360275269e-02,2.076579570770263672e+00,1.118553519248962402e+00,-5.095544457435607910e-01,2.630874872207641602e+00,-7.632504105567932129e-01,-8.309125900268554688e-01,3.921466469764709473e-01,2.109529018402099609e+00,-8.717358708381652832e-01,-1.653771549463272095e-01,9.239886421710252762e-04,-4.154117405414581299e-01,1.043115019798278809e+00,-1.888821423053741455e-01,-5.995718240737915039e-01,-4.667888283729553223e-01,9.385417699813842773e-01,-1.315431714057922363e+00,1.057492017745971680e+00,7.170132994651794434e-01,2.611431360244750977e+00,9.354223310947418213e-02,-4.778323173522949219e-01,-5.856071710586547852e-01,1.402874112129211426e+00,4.921326413750648499e-03,-8.559180796146392822e-02,7.577694654464721680e-01,-3.139412105083465576e-01,3.385417163372039795e-01,1.624076485633850098e+00,1.621272563934326172e+00,1.360989958047866821e-01,1.655205249786376953e+00,1.980645179748535156e+00,1.112609386444091797e+00,-2.086253643035888672e+00,1.131859183311462402e+00,7.044782638549804688e-01,-1.092551350593566895e+00,-4.803999140858650208e-02,1.184394434094429016e-01,-1.294868350028991699e+00,-5.099096894264221191e-02,-9.769887924194335938e-01,-1.135082483291625977e+00,1.112268328666687012e+00,-7.630249857902526855e-01,1.198131203651428223e+00,3.527643382549285889e-01,-1.304089426994323730e+00,-1.109734997153282166e-01,-3.574412763118743896e-01,6.112615466117858887e-01,2.803140282630920410e-01,1.188686013221740723e+00,7.868137359619140625e-01,-7.561719417572021484e-02,-1.530014872550964355e-01,1.435059428215026855e+00,-1.778953313827514648e+00,-2.901479601860046387e-01
-1.503122448921203613e+00,-4.231935739517211914e-01,1.791451454162597656e+00,1.316286921501159668e+00,-3.428853154182434082e-01,2.451950073242187500e+00,-1.052022576332092285e+00,-9.184358119964599609e-01,6.786087751388549805e-01,1.378339886665344238e+00,-7.584774494171142578e-01,-1.019498467445373535e+00,1.637651920318603516e-01,-5.622625350952148438e-01,7.849015295505523682e-03,-1.462513674050569534e-02,-3.860178589820861816e-01,-8.926529884338378906e-01,1.366376042366027832e+00,-1.303267717361450195e+00,5.105212330818176270e-01,8.609728515148162842e-02,2.325241565704345703e+00,1.891360282897949219e-01,6.808171421289443970e-02,-1.283403515815734863e+00,1.922435522079467773e+00,2.355123460292816162e-01,2.434089407324790955e-02,6.337778568267822266e-01,1.175081282854080200e-01,1.773457676172256470e-01,1.532865762710571289e+00,1.506995558738708496e+00,2.727709412574768066e-01,1.108783483505249023e+00,2.053056240081787109e+00,8.758350610733032227e-01,-1.708095431327819824e+00,1.067504882812500000e+00,1.157650351524353027e+00,-6.825500130653381348e-01,6.127710342407226562e-01,-3.957814872264862061e-01,-1.532490968704223633e+00,-2.041081190109252930e-01,-1.333922386169433594e+00,-1.242966055870056152e+00,6.525553464889526367e-01,-9.265936613082885742e-01,8.855416774749755859e-01,1.224852651357650757e-01,-1.233814358711242676e+00,3.679937124252319336e-01,-3.479630351066589355e-01,1.138939023017883301e+00,7.540438175201416016e-01,1.465685725212097168e+00,1.051412582397460938e+00,-1.247421279549598694e-01,-3.290313482284545898e-01,9.178754091262817383e-01,-2.199722290039062500e+00,-4.032797515392303467e-01
-1.177056074142456055e+00,-5.958997607231140137e-01,1.338137030601501465e+00,1.189482569694519043e+00,-1.209219843149185181e-01,3.019370794296264648e+00,-5.164048671722412109e-01,-1.097014188766479492e+00,3.575633466243743896e-01,1.674021720886230469e+00,-7.807901501655578613e-01,-9.772679805755615234e-01,7.834715768694877625e-03,-5.441414713859558105e-01,8.681839704513549805e-01,-1.796129345893859863e-01,-6.375299692153930664e-01,-8.254656791687011719e-01,8.746354579925537109e-01,-1.129289150238037109e+00,1.149360537528991699e+00,1.007702469825744629e+00,2.455193758010864258e+00,3.491244092583656311e-02,-1.977309882640838623e-01,-2.516459822654724121e-01,1.233037233352661133e+00,-1.187270972877740860e-02,2.674661874771118164e-01,2.909141182899475098e-01,1.048072278499603271e-01,8.067614398896694183e-03,1.671947956085205078e+00,1.707456111907958984e+00,4.552677869796752930e-01,1.422580242156982422e+00,1.832077860832214355e+00,4.490575492382049561e-01,-1.582110404968261719e+00,7.236768603324890137e-01,6.925036311149597168e-01,-1.190211415290832520e+00,-5.624836310744285583e-02,9.215530008077621460e-02,-1.137424945831298828e+00,9.159265458583831787e-02,-9.737579822540283203e-01,-1.312799215316772461e+00,9.655030965805053711e-01,-9.809653162956237793e-01,8.572403788566589355e-01,1.260654330253601074e-01,-9.811883568763732910e-01,3.862780034542083740e-01,-5.343623161315917969e-01,5.977895259857177734e-01,3.239412307739257812e-01,1.385573744773864746e+00,8.912711143493652344e-01,-2.669319324195384979e-02,-3.147739171981811523e-01,8.195176720619201660e-01,-1.867303371429443359e+00,-6.773620843887329102e-02
-1.155641198158264160e+00,-1.929444670677185059e-01,1.514386892318725586e+00,9.453908205032348633e-01,-6.104481220245361328e-02,2.686694145202636719e+00,-8.777178525924682617e-01,-1.195623993873596191e+00,1.287969946861267090e-01,1.995499849319458008e+00,-6.424272060394287109e-01,-7.521998286247253418e-01,9.947714209556579590e-02,-5.327336192131042480e-01,8.427110910415649414e-01,-1.293762922286987305e-01,-3.515521585941314697e-01,-5.863615274429321289e-01,1.106837272644042969e+00,-1.230967283248901367e+00,3.798730671405792236e-01,2.973625659942626953e-01,2.040472984313964844e+00,4.266485571861267090e-01,6.431743502616882324e-02,-6.910067796707153320e-01,1.518607854843139648e+00,2.400436997413635254e-01,-1.573703438043594360e-01,7.008687853813171387e-01,-2.924464344978332520e-01,-6.359088420867919922e-02,1.401954889297485352e+00,1.475309371948242188e+00,4.617077410221099854e-01,1.399516224861145020e+00,1.806905984878540039e+00,7.337632179260253906e-01,-1.676272511482238770e+00,1.198204755783081055e+00,9.111460447311401367e-01,-1.230515360832214355e+00,2.944648563861846924e-01,-1.325111687183380127e-01,-1.434826612472534180e+00,-3.575594425201416016e-01,-8.279206752777099609e-01,-1.392060399055480957e+00,7.146090269088745117e-01,-4.429548382759094238e-01,9.715888500213623047e-01,2.972370684146881104e-01,-1.229192495346069336e+00,-2.033888697624206543e-01,-1.238622441887855530e-01,1.021833419799804688e+00,5.461889505386352539e-01,1.123003125190734863e+00,9.390924572944641113e-01,-5.348986387252807617e-01,-2.011030763387680054e-01,1.130441784858703613e+00,-1.913059592247009277e+00,2.853355370461940765e-03
-1.139980196952819824e+00,-3.864541053771972656e-01,1.354688048362731934e+00,1.233510255813598633e+00,-1.397410333156585693e-01,2.646679401397705078e+00,-7.828707695007324219e-01,-1.737155318260192871e+00,5.624151825904846191e-01,1.467903614044189453e+00,-9.645302891731262207e-01,-8.198398947715759277e-01,-5.886896848678588867e-01,-3.549749851226806641e-01,5.951898097991943359e-01,1.921914070844650269e-01,-4.302527308464050293e-01,-1.008507132530212402e+00,7.321363091468811035e-01,-1.776112198829650879e+00,6.552972793579101562e-01,5.318396687507629395e-01,2.279268741607666016e+00,5.284838080406188965e-01,3.441140949726104736e-01,-1.282884240150451660e+00,1.453418016433715820e+00,4.017110168933868408e-01,5.467138886451721191e-01,6.950137019157409668e-01,-4.954346120357513428e-01,1.484197825193405151e-01,1.616693973541259766e+00,1.256770730018615723e+00,5.184476971626281738e-01,1.004394292831420898e+00,1.887438297271728516e+00,9.382726997137069702e-02,-1.451711297035217285e+00,7.832608222961425781e-01,1.159892201423645020e+00,-1.321591973304748535e+00,-1.091726869344711304e-01,5.596197023987770081e-02,-1.764592647552490234e+00,-7.319055199623107910e-01,-1.141746282577514648e+00,-1.569811105728149414e+00,3.615006208419799805e-01,-4.930856227874755859e-01,5.315040946006774902e-01,6.079971790313720703e-02,-8.403126597404479980e-01,4.591132700443267822e-02,-6.213874220848083496e-01,3.407283127307891846e-01,6.141468882560729980e-01,1.370714187622070312e+00,5.792101025581359863e-01,1.496820594184100628e-03,-1.612910479307174683e-01,1.046650171279907227e+00,-1.853679418563842773e+00,-4.649914056062698364e-02
-1.374204993247985840e+00,1.839142292737960815e-01,1.517388105392456055e+00,1.200968861579895020e+00,-4.595305621623992920e-01,2.524091243743896484e+00,-3.944363594055175781e-01,-1.254305839538574219e+00,2.528789937496185303e-01,1.621899366378784180e+00,-1.143104672431945801e+00,-6.100668311119079590e-01,-3.130371570587158203e-01,-1.581932753324508667e-01,1.095184922218322754e+00,-8.393772691488265991e-02,-6.903231739997863770e-01,-3.466049432754516602e-01,6.201130747795104980e-01,-1.791933894157409668e+00,6.700632572174072266e-01,9.347236752510070801e-01,1.938746452331542969e+00,2.438172511756420135e-02,-2.527519166469573975e-01,-3.137831389904022217e-01,1.661441087722778320e+00,2.572308480739593506e-01,4.974050819873809814e-01,8.451210856437683105e-01,-1.492969393730163574e-01,8.701492100954055786e-02,1.606099605560302734e+00,1.465500354766845703e+00,-1.709791123867034912e-01,1.133016824722290039e+00,1.634443640708923340e+00,7.548791766166687012e-01,-1.665822863578796387e+00,1.012449383735656738e+00,1.429376721382141113e+00,-1.156550526618957520e+00,1.869673132896423340e-01,-3.034941554069519043e-01,-1.495473623275756836e+00,-5.664269328117370605e-01,-1.170426130294799805e+00,-1.307108163833618164e+00,4.221193492412567139e-01,-5.706819295883178711e-01,7.807779312133789062e-01,1.946131885051727295e-01,-4.053432047367095947e-01,9.905405342578887939e-02,-2.512950599193572998e-01,1.037688970565795898e+00,8.115581423044204712e-02,1.401267290115356445e+00,8.852962255477905273e-01,2.282658591866493225e-02,2.171558439731597900e-01,1.118065237998962402e+00,-1.859675645828247070e+00,1.953717134892940521e-02
-1.272608041763305664e+00,-5.486215949058532715e-01,1.915996551513671875e+00,6.561265587806701660e-01,-3.210312724113464355e-01,2.356112241744995117e+00,-8.847851157188415527e-01,-9.943626523017883301e-01,4.379149526357650757e-02,1.802366375923156738e+00,-4.209944307804107666e-01,-7.722284793853759766e-01,-1.066685765981674194e-01,-4.273915290832519531e-01,6.307919025421142578e-01,1.150683760643005371e-01,-3.689086437225341797e-01,-4.489175379276275635e-01,8.574297428131103516e-01,-1.457062721252441406e+00,5.933058261871337891e-01,6.073770523071289062e-01,2.554609775543212891e+00,3.198463097214698792e-02,-1.451187133789062500e-01,-7.018746137619018555e-01,1.114109754562377930e+00,3.079183995723724365e-01,4.770711436867713928e-02,4.422837793827056885e-01,-2.763053178787231445e-01,-4.478348791599273682e-02,1.619493722915649414e+00,1.882646799087524414e+00,6.464433670043945312e-01,1.400197625160217285e+00,2.451982736587524414e+00,8.389402031898498535e-01,-1.587113022804260254e+00,1.114443302154541016e+00,1.000861167907714844e+00,-9.705966711044311523e-01,1.367375850677490234e-01,-2.306218147277832031e-01,-1.237841248512268066e+00,-1.957672089338302612e-01,-5.808268189430236816e-01,-1.473806262016296387e+00,6.398505568504333496e-01,-4.919297099113464355e-01,6.016252636909484863e-01,4.809669256210327148e-01,-1.506742238998413086e+00,-3.809814155101776123e-01,-5.337536334991455078e-01,5.187236070632934570e-01,8.800088763236999512e-01,1.278424263000488281e+00,1.857987403869628906e+00,-5.836506932973861694e-02,-1.331880241632461548e-01,1.192518472671508789e+00,-1.817016720771789551e+00,3.760772198438644409e-02
-1.177052140235900879e+00,-4.321223795413970947e-01,1.554252147674560547e+00,8.823726773262023926e-01,-4.509241878986358643e-01,2.677982568740844727e+00,-6.631959080696105957e-01,-1.039087533950805664e+00,5.486568212509155273e-01,1.749928593635559082e+00,-8.678411841392517090e-01,-8.158066272735595703e-01,-1.071030423045158386e-01,-2.514998614788055420e-01,5.679106712341308594e-01,-2.736322581768035889e-02,-8.554937243461608887e-01,-3.617815077304840088e-01,6.663746833801269531e-01,-1.133937001228332520e+00,1.105154871940612793e+00,5.703336596488952637e-01,2.895549535751342773e+00,2.426644265651702881e-01,1.165919676423072815e-01,-4.971992969512939453e-01,1.276602268218994141e+00,5.840607285499572754e-01,-5.564550310373306274e-02,7.547667026519775391e-01,-5.605504512786865234e-01,-1.330896615982055664e-01,1.252527713775634766e+00,1.872199296951293945e+00,3.828999102115631104e-01,1.012553572654724121e+00,2.393019437789916992e+00,7.554389834403991699e-01,-1.522094845771789551e+00,1.059838652610778809e+00,8.820588588714599609e-01,-9.701813459396362305e-01,4.276542067527770996e-01,-4.321780800819396973e-02,-1.618527889251708984e+00,-1.265137493610382080e-01,-1.114771842956542969e+00,-1.417822957038879395e+00,8.441283702850341797e-01,-9.840568900108337402e-01,6.917734742164611816e-01,4.594987332820892334e-01,-1.554226398468017578e+00,1.942583024501800537e-01,-9.092451333999633789e-01,5.527308583259582520e-01,8.406345248222351074e-01,1.422077298164367676e+00,1.471100211143493652e+00,4.261499047279357910e-01,-2.497184425592422485e-01,1.175521016120910645e+00,-1.342431783676147461e+00,1.562630981206893921e-01
-1.421962857246398926e+00,-1.929427832365036011e-01,1.609397768974304199e+00,7.276573777198791504e-01,-1.727361977100372314e-01,2.979440212249755859e+00,-8.558986186981201172e-01,-1.832287073135375977e+00,4.967203438282012939e-01,1.151336550712585449e+00,-5.018386840820312500e-01,-7.340323925018310547e-01,-5.477534532546997070e-01,-5.578749775886535645e-01,6.019791364669799805e-01,6.981717422604560852e-03,-6.151524186134338379e-01,-9.512498378753662109e-01,1.059991598129272461e+00,-1.662530422210693359e+00,3.458513021469116211e-01,6.343145370483398438e-01,2.570944070816040039e+00,-2.783903181552886963e-01,6.761469841003417969e-01,-1.110926270484924316e+00,1.250701427459716797e+00,2.669790685176849365e-01,2.469995431602001190e-02,6.318438649177551270e-01,-3.824786841869354248e-01,-2.231915444135665894e-01,1.572315216064453125e+00,2.040807008743286133e+00,3.352639675140380859e-01,1.691708207130432129e+00,2.493383884429931641e+00,6.558732986450195312e-01,-1.718439459800720215e+00,6.442456245422363281e-01,1.495946288108825684e+00,-1.112471103668212891e+00,2.715978622436523438e-01,2.365425787866115570e-02,-1.514140129089355469e+00,1.208417415618896484e-01,-1.381707072257995605e+00,-1.243042945861816406e+00,8.439485430717468262e-01,-3.615655601024627686e-01,6.939638257026672363e-01,-2.265187054872512817e-01,-1.127210140228271484e+00,-1.362924128770828247e-01,-3.319363892078399658e-01,4.041740000247955322e-01,5.335059165954589844e-01,1.485232710838317871e+00,1.703389644622802734e+00,-1.671610027551651001e-01,-1.716709583997726440e-01,7.212584614753723145e-01,-1.773352980613708496e+00,2.152061909437179565e-01
-1.444080591201782227e+00,-5.017905235290527344e-01,1.695170640945434570e+00,1.198025226593017578e+00,-3.353796303272247314e-01,2.500339031219482422e+00,-8.500216603279113770e-01,-1.051228284835815430e+00,5.149817466735839844e-01,1.607894062995910645e+00,-1.082776784896850586e+00,-7.694924473762512207e-01,-1.387153118848800659e-01,-7.084242701530456543e-01,9.386640787124633789e-01,2.119204550981521606e-01,-6.856068968772888184e-01,-7.909272909164428711e-01,7.689819931983947754e-01,-1.258649230003356934e+00,6.874874830245971680e-01,6.285368800163269043e-01,2.743853330612182617e+00,1.570781171321868896e-01,-1.405274271965026855e-01,-7.188250422477722168e-01,1.405872821807861328e+00,2.453809529542922974e-01,-1.008267998695373535e-01,4.835819303989410400e-01,-2.525373101234436035e-01,4.641130864620208740e-01,1.873581051826477051e+00,1.630412578582763672e+00,5.002897977828979492e-01,1.098091959953308105e+00,2.235907793045043945e+00,7.860200405120849609e-01,-2.075085163116455078e+00,9.897398948669433594e-01,1.108277559280395508e+00,-1.036468744277954102e+00,3.186162114143371582e-01,-2.545389533042907715e-01,-1.899202346801757812e+00,-2.232275754213333130e-01,-1.315344810485839844e+00,-1.384158730506896973e+00,9.922890067100524902e-01,-6.367715597152709961e-01,9.133645296096801758e-01,2.405221462249755859e-01,-1.151544690132141113e+00,3.886518478393554688e-01,-7.344750761985778809e-01,3.984956741333007812e-01,5.041642785072326660e-01,1.568297028541564941e+00,1.340887308120727539e+00,6.088816523551940918e-01,-8.589642494916915894e-02,9.824861884117126465e-01,-1.511525869369506836e+00,-3.030482679605484009e-02
-1.333176732063293457e+00,6.112124398350715637e-02,1.888867974281311035e+00,1.158574342727661133e+00,-3.293831050395965576e-01,2.638098716735839844e+00,-5.846892595291137695e-01,-1.117821931838989258e+00,-1.666025519371032715e-01,1.396802067756652832e+00,-4.805491566658020020e-01,-7.137984633445739746e-01,-2.993793487548828125e-01,-2.960565090179443359e-01,8.633684515953063965e-01,-9.004590660333633423e-02,-8.114551305770874023e-01,-8.249247074127197266e-01,5.119288563728332520e-01,-1.528175950050354004e+00,7.784140706062316895e-01,8.404638767242431641e-01,2.285838365554809570e+00,3.169682323932647705e-01,-1.191931664943695068e-01,-5.257522463798522949e-01,9.735290408134460449e-01,3.642065227031707764e-01,6.632105112075805664e-01,1.041022300720214844e+00,-2.936654388904571533e-01,-2.425980418920516968e-01,1.526412725448608398e+00,1.324132084846496582e+00,-1.518495529890060425e-01,9.546921253204345703e-01,2.009380578994750977e+00,4.771701395511627197e-01,-2.067704677581787109e+00,1.157081365585327148e+00,1.247529029846191406e+00,-1.060607910156250000e+00,9.102124720811843872e-02,2.962763607501983643e-01,-1.415323734283447266e+00,-8.693817257881164551e-01,-1.665871977806091309e+00,-1.655746221542358398e+00,3.987354040145874023e-01,-8.776242136955261230e-01,8.645179867744445801e-01,1.378581766039133072e-02,-1.050314307212829590e+00,2.359248399734497070e-01,-4.498774707317352295e-01,7.918754816055297852e-01,5.538840889930725098e-01,1.495918869972229004e+00,1.346461772918701172e+00,-2.110298126935958862e-01,-1.708614639937877655e-02,8.727733492851257324e-01,-1.840750455856323242e+00,6.273887157440185547e-01
-8.864541649818420410e-01,-3.486606776714324951e-01,1.568559288978576660e+00,5.956127643585205078e-01,-9.929360449314117432e-02,2.525625944137573242e+00,-6.005306839942932129e-01,-1.615020751953125000e+00,2.975506484508514404e-01,1.260358333587646484e+00,-5.122003555297851562e-01,-5.109453201293945312e-01,-5.243461728096008301e-01,-6.046496629714965820e-01,5.908480882644653320e-01,2.373107373714447021e-01,-8.689807057380676270e-01,-1.240603923797607422e+00,3.647435605525970459e-01,-1.528398990631103516e+00,7.093586921691894531e-01,5.921468138694763184e-01,2.140682220458984375e+00,7.301036715507507324e-01,-1.843707263469696045e-01,-7.437148094177246094e-01,1.173576116561889648e+00,3.415932655334472656e-01,3.587233722209930420e-01,3.554871082305908203e-01,-3.665909543633460999e-02,6.534321308135986328e-01,1.835056543350219727e+00,1.578660607337951660e+00,4.856765270233154297e-01,1.156159400939941406e+00,1.736079931259155273e+00,4.552848041057586670e-01,-1.930848121643066406e+00,9.903109669685363770e-01,1.484131932258605957e+00,-9.973521232604980469e-01,4.747478365898132324e-01,-2.166027575731277466e-01,-1.858117222785949707e+00,-5.609521269798278809e-01,-1.071990966796875000e+00,-1.245856285095214844e+00,6.005986928939819336e-01,-5.594592690467834473e-01,6.501013636589050293e-01,2.249139845371246338e-01,-8.348594307899475098e-01,-2.619087696075439453e-01,-3.023772537708282471e-01,8.132042884826660156e-01,2.966949343681335449e-01,1.526754379272460938e+00,1.259641885757446289e+00,2.637625336647033691e-01,-2.531374394893646240e-01,9.125598669052124023e-01,-1.807619810104370117e+00,3.300415351986885071e-02
-1.608362317085266113e+00,-3.726272284984588623e-01,2.267230987548828125e+00,8.558350205421447754e-01,3.397082388401031494e-01,2.471163749694824219e+00,-6.308604478836059570e-01,-1.254217863082885742e+00,4.198537170886993408e-01,1.506693005561828613e+00,-6.015574336051940918e-01,-1.038234591484069824e+00,-3.353238105773925781e-01,-5.631582140922546387e-01,1.118552565574645996e+00,5.221996307373046875e-01,-4.631178081035614014e-01,-5.904992818832397461e-01,3.907394111156463623e-01,-1.824976444244384766e+00,9.766762256622314453e-01,6.020081639289855957e-01,2.595320224761962891e+00,5.714382231235504150e-02,1.447398215532302856e-01,-8.951523303985595703e-01,1.267725229263305664e+00,1.559287961572408676e-02,4.204414486885070801e-01,7.977513074874877930e-01,-6.310890316963195801e-01,-2.088246047496795654e-01,1.840686798095703125e+00,1.488409519195556641e+00,9.751881659030914307e-02,1.147414088249206543e+00,1.787009477615356445e+00,1.207711994647979736e-01,-1.681644797325134277e+00,1.027824044227600098e+00,1.215994715690612793e+00,-9.198173284530639648e-01,2.365743182599544525e-02,-1.387758255004882812e-01,-1.438876867294311523e+00,2.987506426870822906e-02,-1.153995871543884277e+00,-1.474871158599853516e+00,5.678530335426330566e-01,-3.304270505905151367e-01,9.096019864082336426e-01,1.334981620311737061e-01,-9.718386530876159668e-01,-2.073633968830108643e-01,-1.106309052556753159e-02,2.139477133750915527e-01,6.504515409469604492e-01,1.137570261955261230e+00,1.062277436256408691e+00,1.764412820339202881e-01,-1.050635054707527161e-01,6.367054581642150879e-01,-1.940455436706542969e+00,-4.235048219561576843e-02
-9.735836386680603027e-01,-3.380796909332275391e-01,1.041896939277648926e+00,1.081395626068115234e+00,-3.412922322750091553e-01,2.290994882583618164e+00,-1.030848860740661621e+00,-1.436480879783630371e+00,-3.618274815380573273e-03,1.903213262557983398e+00,-7.521214485168457031e-01,-8.414561748504638672e-01,-3.486995697021484375e-01,-5.473011136054992676e-01,5.802232623100280762e-01,4.198690056800842285e-01,-5.116451382637023926e-01,-6.175409555435180664e-01,1.110885024070739746e+00,-1.659459948539733887e+00,1.560847759246826172e-01,3.856434822082519531e-01,2.923423051834106445e+00,3.148722350597381592e-01,4.993168264627456665e-02,-7.639989256858825684e-01,1.641064643859863281e+00,2.965219318866729736e-01,1.661643153056502342e-03,5.425258278846740723e-01,-7.445605397224426270e-01,4.045058190822601318e-01,1.274636983871459961e+00,1.624761581420898438e+00,4.726268649101257324e-01,7.926421761512756348e-01,2.112094879150390625e+00,8.516278862953186035e-01,-1.795676469802856445e+00,1.061776161193847656e+00,7.790182232856750488e-01,-1.103796601295471191e+00,2.337212115526199341e-01,-4.230430126190185547e-01,-1.904714465141296387e+00,-6.712051630020141602e-01,-1.313428163528442383e+00,-1.645418524742126465e+00,5.993015170097351074e-01,-6.542456150054931641e-01,8.181560039520263672e-01,6.342977285385131836e-01,-9.801870584487915039e-01,1.356923300772905350e-02,-3.008266985416412354e-01,7.660127282142639160e-01,5.571669340133666992e-01,1.560059666633605957e+00,1.070445775985717773e+00,3.350030183792114258e-01,1.457253377884626389e-02,1.335198163986206055e+00,-1.635876536369323730e+00,1.194432079792022705e-01
-1.521755456924438477e+00,-3.870724439620971680e-01,1.892470717430114746e+00,1.212477803230285645e+00,-4.203782677650451660e-01,2.704210519790649414e+00,-7.810144424438476562e-01,-1.225138664245605469e+00,3.189051151275634766e-01,1.981990814208984375e+00,-5.558149218559265137e-01,-5.943283438682556152e-01,-2.554557919502258301e-01,-4.033431112766265869e-01,8.426696658134460449e-01,3.254417181015014648e-01,-4.284611344337463379e-01,-7.080287933349609375e-01,4.558415114879608154e-01,-1.968113064765930176e+00,3.527553379535675049e-01,3.114329874515533447e-01,2.534983634948730469e+00,4.803772270679473877e-01,-1.349449157714843750e-01,-6.752409934997558594e-01,1.183726310729980469e+00,-1.476117521524429321e-01,2.433095872402191162e-01,5.631519556045532227e-01,-1.211485937237739563e-01,-2.813957864418625832e-03,1.530553460121154785e+00,1.820180058479309082e+00,5.779897570610046387e-01,1.523501873016357422e+00,2.302227020263671875e+00,7.804605364799499512e-01,-1.881786584854125977e+00,3.582543730735778809e-01,1.173432946205139160e+00,-1.392870426177978516e+00,-3.290948569774627686e-01,-1.711166836321353912e-02,-1.605173826217651367e+00,-2.556421458721160889e-01,-9.857090115547180176e-01,-1.663482666015625000e+00,8.525792956352233887e-01,-4.148473441600799561e-01,6.020122766494750977e-01,2.584808878600597382e-02,-1.352434992790222168e+00,-3.377459198236465454e-02,-6.104617118835449219e-01,2.476404011249542236e-01,7.982457280158996582e-01,1.292944192886352539e+00,1.295488715171813965e+00,-2.307423800230026245e-01,-5.000353977084159851e-02,1.131589889526367188e+00,-1.850225687026977539e+00,-2.868756093084812164e-02
-1.187889218330383301e+00,-4.253989756107330322e-01,1.230842947959899902e+00,9.461356401443481445e-01,-4.194233119487762451e-01,2.444553852081298828e+00,-5.256704688072204590e-01,-1.367369174957275391e+00,6.102605462074279785e-01,1.756325960159301758e+00,-8.783147335052490234e-01,-8.615227937698364258e-01,-1.836519837379455566e-01,-6.814829111099243164e-01,6.440550088882446289e-01,3.149152174592018127e-02,-5.408046841621398926e-01,-4.610318243503570557e-01,6.278567314147949219e-01,-1.172568082809448242e+00,8.639801740646362305e-01,3.136429488658905029e-01,2.301226377487182617e+00,1.837468519806861877e-02,-4.285436868667602539e-01,-4.493136107921600342e-01,1.347535133361816406e+00,1.409399062395095825e-01,-3.845698535442352295e-01,2.247030884027481079e-01,-1.993539333343505859e-01,3.795250952243804932e-01,1.459193468093872070e+00,1.413780212402343750e+00,-1.347571313381195068e-01,1.286852598190307617e+00,1.682704687118530273e+00,8.660785555839538574e-01,-1.630524277687072754e+00,1.057245612144470215e+00,1.309183239936828613e+00,-1.139554500579833984e+00,2.316915541887283325e-01,-3.534883558750152588e-01,-1.096451759338378906e+00,-5.417326092720031738e-01,-1.296308636665344238e+00,-1.643922209739685059e+00,8.096928000450134277e-01,-5.017346143722534180e-01,8.599267601966857910e-01,4.344592094421386719e-01,-1.026144504547119141e+00,7.112254202365875244e-02,-6.583115458488464355e-01,7.330329418182373047e-01,3.440146148204803467e-01,1.276494979858398438e+00,1.376572489738464355e+00,1.410896237939596176e-02,-2.694518864154815674e-01,7.949727177619934082e-01,-1.614115357398986816e+00,5.326238274574279785e-01
-9.420296549797058105e-01,-4.160644710063934326e-01,1.342227816581726074e+00,1.070978760719299316e+00,4.890264570713043213e-02,2.344511032104492188e+00,-5.564354658126831055e-01,-1.386561393737792969e+00,7.073378562927246094e-01,1.437858700752258301e+00,-8.491843938827514648e-01,-5.033010244369506836e-01,-4.465056657791137695e-01,-8.103321194648742676e-01,7.561197280883789062e-01,3.866379559040069580e-01,-3.702748715877532959e-01,-1.059681296348571777e+00,5.173640251159667969e-01,-1.693177223205566406e+00,5.378144979476928711e-01,6.100239753723144531e-01,2.207915306091308594e+00,8.329524397850036621e-01,-2.055821567773818970e-01,-6.570903658866882324e-01,1.317653179168701172e+00,2.296701967716217041e-01,-7.938298583030700684e-02,5.024089217185974121e-01,-4.505128860473632812e-01,-8.825470507144927979e-02,1.530511260032653809e+00,1.752506017684936523e+00,3.722397387027740479e-01,7.630335688591003418e-01,1.828135251998901367e+00,3.808264136314392090e-01,-1.737489938735961914e+00,8.373644948005676270e-01,1.137749791145324707e+00,-1.246285915374755859e+00,-4.995726048946380615e-02,-2.004526853561401367e-01,-1.360089063644409180e+00,-5.000572800636291504e-01,-9.942368268966674805e-01,-1.546963691711425781e+00,1.804781854152679443e-01,-7.745357751846313477e-01,1.382729262113571167e-01,2.164502292871475220e-01,-1.015470623970031738e+00,-2.023869007825851440e-01,-5.012529492378234863e-01,1.004882454872131348e+00,1.173348724842071533e-01,1.224977493286132812e+00,1.143708229064941406e+00,-6.976878643035888672e-02,-5.732799768447875977e-01,1.135304212570190430e+00,-1.387867450714111328e+00,2.778862118721008301e-01
-1.654685020446777344e+00,-3.073973655700683594e-01,1.225127816200256348e+00,6.618567705154418945e-01,-3.998594880104064941e-01,2.761448144912719727e+00,-9.273781180381774902e-01,-1.148725509643554688e+00,2.610394060611724854e-01,1.879990577697753906e+00,-5.129137039184570312e-01,-4.862321317195892334e-01,-6.051798462867736816e-01,-5.789197683334350586e-01,1.005677342414855957e+00,4.254322648048400879e-01,-9.186655282974243164e-01,-7.578646540641784668e-01,6.569461822509765625e-01,-1.509360551834106445e+00,9.151517748832702637e-01,9.083936810493469238e-01,2.961951017379760742e+00,-4.717003107070922852e-01,-1.462456881999969482e-01,-8.899003863334655762e-01,1.146821618080139160e+00,-1.479384303092956543e-01,2.156832814216613770e-01,2.940218448638916016e-01,-3.506634384393692017e-02,7.924851775169372559e-01,1.580221176147460938e+00,1.931591987609863281e+00,2.579113245010375977e-01,1.697844266891479492e+00,1.742364406585693359e+00,6.049702167510986328e-01,-1.481061220169067383e+00,9.334523081779479980e-01,1.248013734817504883e+00,-1.290500998497009277e+00,-1.538520008325576782e-01,-3.362207412719726562e-01,-1.252423763275146484e+00,4.266005754470825195e-02,-1.074306845664978027e+00,-1.191000819206237793e+00,9.895765185356140137e-01,-7.748560905456542969e-01,9.690767526626586914e-01,5.271199345588684082e-01,-9.645814895629882812e-01,-1.193827763199806213e-01,-5.881547331809997559e-01,5.424719452857971191e-01,1.580821275711059570e-01,1.648038387298583984e+00,1.185217738151550293e+00,6.338680982589721680e-01,7.087092101573944092e-02,1.071257710456848145e+00,-1.579766988754272461e+00,-3.060981929302215576e-01
-1.596137285232543945e+00,-2.294141799211502075e-02,1.235775113105773926e+00,9.229651093482971191e-01,-3.242414444684982300e-02,2.415040493011474609e+00,-9.535106420516967773e-01,-8.146806359291076660e-01,3.292809426784515381e-01,1.768643975257873535e+00,-8.236230611801147461e-01,-5.898710489273071289e-01,-3.352931737899780273e-01,-3.791980445384979248e-01,8.285936117172241211e-01,1.665981672704219818e-02,-8.665599822998046875e-01,-9.325163960456848145e-01,1.044839143753051758e+00,-1.701812267303466797e+00,6.936492919921875000e-01,5.293813347816467285e-01,2.204719781875610352e+00,2.254707962274551392e-01,-5.567820668220520020e-01,-5.928355455398559570e-01,1.015847086906433105e+00,-4.172607138752937317e-02,4.809629023075103760e-01,9.396412968635559082e-01,3.859382122755050659e-02,3.975740671157836914e-01,1.322505712509155273e+00,1.568215370178222656e+00,6.782181859016418457e-01,1.627903819084167480e+00,1.759014368057250977e+00,4.433411359786987305e-01,-1.961076498031616211e+00,1.027869343757629395e+00,7.748841643333435059e-01,-9.462226033210754395e-01,2.044566869735717773e-01,-4.215990900993347168e-01,-1.287555694580078125e+00,-2.304847240447998047e-01,-1.188149452209472656e+00,-1.572516083717346191e+00,5.597605705261230469e-01,-6.630112528800964355e-01,4.741501510143280029e-01,2.235947996377944946e-01,-1.325860261917114258e+00,1.352924257516860962e-01,-7.936279177665710449e-01,9.137154817581176758e-01,6.691272258758544922e-01,1.778747081756591797e+00,1.013874769210815430e+00,-1.068563610315322876e-01,-2.755118012428283691e-01,1.214450001716613770e+00,-1.529440760612487793e+00,-3.031753599643707275e-01
-1.510531663894653320e+00,-2.585699968039989471e-02,1.282618999481201172e+00,6.070907115936279297e-01,5.782070010900497437e-02,2.846364021301269531e+00,-7.665184140205383301e-01,-8.797478675842285156e-01,2.796889543533325195e-01,1.638607740402221680e+00,-5.352216362953186035e-01,-7.622579336166381836e-01,-2.949570417404174805e-01,-7.933396697044372559e-01,8.575960993766784668e-01,-1.888618990778923035e-02,-6.669239401817321777e-01,-1.000301241874694824e+00,7.090196013450622559e-01,-1.255161762237548828e+00,6.390081048011779785e-01,1.120719909667968750e+00,2.332903623580932617e+00,3.547739982604980469e-01,3.043099939823150635e-01,-7.161540985107421875e-01,1.382887125015258789e+00,2.177454084157943726e-01,2.241939902305603027e-01,1.101186037063598633e+00,-1.364099830389022827e-01,-1.697386950254440308e-01,1.661797285079956055e+00,1.784820556640625000e+00,5.398992300033569336e-01,1.462573528289794922e+00,1.975873947143554688e+00,4.588641226291656494e-01,-1.700260639190673828e+00,9.425721764564514160e-01,1.413554906845092773e+00,-1.283563613891601562e+00,4.224240481853485107e-01,-2.995018362998962402e-01,-1.448478102684020996e+00,9.579528868198394775e-02,-1.108614444732666016e+00,-1.439676284790039062e+00,3.578094542026519775e-01,-1.100686430931091309e+00,9.049173593521118164e-01,4.954144656658172607e-01,-1.176975011825561523e+00,-6.244522333145141602e-02,-5.957996845245361328e-01,6.078904867172241211e-01,6.193830966949462891e-01,1.405815601348876953e+00,1.817993998527526855e+00,-8.052571862936019897e-02,-1.881642639636993408e-01,1.391133189201354980e+00,-1.639421463012695312e+00,6.657181978225708008e-01
-1.700418233871459961e+00,-4.465193673968315125e-02,1.912389039993286133e+00,1.212985754013061523e+00,-5.722612142562866211e-01,2.867822170257568359e+00,-9.593303203582763672e-01,-1.225664615631103516e+00,4.561903774738311768e-01,1.698197126388549805e+00,-7.281545996665954590e-01,-7.876012325286865234e-01,-1.749660670757293701e-01,-1.838209033012390137e-01,3.588832914829254150e-01,7.648090831935405731e-04,-2.441811263561248779e-01,-7.851033806800842285e-01,9.475850462913513184e-01,-1.545738577842712402e+00,9.510067105293273926e-01,4.505994617938995361e-01,2.249483346939086914e+00,7.458741962909698486e-02,-4.346345663070678711e-01,-1.216387391090393066e+00,1.129313826560974121e+00,2.809555828571319580e-01,-1.166283786296844482e-01,8.355976343154907227e-01,-1.950046420097351074e-01,1.224239822477102280e-02,1.675222158432006836e+00,1.950951099395751953e+00,4.021075069904327393e-01,1.791097521781921387e+00,2.160762786865234375e+00,6.504353284835815430e-01,-1.619129419326782227e+00,9.937718510627746582e-01,1.264563560485839844e+00,-9.240210652351379395e-01,6.214319542050361633e-02,-1.889789998531341553e-01,-1.184931397438049316e+00,-3.530004024505615234e-01,-1.144573569297790527e+00,-1.345080971717834473e+00,8.784890174865722656e-01,-1.156155578792095184e-02,1.253911256790161133e+00,9.995314292609691620e-03,-1.326160669326782227e+00,-1.704540997743606567e-01,-6.472578644752502441e-01,3.677290380001068115e-01,7.843431234359741211e-01,1.107837438583374023e+00,8.873195052146911621e-01,-7.438580989837646484e-01,-3.804457187652587891e-01,8.096917867660522461e-01,-2.208035945892333984e+00,-4.458260834217071533e-01
-7.222456932067871094e-01,-6.184343099594116211e-01,9.334425330162048340e-01,1.157877206802368164e+00,-2.378189563751220703e-01,2.590912580490112305e+00,-6.854044795036315918e-01,-1.366742372512817383e+00,2.528669834136962891e-01,1.792032957077026367e+00,-8.290181159973144531e-01,-5.480255484580993652e-01,-5.513821840286254883e-01,-9.016041755676269531e-01,1.017347574234008789e+00,-3.084826171398162842e-01,-8.646515607833862305e-01,-7.814134955406188965e-01,7.502416968345642090e-01,-1.148861527442932129e+00,4.910270273685455322e-01,8.857540488243103027e-01,2.693352460861206055e+00,8.409548550844192505e-02,-1.851430833339691162e-01,-7.236567139625549316e-01,1.255365371704101562e+00,3.997171521186828613e-01,7.713253051042556763e-02,2.951882779598236084e-01,-1.885068267583847046e-01,3.436923325061798096e-01,1.554017424583435059e+00,1.728510975837707520e+00,2.419245839118957520e-01,1.243608117103576660e+00,1.974014043807983398e+00,5.876675844192504883e-01,-1.740779161453247070e+00,9.626135826110839844e-01,9.122379422187805176e-01,-1.190244317054748535e+00,2.411649823188781738e-01,-3.020921349525451660e-01,-1.251427531242370605e+00,-3.266915678977966309e-01,-1.686051368713378906e+00,-1.904060363769531250e+00,1.089335799217224121e+00,-5.908771753311157227e-01,5.235450863838195801e-01,2.383435070514678955e-01,-9.943367838859558105e-01,1.738581061363220215e-01,-5.960898995399475098e-01,3.628998398780822754e-01,5.449364185333251953e-01,1.209078788757324219e+00,1.232607483863830566e+00,1.129379943013191223e-01,-1.310728490352630615e-01,1.059141993522644043e+00,-1.322426319122314453e+00,5.098941326141357422e-01
-1.514468789100646973e+00,-3.694866001605987549e-01,1.727421641349792480e+00,1.086062908172607422e+00,-3.816934525966644287e-01,2.329457998275756836e+00,-1.053512454032897949e+00,-1.284927487373352051e+00,2.573173642158508301e-01,1.654240608215332031e+00,-7.870758175849914551e-01,-4.298107922077178955e-01,-1.954887509346008301e-01,-9.140455722808837891e-01,4.365988373756408691e-01,-3.729892075061798096e-01,-5.769184827804565430e-01,-8.233093619346618652e-01,1.026394844055175781e+00,-1.639413833618164062e+00,6.654793620109558105e-01,1.808537691831588745e-01,2.054199934005737305e+00,5.277242138981819153e-02,1.172401532530784607e-01,-1.076848864555358887e+00,1.171587705612182617e+00,-1.798899322748184204e-01,1.907155513763427734e-01,9.892169833183288574e-01,-1.853697746992111206e-01,2.331819087266921997e-01,1.266940116882324219e+00,1.821528077125549316e+00,-1.089916080236434937e-01,1.502682685852050781e+00,1.976714253425598145e+00,9.113495349884033203e-01,-2.028431653976440430e+00,7.617064714431762695e-01,1.721312642097473145e+00,-1.026871323585510254e+00,1.462529748678207397e-01,-1.392207443714141846e-01,-1.481197237968444824e+00,8.964132517576217651e-02,-1.212081909179687500e+00,-1.384574770927429199e+00,8.915023207664489746e-01,-6.584604978561401367e-01,6.805434226989746094e-01,-7.759913802146911621e-02,-1.306054830551147461e+00,-2.287857830524444580e-01,-2.940794825553894043e-01,6.361839175224304199e-01,2.412235289812088013e-01,1.997316718101501465e+00,1.214100956916809082e+00,-1.279675215482711792e-01,-4.417435228824615479e-01,1.347120046615600586e+00,-1.696055531501770020e+00,1.250487565994262695e-01
-1.140571355819702148e+00,-4.313491284847259521e-01,1.811047315597534180e+00,9.453033804893493652e-01,1.230643019080162048e-01,2.438867807388305664e+00,-8.776295185089111328e-01,-1.225224733352661133e+00,8.961061239242553711e-01,1.636771440505981445e+00,-4.950292110443115234e-01,-6.448567509651184082e-01,-2.163970023393630981e-01,-1.544417738914489746e-01,4.372536838054656982e-01,4.531494341790676117e-03,-2.189605385065078735e-01,-8.614841699600219727e-01,1.166191339492797852e+00,-1.080438137054443359e+00,9.140934348106384277e-01,1.603075116872787476e-01,2.304329395294189453e+00,5.838088393211364746e-01,-3.979115188121795654e-01,-6.905817389488220215e-01,1.634675145149230957e+00,-7.108996063470840454e-02,7.266011834144592285e-02,5.402825474739074707e-01,-2.123606055974960327e-01,3.442376106977462769e-02,1.550071835517883301e+00,1.457143187522888184e+00,2.759062945842742920e-01,1.188661694526672363e+00,1.994009256362915039e+00,3.202702105045318604e-01,-1.916736245155334473e+00,9.037738442420959473e-01,9.603878855705261230e-01,-9.205276966094970703e-01,1.168693825602531433e-01,2.958000823855400085e-02,-1.644136905670166016e+00,-3.405423164367675781e-01,-9.609222412109375000e-01,-1.602444648742675781e+00,5.088397264480590820e-01,-4.627904593944549561e-01,7.815119624137878418e-01,-1.622023880481719971e-01,-1.429301977157592773e+00,7.139020413160324097e-02,-5.005875825881958008e-01,6.251808404922485352e-01,4.671461284160614014e-01,1.320887923240661621e+00,8.675919771194458008e-01,-2.966308891773223877e-01,-1.497257798910140991e-01,8.373126387596130371e-01,-1.729125618934631348e+00,-5.963050723075866699e-01
-1.455801129341125488e+00,-3.961108326911926270e-01,1.511990427970886230e+00,1.329986333847045898e+00,-3.067942261695861816e-01,2.565329551696777344e+00,-1.017099380493164062e+00,-8.616385459899902344e-01,3.932509720325469971e-01,1.492379665374755859e+00,-1.270596861839294434e+00,-5.485886335372924805e-01,1.338882464915513992e-02,-7.458379119634628296e-02,4.559419453144073486e-01,1.271894872188568115e-01,-3.343787193298339844e-01,-6.832528710365295410e-01,9.959191679954528809e-01,-1.526186108589172363e+00,6.894142031669616699e-01,3.634526133537292480e-01,2.559520721435546875e+00,4.410738348960876465e-01,1.214451342821121216e-01,-8.853542208671569824e-01,1.680392622947692871e+00,-1.105537936091423035e-01,2.912985384464263916e-01,5.563694834709167480e-01,-1.853803694248199463e-01,2.245904952287673950e-01,1.270943045616149902e+00,1.521615386009216309e+00,3.943544626235961914e-01,1.191858410835266113e+00,1.780627727508544922e+00,4.707444906234741211e-01,-1.473129868507385254e+00,8.954215049743652344e-01,8.744266033172607422e-01,-1.196506738662719727e+00,2.958976328372955322e-01,-4.841737449169158936e-02,-1.837310671806335449e+00,-5.385846495628356934e-01,-1.138415098190307617e+00,-1.565546870231628418e+00,8.231129646301269531e-01,-1.598579734563827515e-01,7.734538316726684570e-01,5.517252907156944275e-02,-7.075885534286499023e-01,1.402325034141540527e-01,-6.060221195220947266e-01,6.979948282241821289e-01,7.051270008087158203e-01,1.432830452919006348e+00,7.370703816413879395e-01,-6.887780129909515381e-02,-2.683181464672088623e-01,9.544931054115295410e-01,-1.931631922721862793e+00,-3.480154573917388916e-01
-1.274614095687866211e+00,8.847481757402420044e-02,1.220271587371826172e+00,1.137667417526245117e+00,-2.661352157592773438e-01,2.082929849624633789e+00,-1.060309648513793945e+00,-1.157180309295654297e+00,3.483182489871978760e-01,2.220799207687377930e+00,-8.354855775833129883e-01,-6.920845508575439453e-01,-4.462941884994506836e-01,-6.398978233337402344e-01,9.060232639312744141e-01,4.549587666988372803e-01,-5.994397401809692383e-01,-8.880900144577026367e-01,9.716187715530395508e-01,-1.734767794609069824e+00,4.967088997364044189e-01,2.764321565628051758e-01,2.310441732406616211e+00,6.246643066406250000e-01,-3.840060532093048096e-01,-5.784307122230529785e-01,1.457535386085510254e+00,2.148748785257339478e-01,3.198497295379638672e-01,7.671281695365905762e-01,-4.689213037490844727e-01,1.230539083480834961e-01,1.422260284423828125e+00,1.635735034942626953e+00,2.860285341739654541e-01,9.156473278999328613e-01,1.689413070678710938e+00,8.625431060791015625e-01,-1.958292961120605469e+00,1.504893779754638672e+00,1.177207708358764648e+00,-1.150255560874938965e+00,-3.517922759056091309e-01,-3.748632669448852539e-01,-1.796636819839477539e+00,-6.226271986961364746e-01,-1.409990191459655762e+00,-1.392100334167480469e+00,6.602272391319274902e-01,-6.522537469863891602e-01,8.880292177200317383e-01,3.046872615814208984e-01,-1.232992529869079590e+00,-4.601271823048591614e-03,-6.061714887619018555e-01,8.737769722938537598e-01,5.955078601837158203e-01,1.483033776283264160e+00,9.662984013557434082e-01,1.400814484804868698e-02,-4.283001422882080078e-01,1.352074623107910156e+00,-1.558850288391113281e+00,-6.896758824586868286e-02
-1.283153057098388672e+00,-4.812152385711669922e-01,1.421648979187011719e+00,4.736397564411163330e-01,-2.727667689323425293e-01,2.351282119750976562e+00,-8.832409977912902832e-01,-1.076945662498474121e+00,5.805611014366149902e-01,1.825945019721984863e+00,-7.828613519668579102e-01,-3.287579417228698730e-01,-6.130150556564331055e-01,-4.390358924865722656e-01,1.014721632003784180e+00,7.984550297260284424e-02,-6.557005047798156738e-01,-7.996825575828552246e-01,8.001183271408081055e-01,-1.190509319305419922e+00,4.397161900997161865e-01,6.910892128944396973e-01,2.587702751159667969e+00,1.937205344438552856e-01,3.047410249710083008e-01,-1.352201938629150391e+00,1.994032144546508789e+00,2.508300840854644775e-01,-2.637199461460113525e-01,5.442302227020263672e-01,-1.453908532857894897e-01,-4.085102304816246033e-02,1.267289519309997559e+00,1.987957119941711426e+00,2.139717787504196167e-01,1.211559534072875977e+00,2.064343690872192383e+00,6.892496943473815918e-01,-1.902441501617431641e+00,9.856674075126647949e-01,9.589368700981140137e-01,-1.383043766021728516e+00,1.519731581211090088e-01,2.757769078016281128e-02,-1.366299867630004883e+00,-1.852443814277648926e-01,-1.426200866699218750e+00,-9.822475314140319824e-01,6.386022567749023438e-01,-9.451870322227478027e-01,4.900449812412261963e-01,-5.668576061725616455e-02,-1.058673977851867676e+00,-1.727889925241470337e-01,-7.620311379432678223e-01,2.406414151191711426e-01,5.468924641609191895e-01,1.406047821044921875e+00,1.401443362236022949e+00,1.340279579162597656e-01,-1.207694560289382935e-01,1.229651689529418945e+00,-1.759186029434204102e+00,3.790030777454376221e-01
-1.436590194702148438e+00,-1.803133934736251831e-01,1.225426197052001953e+00,7.199647426605224609e-01,-6.099227443337440491e-02,2.925606966018676758e+00,-1.009451746940612793e+00,-1.028032779693603516e+00,6.593052148818969727e-01,1.707915782928466797e+00,-1.019244551658630371e+00,-1.807865798473358154e-01,-1.046713516116142273e-01,-6.094562411308288574e-01,6.302852630615234375e-01,1.400812268257141113e-01,-4.454163610935211182e-01,-1.130500793457031250e+00,1.146035909652709961e+00,-1.281496047973632812e+00,9.960538744926452637e-01,8.784239292144775391e-01,2.142874717712402344e+00,1.948931366205215454e-01,-2.908282876014709473e-01,-7.529004216194152832e-01,1.348659992218017578e+00,4.900130629539489746e-01,-6.829689145088195801e-01,1.137999176979064941e+00,-7.495423555374145508e-01,-1.893357485532760620e-01,1.764476418495178223e+00,1.898601293563842773e+00,9.230695962905883789e-01,1.135745644569396973e+00,2.167963981628417969e+00,2.653201818466186523e-01,-1.372733712196350098e+00,1.308971643447875977e+00,8.028609156608581543e-01,-1.376742124557495117e+00,4.254687428474426270e-01,-8.884945511817932129e-02,-1.220321178436279297e+00,-4.577487111091613770e-01,-1.167995095252990723e+00,-1.566652655601501465e+00,7.975860685110092163e-02,-9.371408820152282715e-01,7.557134628295898438e-01,2.765069901943206787e-01,-1.371057629585266113e+00,6.837426871061325073e-02,-5.216471552848815918e-01,6.445048451423645020e-01,6.575220823287963867e-01,1.489336729049682617e+00,1.153267502784729004e+00,-2.729764282703399658e-01,-2.298838645219802856e-01,1.190705657005310059e+00,-1.417158365249633789e+00,9.072035551071166992e-02
-1.271225929260253906e+00,-3.886440694332122803e-01,1.624859094619750977e+00,1.169641375541687012e+00,-2.893252670764923096e-01,3.033825159072875977e+00,-1.070463061332702637e+00,-1.549403429031372070e+00,1.918763518333435059e-01,1.507518053054809570e+00,-3.530739545822143555e-01,-5.626733899116516113e-01,-1.740488260984420776e-01,-5.418643355369567871e-01,6.389001607894897461e-01,-2.582096457481384277e-01,-4.793441593647003174e-01,-8.309721946716308594e-01,9.303432703018188477e-01,-1.999157190322875977e+00,6.165577769279479980e-01,6.558988690376281738e-01,2.320216417312622070e+00,-3.124818019568920135e-02,-2.369301021099090576e-01,-1.041389226913452148e+00,1.358062863349914551e+00,4.810056835412979126e-02,-1.033295542001724243e-01,4.576504230499267578e-01,2.475636154413223267e-01,2.843341231346130371e-01,1.980919122695922852e+00,1.551766157150268555e+00,7.337750196456909180e-01,1.247744083404541016e+00,1.887807726860046387e+00,8.637284636497497559e-01,-2.157667636871337891e+00,1.278993010520935059e+00,1.276002764701843262e+00,-1.319039940834045410e+00,2.305280715227127075e-01,2.653511613607406616e-02,-1.009506464004516602e+00,-2.477577030658721924e-01,-1.089983701705932617e+00,-1.546797871589660645e+00,7.658464312553405762e-01,-2.762169837951660156e-01,9.917708635330200195e-01,2.510809600353240967e-01,-8.616112470626831055e-01,1.633829474449157715e-01,-3.904281556606292725e-01,3.487694263458251953e-01,4.943593144416809082e-01,1.707894802093505859e+00,1.092571735382080078e+00,6.632678210735321045e-02,5.469227433204650879e-01,7.267132401466369629e-01,-1.649582028388977051e+00,-2.658042609691619873e-01
-1.407605409622192383e+00,-4.635052382946014404e-02,9.626647830009460449e-01,1.226032614707946777e+00,-3.923196196556091309e-01,2.656081199645996094e+00,-8.837072849273681641e-01,-1.109427809715270996e+00,3.337446153163909912e-01,1.848541855812072754e+00,-7.600933313369750977e-01,-7.344281673431396484e-01,-5.393787622451782227e-01,-4.168828427791595459e-01,1.210509061813354492e+00,-2.097957283258438110e-01,-9.601107835769653320e-01,-8.600848913192749023e-01,4.343504905700683594e-01,-1.972072362899780273e+00,3.730930685997009277e-01,8.596151471138000488e-01,2.433761835098266602e+00,4.989604949951171875e-01,2.104757428169250488e-01,-8.105325698852539062e-01,1.523533582687377930e+00,8.361871242523193359e-01,3.258572816848754883e-01,7.074137926101684570e-01,-3.794435560703277588e-01,2.988979518413543701e-01,1.500199437141418457e+00,1.668210029602050781e+00,2.318939864635467529e-01,1.246513962745666504e+00,1.730048537254333496e+00,3.607778549194335938e-01,-1.663450241088867188e+00,1.433482289314270020e+00,9.274985194206237793e-01,-1.218433976173400879e+00,-1.618528552353382111e-02,-9.674926996231079102e-01,-1.559754848480224609e+00,-5.168324112892150879e-01,-1.309152364730834961e+00,-1.574122428894042969e+00,6.585052609443664551e-01,-3.815759420394897461e-01,4.001694023609161377e-01,1.145277470350265503e-01,-7.920827269554138184e-01,3.898507058620452881e-01,-4.327178597450256348e-01,6.084477305412292480e-01,4.655736982822418213e-01,1.292210698127746582e+00,9.521022439002990723e-01,5.525631308555603027e-01,2.739589810371398926e-01,1.333597660064697266e+00,-1.445235848426818848e+00,-4.810414612293243408e-01
-1.430311679840087891e+00,-1.621934324502944946e-01,1.522072792053222656e+00,8.363237977027893066e-01,-2.395686507225036621e-02,2.920879125595092773e+00,-7.261514067649841309e-01,-1.055265665054321289e+00,3.669014573097229004e-01,1.722251772880554199e+00,-7.641705870628356934e-01,-5.842900872230529785e-01,-1.551237255334854126e-01,-3.852773606777191162e-01,6.485435366630554199e-01,-2.483785152435302734e-02,-6.552923321723937988e-01,-9.269412159919738770e-01,3.917896449565887451e-01,-1.500663638114929199e+00,3.512865900993347168e-01,4.561150372028350830e-01,2.571927309036254883e+00,5.996640920639038086e-01,9.341296553611755371e-02,-1.060673236846923828e+00,1.480579376220703125e+00,1.600255668163299561e-01,-4.769437946379184723e-03,6.213021874427795410e-01,-8.633841574192047119e-02,3.669764474034309387e-02,1.629426836967468262e+00,1.714222788810729980e+00,3.654283881187438965e-01,1.557017803192138672e+00,2.018742084503173828e+00,9.967625737190246582e-01,-1.405796408653259277e+00,8.497988581657409668e-01,1.183889865875244141e+00,-1.667712807655334473e+00,2.175912261009216309e-01,9.834399074316024780e-02,-1.562720179557800293e+00,-3.117535412311553955e-01,-1.069454669952392578e+00,-1.512863636016845703e+00,8.482081890106201172e-01,-2.492290735244750977e-01,6.313216090202331543e-01,-3.904756903648376465e-01,-1.151302695274353027e+00,-2.069753855466842651e-01,-3.091211318969726562e-01,3.940156400203704834e-01,1.145903587341308594e+00,1.231884837150573730e+00,1.141595125198364258e+00,-2.700414657592773438e-01,-2.771837413311004639e-01,1.092276096343994141e+00,-1.846555471420288086e+00,1.451455056667327881e-01
