-1.668910741806030273e+00,-3.540328502655029297e+00,-1.439775347709655762e+00,1.968227386474609375e+00,-2.563770532608032227e+00,5.283931255340576172e+00,1.267011523246765137e+00,-1.322512626647949219e-01,-9.634293615818023682e-02,-1.016787409782409668e+00,1.721925139427185059e+00,-5.026286244392395020e-01,-5.935433506965637207e-02,1.514580965042114258e+00,-2.064812630414962769e-01,-5.224008560180664062e-01,1.075038015842437744e-01,-2.267535209655761719e+00,-3.035630941390991211e+00,-7.851173281669616699e-01,2.111403465270996094e+00,-1.305177330970764160e+00,-1.946959495544433594e+00,-1.189437627792358398e+00,2.491568475961685181e-01,1.747094839811325073e-01,-1.141971707344055176e+00,4.001658558845520020e-01,5.622212290763854980e-01,-1.156947612762451172e+00,1.876008033752441406e+00,-2.068903744220733643e-01,1.142849564552307129e+00,-4.233497619628906250e+00,9.764884710311889648e-01,-8.477149009704589844e-01,-3.218006372451782227e+00,9.543172121047973633e-01,-1.978487253189086914e+00,8.867309093475341797e-01,5.569518804550170898e-01,5.348152518272399902e-01,1.634642362594604492e+00,1.032909870147705078e+00,-3.833325505256652832e-01,-1.600991606712341309e+00,1.168433904647827148e+00,1.140766382217407227e+00,1.530005931854248047e+00,2.868830204010009766e+00,-1.346342563629150391e+00,2.547313690185546875e+00,-3.306028246879577637e-01,-6.419432163238525391e-01,-2.402925491333007812e-01,6.551519036293029785e-03,-1.422909259796142578e+00,3.489435911178588867e+00,2.656479477882385254e-01,-2.455646693706512451e-01,-1.788968741893768311e-01,-3.763177156448364258e+00,-1.292105674743652344e+00,2.284416913986206055e+00
-1.910981893539428711e+00,-3.902092218399047852e+00,-1.705695390701293945e+00,3.264680862426757812e+00,-2.243808269500732422e+00,5.061500549316406250e+00,2.335582733154296875e+00,1.008263230323791504e-01,1.068699955940246582e-01,-1.469937086105346680e+00,1.899248361587524414e+00,-9.402920603752136230e-01,-5.121074318885803223e-01,2.064533948898315430e+00,-7.429744005203247070e-01,-1.649868488311767578e+00,-1.887027621269226074e-01,-2.219352245330810547e+00,-2.334622859954833984e+00,1.174243211746215820e+00,2.443866729736328125e+00,-2.387259006500244141e+00,-1.292098999023437500e+00,-1.310114264488220215e+00,1.111127495765686035e+00,-2.490391582250595093e-01,-1.045417308807373047e+00,2.879587411880493164e-01,1.176058411598205566e+00,-1.878637790679931641e+00,1.561340689659118652e+00,-6.831962466239929199e-01,1.206911802291870117e-01,-4.211887836456298828e+00,1.492289185523986816e+00,-1.428547263145446777e+00,-3.232125759124755859e+00,5.738057494163513184e-01,-2.051527023315429688e+00,1.521005630493164062e+00,9.745582342147827148e-01,-5.926179885864257812e-02,3.765528798103332520e-01,8.629124164581298828e-01,-2.547443509101867676e-01,-1.737634420394897461e+00,2.009587526321411133e+00,6.770828962326049805e-01,1.792901515960693359e+00,3.293309211730957031e+00,-1.095460891723632812e+00,1.630465984344482422e+00,-9.750750064849853516e-01,-4.515161514282226562e-01,-1.159488677978515625e+00,-1.185088396072387695e+00,-1.018770694732666016e+00,3.671253919601440430e+00,7.732037901878356934e-01,1.334087848663330078e+00,-2.379026412963867188e-01,-4.157443046569824219e+00,-2.122459650039672852e+00,2.412159919738769531e+00
-1.696749329566955566e+00,-3.543221950531005859e+00,-1.867007732391357422e+00,3.283967494964599609e+00,-2.451002359390258789e+00,5.196056365966796875e+00,2.401484489440917969e+00,1.710781455039978027e-01,-6.815800070762634277e-02,-1.661182284355163574e+00,1.672456502914428711e+00,-7.304896712303161621e-01,-7.432116866111755371e-01,2.253021478652954102e+00,-7.911949157714843750e-01,-1.561757326126098633e+00,-3.665447235107421875e-02,-2.139277458190917969e+00,-2.480804204940795898e+00,1.182113647460937500e+00,2.281782627105712891e+00,-2.063558101654052734e+00,-1.386433243751525879e+00,-1.524707794189453125e+00,9.133458733558654785e-01,-1.092630848288536072e-01,-1.294849872589111328e+00,8.447520434856414795e-02,1.293755888938903809e+00,-1.666381359100341797e+00,1.386395812034606934e+00,-4.325039386749267578e-01,3.177507519721984863e-01,-4.013214111328125000e+00,1.624479055404663086e+00,-1.338920235633850098e+00,-3.528573513031005859e+00,9.789619445800781250e-01,-1.849938511848449707e+00,1.323041200637817383e+00,1.035491466522216797e+00,1.721610426902770996e-01,7.292504310607910156e-01,7.151914834976196289e-01,-3.163722157478332520e-01,-1.623347282409667969e+00,2.037720203399658203e+00,8.512798547744750977e-01,1.741915464401245117e+00,3.368655920028686523e+00,-1.270188927650451660e+00,2.001436948776245117e+00,-8.255164623260498047e-01,-4.929767549037933350e-01,-1.257890343666076660e+00,-1.348289728164672852e+00,-9.790675640106201172e-01,3.894368886947631836e+00,8.442684412002563477e-01,1.568252086639404297e+00,1.419246196746826172e-03,-3.964711427688598633e+00,-2.115535259246826172e+00,2.332016468048095703e+00
-1.690183162689208984e+00,-3.628191947937011719e+00,-1.806376934051513672e+00,3.311321735382080078e+00,-2.200870037078857422e+00,5.053557395935058594e+00,2.355832576751708984e+00,-9.715420007705688477e-02,4.000245034694671631e-02,-1.391443848609924316e+00,1.699669361114501953e+00,-7.673743963241577148e-01,-3.629578948020935059e-01,2.388204097747802734e+00,-8.348073959350585938e-01,-1.618905782699584961e+00,-1.336321532726287842e-01,-2.137240171432495117e+00,-2.320921659469604492e+00,1.256742477416992188e+00,2.403047561645507812e+00,-2.242559432983398438e+00,-1.396636247634887695e+00,-1.095432281494140625e+00,9.984664916992187500e-01,-1.367859691381454468e-01,-9.577324390411376953e-01,3.091440796852111816e-01,1.421754360198974609e+00,-1.606140732765197754e+00,1.449168801307678223e+00,-6.954681873321533203e-01,3.507705926895141602e-01,-4.039307117462158203e+00,1.718532562255859375e+00,-1.086259365081787109e+00,-3.615984201431274414e+00,8.480507135391235352e-01,-1.941504716873168945e+00,1.475766420364379883e+00,8.134275078773498535e-01,1.138170957565307617e-01,6.122429370880126953e-01,7.303446531295776367e-01,-3.698846697807312012e-01,-1.699131846427917480e+00,1.988277196884155273e+00,6.698049306869506836e-01,1.835639119148254395e+00,3.179805755615234375e+00,-1.069502115249633789e+00,1.655533075332641602e+00,-8.184480071067810059e-01,-1.760763525962829590e-01,-1.164828658103942871e+00,-1.418195724487304688e+00,-8.201829195022583008e-01,3.958918094635009766e+00,7.886535525321960449e-01,1.559126257896423340e+00,-2.653199732303619385e-01,-4.345918655395507812e+00,-2.300598382949829102e+00,2.646308898925781250e+00
-1.883654117584228516e+00,-3.789107561111450195e+00,-1.780459165573120117e+00,3.696866273880004883e+00,-2.206677436828613281e+00,4.782886028289794922e+00,2.424641132354736328e+00,-9.612227976322174072e-02,2.206729203462600708e-01,-1.464390993118286133e+00,1.612789392471313477e+00,-6.454253196716308594e-01,-6.081270575523376465e-01,2.305244922637939453e+00,-6.934267282485961914e-01,-1.761837720870971680e+00,-1.930991709232330322e-01,-2.386916637420654297e+00,-2.540875911712646484e+00,1.262316346168518066e+00,2.224110364913940430e+00,-2.215552806854248047e+00,-1.439773917198181152e+00,-1.238698601722717285e+00,9.674369096755981445e-01,-1.254122853279113770e-01,-9.457281231880187988e-01,3.644003570079803467e-01,1.536337375640869141e+00,-1.634600877761840820e+00,1.556491136550903320e+00,-6.603312492370605469e-01,1.011030673980712891e-01,-4.304728984832763672e+00,1.606716394424438477e+00,-1.247803688049316406e+00,-3.442311525344848633e+00,7.899422645568847656e-01,-2.061049222946166992e+00,1.655712842941284180e+00,8.952273130416870117e-01,-1.829539537429809570e-01,7.722312211990356445e-01,9.510215520858764648e-01,-2.571441233158111572e-02,-1.695532083511352539e+00,1.950870394706726074e+00,1.038671970367431641e+00,1.685456752777099609e+00,3.432567119598388672e+00,-1.300875067710876465e+00,1.617306232452392578e+00,-9.685049057006835938e-01,-2.634295821189880371e-01,-1.496060132980346680e+00,-1.540143132209777832e+00,-8.713980913162231445e-01,3.903054237365722656e+00,8.536006212234497070e-01,1.218063831329345703e+00,-2.209825515747070312e-01,-4.160651683807373047e+00,-2.051460981369018555e+00,2.744975328445434570e+00
-1.812972664833068848e+00,-3.668392896652221680e+00,-1.692694067955017090e+00,3.496735811233520508e+00,-2.571635246276855469e+00,4.895980358123779297e+00,2.222920894622802734e+00,-7.240341603755950928e-02,2.491731047630310059e-01,-1.358919262886047363e+00,1.652030706405639648e+00,-8.756175041198730469e-01,-6.828808784484863281e-01,2.013092994689941406e+00,-4.357572793960571289e-01,-1.700994253158569336e+00,2.872154116630554199e-02,-2.506153583526611328e+00,-2.453283786773681641e+00,1.343069076538085938e+00,2.310172796249389648e+00,-2.267568349838256836e+00,-1.372129678726196289e+00,-1.434443235397338867e+00,9.855655431747436523e-01,-1.084466353058815002e-01,-9.821101427078247070e-01,1.200850903987884521e-01,1.543983221054077148e+00,-1.921346306800842285e+00,1.484974145889282227e+00,-3.996552228927612305e-01,3.111392557621002197e-01,-4.238252639770507812e+00,1.592410087585449219e+00,-1.476360321044921875e+00,-3.411381483078002930e+00,7.600772380828857422e-01,-1.884209513664245605e+00,1.350216865539550781e+00,7.392207384109497070e-01,2.209593057632446289e-01,6.022896766662597656e-01,9.318760633468627930e-01,-1.321440935134887695e-01,-1.680677175521850586e+00,1.851127862930297852e+00,7.352705001831054688e-01,1.678695321083068848e+00,3.100955724716186523e+00,-1.201304554939270020e+00,1.985326409339904785e+00,-9.134987592697143555e-01,-5.200567245483398438e-01,-1.274220228195190430e+00,-1.406174421310424805e+00,-8.693182468414306641e-01,3.691386461257934570e+00,6.273294687271118164e-01,1.292733669281005859e+00,6.635966897010803223e-02,-4.045702934265136719e+00,-2.371419668197631836e+00,2.468579530715942383e+00
-1.823887944221496582e+00,-3.624551773071289062e+00,-1.521325111389160156e+00,3.580195665359497070e+00,-2.311611175537109375e+00,4.845200061798095703e+00,2.495094776153564453e+00,-1.583413034677505493e-01,8.543999493122100830e-02,-1.366016864776611328e+00,1.652104616165161133e+00,-9.638127088546752930e-01,-6.585446596145629883e-01,2.080850124359130859e+00,-6.204457283020019531e-01,-1.685456514358520508e+00,-2.559393644332885742e-02,-2.124396800994873047e+00,-2.592809677124023438e+00,1.132315278053283691e+00,2.456889152526855469e+00,-2.024782657623291016e+00,-1.623285174369812012e+00,-1.385604858398437500e+00,8.252840042114257812e-01,1.782147437334060669e-01,-1.000113964080810547e+00,1.634866893291473389e-01,1.461807370185852051e+00,-1.596086978912353516e+00,1.354681015014648438e+00,-4.347136020660400391e-01,2.024779319763183594e-01,-3.872300148010253906e+00,1.812666177749633789e+00,-1.315108060836791992e+00,-3.293071269989013672e+00,8.352154493331909180e-01,-1.885814189910888672e+00,1.550090312957763672e+00,7.244002223014831543e-01,-4.539334774017333984e-02,6.789801716804504395e-01,8.815277814865112305e-01,-4.000203609466552734e-01,-1.342074036598205566e+00,2.096221923828125000e+00,9.222151637077331543e-01,1.468852877616882324e+00,3.242580413818359375e+00,-1.245219945907592773e+00,2.036439657211303711e+00,-1.016506910324096680e+00,-2.761024236679077148e-01,-1.398506760597229004e+00,-1.203079700469970703e+00,-1.062948346138000488e+00,4.046314239501953125e+00,6.225655078887939453e-01,1.248117566108703613e+00,-2.014457881450653076e-01,-4.185311317443847656e+00,-2.021673440933227539e+00,2.307910203933715820e+00
-1.593865513801574707e+00,-3.813898086547851562e+00,-1.787676692008972168e+00,3.622410535812377930e+00,-2.406301021575927734e+00,4.971371650695800781e+00,2.239364147186279297e+00,-1.456242799758911133e-02,1.326983422040939331e-01,-1.268458604812622070e+00,1.849259853363037109e+00,-9.996474981307983398e-01,-6.516388654708862305e-01,2.267448902130126953e+00,-4.786447584629058838e-01,-1.456098079681396484e+00,-1.001177430152893066e-01,-2.204747200012207031e+00,-2.536163806915283203e+00,1.154290795326232910e+00,2.149677276611328125e+00,-2.273656368255615234e+00,-1.291601419448852539e+00,-1.278901576995849609e+00,9.900079965591430664e-01,-1.489290148019790649e-01,-9.202715158462524414e-01,4.436417222023010254e-01,1.474663972854614258e+00,-1.848800182342529297e+00,1.557262778282165527e+00,-3.447892069816589355e-01,7.562369108200073242e-02,-4.086420536041259766e+00,1.902912139892578125e+00,-1.183523654937744141e+00,-3.376582860946655273e+00,8.098853826522827148e-01,-1.972771525382995605e+00,1.659273982048034668e+00,7.902603149414062500e-01,-3.794074058532714844e-03,5.343918204307556152e-01,8.987941145896911621e-01,-3.290589451789855957e-01,-1.624656558036804199e+00,1.983341217041015625e+00,1.093426227569580078e+00,1.732160806655883789e+00,3.290447473526000977e+00,-1.193229794502258301e+00,1.883698582649230957e+00,-8.507542610168457031e-01,-1.452926993370056152e-01,-1.277262687683105469e+00,-1.414391875267028809e+00,-8.724954128265380859e-01,4.053126811981201172e+00,6.682811975479125977e-01,1.180812716484069824e+00,-3.600563108921051025e-02,-4.228666782379150391e+00,-2.370709896087646484e+00,2.456698179244995117e+00
-1.732916355133056641e+00,-3.641725540161132812e+00,-1.646132588386535645e+00,3.351002693176269531e+00,-2.478560924530029297e+00,4.806346416473388672e+00,2.241366386413574219e+00,4.209753870964050293e-02,-4.608601331710815430e-02,-1.575329780578613281e+00,1.705259561538696289e+00,-5.897091627120971680e-01,-6.187126040458679199e-01,2.408665180206298828e+00,-5.969662666320800781e-01,-1.715353250503540039e+00,-5.710732936859130859e-02,-2.418857097625732422e+00,-2.400357246398925781e+00,1.354318261146545410e+00,2.454131364822387695e+00,-2.265018701553344727e+00,-1.441088199615478516e+00,-1.347743511199951172e+00,7.819720506668090820e-01,5.690670013427734375e-02,-9.990985393524169922e-01,2.111150920391082764e-01,1.568345785140991211e+00,-1.931962013244628906e+00,1.360313653945922852e+00,-7.090836763381958008e-01,3.542495965957641602e-01,-4.181346893310546875e+00,1.764253616333007812e+00,-1.165999293327331543e+00,-3.596654415130615234e+00,6.977068185806274414e-01,-1.959640026092529297e+00,1.562244415283203125e+00,8.581362366676330566e-01,-2.244544029235839844e-02,7.666916251182556152e-01,9.630420207977294922e-01,-4.610916227102279663e-02,-1.539575695991516113e+00,1.861092329025268555e+00,8.333749771118164062e-01,1.559482932090759277e+00,3.308960914611816406e+00,-1.337188005447387695e+00,1.893728137016296387e+00,-1.025138139724731445e+00,-1.722960472106933594e-01,-1.400540828704833984e+00,-1.266006946563720703e+00,-1.072541117668151855e+00,3.938551902770996094e+00,6.682661771774291992e-01,1.535433530807495117e+00,8.572269976139068604e-02,-4.280648708343505859e+00,-2.241351604461669922e+00,2.552859067916870117e+00
-1.555449485778808594e+00,-3.899599790573120117e+00,-1.494782328605651855e+00,3.362153053283691406e+00,-2.416993379592895508e+00,4.810413360595703125e+00,2.408199787139892578e+00,7.215026021003723145e-02,3.068483769893646240e-01,-1.446032166481018066e+00,1.872682094573974609e+00,-9.640937447547912598e-01,-5.896198749542236328e-01,2.405098438262939453e+00,-8.422228097915649414e-01,-1.861668229103088379e+00,-2.673316001892089844e-01,-2.325057744979858398e+00,-2.644115447998046875e+00,1.077095508575439453e+00,2.427346706390380859e+00,-1.999952435493469238e+00,-1.638305068016052246e+00,-1.235273480415344238e+00,1.112944483757019043e+00,1.083192043006420135e-02,-1.339433789253234863e+00,2.125912308692932129e-01,1.350890636444091797e+00,-1.620616674423217773e+00,1.263000965118408203e+00,-3.899818062782287598e-01,3.408937454223632812e-01,-4.131310939788818359e+00,1.689215421676635742e+00,-1.055468797683715820e+00,-3.545457363128662109e+00,9.461732506752014160e-01,-1.903677701950073242e+00,1.633771896362304688e+00,6.343402862548828125e-01,-1.908444166183471680e-01,6.832554340362548828e-01,9.720642566680908203e-01,-3.108593821525573730e-01,-1.624109745025634766e+00,1.886253833770751953e+00,7.254507541656494141e-01,1.418452739715576172e+00,3.169207096099853516e+00,-1.173951029777526855e+00,1.769113421440124512e+00,-9.115447402000427246e-01,-1.496057510375976562e-01,-1.515131354331970215e+00,-1.284393548965454102e+00,-1.041634082794189453e+00,3.838479995727539062e+00,6.703689098358154297e-01,1.136568665504455566e+00,-1.266209036111831665e-01,-3.977971315383911133e+00,-2.126909732818603516e+00,2.489965438842773438e+00
-1.564242839813232422e+00,-3.540705680847167969e+00,-1.515040993690490723e+00,3.445249557495117188e+00,-2.351908445358276367e+00,4.886741161346435547e+00,2.457477569580078125e+00,-2.048755437135696411e-01,1.771039813756942749e-01,-1.500202298164367676e+00,1.828655242919921875e+00,-6.371876597404479980e-01,-6.243829131126403809e-01,2.231653928756713867e+00,-7.513482570648193359e-01,-1.489133119583129883e+00,-2.229671776294708252e-01,-2.160490036010742188e+00,-2.290377378463745117e+00,1.248506546020507812e+00,2.081293106079101562e+00,-2.049088954925537109e+00,-1.275770425796508789e+00,-1.219663619995117188e+00,9.066020250320434570e-01,-1.744300723075866699e-01,-1.193028450012207031e+00,2.553792595863342285e-01,1.580494165420532227e+00,-1.759300112724304199e+00,1.565091371536254883e+00,-4.427886307239532471e-01,2.650271654129028320e-01,-4.049808979034423828e+00,1.867467045783996582e+00,-1.100571393966674805e+00,-3.462926626205444336e+00,6.235466003417968750e-01,-1.826113224029541016e+00,1.501013994216918945e+00,8.338329195976257324e-01,1.552497148513793945e-01,5.822162032127380371e-01,8.109819293022155762e-01,-8.248544484376907349e-02,-1.582732081413269043e+00,1.991712808609008789e+00,9.273605346679687500e-01,1.530037045478820801e+00,3.318963050842285156e+00,-1.345089435577392578e+00,1.870355367660522461e+00,-1.074939966201782227e+00,-3.565086424350738525e-01,-1.298265457153320312e+00,-1.192722201347351074e+00,-1.005978107452392578e+00,3.823315620422363281e+00,7.582883238792419434e-01,1.532744526863098145e+00,-2.018151879310607910e-01,-4.071918964385986328e+00,-2.077830314636230469e+00,2.547597169876098633e+00
-1.580844998359680176e+00,-3.591822624206542969e+00,-1.517417311668395996e+00,3.495043754577636719e+00,-2.181102991104125977e+00,5.192965030670166016e+00,2.433606624603271484e+00,7.846835255622863770e-02,2.869433909654617310e-02,-1.588635921478271484e+00,1.907609581947326660e+00,-8.415108919143676758e-01,-4.370082616806030273e-01,2.361076354980468750e+00,-6.217827200889587402e-01,-1.744200110435485840e+00,1.421570777893066406e-01,-2.451384544372558594e+00,-2.493252277374267578e+00,1.344951152801513672e+00,2.472823381423950195e+00,-2.106028318405151367e+00,-1.264119267463684082e+00,-1.122077465057373047e+00,8.978787064552307129e-01,-1.996663361787796021e-01,-1.302573204040527344e+00,2.466809004545211792e-01,1.314964652061462402e+00,-1.637900829315185547e+00,1.594113945960998535e+00,-5.894979238510131836e-01,7.026398181915283203e-02,-4.064573764801025391e+00,1.916251659393310547e+00,-1.037071347236633301e+00,-3.236443281173706055e+00,6.456648707389831543e-01,-1.797663211822509766e+00,1.553294658660888672e+00,6.266707777976989746e-01,-6.038975715637207031e-02,5.470952987670898438e-01,9.335126876831054688e-01,-3.267447352409362793e-01,-1.414527654647827148e+00,1.961269378662109375e+00,9.281298518180847168e-01,1.838293433189392090e+00,3.008624553680419922e+00,-1.220942616462707520e+00,1.652765035629272461e+00,-1.100956201553344727e+00,-4.894585013389587402e-01,-1.202075123786926270e+00,-1.318683862686157227e+00,-8.011745214462280273e-01,4.009661197662353516e+00,5.156455039978027344e-01,1.471653223037719727e+00,-1.506920307874679565e-01,-4.258194923400878906e+00,-2.101962089538574219e+00,2.588134050369262695e+00
-1.766921162605285645e+00,-3.718061923980712891e+00,-1.516242742538452148e+00,3.585805892944335938e+00,-2.510741949081420898e+00,5.122724533081054688e+00,2.281273841857910156e+00,1.115255653858184814e-01,5.740672349929809570e-04,-1.380847215652465820e+00,1.802865386009216309e+00,-6.359212994575500488e-01,-3.199479877948760986e-01,2.022210121154785156e+00,-4.340363442897796631e-01,-1.481794834136962891e+00,-1.318434476852416992e-01,-2.502078771591186523e+00,-2.565859317779541016e+00,1.194594025611877441e+00,2.345409393310546875e+00,-2.357909202575683594e+00,-1.425839781761169434e+00,-1.290699601173400879e+00,8.524764776229858398e-01,-2.271384447813034058e-01,-1.114328265190124512e+00,2.606347203254699707e-01,1.261909842491149902e+00,-1.988792538642883301e+00,1.426439762115478516e+00,-7.132251262664794922e-01,-9.581267833709716797e-03,-4.058691024780273438e+00,1.767787933349609375e+00,-1.483720660209655762e+00,-3.372571468353271484e+00,6.280305385589599609e-01,-2.103271722793579102e+00,1.626381158828735352e+00,8.304567933082580566e-01,-1.674020290374755859e-02,4.450015425682067871e-01,7.410528659820556641e-01,-1.930100917816162109e-01,-1.333666682243347168e+00,1.872895240783691406e+00,9.142136573791503906e-01,1.589220285415649414e+00,3.231928348541259766e+00,-1.112119674682617188e+00,1.801148533821105957e+00,-1.075913906097412109e+00,-3.541455864906311035e-01,-1.430866956710815430e+00,-1.349160194396972656e+00,-1.072751522064208984e+00,3.936276435852050781e+00,6.488639712333679199e-01,1.323803067207336426e+00,3.339956700801849365e-02,-4.181678295135498047e+00,-2.109908580780029297e+00,2.551988363265991211e+00
-1.644572615623474121e+00,-3.706291675567626953e+00,-1.531180739402770996e+00,3.550208806991577148e+00,-2.300516843795776367e+00,5.149626731872558594e+00,2.497047901153564453e+00,-1.524639129638671875e-01,1.047447621822357178e-01,-1.353983640670776367e+00,1.833817839622497559e+00,-8.123011589050292969e-01,-3.751986622810363770e-01,2.043184518814086914e+00,-8.589968681335449219e-01,-1.607867360115051270e+00,3.821313381195068359e-02,-2.207639932632446289e+00,-2.306760549545288086e+00,1.010421037673950195e+00,2.484129428863525391e+00,-2.094971179962158203e+00,-1.612422466278076172e+00,-1.353341102600097656e+00,8.275122046470642090e-01,-1.934612393379211426e-01,-1.061786890029907227e+00,7.113103568553924561e-02,1.434094667434692383e+00,-1.684697747230529785e+00,1.585420012474060059e+00,-6.574833989143371582e-01,6.722170114517211914e-02,-4.219301223754882812e+00,1.598333358764648438e+00,-1.209043860435485840e+00,-3.422127246856689453e+00,5.683269500732421875e-01,-1.763731718063354492e+00,1.320943355560302734e+00,7.589467167854309082e-01,-1.248271465301513672e-01,3.859339356422424316e-01,7.488907575607299805e-01,-2.212665826082229614e-01,-1.743651747703552246e+00,1.925828814506530762e+00,7.166939377784729004e-01,1.661988496780395508e+00,3.196654081344604492e+00,-9.784705042839050293e-01,2.003820419311523438e+00,-1.095632314682006836e+00,-1.570184230804443359e-01,-1.154724717140197754e+00,-1.601725578308105469e+00,-9.414016008377075195e-01,3.707949638366699219e+00,4.996251761913299561e-01,1.321121215820312500e+00,-1.915280222892761230e-01,-4.272914886474609375e+00,-2.294610500335693359e+00,2.594592332839965820e+00
-1.885591983795166016e+00,-3.778972148895263672e+00,-1.589389324188232422e+00,3.545585632324218750e+00,-2.357561111450195312e+00,5.159529209136962891e+00,2.433660984039306641e+00,-1.599532365798950195e-02,1.094214767217636108e-01,-1.428940534591674805e+00,1.603159666061401367e+00,-6.159961819648742676e-01,-6.691449284553527832e-01,2.107023239135742188e+00,-7.744404077529907227e-01,-1.905307054519653320e+00,-2.554484009742736816e-01,-2.471052646636962891e+00,-2.364075899124145508e+00,1.266330718994140625e+00,2.409564495086669922e+00,-2.249456644058227539e+00,-1.675646543502807617e+00,-1.444429874420166016e+00,1.024351596832275391e+00,-2.145056873559951782e-01,-1.306402683258056641e+00,9.027910232543945312e-02,1.221415996551513672e+00,-1.745598316192626953e+00,1.647475004196166992e+00,-5.379931926727294922e-01,-5.598795413970947266e-02,-4.264121055603027344e+00,1.886754512786865234e+00,-1.086132287979125977e+00,-3.564610004425048828e+00,6.281476616859436035e-01,-2.124687671661376953e+00,1.473104119300842285e+00,6.321415901184082031e-01,-1.124382019042968750e-02,5.944669246673583984e-01,1.007670164108276367e+00,-1.413701325654983521e-01,-1.479734778404235840e+00,1.743936777114868164e+00,7.443848252296447754e-01,1.862015962600708008e+00,3.176601886749267578e+00,-1.203985214233398438e+00,1.851737022399902344e+00,-8.393474817276000977e-01,-3.974772691726684570e-01,-1.394711375236511230e+00,-1.246072530746459961e+00,-1.109046220779418945e+00,3.804435729980468750e+00,8.947452306747436523e-01,1.273687601089477539e+00,-1.423355340957641602e-01,-4.191589832305908203e+00,-2.368261814117431641e+00,2.657151699066162109e+00
-1.834428191184997559e+00,-3.623995780944824219e+00,-1.775906562805175781e+00,3.338115215301513672e+00,-2.433989524841308594e+00,4.932039260864257812e+00,2.220079660415649414e+00,-7.936054468154907227e-02,7.438343763351440430e-02,-1.695801496505737305e+00,1.623616933822631836e+00,-7.247616648674011230e-01,-6.227003335952758789e-01,2.323412179946899414e+00,-5.375259518623352051e-01,-1.892926216125488281e+00,-1.976721882820129395e-01,-2.268581390380859375e+00,-2.534185886383056641e+00,1.061286449432373047e+00,2.168297290802001953e+00,-2.314156055450439453e+00,-1.593112707138061523e+00,-1.331591844558715820e+00,9.545649886131286621e-01,9.020707011222839355e-02,-1.121249079704284668e+00,4.214373230934143066e-01,1.300016283988952637e+00,-1.627153515815734863e+00,1.283956050872802734e+00,-3.387664854526519775e-01,3.222252428531646729e-01,-4.198534488677978516e+00,1.626563310623168945e+00,-1.148849248886108398e+00,-3.571220874786376953e+00,6.838469505310058594e-01,-2.074536323547363281e+00,1.686802864074707031e+00,1.075488805770874023e+00,-1.167328357696533203e-01,7.419503331184387207e-01,9.651641845703125000e-01,-2.555369138717651367e-01,-1.365493178367614746e+00,1.918444991111755371e+00,6.529967784881591797e-01,1.852990508079528809e+00,3.373968601226806641e+00,-1.190435051918029785e+00,1.919512152671813965e+00,-7.663035988807678223e-01,-1.620833277702331543e-01,-1.349538922309875488e+00,-1.593605518341064453e+00,-1.178235769271850586e+00,3.703155755996704102e+00,7.800735235214233398e-01,1.382652640342712402e+00,-1.170037761330604553e-01,-4.362537384033203125e+00,-2.119279384613037109e+00,2.617936611175537109e+00
-1.547471761703491211e+00,-3.564312934875488281e+00,-1.843510150909423828e+00,3.576802253723144531e+00,-2.296813011169433594e+00,4.899844646453857422e+00,2.504742622375488281e+00,1.106354296207427979e-01,2.058705985546112061e-01,-1.371316552162170410e+00,1.656358480453491211e+00,-6.434563994407653809e-01,-4.813890457153320312e-01,2.358136415481567383e+00,-4.776543676853179932e-01,-1.575287103652954102e+00,5.378958582878112793e-02,-2.478078603744506836e+00,-2.600835323333740234e+00,1.187584519386291504e+00,2.064956188201904297e+00,-2.196686744689941406e+00,-1.644232392311096191e+00,-1.090920329093933105e+00,8.620360493659973145e-01,8.109417557716369629e-02,-1.047866940498352051e+00,2.195224761962890625e-01,1.293321013450622559e+00,-1.967071652412414551e+00,1.266750335693359375e+00,-5.717885494232177734e-01,-1.569265127182006836e-02,-4.038595676422119141e+00,1.920855760574340820e+00,-1.374354600906372070e+00,-3.338111639022827148e+00,6.411284804344177246e-01,-1.884614467620849609e+00,1.611959695816040039e+00,6.633089780807495117e-01,1.102119684219360352e-01,7.565100789070129395e-01,6.819554567337036133e-01,-1.482917368412017822e-01,-1.534231901168823242e+00,1.828493833541870117e+00,7.178885936737060547e-01,1.524050354957580566e+00,3.491485595703125000e+00,-1.353829622268676758e+00,1.638258218765258789e+00,-1.135321617126464844e+00,-5.265954136848449707e-01,-1.353365540504455566e+00,-1.492771744728088379e+00,-1.153408527374267578e+00,3.711445808410644531e+00,5.442081689834594727e-01,1.325523376464843750e+00,-3.271785378456115723e-02,-4.271874427795410156e+00,-2.068521499633789062e+00,2.461114645004272461e+00
-1.867716312408447266e+00,-3.714993238449096680e+00,-1.591327071189880371e+00,3.478388786315917969e+00,-2.309885978698730469e+00,5.124197006225585938e+00,2.474059104919433594e+00,-2.673795819282531738e-02,-3.970986604690551758e-02,-1.318385481834411621e+00,1.667883753776550293e+00,-6.495392322540283203e-01,-6.528735160827636719e-01,2.188610315322875977e+00,-4.333620667457580566e-01,-1.856565117835998535e+00,-2.091755270957946777e-01,-2.411355018615722656e+00,-2.293553352355957031e+00,9.496554136276245117e-01,2.482926368713378906e+00,-1.987543821334838867e+00,-1.593147277832031250e+00,-1.196450233459472656e+00,7.868927717208862305e-01,-7.374705374240875244e-02,-1.212610363960266113e+00,2.459761202335357666e-01,1.499397397041320801e+00,-1.623473405838012695e+00,1.384389281272888184e+00,-5.969862937927246094e-01,3.057738542556762695e-01,-4.245133876800537109e+00,1.520026683807373047e+00,-1.375170707702636719e+00,-3.243341922760009766e+00,5.847387313842773438e-01,-1.993619203567504883e+00,1.549842834472656250e+00,9.286533594131469727e-01,3.728061914443969727e-02,7.523380517959594727e-01,6.589685678482055664e-01,-1.692540794610977173e-01,-1.437206268310546875e+00,1.957781791687011719e+00,7.799502611160278320e-01,1.455660820007324219e+00,3.338965177536010742e+00,-1.132093548774719238e+00,1.975961208343505859e+00,-9.459517598152160645e-01,-4.248157143592834473e-01,-1.334423661231994629e+00,-1.269896388053894043e+00,-1.201385498046875000e+00,3.985513687133789062e+00,6.367770433425903320e-01,1.451105833053588867e+00,-1.684242784976959229e-01,-4.215130805969238281e+00,-2.412997245788574219e+00,2.387744426727294922e+00
-1.626444339752197266e+00,-3.475346803665161133e+00,-1.477952241897583008e+00,3.541566371917724609e+00,-2.421833515167236328e+00,4.978664398193359375e+00,2.610259056091308594e+00,9.378314018249511719e-02,-1.303800940513610840e-02,-1.472792744636535645e+00,1.879929304122924805e+00,-6.334299445152282715e-01,-5.756061077117919922e-01,2.090905189514160156e+00,-6.744016408920288086e-01,-1.545712947845458984e+00,-2.823428511619567871e-01,-2.419989585876464844e+00,-2.531117439270019531e+00,1.317583799362182617e+00,2.207539796829223633e+00,-2.273221015930175781e+00,-1.427623748779296875e+00,-1.203048706054687500e+00,9.373455047607421875e-01,4.217242076992988586e-02,-1.120423674583435059e+00,4.542438387870788574e-01,1.367651820182800293e+00,-1.947659015655517578e+00,1.359769344329833984e+00,-6.230897903442382812e-01,3.504917025566101074e-01,-4.197613716125488281e+00,1.896914124488830566e+00,-1.397786617279052734e+00,-3.347844600677490234e+00,9.847558140754699707e-01,-1.817777514457702637e+00,1.499624252319335938e+00,7.983609437942504883e-01,2.166652679443359375e-02,5.386773347854614258e-01,8.832793831825256348e-01,-1.549320966005325317e-01,-1.506838321685791016e+00,2.130945682525634766e+00,9.024005532264709473e-01,1.634645581245422363e+00,3.192087888717651367e+00,-1.124146103858947754e+00,1.742432594299316406e+00,-1.102404117584228516e+00,-5.361349582672119141e-01,-1.152310252189636230e+00,-1.337834596633911133e+00,-1.110043764114379883e+00,3.871111869812011719e+00,7.816015481948852539e-01,1.198550581932067871e+00,-6.681428104639053345e-02,-4.112480163574218750e+00,-2.436737060546875000e+00,2.651333570480346680e+00
-1.696514844894409180e+00,-3.836097002029418945e+00,-1.784082889556884766e+00,3.320191383361816406e+00,-2.380398988723754883e+00,5.143415927886962891e+00,2.259160995483398438e+00,-1.831540614366531372e-01,3.503823280334472656e-02,-1.426430940628051758e+00,1.763528823852539062e+00,-9.671429991722106934e-01,-6.640661954879760742e-01,2.258953094482421875e+00,-7.563614845275878906e-01,-1.689315795898437500e+00,-7.266253232955932617e-03,-2.308959245681762695e+00,-2.273851633071899414e+00,1.171541690826416016e+00,2.387619495391845703e+00,-2.249884843826293945e+00,-1.388367533683776855e+00,-1.497687339782714844e+00,9.113147258758544922e-01,1.446403861045837402e-01,-1.279188513755798340e+00,2.536272108554840088e-01,1.480844616889953613e+00,-1.748254656791687012e+00,1.456915020942687988e+00,-5.896031856536865234e-01,3.739111721515655518e-01,-3.921446561813354492e+00,1.799219131469726562e+00,-1.245763778686523438e+00,-3.501897335052490234e+00,1.007350921630859375e+00,-1.757372498512268066e+00,1.639351963996887207e+00,8.044320940971374512e-01,-9.246706962585449219e-03,5.176844596862792969e-01,9.192495346069335938e-01,-2.940711975097656250e-01,-1.558599114418029785e+00,1.751475334167480469e+00,7.179131507873535156e-01,1.479665040969848633e+00,3.219382524490356445e+00,-9.702647328376770020e-01,2.006256103515625000e+00,-8.996886610984802246e-01,-1.922467052936553955e-01,-1.242753028869628906e+00,-1.576340794563293457e+00,-9.732487201690673828e-01,3.761891126632690430e+00,8.311423063278198242e-01,1.206441044807434082e+00,3.037826716899871826e-02,-4.295716285705566406e+00,-2.406995296478271484e+00,2.486739158630371094e+00
-1.919282913208007812e+00,-3.591246843338012695e+00,-1.820508599281311035e+00,3.381841659545898438e+00,-2.442303180694580078e+00,5.152380943298339844e+00,2.466317653656005859e+00,-8.614540100097656250e-03,3.234002590179443359e-01,-1.289035320281982422e+00,1.622287631034851074e+00,-7.907128334045410156e-01,-3.754054307937622070e-01,2.078447103500366211e+00,-4.904406070709228516e-01,-1.851264238357543945e+00,-9.179210662841796875e-02,-2.132956981658935547e+00,-2.409063577651977539e+00,1.240969181060791016e+00,2.354203462600708008e+00,-2.019140720367431641e+00,-1.263875246047973633e+00,-1.323161125183105469e+00,1.172503590583801270e+00,-1.363243311643600464e-01,-1.328220844268798828e+00,4.586635529994964600e-02,1.456295132637023926e+00,-1.751475214958190918e+00,1.649184823036193848e+00,-5.618033409118652344e-01,1.242601871490478516e-02,-4.114097595214843750e+00,1.830771923065185547e+00,-1.274746656417846680e+00,-3.488893508911132812e+00,9.525444507598876953e-01,-1.763433575630187988e+00,1.310464382171630859e+00,9.084826111793518066e-01,6.258618831634521484e-02,7.021020054817199707e-01,9.414352178573608398e-01,-2.520781755447387695e-02,-1.454840064048767090e+00,1.988943815231323242e+00,6.711946129798889160e-01,1.554073810577392578e+00,3.198278427124023438e+00,-1.309629201889038086e+00,1.594671607017517090e+00,-7.816241383552551270e-01,-3.893057703971862793e-01,-1.263170957565307617e+00,-1.321840524673461914e+00,-1.017548561096191406e+00,3.804420709609985352e+00,9.350085258483886719e-01,1.510043740272521973e+00,-2.517760694026947021e-01,-4.307597637176513672e+00,-2.290774583816528320e+00,2.552069425582885742e+00
-1.928645730018615723e+00,-3.881989955902099609e+00,-1.833964109420776367e+00,3.313071012496948242e+00,-2.289448976516723633e+00,4.902240276336669922e+00,2.192494869232177734e+00,-6.402066349983215332e-02,2.163009643554687500e-01,-1.563072204589843750e+00,1.943923115730285645e+00,-9.672881364822387695e-01,-5.210289359092712402e-01,2.196265935897827148e+00,-4.833420813083648682e-01,-1.535031318664550781e+00,-7.185822725296020508e-02,-2.331125736236572266e+00,-2.326685428619384766e+00,9.377104043960571289e-01,2.375119209289550781e+00,-2.201106786727905273e+00,-1.361419558525085449e+00,-1.357573986053466797e+00,1.047039151191711426e+00,3.742851316928863525e-02,-1.206252455711364746e+00,2.851173281669616699e-01,1.344831705093383789e+00,-2.026020765304565430e+00,1.563190937042236328e+00,-3.879421949386596680e-01,-5.144470930099487305e-02,-4.123289585113525391e+00,1.763407468795776367e+00,-1.290092706680297852e+00,-3.448847770690917969e+00,9.579482078552246094e-01,-2.074607610702514648e+00,1.304677128791809082e+00,6.537343263626098633e-01,-1.091053485870361328e-01,3.836703300476074219e-01,8.680801391601562500e-01,-1.276386082172393799e-01,-1.645583748817443848e+00,1.950074672698974609e+00,6.958413124084472656e-01,1.529299020767211914e+00,3.070328474044799805e+00,-1.180794119834899902e+00,1.636692166328430176e+00,-8.390923142433166504e-01,-2.015153169631958008e-01,-1.517545104026794434e+00,-1.316670536994934082e+00,-9.967651963233947754e-01,4.042459964752197266e+00,5.888952612876892090e-01,1.157058119773864746e+00,3.852307796478271484e-03,-4.096285343170166016e+00,-2.127019882202148438e+00,2.537801980972290039e+00
-1.672770619392395020e+00,-3.740865468978881836e+00,-1.633688688278198242e+00,3.523364543914794922e+00,-2.508797645568847656e+00,4.829936981201171875e+00,2.492120742797851562e+00,-8.741250634193420410e-02,2.681397795677185059e-01,-1.533725500106811523e+00,1.977260589599609375e+00,-6.533298492431640625e-01,-6.069905757904052734e-01,2.075549840927124023e+00,-6.120930910110473633e-01,-1.680577754974365234e+00,-1.418957114219665527e-02,-2.284227132797241211e+00,-2.570961236953735352e+00,1.302223563194274902e+00,2.425204753875732422e+00,-2.292377948760986328e+00,-1.547567129135131836e+00,-1.476079463958740234e+00,9.773297309875488281e-01,-1.243486478924751282e-01,-1.152312874794006348e+00,3.782711923122406006e-02,1.283228039741516113e+00,-1.771069884300231934e+00,1.321967363357543945e+00,-6.303095817565917969e-01,6.389111280441284180e-02,-4.342508316040039062e+00,1.537357687950134277e+00,-1.089164853096008301e+00,-3.603344202041625977e+00,9.893414974212646484e-01,-2.048468112945556641e+00,1.595162868499755859e+00,7.255173921585083008e-01,-1.870071887969970703e-01,6.081425547599792480e-01,6.080623865127563477e-01,-2.613877058029174805e-01,-1.616494536399841309e+00,2.122999429702758789e+00,7.826312184333801270e-01,1.575796246528625488e+00,3.202678680419921875e+00,-1.199590206146240234e+00,1.675774812698364258e+00,-9.178367853164672852e-01,-4.895991683006286621e-01,-1.162780046463012695e+00,-1.407246112823486328e+00,-1.145215988159179688e+00,3.743979692459106445e+00,8.101122975349426270e-01,1.512644171714782715e+00,-1.528913527727127075e-01,-4.065471172332763672e+00,-2.043733358383178711e+00,2.610079526901245117e+00
-1.951094627380371094e+00,-3.512754440307617188e+00,-1.631632804870605469e+00,3.451745510101318359e+00,-2.427072763442993164e+00,5.036801338195800781e+00,2.578528165817260742e+00,-1.187113672494888306e-01,1.899021863937377930e-02,-1.399347305297851562e+00,1.879074335098266602e+00,-6.072215437889099121e-01,-6.206992268562316895e-01,2.045031070709228516e+00,-4.340334534645080566e-01,-1.863280057907104492e+00,-2.814993262290954590e-01,-2.292049646377563477e+00,-2.626680612564086914e+00,1.138686418533325195e+00,2.329974651336669922e+00,-2.264077901840209961e+00,-1.443885684013366699e+00,-1.336676359176635742e+00,8.988370895385742188e-01,1.381957679986953735e-01,-1.193936467170715332e+00,2.667638659477233887e-01,1.506573796272277832e+00,-1.823317050933837891e+00,1.524010181427001953e+00,-6.254798769950866699e-01,3.319181501865386963e-01,-4.270669460296630859e+00,1.697286605834960938e+00,-1.284920454025268555e+00,-3.602888107299804688e+00,6.532652974128723145e-01,-1.912649154663085938e+00,1.413894414901733398e+00,9.808433055877685547e-01,1.196777224540710449e-01,6.335442066192626953e-01,6.701219081878662109e-01,-1.937390565872192383e-01,-1.736974835395812988e+00,2.053214073181152344e+00,8.773466348648071289e-01,1.570315957069396973e+00,3.366498231887817383e+00,-1.192319989204406738e+00,1.757908105850219727e+00,-9.490077495574951172e-01,-2.793845236301422119e-01,-1.471310734748840332e+00,-1.435445904731750488e+00,-1.203570127487182617e+00,4.036582946777343750e+00,8.306422233581542969e-01,1.347166776657104492e+00,-5.945563316345214844e-06,-3.976554393768310547e+00,-2.347697973251342773e+00,2.429182052612304688e+00
-1.922326803207397461e+00,-3.562397480010986328e+00,-1.744823217391967773e+00,3.536619663238525391e+00,-2.188619375228881836e+00,5.212199211120605469e+00,2.515299320220947266e+00,-1.082748621702194214e-01,9.026543796062469482e-02,-1.398374199867248535e+00,1.791283607482910156e+00,-6.306000947952270508e-01,-5.361067056655883789e-01,2.189826488494873047e+00,-5.721594095230102539e-01,-1.514790654182434082e+00,1.164433658123016357e-01,-2.134677648544311523e+00,-2.365119695663452148e+00,1.159987449645996094e+00,2.300294637680053711e+00,-2.216814756393432617e+00,-1.545033693313598633e+00,-1.419780969619750977e+00,1.030169010162353516e+00,6.311013549566268921e-02,-1.119409084320068359e+00,3.651318550109863281e-01,1.556718826293945312e+00,-1.859374642372131348e+00,1.586084485054016113e+00,-4.279181957244873047e-01,1.470029950141906738e-01,-3.951000928878784180e+00,1.700284004211425781e+00,-1.062509775161743164e+00,-3.335183620452880859e+00,7.653727531433105469e-01,-1.801680326461791992e+00,1.351175308227539062e+00,8.569319248199462891e-01,1.220459342002868652e-01,5.669562816619873047e-01,5.940015316009521484e-01,-2.996919155120849609e-01,-1.513710975646972656e+00,1.877967357635498047e+00,7.724466323852539062e-01,1.781529545783996582e+00,3.477895259857177734e+00,-1.286537051200866699e+00,1.973835945129394531e+00,-9.632470607757568359e-01,-1.904379725456237793e-01,-1.526887416839599609e+00,-1.328421831130981445e+00,-9.351242780685424805e-01,3.710356950759887695e+00,8.205525875091552734e-01,1.215580224990844727e+00,1.171152591705322266e-01,-4.289102554321289062e+00,-2.434187412261962891e+00,2.315233230590820312e+00
-1.789110541343688965e+00,-3.686548709869384766e+00,-1.577527523040771484e+00,3.631926536560058594e+00,-2.165131807327270508e+00,5.186649322509765625e+00,2.587660551071166992e+00,-1.687124669551849365e-01,-1.517398655414581299e-02,-1.667335987091064453e+00,1.627494096755981445e+00,-8.414581418037414551e-01,-3.050132691860198975e-01,2.010551452636718750e+00,-8.060129880905151367e-01,-1.501113891601562500e+00,-2.446936368942260742e-01,-2.344309091567993164e+00,-2.328100204467773438e+00,1.089973449707031250e+00,2.071765184402465820e+00,-2.147117137908935547e+00,-1.363529562950134277e+00,-1.333728075027465820e+00,1.132907629013061523e+00,8.738292753696441650e-02,-1.060088634490966797e+00,4.143708646297454834e-01,1.412955880165100098e+00,-1.830755710601806641e+00,1.289307355880737305e+00,-5.278069972991943359e-01,1.537189483642578125e-01,-3.984257459640502930e+00,1.649550557136535645e+00,-1.370201826095581055e+00,-3.258593320846557617e+00,6.892417669296264648e-01,-1.848111033439636230e+00,1.549446582794189453e+00,7.338655591011047363e-01,4.697602987289428711e-02,5.329995751380920410e-01,6.725536584854125977e-01,-4.405817985534667969e-01,-1.603512048721313477e+00,1.723160624504089355e+00,1.065358519554138184e+00,1.441274046897888184e+00,3.367597579956054688e+00,-1.361727595329284668e+00,1.653179883956909180e+00,-8.494808077812194824e-01,-4.151254892349243164e-01,-1.165036678314208984e+00,-1.258727550506591797e+00,-8.822873234748840332e-01,4.061235427856445312e+00,6.654384136199951172e-01,1.522962808609008789e+00,-1.607786267995834351e-01,-4.081518650054931641e+00,-2.206269502639770508e+00,2.599953889846801758e+00
-1.816167712211608887e+00,-3.592047929763793945e+00,-1.582282423973083496e+00,3.551881313323974609e+00,-2.425215721130371094e+00,4.942242145538330078e+00,2.395053863525390625e+00,-3.702959418296813965e-02,1.650186330080032349e-01,-1.374497175216674805e+00,1.983311176300048828e+00,-9.600002169609069824e-01,-4.538399875164031982e-01,2.290285110473632812e+00,-4.545715749263763428e-01,-1.660496115684509277e+00,-2.130488753318786621e-01,-2.113924264907836914e+00,-2.573165416717529297e+00,1.086015701293945312e+00,2.144387483596801758e+00,-1.999113082885742188e+00,-1.448578119277954102e+00,-1.443532824516296387e+00,1.109153270721435547e+00,1.376786828041076660e-01,-1.289562225341796875e+00,1.981593370437622070e-01,1.398181557655334473e+00,-1.924324631690979004e+00,1.286831855773925781e+00,-5.231350660324096680e-01,2.982082962989807129e-01,-4.005917072296142578e+00,1.565912008285522461e+00,-1.206584453582763672e+00,-3.432315826416015625e+00,6.667224168777465820e-01,-1.885631799697875977e+00,1.603378772735595703e+00,1.022979259490966797e+00,5.183553695678710938e-02,3.488743305206298828e-01,9.112501740455627441e-01,-5.703426897525787354e-02,-1.538120746612548828e+00,1.829848289489746094e+00,8.638238906860351562e-01,1.554962754249572754e+00,3.237040042877197266e+00,-1.140926599502563477e+00,1.645844936370849609e+00,-8.182579278945922852e-01,-1.294271349906921387e-01,-1.180477261543273926e+00,-1.255288600921630859e+00,-7.990142107009887695e-01,3.955318450927734375e+00,7.308552861213684082e-01,1.272127866744995117e+00,-2.496405094861984253e-01,-4.022539138793945312e+00,-2.362035274505615234e+00,2.657939910888671875e+00
-1.806606650352478027e+00,-3.657602787017822266e+00,-1.563611388206481934e+00,3.444674968719482422e+00,-2.273617506027221680e+00,4.858256340026855469e+00,2.214404344558715820e+00,1.939481198787689209e-01,2.132177203893661499e-01,-1.281954646110534668e+00,1.749676227569580078e+00,-8.017765283584594727e-01,-5.438910722732543945e-01,2.268403530120849609e+00,-4.626206159591674805e-01,-1.858423590660095215e+00,1.910966634750366211e-01,-2.159507513046264648e+00,-2.649154901504516602e+00,9.728379249572753906e-01,2.337282419204711914e+00,-2.165154218673706055e+00,-1.425390601158142090e+00,-1.122338652610778809e+00,1.079722285270690918e+00,-6.133148819208145142e-02,-8.947649002075195312e-01,1.828866153955459595e-01,1.266127467155456543e+00,-1.894574165344238281e+00,1.637070775032043457e+00,-5.122919082641601562e-01,9.206360578536987305e-02,-3.852921485900878906e+00,1.830947875976562500e+00,-1.425047755241394043e+00,-3.616013765335083008e+00,8.880468010902404785e-01,-1.710518360137939453e+00,1.307793736457824707e+00,6.083275675773620605e-01,2.515554428100585938e-03,5.746135711669921875e-01,1.027611255645751953e+00,-4.058255255222320557e-02,-1.469908714294433594e+00,2.019760131835937500e+00,7.002189159393310547e-01,1.844957470893859863e+00,3.327851533889770508e+00,-1.157951951026916504e+00,1.908472895622253418e+00,-1.086077451705932617e+00,-3.078035712242126465e-01,-1.169529438018798828e+00,-1.368822932243347168e+00,-9.218623638153076172e-01,3.944946527481079102e+00,8.843742012977600098e-01,1.511357545852661133e+00,-1.613521128892898560e-01,-4.190482616424560547e+00,-2.330043077468872070e+00,2.294889211654663086e+00
-1.659236073493957520e+00,-3.766535282135009766e+00,-1.699675679206848145e+00,3.485805749893188477e+00,-2.200853109359741211e+00,5.130732536315917969e+00,2.317975521087646484e+00,-1.754319071769714355e-01,-1.612661778926849365e-02,-1.274469494819641113e+00,1.682340383529663086e+00,-6.907108426094055176e-01,-4.129559397697448730e-01,2.420870780944824219e+00,-6.730976700782775879e-01,-1.849812507629394531e+00,-1.110296249389648438e-01,-2.339470624923706055e+00,-2.542626857757568359e+00,1.040584802627563477e+00,2.135738134384155273e+00,-1.995711803436279297e+00,-1.540496706962585449e+00,-1.351813793182373047e+00,9.245167970657348633e-01,-9.431999176740646362e-02,-1.255182743072509766e+00,1.828117668628692627e-01,1.362735509872436523e+00,-1.946930408477783203e+00,1.275457382202148438e+00,-6.741576194763183594e-01,3.297249674797058105e-01,-3.995213508605957031e+00,1.819776535034179688e+00,-1.406499385833740234e+00,-3.492076635360717773e+00,9.779898524284362793e-01,-1.849478125572204590e+00,1.416790008544921875e+00,7.315474748611450195e-01,1.922832727432250977e-01,4.389615654945373535e-01,1.015472888946533203e+00,-3.054338395595550537e-01,-1.541831374168395996e+00,1.845740795135498047e+00,8.951796293258666992e-01,1.690380334854125977e+00,3.354053974151611328e+00,-1.223690271377563477e+00,1.708128094673156738e+00,-1.010926485061645508e+00,-1.475355625152587891e-01,-1.384552359580993652e+00,-1.477882146835327148e+00,-9.656447172164916992e-01,3.840402603149414062e+00,8.382260799407958984e-01,1.281987547874450684e+00,1.374827772378921509e-01,-4.027184009552001953e+00,-2.290009975433349609e+00,2.362699747085571289e+00
-1.652958273887634277e+00,-3.582528829574584961e+00,-1.637620091438293457e+00,3.409705638885498047e+00,-2.463272571563720703e+00,4.814862251281738281e+00,2.587638854980468750e+00,4.221200942993164062e-03,1.804662495851516724e-01,-1.482421040534973145e+00,1.933329582214355469e+00,-6.827770471572875977e-01,-3.903489112854003906e-01,2.030069351196289062e+00,-6.036943197250366211e-01,-1.785349130630493164e+00,2.252405881881713867e-02,-2.335377216339111328e+00,-2.238276720046997070e+00,1.197174549102783203e+00,2.495439291000366211e+00,-2.106119394302368164e+00,-1.486598968505859375e+00,-1.182302355766296387e+00,8.971217870712280273e-01,-1.637915670871734619e-01,-1.288597106933593750e+00,1.904225647449493408e-01,1.202996850013732910e+00,-1.878919005393981934e+00,1.583261132240295410e+00,-5.040354132652282715e-01,4.671680927276611328e-02,-3.949783325195312500e+00,1.729734659194946289e+00,-1.344072341918945312e+00,-3.429499149322509766e+00,7.297454476356506348e-01,-1.704392910003662109e+00,1.616771697998046875e+00,6.341425180435180664e-01,2.840268611907958984e-02,3.843439817428588867e-01,6.420164704322814941e-01,-3.782237768173217773e-01,-1.509627103805541992e+00,1.786214113235473633e+00,1.049725174903869629e+00,1.462723135948181152e+00,3.100177049636840820e+00,-1.060825109481811523e+00,1.991779208183288574e+00,-7.785159349441528320e-01,-2.216151356697082520e-01,-1.502361655235290527e+00,-1.379286170005798340e+00,-1.020357131958007812e+00,3.905829191207885742e+00,8.164746165275573730e-01,1.550126194953918457e+00,-2.443248033523559570e-01,-4.132922172546386719e+00,-2.292476415634155273e+00,2.415184974670410156e+00
-1.925226688385009766e+00,-3.826306343078613281e+00,-1.524941682815551758e+00,3.603704452514648438e+00,-2.445769548416137695e+00,5.178085803985595703e+00,2.475712299346923828e+00,-8.106550574302673340e-02,3.169190883636474609e-01,-1.648121714591979980e+00,1.968641638755798340e+00,-9.539380669593811035e-01,-4.454385042190551758e-01,2.139734506607055664e+00,-7.182369232177734375e-01,-1.706054925918579102e+00,1.187101900577545166e-01,-2.462342023849487305e+00,-2.671445369720458984e+00,9.421514272689819336e-01,2.181892395019531250e+00,-1.984983325004577637e+00,-1.614025592803955078e+00,-1.281701803207397461e+00,1.072328090667724609e+00,1.663731783628463745e-01,-1.355262041091918945e+00,9.958471357822418213e-02,1.160189867019653320e+00,-1.702129602432250977e+00,1.235090494155883789e+00,-3.751820921897888184e-01,1.426524519920349121e-01,-3.986657619476318359e+00,1.786010503768920898e+00,-1.252849340438842773e+00,-3.496624946594238281e+00,6.814600229263305664e-01,-1.729158759117126465e+00,1.534053087234497070e+00,7.240417003631591797e-01,-1.488571166992187500e-01,4.986073374748229980e-01,7.455258369445800781e-01,-4.060615003108978271e-01,-1.686337709426879883e+00,1.768267273902893066e+00,9.931089878082275391e-01,1.510876774787902832e+00,3.121586799621582031e+00,-1.237903952598571777e+00,1.807840347290039062e+00,-8.327761292457580566e-01,-4.740005135536193848e-01,-1.534913539886474609e+00,-1.463740110397338867e+00,-1.027435541152954102e+00,3.776861667633056641e+00,5.536212921142578125e-01,1.586853027343750000e+00,-9.645122289657592773e-02,-3.997461080551147461e+00,-2.188900947570800781e+00,2.695647001266479492e+00
-1.542981982231140137e+00,-3.867481708526611328e+00,-1.579433083534240723e+00,3.249795436859130859e+00,-2.367292881011962891e+00,4.829739570617675781e+00,2.500851154327392578e+00,1.506927609443664551e-01,-6.201943755149841309e-02,-1.394510984420776367e+00,1.894915103912353516e+00,-7.014851570129394531e-01,-3.057163059711456299e-01,2.303038120269775391e+00,-7.919105291366577148e-01,-1.814898610115051270e+00,1.663967967033386230e-02,-2.203518867492675781e+00,-2.272246360778808594e+00,1.168487310409545898e+00,2.183414220809936523e+00,-2.242930173873901367e+00,-1.324181675910949707e+00,-1.160547256469726562e+00,9.656525254249572754e-01,-1.578246802091598511e-01,-1.013918995857238770e+00,1.706173419952392578e-01,1.425035476684570312e+00,-1.807097911834716797e+00,1.546034812927246094e+00,-6.273857355117797852e-01,1.103584170341491699e-01,-4.024024486541748047e+00,1.688809037208557129e+00,-1.286000490188598633e+00,-3.533843040466308594e+00,9.368308782577514648e-01,-1.702578783035278320e+00,1.623609304428100586e+00,6.273280382156372070e-01,7.040417194366455078e-02,5.173925161361694336e-01,1.041656851768493652e+00,-3.207084238529205322e-01,-1.594268321990966797e+00,1.927887678146362305e+00,7.466067671775817871e-01,1.765932440757751465e+00,3.057508945465087891e+00,-1.233406186103820801e+00,1.810959339141845703e+00,-1.088225960731506348e+00,-4.489986300468444824e-01,-1.326707839965820312e+00,-1.313271999359130859e+00,-1.122698545455932617e+00,3.664629936218261719e+00,7.849202156066894531e-01,1.179803609848022461e+00,-4.881295561790466309e-02,-4.074435234069824219e+00,-2.261087417602539062e+00,2.529227018356323242e+00
-1.830250382423400879e+00,-3.531138658523559570e+00,-1.719629287719726562e+00,3.580079078674316406e+00,-2.515771389007568359e+00,5.122039318084716797e+00,2.430571079254150391e+00,2.206861972808837891e-03,4.338066279888153076e-02,-1.421340703964233398e+00,1.770030975341796875e+00,-6.158720850944519043e-01,-7.161428332328796387e-01,2.156331539154052734e+00,-7.513132691383361816e-01,-1.580548644065856934e+00,-9.611573815345764160e-02,-2.273202896118164062e+00,-2.351548910140991211e+00,1.207904696464538574e+00,2.150330781936645508e+00,-2.305020093917846680e+00,-1.615551114082336426e+00,-1.474739074707031250e+00,9.945706129074096680e-01,-2.243408411741256714e-01,-1.209734797477722168e+00,2.566899955272674561e-01,1.435701847076416016e+00,-1.813852667808532715e+00,1.461870908737182617e+00,-6.035022139549255371e-01,2.261689305305480957e-01,-4.007333755493164062e+00,1.619561910629272461e+00,-1.434023380279541016e+00,-3.285884380340576172e+00,6.382608413696289062e-01,-1.994525551795959473e+00,1.523970484733581543e+00,1.064107060432434082e+00,3.262221813201904297e-02,7.484537363052368164e-01,7.717615962028503418e-01,-2.820786088705062866e-02,-1.375793695449829102e+00,2.141361236572265625e+00,1.014029979705810547e+00,1.610114455223083496e+00,3.128831863403320312e+00,-1.200068116188049316e+00,1.778107404708862305e+00,-7.890115380287170410e-01,-4.432983994483947754e-01,-1.175556302070617676e+00,-1.560775518417358398e+00,-9.134699702262878418e-01,3.828969955444335938e+00,7.324656248092651367e-01,1.279505968093872070e+00,1.445513218641281128e-01,-4.195237636566162109e+00,-2.248752593994140625e+00,2.543049335479736328e+00
-1.913619518280029297e+00,-3.722787141799926758e+00,-1.752910494804382324e+00,3.425254821777343750e+00,-2.312057018280029297e+00,4.886250972747802734e+00,2.542508125305175781e+00,-4.337510466575622559e-02,3.064979612827301025e-02,-1.621911525726318359e+00,1.633520841598510742e+00,-7.577373981475830078e-01,-6.265752315521240234e-01,2.107003927230834961e+00,-8.378364443778991699e-01,-1.722730517387390137e+00,7.780498266220092773e-02,-2.368251323699951172e+00,-2.430883169174194336e+00,1.371269583702087402e+00,2.377674102783203125e+00,-2.094521999359130859e+00,-1.293679714202880859e+00,-1.075909972190856934e+00,1.154480576515197754e+00,1.732285469770431519e-01,-1.254960298538208008e+00,2.334176450967788696e-01,1.326742887496948242e+00,-1.949857115745544434e+00,1.420980572700500488e+00,-4.026391506195068359e-01,2.209036946296691895e-01,-3.947426080703735352e+00,1.727577447891235352e+00,-1.226361036300659180e+00,-3.209521532058715820e+00,9.330701231956481934e-01,-2.008470296859741211e+00,1.688664197921752930e+00,8.869583606719970703e-01,-2.036930322647094727e-01,5.249951481819152832e-01,9.227010011672973633e-01,-3.383206725120544434e-01,-1.591842889785766602e+00,1.853597640991210938e+00,9.784903526306152344e-01,1.485709905624389648e+00,3.397373199462890625e+00,-1.203233361244201660e+00,1.689402580261230469e+00,-1.117442607879638672e+00,-2.515826225280761719e-01,-1.119001865386962891e+00,-1.219153642654418945e+00,-9.767944812774658203e-01,3.766190528869628906e+00,7.325400114059448242e-01,1.391159296035766602e+00,-1.927633285522460938e-01,-4.226398468017578125e+00,-2.191176414489746094e+00,2.436100959777832031e+00
-1.562077283859252930e+00,-3.598757266998291016e+00,-1.405443191528320312e+00,3.431945800781250000e+00,-2.460270166397094727e+00,5.044963836669921875e+00,2.510312795639038086e+00,6.511223316192626953e-02,2.859104573726654053e-01,-1.538966894149780273e+00,1.876960039138793945e+00,-7.460845708847045898e-01,-3.994379639625549316e-01,2.307883262634277344e+00,-5.377151370048522949e-01,-1.833318829536437988e+00,4.515659809112548828e-02,-2.308547735214233398e+00,-2.411486625671386719e+00,9.719794988632202148e-01,2.253938913345336914e+00,-2.181313514709472656e+00,-1.468485951423645020e+00,-1.268975257873535156e+00,9.767230749130249023e-01,7.681497186422348022e-02,-1.258459568023681641e+00,2.792688012123107910e-01,1.177669525146484375e+00,-1.788918256759643555e+00,1.624668121337890625e+00,-3.919305801391601562e-01,2.976025938987731934e-01,-3.948283910751342773e+00,1.617627382278442383e+00,-1.159748315811157227e+00,-3.303617477416992188e+00,8.228448629379272461e-01,-1.801540374755859375e+00,1.630611658096313477e+00,8.670185804367065430e-01,5.218654870986938477e-02,7.825223207473754883e-01,7.302331924438476562e-01,-2.003663778305053711e-01,-1.579378366470336914e+00,1.816787004470825195e+00,9.394110441207885742e-01,1.795888662338256836e+00,3.428348064422607422e+00,-1.104099869728088379e+00,1.659191370010375977e+00,-7.450098991394042969e-01,-1.162720322608947754e-01,-1.250326156616210938e+00,-1.424421787261962891e+00,-8.490024209022521973e-01,3.865052938461303711e+00,8.983098864555358887e-01,1.394003272056579590e+00,-2.207219600677490234e-02,-4.182199478149414062e+00,-2.291678905487060547e+00,2.615806102752685547e+00
-1.664893627166748047e+00,-3.608590126037597656e+00,-1.592050552368164062e+00,3.558460712432861328e+00,-2.124525308609008789e+00,4.791415214538574219e+00,2.439569950103759766e+00,2.151994109153747559e-01,1.406460106372833252e-01,-1.575656414031982422e+00,1.671883344650268555e+00,-1.009245157241821289e+00,-5.108116865158081055e-01,2.117224931716918945e+00,-7.346640825271606445e-01,-1.790959596633911133e+00,-1.869624853134155273e-01,-2.470860958099365234e+00,-2.698279142379760742e+00,9.421452879905700684e-01,2.101093292236328125e+00,-2.391858100891113281e+00,-1.555713057518005371e+00,-1.394133329391479492e+00,1.054290771484375000e+00,-1.772705763578414917e-01,-1.117235422134399414e+00,4.132203757762908936e-01,1.534358620643615723e+00,-1.821804761886596680e+00,1.350083351135253906e+00,-3.331723809242248535e-01,2.339603602886199951e-01,-3.961122989654541016e+00,1.582450151443481445e+00,-1.244205474853515625e+00,-3.516669034957885742e+00,7.834556102752685547e-01,-1.885947942733764648e+00,1.295164704322814941e+00,9.692962169647216797e-01,1.526510715484619141e-01,3.742495179176330566e-01,6.179450750350952148e-01,-2.612798511981964111e-01,-1.416891455650329590e+00,1.863401889801025391e+00,1.011005640029907227e+00,1.492356777191162109e+00,3.303689241409301758e+00,-9.556263685226440430e-01,1.884289145469665527e+00,-1.142386555671691895e+00,-1.533780992031097412e-01,-1.180311679840087891e+00,-1.429718375205993652e+00,-1.098976135253906250e+00,3.920097827911376953e+00,8.391059041023254395e-01,1.399506449699401855e+00,-2.141034007072448730e-01,-4.339769840240478516e+00,-2.173593997955322266e+00,2.672252178192138672e+00
-1.779536843299865723e+00,-3.540121793746948242e+00,-1.637824892997741699e+00,3.621009111404418945e+00,-2.552423000335693359e+00,4.875812053680419922e+00,2.582312107086181641e+00,1.559386253356933594e-01,1.787192672491073608e-01,-1.392409682273864746e+00,1.753934383392333984e+00,-7.918852567672729492e-01,-7.005763053894042969e-01,2.053849935531616211e+00,-6.089495420455932617e-01,-1.785879731178283691e+00,-3.358613550662994385e-01,-2.259910583496093750e+00,-2.588623046875000000e+00,1.071090936660766602e+00,2.295086860656738281e+00,-2.059786319732666016e+00,-1.412325382232666016e+00,-1.407438635826110840e+00,7.581231594085693359e-01,-1.789288669824600220e-01,-1.036069750785827637e+00,3.066985607147216797e-01,1.474297881126403809e+00,-1.669723033905029297e+00,1.401932597160339355e+00,-5.140262246131896973e-01,1.589105129241943359e-01,-3.954265594482421875e+00,1.726140260696411133e+00,-1.121188402175903320e+00,-3.530436038970947266e+00,6.628483533859252930e-01,-2.141406297683715820e+00,1.611362218856811523e+00,7.623948454856872559e-01,2.155850529670715332e-01,5.253219604492187500e-01,9.741616249084472656e-01,-1.822893768548965454e-01,-1.380403757095336914e+00,1.779634237289428711e+00,1.033732414245605469e+00,1.753095865249633789e+00,3.112968921661376953e+00,-9.805201292037963867e-01,1.911929368972778320e+00,-1.111960411071777344e+00,-5.285667181015014648e-01,-1.225989937782287598e+00,-1.527379751205444336e+00,-8.784369826316833496e-01,3.985025167465209961e+00,8.539348244667053223e-01,1.291285037994384766e+00,8.537995815277099609e-02,-4.072693347930908203e+00,-2.154572010040283203e+00,2.492299795150756836e+00
-1.892199277877807617e+00,-3.742151975631713867e+00,-1.714172124862670898e+00,3.555161952972412109e+00,-2.340035200119018555e+00,5.084400177001953125e+00,2.401641845703125000e+00,1.240622997283935547e-02,-7.584182918071746826e-02,-1.302695870399475098e+00,1.608740091323852539e+00,-9.867776036262512207e-01,-6.522141695022583008e-01,2.397933959960937500e+00,-7.443438768386840820e-01,-1.681396365165710449e+00,-1.423404812812805176e-01,-2.138698101043701172e+00,-2.562881946563720703e+00,1.307149410247802734e+00,2.335283041000366211e+00,-2.315749168395996094e+00,-1.657533288002014160e+00,-1.501826524734497070e+00,1.025152206420898438e+00,-1.264367997646331787e-01,-1.232962846755981445e+00,1.634989082813262939e-01,1.408743977546691895e+00,-1.849929451942443848e+00,1.297572612762451172e+00,-6.987805962562561035e-01,-5.734854936599731445e-02,-4.266831874847412109e+00,1.755646467208862305e+00,-1.059377670288085938e+00,-3.497327327728271484e+00,8.404591083526611328e-01,-1.811309099197387695e+00,1.612154722213745117e+00,8.413361310958862305e-01,2.507436275482177734e-02,6.771248579025268555e-01,7.155005335807800293e-01,-3.704638481140136719e-01,-1.530702114105224609e+00,2.145142316818237305e+00,1.040200233459472656e+00,1.446229219436645508e+00,3.419513463973999023e+00,-1.168689846992492676e+00,1.674010276794433594e+00,-1.136617302894592285e+00,-4.349773526191711426e-01,-1.377551436424255371e+00,-1.432838201522827148e+00,-8.908649086952209473e-01,3.803472518920898438e+00,6.323542594909667969e-01,1.341060280799865723e+00,-8.090759068727493286e-02,-4.282712459564208984e+00,-2.232182502746582031e+00,2.593727588653564453e+00
-1.705357789993286133e+00,-3.490436792373657227e+00,-1.638859748840332031e+00,3.674100875854492188e+00,-2.224826812744140625e+00,5.170998573303222656e+00,2.608088016510009766e+00,4.863056540489196777e-02,-5.557599663734436035e-02,-1.684074878692626953e+00,2.021012783050537109e+00,-9.758791923522949219e-01,-6.411159634590148926e-01,2.411260604858398438e+00,-8.280062675476074219e-01,-1.758912086486816406e+00,6.133353710174560547e-02,-2.195007324218750000e+00,-2.579713821411132812e+00,1.264176368713378906e+00,2.201005697250366211e+00,-2.094298601150512695e+00,-1.317509651184082031e+00,-1.142853260040283203e+00,1.083179593086242676e+00,1.149326339364051819e-01,-1.156587004661560059e+00,1.867142319679260254e-01,1.252679467201232910e+00,-1.866609811782836914e+00,1.247397899627685547e+00,-3.178973793983459473e-01,1.552105545997619629e-01,-4.327439785003662109e+00,1.640457153320312500e+00,-1.128957748413085938e+00,-3.499899625778198242e+00,5.791506767272949219e-01,-2.135468006134033203e+00,1.487429618835449219e+00,7.038174271583557129e-01,-9.427356719970703125e-02,4.882944226264953613e-01,9.720534086227416992e-01,-1.304276585578918457e-01,-1.560357093811035156e+00,1.773035049438476562e+00,7.888201475143432617e-01,1.616266846656799316e+00,3.472192287445068359e+00,-1.024389505386352539e+00,1.882323861122131348e+00,-7.844013571739196777e-01,-3.216853737831115723e-01,-1.128208518028259277e+00,-1.237489342689514160e+00,-9.199227690696716309e-01,3.729925870895385742e+00,8.292557001113891602e-01,1.321062326431274414e+00,-5.230930447578430176e-02,-4.180244445800781250e+00,-2.364135742187500000e+00,2.356273174285888672e+00
-1.574223279953002930e+00,-3.675937414169311523e+00,-1.555886030197143555e+00,3.432043552398681641e+00,-2.444499254226684570e+00,4.812718868255615234e+00,2.440156936645507812e+00,1.074420213699340820e-01,1.615713536739349365e-01,-1.539164304733276367e+00,1.770891189575195312e+00,-5.727356672286987305e-01,-3.749651908874511719e-01,2.084342241287231445e+00,-7.147495746612548828e-01,-1.805962085723876953e+00,5.004078149795532227e-02,-2.449098587036132812e+00,-2.670944213867187500e+00,1.359154939651489258e+00,2.394223690032958984e+00,-2.163243055343627930e+00,-1.464884757995605469e+00,-1.196077823638916016e+00,8.296558856964111328e-01,-4.723189026117324829e-02,-9.978208541870117188e-01,1.461124867200851440e-01,1.516358375549316406e+00,-1.904021501541137695e+00,1.632150173187255859e+00,-5.663316249847412109e-01,3.733143210411071777e-01,-4.199720859527587891e+00,1.571903705596923828e+00,-1.258397340774536133e+00,-3.299802780151367188e+00,6.400324106216430664e-01,-1.868460416793823242e+00,1.405611634254455566e+00,6.828879714012145996e-01,-2.258753776550292969e-02,4.698099493980407715e-01,6.380604505538940430e-01,-4.072142839431762695e-01,-1.640443682670593262e+00,1.965085268020629883e+00,8.138952851295471191e-01,1.581096529960632324e+00,3.146600723266601562e+00,-1.187729477882385254e+00,2.019066810607910156e+00,-9.531604051589965820e-01,-3.488372266292572021e-01,-1.527093172073364258e+00,-1.281613588333129883e+00,-1.089469909667968750e+00,3.673168420791625977e+00,6.573819518089294434e-01,1.242496371269226074e+00,-8.816362172365188599e-02,-4.110061168670654297e+00,-2.158560276031494141e+00,2.388108253479003906e+00
-1.783331036567687988e+00,-3.820718050003051758e+00,-1.743368029594421387e+00,3.694103002548217773e+00,-2.231323957443237305e+00,4.799470424652099609e+00,2.274722576141357422e+00,1.444582641124725342e-01,2.816769480705261230e-01,-1.670542120933532715e+00,1.614361047744750977e+00,-6.346920132637023926e-01,-3.585620820522308350e-01,2.258589982986450195e+00,-7.821896076202392578e-01,-1.579949855804443359e+00,-8.832329511642456055e-02,-2.120532512664794922e+00,-2.427994251251220703e+00,1.056534290313720703e+00,2.481872797012329102e+00,-2.044401168823242188e+00,-1.600856781005859375e+00,-1.148733258247375488e+00,9.312627315521240234e-01,1.224400997161865234e-01,-9.625858664512634277e-01,2.820368707180023193e-01,1.536495447158813477e+00,-1.780302286148071289e+00,1.405345320701599121e+00,-4.956402182579040527e-01,5.039620399475097656e-02,-4.245073795318603516e+00,1.580897092819213867e+00,-1.328599452972412109e+00,-3.293598175048828125e+00,7.427523732185363770e-01,-2.002718925476074219e+00,1.357762098312377930e+00,6.794817447662353516e-01,6.359660625457763672e-02,4.604320526123046875e-01,6.594920158386230469e-01,-1.781814992427825928e-01,-1.370193839073181152e+00,1.940811634063720703e+00,9.594185352325439453e-01,1.631349563598632812e+00,3.154485225677490234e+00,-1.266974210739135742e+00,1.828772783279418945e+00,-7.966910600662231445e-01,-4.840682744979858398e-01,-1.286184191703796387e+00,-1.341761589050292969e+00,-1.128738880157470703e+00,3.909680366516113281e+00,4.824770689010620117e-01,1.215303540229797363e+00,2.227903902530670166e-02,-4.127565383911132812e+00,-2.142040014266967773e+00,2.757568120956420898e+00
-1.862677931785583496e+00,-3.585427522659301758e+00,-1.602354288101196289e+00,3.714126825332641602e+00,-2.337285757064819336e+00,4.891093730926513672e+00,2.386545896530151367e+00,5.138796567916870117e-02,-2.935753762722015381e-02,-1.321326375007629395e+00,1.864247322082519531e+00,-7.889984846115112305e-01,-4.071344733238220215e-01,2.199891805648803711e+00,-5.866690278053283691e-01,-1.526095151901245117e+00,2.465051412582397461e-02,-2.087073087692260742e+00,-2.618186235427856445e+00,1.195131778717041016e+00,2.230540513992309570e+00,-2.179548263549804688e+00,-1.571027874946594238e+00,-1.145295143127441406e+00,9.278348684310913086e-01,-1.018431708216667175e-01,-1.334141254425048828e+00,6.592765450477600098e-02,1.347168564796447754e+00,-1.609643340110778809e+00,1.426274538040161133e+00,-5.929262638092041016e-01,3.142534196376800537e-01,-4.015871047973632812e+00,1.677642583847045898e+00,-1.304740548133850098e+00,-3.380372285842895508e+00,1.003400087356567383e+00,-2.133598566055297852e+00,1.495588898658752441e+00,8.791593909263610840e-01,2.046919465065002441e-01,4.475268125534057617e-01,8.531052470207214355e-01,-9.776432812213897705e-02,-1.579409837722778320e+00,1.835441231727600098e+00,1.075786948204040527e+00,1.524361848831176758e+00,3.138911724090576172e+00,-1.087180018424987793e+00,1.855048894882202148e+00,-8.268938064575195312e-01,-3.017290234565734863e-01,-1.360905885696411133e+00,-1.199465990066528320e+00,-9.136539697647094727e-01,3.674798965454101562e+00,6.753412485122680664e-01,1.216644048690795898e+00,-2.790628373622894287e-01,-4.091578960418701172e+00,-2.272771835327148438e+00,2.479979991912841797e+00
-1.686607956886291504e+00,-3.523965597152709961e+00,-1.702606916427612305e+00,3.516131401062011719e+00,-2.253655433654785156e+00,4.840264320373535156e+00,2.342622995376586914e+00,1.518767178058624268e-01,2.281407564878463745e-01,-1.451349139213562012e+00,1.609679222106933594e+00,-1.021311283111572266e+00,-2.956791520118713379e-01,2.033054828643798828e+00,-6.551362276077270508e-01,-1.664678812026977539e+00,-2.531416416168212891e-01,-2.132910251617431641e+00,-2.445120811462402344e+00,1.076483726501464844e+00,2.042921304702758789e+00,-2.377830505371093750e+00,-1.629324316978454590e+00,-1.175794959068298340e+00,8.029564023017883301e-01,4.600168764591217041e-02,-9.721516370773315430e-01,8.832442760467529297e-02,1.564616084098815918e+00,-1.870158433914184570e+00,1.437095880508422852e+00,-3.775924444198608398e-01,4.768013954162597656e-02,-4.155949115753173828e+00,1.668969869613647461e+00,-1.240159392356872559e+00,-3.427874326705932617e+00,5.795766711235046387e-01,-1.993340015411376953e+00,1.313206911087036133e+00,8.022898435592651367e-01,2.020886540412902832e-01,6.875303387641906738e-01,5.724705457687377930e-01,-3.524098992347717285e-01,-1.400480866432189941e+00,1.675936937332153320e+00,1.071134567260742188e+00,1.515734910964965820e+00,3.259912014007568359e+00,-1.003579974174499512e+00,1.693791627883911133e+00,-8.916791677474975586e-01,-5.007849335670471191e-01,-1.394909143447875977e+00,-1.560555458068847656e+00,-9.354862570762634277e-01,4.008134841918945312e+00,8.705206513404846191e-01,1.563064217567443848e+00,-4.744733124971389771e-02,-4.096564769744873047e+00,-2.383674621582031250e+00,2.391883373260498047e+00
-1.719907999038696289e+00,-3.834174871444702148e+00,-1.429983615875244141e+00,3.548966884613037109e+00,-2.441473245620727539e+00,5.127696037292480469e+00,2.599526405334472656e+00,1.223266124725341797e-03,9.513828158378601074e-02,-1.434670805931091309e+00,1.821662068367004395e+00,-9.352840185165405273e-01,-4.312236607074737549e-01,2.113752126693725586e+00,-6.357871294021606445e-01,-1.747460365295410156e+00,-2.729119658470153809e-01,-2.117124557495117188e+00,-2.680419921875000000e+00,1.365132570266723633e+00,2.334156990051269531e+00,-2.281035900115966797e+00,-1.323066711425781250e+00,-1.435382366180419922e+00,8.644096255302429199e-01,9.662760049104690552e-02,-1.227960467338562012e+00,4.889249205589294434e-01,1.198615908622741699e+00,-1.859338641166687012e+00,1.343548774719238281e+00,-4.586698114871978760e-01,-5.235671997070312500e-03,-4.166656017303466797e+00,1.646365284919738770e+00,-1.276652216911315918e+00,-3.217190027236938477e+00,6.414129734039306641e-01,-1.848373293876647949e+00,1.604522705078125000e+00,6.978335380554199219e-01,1.373984813690185547e-01,4.890729188919067383e-01,8.343458175659179688e-01,-1.584004908800125122e-01,-1.343560218811035156e+00,1.957931518554687500e+00,8.936491012573242188e-01,1.776326298713684082e+00,3.250573635101318359e+00,-1.105960488319396973e+00,1.924927711486816406e+00,-1.067394018173217773e+00,-4.451656341552734375e-01,-1.455231428146362305e+00,-1.160750508308410645e+00,-1.098319053649902344e+00,3.651316165924072266e+00,7.930872440338134766e-01,1.527342915534973145e+00,-1.820407956838607788e-01,-4.379874229431152344e+00,-2.243175268173217773e+00,2.329891920089721680e+00
-1.766726016998291016e+00,-3.831335067749023438e+00,-1.586204528808593750e+00,3.322523355484008789e+00,-2.510439157485961914e+00,4.875867843627929688e+00,2.574252605438232422e+00,-1.359064877033233643e-01,1.804048866033554077e-01,-1.258464455604553223e+00,1.971386075019836426e+00,-9.105633497238159180e-01,-7.383071184158325195e-01,2.138824224472045898e+00,-6.835397481918334961e-01,-1.666084766387939453e+00,-1.738104224205017090e-01,-2.540457725524902344e+00,-2.286107778549194336e+00,1.175475835800170898e+00,2.093267440795898438e+00,-2.277046442031860352e+00,-1.676968216896057129e+00,-1.468548536300659180e+00,9.053114652633666992e-01,1.646991372108459473e-01,-1.083498358726501465e+00,1.912786960601806641e-01,1.284346818923950195e+00,-1.921924233436584473e+00,1.269637942314147949e+00,-6.548158526420593262e-01,2.334792017936706543e-01,-3.995865821838378906e+00,1.577381849288940430e+00,-1.338044404983520508e+00,-3.452778100967407227e+00,8.088620901107788086e-01,-2.065963268280029297e+00,1.504328608512878418e+00,9.587344527244567871e-01,1.093052029609680176e-01,4.810046553611755371e-01,7.069851160049438477e-01,-4.188101291656494141e-01,-1.525563955307006836e+00,2.126384973526000977e+00,6.636746525764465332e-01,1.574292540550231934e+00,3.377852201461791992e+00,-1.364611983299255371e+00,1.634236574172973633e+00,-7.330194711685180664e-01,-1.576922535896301270e-01,-1.444932341575622559e+00,-1.502389550209045410e+00,-8.731530904769897461e-01,4.039173603057861328e+00,5.096387863159179688e-01,1.496489763259887695e+00,-2.708774805068969727e-02,-4.041045188903808594e+00,-2.051876544952392578e+00,2.442755937576293945e+00
-1.521932005882263184e+00,-3.735131502151489258e+00,-1.829723119735717773e+00,3.494911670684814453e+00,-2.483221292495727539e+00,5.165131092071533203e+00,2.480869770050048828e+00,-5.804686248302459717e-02,-1.073018312454223633e-01,-1.436093807220458984e+00,1.610969543457031250e+00,-7.174282670021057129e-01,-6.090235710144042969e-01,2.245074272155761719e+00,-6.287462711334228516e-01,-1.784431934356689453e+00,1.438592374324798584e-01,-2.395134449005126953e+00,-2.372379302978515625e+00,1.121757984161376953e+00,2.406988382339477539e+00,-2.136336565017700195e+00,-1.622205734252929688e+00,-1.395366907119750977e+00,8.808102011680603027e-01,1.759856380522251129e-02,-1.226244211196899414e+00,9.849107265472412109e-02,1.467933773994445801e+00,-1.906495928764343262e+00,1.566328525543212891e+00,-5.091321468353271484e-01,5.204677581787109375e-04,-4.097958087921142578e+00,1.914983749389648438e+00,-1.388214588165283203e+00,-3.314684867858886719e+00,9.579501152038574219e-01,-1.909009575843811035e+00,1.400278568267822266e+00,7.608547210693359375e-01,-1.284899711608886719e-01,4.233401417732238770e-01,9.209032058715820312e-01,-3.612301945686340332e-01,-1.544986724853515625e+00,1.721227884292602539e+00,7.678937911987304688e-01,1.492865085601806641e+00,3.451268434524536133e+00,-1.192098736763000488e+00,1.734980344772338867e+00,-9.003237485885620117e-01,-2.095564305782318115e-01,-1.247202396392822266e+00,-1.604187607765197754e+00,-1.058855175971984863e+00,3.698284626007080078e+00,9.273726940155029297e-01,1.148179650306701660e+00,-2.426325082778930664e-01,-4.073041915893554688e+00,-2.457682132720947266e+00,2.441764831542968750e+00
-1.627358317375183105e+00,-3.843977928161621094e+00,-1.475273609161376953e+00,3.529242277145385742e+00,-2.280100345611572266e+00,5.098181247711181641e+00,2.398729324340820312e+00,-1.080552637577056885e-01,2.752107977867126465e-01,-1.500655293464660645e+00,1.900507450103759766e+00,-9.741023182868957520e-01,-4.938349127769470215e-01,2.364544153213500977e+00,-4.863173365592956543e-01,-1.809963703155517578e+00,-1.644251942634582520e-01,-2.365198135375976562e+00,-2.437246322631835938e+00,1.150189161300659180e+00,2.294331073760986328e+00,-1.983206272125244141e+00,-1.494573116302490234e+00,-1.133173823356628418e+00,1.036696791648864746e+00,8.374930173158645630e-02,-1.193037152290344238e+00,4.286920130252838135e-01,1.369826555252075195e+00,-1.613108158111572266e+00,1.402119755744934082e+00,-5.177706480026245117e-01,7.718294858932495117e-02,-4.281068801879882812e+00,1.908018708229064941e+00,-1.064870834350585938e+00,-3.207119464874267578e+00,6.740750074386596680e-01,-1.803104758262634277e+00,1.354529619216918945e+00,8.601564168930053711e-01,-1.313992738723754883e-01,5.122095942497253418e-01,7.606208324432373047e-01,-3.917456567287445068e-01,-1.534350395202636719e+00,2.098431110382080078e+00,7.145122885704040527e-01,1.557282805442810059e+00,3.080723047256469727e+00,-1.019712328910827637e+00,1.745201826095581055e+00,-9.802652597427368164e-01,-4.045260250568389893e-01,-1.403989791870117188e+00,-1.273172020912170410e+00,-1.223933935165405273e+00,3.975535631179809570e+00,8.042044639587402344e-01,1.136318683624267578e+00,-1.612198054790496826e-01,-4.032400608062744141e+00,-2.003914833068847656e+00,2.727535247802734375e+00
-1.683162689208984375e+00,-3.631519079208374023e+00,-1.855879545211791992e+00,3.248718261718750000e+00,-2.322170019149780273e+00,5.023216247558593750e+00,2.346479177474975586e+00,1.179369390010833740e-01,2.004253268241882324e-01,-1.342247962951660156e+00,1.738353013992309570e+00,-6.120717525482177734e-01,-5.027362108230590820e-01,2.322223424911499023e+00,-4.535556733608245850e-01,-1.657836079597473145e+00,-2.634242773056030273e-01,-2.264569759368896484e+00,-2.566111803054809570e+00,1.261079549789428711e+00,2.150612592697143555e+00,-2.045193672180175781e+00,-1.642771959304809570e+00,-1.475939750671386719e+00,1.032821655273437500e+00,-3.959341719746589661e-02,-1.226055145263671875e+00,4.759951829910278320e-01,1.276945114135742188e+00,-1.846570253372192383e+00,1.437868714332580566e+00,-2.991904020309448242e-01,3.508126735687255859e-02,-4.072533607482910156e+00,1.927469730377197266e+00,-1.309999942779541016e+00,-3.493474245071411133e+00,7.653132677078247070e-01,-1.750346899032592773e+00,1.663483381271362305e+00,7.050123810768127441e-01,2.246403694152832031e-02,4.773241281509399414e-01,7.543689608573913574e-01,-3.230230808258056641e-01,-1.720134139060974121e+00,1.834446430206298828e+00,6.935133337974548340e-01,1.729581713676452637e+00,3.031710624694824219e+00,-1.085874676704406738e+00,1.661105155944824219e+00,-8.445260524749755859e-01,-3.027229011058807373e-01,-1.463185429573059082e+00,-1.155900835990905762e+00,-1.137119531631469727e+00,3.807991981506347656e+00,8.867397308349609375e-01,1.321022272109985352e+00,-1.653430908918380737e-01,-4.288536548614501953e+00,-2.130416631698608398e+00,2.669973850250244141e+00
-1.775648355484008789e+00,-3.529600143432617188e+00,-1.549788355827331543e+00,3.632121324539184570e+00,-2.288152694702148438e+00,4.832544803619384766e+00,2.319526433944702148e+00,1.534075736999511719e-01,3.267201185226440430e-01,-1.281906723976135254e+00,1.882838249206542969e+00,-6.165968775749206543e-01,-3.921635150909423828e-01,2.106685638427734375e+00,-5.990012884140014648e-01,-1.528696656227111816e+00,-6.956565380096435547e-02,-2.323682069778442383e+00,-2.522613286972045898e+00,1.338983774185180664e+00,2.268542528152465820e+00,-2.290887355804443359e+00,-1.565704941749572754e+00,-1.349694848060607910e+00,8.632115125656127930e-01,-2.079486250877380371e-01,-1.021571755409240723e+00,1.194707602262496948e-01,1.248492479324340820e+00,-1.710690498352050781e+00,1.561181187629699707e+00,-3.264774084091186523e-01,-4.347491264343261719e-02,-4.076177597045898438e+00,1.694819450378417969e+00,-1.176824212074279785e+00,-3.471532821655273438e+00,6.373962163925170898e-01,-2.078778028488159180e+00,1.454317092895507812e+00,9.885852932929992676e-01,-1.988279819488525391e-02,5.633403062820434570e-01,5.829946398735046387e-01,-2.748720645904541016e-01,-1.560318946838378906e+00,1.834503889083862305e+00,8.255863189697265625e-01,1.546308279037475586e+00,3.276671886444091797e+00,-1.315947890281677246e+00,1.864280343055725098e+00,-8.515543937683105469e-01,-1.429843902587890625e-01,-1.529311776161193848e+00,-1.392759561538696289e+00,-1.140489578247070312e+00,3.887681484222412109e+00,7.672362327575683594e-01,1.194202303886413574e+00,-1.484731137752532959e-01,-4.362357616424560547e+00,-2.265735626220703125e+00,2.712067604064941406e+00
-1.660887360572814941e+00,-3.760971069335937500e+00,-1.722041487693786621e+00,3.334069728851318359e+00,-2.493535757064819336e+00,4.982099533081054688e+00,2.363756179809570312e+00,-6.842947006225585938e-02,3.141584992408752441e-01,-1.583895444869995117e+00,1.719358921051025391e+00,-6.417631506919860840e-01,-3.912530243396759033e-01,2.221716403961181641e+00,-5.722114443778991699e-01,-1.906418800354003906e+00,-2.622418999671936035e-01,-2.089735984802246094e+00,-2.532674789428710938e+00,1.307633996009826660e+00,2.230022668838500977e+00,-2.226712703704833984e+00,-1.297579765319824219e+00,-1.096638202667236328e+00,9.020868539810180664e-01,-1.184589043259620667e-01,-1.338360786437988281e+00,1.258392632007598877e-01,1.152456879615783691e+00,-1.810924768447875977e+00,1.451481819152832031e+00,-7.098332643508911133e-01,2.984610795974731445e-01,-4.156580924987792969e+00,1.863218426704406738e+00,-1.423728466033935547e+00,-3.384042263031005859e+00,9.619925022125244141e-01,-1.937708377838134766e+00,1.700613498687744141e+00,9.428955316543579102e-01,-3.812026977539062500e-02,7.723008394241333008e-01,8.906781673431396484e-01,-3.928622603416442871e-02,-1.372224926948547363e+00,1.875202894210815430e+00,7.828152775764465332e-01,1.513076901435852051e+00,3.167730093002319336e+00,-1.350935697555541992e+00,1.581401348114013672e+00,-7.626459598541259766e-01,-5.115557909011840820e-01,-1.437257885932922363e+00,-1.253483176231384277e+00,-1.186906337738037109e+00,3.899251222610473633e+00,5.793699026107788086e-01,1.248369097709655762e+00,4.324844479560852051e-02,-4.170840740203857422e+00,-2.371688604354858398e+00,2.443993330001831055e+00
-1.678289175033569336e+00,-3.494779109954833984e+00,-1.734795570373535156e+00,3.632587194442749023e+00,-2.469280004501342773e+00,4.843195915222167969e+00,2.416277408599853516e+00,-9.816035628318786621e-02,1.652043908834457397e-01,-1.308085083961486816e+00,1.934328675270080566e+00,-5.912377834320068359e-01,-6.975015401840209961e-01,2.065779685974121094e+00,-6.051691174507141113e-01,-1.612214565277099609e+00,-1.567364633083343506e-01,-2.390215873718261719e+00,-2.521742105484008789e+00,1.218276977539062500e+00,2.392354726791381836e+00,-2.024125814437866211e+00,-1.480342030525207520e+00,-1.112058162689208984e+00,1.111158967018127441e+00,-1.422433853149414062e-01,-1.153814077377319336e+00,1.662862747907638550e-01,1.399956226348876953e+00,-1.870641469955444336e+00,1.555223941802978516e+00,-6.065294742584228516e-01,5.904471874237060547e-02,-4.256587028503417969e+00,1.585863709449768066e+00,-1.332771301269531250e+00,-3.293447971343994141e+00,9.462804794311523438e-01,-1.902911067008972168e+00,1.650209069252014160e+00,6.417065262794494629e-01,1.327893137931823730e-01,6.715052127838134766e-01,8.560645580291748047e-01,-3.778444230556488037e-01,-1.375271558761596680e+00,1.932199358940124512e+00,8.747152090072631836e-01,1.660433053970336914e+00,3.074795007705688477e+00,-1.134589910507202148e+00,1.951826333999633789e+00,-9.880794286727905273e-01,-3.453233540058135986e-01,-1.316975593566894531e+00,-1.388412833213806152e+00,-1.076308608055114746e+00,3.905402660369873047e+00,5.448409914970397949e-01,1.279652953147888184e+00,-2.117979526519775391e-01,-4.409910202026367188e+00,-2.145573139190673828e+00,2.744936227798461914e+00
-1.727275609970092773e+00,-3.848384857177734375e+00,-1.749488830566406250e+00,3.696907997131347656e+00,-2.413663387298583984e+00,4.958242893218994141e+00,2.265152454376220703e+00,9.407854080200195312e-02,2.700724601745605469e-01,-1.764438867568969727e+00,1.831325650215148926e+00,-5.946446657180786133e-01,-5.792982578277587891e-01,2.256868362426757812e+00,-5.393626093864440918e-01,-1.637093067169189453e+00,-2.201850116252899170e-01,-2.239012718200683594e+00,-2.334248542785644531e+00,1.336957693099975586e+00,2.445736885070800781e+00,-2.159013986587524414e+00,-1.525110244750976562e+00,-1.461621284484863281e+00,9.720497131347656250e-01,-1.137887984514236450e-01,-1.163205623626708984e+00,1.153325438499450684e-01,1.385898351669311523e+00,-1.581348180770874023e+00,1.527163386344909668e+00,-6.910017728805541992e-01,-6.964886188507080078e-02,-3.957911491394042969e+00,1.514908552169799805e+00,-1.304425477981567383e+00,-3.608196735382080078e+00,6.798853874206542969e-01,-2.136202812194824219e+00,1.506986975669860840e+00,8.220911026000976562e-01,-6.688952445983886719e-03,3.558893799781799316e-01,7.596926689147949219e-01,-3.608201444149017334e-02,-1.664188623428344727e+00,2.029541492462158203e+00,1.064712882041931152e+00,1.626673936843872070e+00,3.060721874237060547e+00,-1.178234577178955078e+00,1.589087963104248047e+00,-8.618680238723754883e-01,-2.312741577625274658e-01,-1.405252337455749512e+00,-1.472457408905029297e+00,-1.186118125915527344e+00,3.819365501403808594e+00,4.809744358062744141e-01,1.176783680915832520e+00,-2.145730853080749512e-01,-4.042192935943603516e+00,-2.019485235214233398e+00,2.627785444259643555e+00
-1.707559823989868164e+00,-3.715491771697998047e+00,-1.785797834396362305e+00,3.323324203491210938e+00,-2.416884183883666992e+00,5.069956779479980469e+00,2.304983615875244141e+00,7.794386148452758789e-02,4.284679889678955078e-03,-1.476301670074462891e+00,1.925563216209411621e+00,-8.813077807426452637e-01,-3.698655068874359131e-01,2.186982393264770508e+00,-5.052996277809143066e-01,-1.886936664581298828e+00,-2.442663311958312988e-01,-2.401119232177734375e+00,-2.218859910964965820e+00,1.454307556152343750e+00,2.284085035324096680e+00,-2.386023521423339844e+00,-1.626503705978393555e+00,-1.345276117324829102e+00,1.201780080795288086e+00,5.578315258026123047e-02,-1.106497526168823242e+00,2.271456122398376465e-01,1.272818684577941895e+00,-1.886393308639526367e+00,1.487085700035095215e+00,-4.252815246582031250e-01,9.738188982009887695e-02,-3.876678466796875000e+00,1.551225900650024414e+00,-1.413056850433349609e+00,-3.613489866256713867e+00,8.654240369796752930e-01,-1.949671268463134766e+00,1.599812746047973633e+00,8.292186260223388672e-01,1.150618791580200195e-01,5.192449092864990234e-01,1.041137337684631348e+00,-2.690531909465789795e-01,-1.624042034149169922e+00,1.991883993148803711e+00,8.664846420288085938e-01,1.492398142814636230e+00,3.254415512084960938e+00,-1.209858298301696777e+00,1.723911285400390625e+00,-9.379354715347290039e-01,-2.679150700569152832e-01,-1.458660125732421875e+00,-1.608960628509521484e+00,-7.873830795288085938e-01,3.800285816192626953e+00,5.326755046844482422e-01,1.218609094619750977e+00,-4.133929312229156494e-02,-4.123712539672851562e+00,-2.236613273620605469e+00,2.330082893371582031e+00
-1.874555706977844238e+00,-3.788901805877685547e+00,-1.595768451690673828e+00,3.345575809478759766e+00,-2.524954080581665039e+00,4.829360485076904297e+00,2.371760845184326172e+00,-1.182800233364105225e-01,-1.078364253044128418e-02,-1.533073663711547852e+00,1.715047717094421387e+00,-9.890234470367431641e-01,-7.473625540733337402e-01,2.083722829818725586e+00,-6.673396229743957520e-01,-1.573864459991455078e+00,-1.143968701362609863e-01,-2.452027559280395508e+00,-2.320538043975830078e+00,1.185647964477539062e+00,2.467017889022827148e+00,-2.340273618698120117e+00,-1.516274929046630859e+00,-1.404770255088806152e+00,8.596146106719970703e-01,-2.216034829616546631e-01,-1.193593502044677734e+00,4.403145611286163330e-02,1.540069460868835449e+00,-1.634916543960571289e+00,1.471574068069458008e+00,-6.636626720428466797e-01,7.300245761871337891e-02,-4.009854793548583984e+00,1.773402690887451172e+00,-1.138295888900756836e+00,-3.252921104431152344e+00,5.893102288246154785e-01,-1.856036663055419922e+00,1.606984853744506836e+00,8.329985737800598145e-01,-1.631660461425781250e-01,4.937327504158020020e-01,7.135374546051025391e-01,1.672539114952087402e-02,-1.520824790000915527e+00,1.874437093734741211e+00,1.030279755592346191e+00,1.614432692527770996e+00,3.482453346252441406e+00,-1.194268226623535156e+00,1.997152328491210938e+00,-1.153205633163452148e+00,-3.294646739959716797e-01,-1.156216979026794434e+00,-1.282649755477905273e+00,-1.123604297637939453e+00,4.067715644836425781e+00,9.639441370964050293e-01,1.208712816238403320e+00,1.298651099205017090e-03,-4.058413505554199219e+00,-2.058325529098510742e+00,2.721698760986328125e+00
-1.811519026756286621e+00,-3.793848991394042969e+00,-1.502705574035644531e+00,3.284193754196166992e+00,-2.343921899795532227e+00,5.073931694030761719e+00,2.387065887451171875e+00,1.662817597389221191e-01,1.790545582771301270e-01,-1.536442279815673828e+00,1.804628849029541016e+00,-6.920332908630371094e-01,-3.872588872909545898e-01,2.199526309967041016e+00,-5.978698730468750000e-01,-1.528398752212524414e+00,-8.791744709014892578e-03,-2.448185682296752930e+00,-2.653622627258300781e+00,1.191724777221679688e+00,2.161187410354614258e+00,-2.051922798156738281e+00,-1.521603941917419434e+00,-1.438438415527343750e+00,1.030652403831481934e+00,-1.216982156038284302e-01,-9.880034923553466797e-01,3.021208643913269043e-01,1.314583182334899902e+00,-1.776809692382812500e+00,1.294943451881408691e+00,-3.627497553825378418e-01,9.426450729370117188e-02,-3.960606098175048828e+00,1.831736564636230469e+00,-1.265103816986083984e+00,-3.280009984970092773e+00,5.522987246513366699e-01,-1.991083383560180664e+00,1.290246009826660156e+00,6.017162799835205078e-01,5.345398187637329102e-02,5.126997828483581543e-01,6.279535293579101562e-01,-3.587615191936492920e-01,-1.611725091934204102e+00,2.062048435211181641e+00,7.375047206878662109e-01,1.467851519584655762e+00,3.075982570648193359e+00,-1.011703252792358398e+00,1.788382291793823242e+00,-1.037122011184692383e+00,-2.640913128852844238e-01,-1.335298657417297363e+00,-1.295411825180053711e+00,-8.811073303222656250e-01,3.901245355606079102e+00,8.081588149070739746e-01,1.217596888542175293e+00,-2.145973443984985352e-01,-4.315629482269287109e+00,-2.168457508087158203e+00,2.343549728393554688e+00
-1.534917950630187988e+00,-3.873432874679565430e+00,-1.574047803878784180e+00,3.461235284805297852e+00,-2.451373577117919922e+00,5.096253395080566406e+00,2.502802371978759766e+00,8.525994420051574707e-02,3.454343974590301514e-02,-1.570007205009460449e+00,1.602577209472656250e+00,-1.031366825103759766e+00,-7.153118848800659180e-01,2.121004819869995117e+00,-4.479441940784454346e-01,-1.789344310760498047e+00,-9.871986508369445801e-02,-2.088330745697021484e+00,-2.343835115432739258e+00,1.310895204544067383e+00,2.431935548782348633e+00,-2.017891168594360352e+00,-1.632138371467590332e+00,-1.289110898971557617e+00,1.031534910202026367e+00,-1.336747407913208008e-01,-9.995530843734741211e-01,2.312002182006835938e-01,1.240672707557678223e+00,-1.974199414253234863e+00,1.405051231384277344e+00,-4.827491939067840576e-01,3.635256588459014893e-01,-4.058835983276367188e+00,1.854698061943054199e+00,-1.046650290489196777e+00,-3.477701663970947266e+00,8.476020097732543945e-01,-1.946813106536865234e+00,1.669878005981445312e+00,9.601072072982788086e-01,2.209482192993164062e-01,6.508280038833618164e-01,8.779115080833435059e-01,-5.572722852230072021e-02,-1.465832114219665527e+00,1.973258137702941895e+00,7.684863805770874023e-01,1.775149583816528320e+00,3.197290420532226562e+00,-9.532967209815979004e-01,1.767071962356567383e+00,-9.098805189132690430e-01,-2.728820443153381348e-01,-1.488860487937927246e+00,-1.499965071678161621e+00,-9.219986200332641602e-01,4.007287025451660156e+00,7.508866786956787109e-01,1.291988372802734375e+00,1.146057844161987305e-01,-4.013875484466552734e+00,-2.150417327880859375e+00,2.458354711532592773e+00
-1.735754489898681641e+00,-3.752962589263916016e+00,-1.417166471481323242e+00,3.494980335235595703e+00,-2.547480821609497070e+00,5.087762832641601562e+00,2.509167909622192383e+00,8.621853590011596680e-02,4.656225442886352539e-03,-1.558918356895446777e+00,1.976720929145812988e+00,-6.874413490295410156e-01,-6.388958096504211426e-01,2.384538650512695312e+00,-5.276964902877807617e-01,-1.682631015777587891e+00,-4.735225439071655273e-02,-2.331821441650390625e+00,-2.552875280380249023e+00,1.168890476226806641e+00,2.164173841476440430e+00,-2.154394149780273438e+00,-1.597573161125183105e+00,-1.216160774230957031e+00,1.070529937744140625e+00,6.695844233036041260e-02,-1.247416377067565918e+00,3.743958175182342529e-01,1.244523406028747559e+00,-1.724183559417724609e+00,1.463393807411193848e+00,-3.466311097145080566e-01,6.660592555999755859e-02,-4.044980525970458984e+00,1.774290800094604492e+00,-1.439159035682678223e+00,-3.293365955352783203e+00,9.685119390487670898e-01,-1.939855217933654785e+00,1.504963397979736328e+00,7.604545354843139648e-01,1.510189771652221680e-01,6.417526006698608398e-01,1.033611178398132324e+00,-1.884594410657882690e-01,-1.728061556816101074e+00,1.867235898971557617e+00,1.053210020065307617e+00,1.810663104057312012e+00,3.184387683868408203e+00,-9.716388583183288574e-01,1.754696607589721680e+00,-8.096656203269958496e-01,-3.891171813011169434e-01,-1.434434056282043457e+00,-1.292929649353027344e+00,-1.059161663055419922e+00,3.872520685195922852e+00,6.303781867027282715e-01,1.541216135025024414e+00,8.250451087951660156e-02,-4.014255523681640625e+00,-2.230429172515869141e+00,2.662672042846679688e+00
-1.546767950057983398e+00,-3.775385141372680664e+00,-1.725772380828857422e+00,3.370616436004638672e+00,-2.173332452774047852e+00,4.978752136230468750e+00,2.482147216796875000e+00,-1.123350709676742554e-01,1.652307659387588501e-01,-1.355770945549011230e+00,1.746322154998779297e+00,-7.813675403594970703e-01,-6.161761879920959473e-01,2.152826309204101562e+00,-6.626795530319213867e-01,-1.511310338973999023e+00,-1.635559201240539551e-01,-2.119785785675048828e+00,-2.460958480834960938e+00,9.415357112884521484e-01,2.348183393478393555e+00,-2.307931423187255859e+00,-1.385765671730041504e+00,-1.232487678527832031e+00,8.618646860122680664e-01,-2.153594493865966797e-01,-1.098701477050781250e+00,2.166123837232589722e-01,1.282872915267944336e+00,-1.666833400726318359e+00,1.288727402687072754e+00,-6.436091065406799316e-01,2.865415811538696289e-02,-3.933747291564941406e+00,1.781862020492553711e+00,-1.315653800964355469e+00,-3.305575847625732422e+00,8.028378486633300781e-01,-1.831804990768432617e+00,1.345459461212158203e+00,1.002026796340942383e+00,2.063476443290710449e-01,3.940224051475524902e-01,8.842008113861083984e-01,-1.613916903734207153e-01,-1.392063379287719727e+00,1.821731567382812500e+00,9.878927469253540039e-01,1.572488069534301758e+00,3.032904863357543945e+00,-1.086236596107482910e+00,1.847026824951171875e+00,-1.139806389808654785e+00,-5.413063764572143555e-01,-1.159397721290588379e+00,-1.349166274070739746e+00,-1.048912882804870605e+00,3.930513381958007812e+00,7.846302390098571777e-01,1.157167315483093262e+00,9.055769443511962891e-02,-4.085689544677734375e+00,-2.405325889587402344e+00,2.671045064926147461e+00
-1.795792698860168457e+00,-3.565891265869140625e+00,-1.586907505989074707e+00,3.564286708831787109e+00,-2.280421972274780273e+00,4.972510337829589844e+00,2.432140827178955078e+00,1.154994964599609375e-02,1.561777442693710327e-01,-1.350082993507385254e+00,1.685267925262451172e+00,-7.980769276618957520e-01,-4.326800107955932617e-01,2.244175434112548828e+00,-5.846215486526489258e-01,-1.672795534133911133e+00,4.613614082336425781e-02,-2.413051843643188477e+00,-2.384654998779296875e+00,1.113842725753784180e+00,2.486408472061157227e+00,-2.333583116531372070e+00,-1.311020016670227051e+00,-1.244527578353881836e+00,8.920904397964477539e-01,-1.355230063199996948e-01,-1.049612522125244141e+00,4.352077245712280273e-01,1.405114889144897461e+00,-1.622230529785156250e+00,1.410876512527465820e+00,-5.410150885581970215e-01,2.503988146781921387e-01,-4.158386707305908203e+00,1.458234906196594238e+00,-1.083927631378173828e+00,-3.180612564086914062e+00,6.614379882812500000e-01,-1.977893948554992676e+00,1.304977893829345703e+00,7.302556633949279785e-01,2.666628360748291016e-02,5.871968865394592285e-01,6.383953094482421875e-01,-2.701714038848876953e-01,-1.602835655212402344e+00,1.807611942291259766e+00,7.652841210365295410e-01,1.505440115928649902e+00,3.208313703536987305e+00,-9.505777955055236816e-01,1.754393458366394043e+00,-9.692904949188232422e-01,-1.723330020904541016e-01,-1.086050510406494141e+00,-1.145017862319946289e+00,-1.080422043800354004e+00,3.759727478027343750e+00,7.304646968841552734e-01,1.266330003738403320e+00,-9.116526693105697632e-02,-4.216361999511718750e+00,-2.260105848312377930e+00,2.662053823471069336e+00
-1.756668925285339355e+00,-3.674405097961425781e+00,-1.471530914306640625e+00,3.464899301528930664e+00,-2.540585994720458984e+00,5.176391124725341797e+00,2.476334095001220703e+00,-9.782798588275909424e-02,2.369230985641479492e-01,-1.339603781700134277e+00,1.641609668731689453e+00,-8.436096310615539551e-01,-5.679570436477661133e-01,2.032153367996215820e+00,-5.089573860168457031e-01,-1.625280261039733887e+00,-1.761069893836975098e-01,-2.154745101928710938e+00,-2.243695259094238281e+00,1.081255912780761719e+00,2.220004796981811523e+00,-2.218197107315063477e+00,-1.301192522048950195e+00,-1.122964143753051758e+00,8.205466270446777344e-01,-1.251980364322662354e-01,-1.195249199867248535e+00,3.367117643356323242e-01,1.333190202713012695e+00,-1.782941579818725586e+00,1.438223242759704590e+00,-3.892914056777954102e-01,-2.320075035095214844e-02,-4.256608963012695312e+00,1.909150600433349609e+00,-1.358793139457702637e+00,-3.371667146682739258e+00,8.488922119140625000e-01,-1.848526835441589355e+00,1.231359362602233887e+00,9.952244758605957031e-01,2.335655689239501953e-02,3.354339599609375000e-01,9.219378232955932617e-01,-4.509859085083007812e-01,-1.632662177085876465e+00,2.134527444839477539e+00,8.561815023422241211e-01,1.706785798072814941e+00,3.202961444854736328e+00,-9.815576672554016113e-01,1.946081161499023438e+00,-1.108965158462524414e+00,-1.608050465583801270e-01,-1.428505182266235352e+00,-1.269255995750427246e+00,-1.212383627891540527e+00,3.837020874023437500e+00,8.524302244186401367e-01,1.308867335319519043e+00,-2.038042843341827393e-01,-4.073706150054931641e+00,-2.350898265838623047e+00,2.773263454437255859e+00
-1.951020717620849609e+00,-3.649477005004882812e+00,-1.586552858352661133e+00,3.355613231658935547e+00,-2.329611063003540039e+00,4.844488620758056641e+00,2.373569011688232422e+00,-1.409557312726974487e-01,-1.854425668716430664e-02,-1.409410715103149414e+00,1.750260114669799805e+00,-7.716255784034729004e-01,-4.924722313880920410e-01,2.150464534759521484e+00,-6.654139161109924316e-01,-1.667980194091796875e+00,-1.015635132789611816e-01,-2.223234653472900391e+00,-2.556146860122680664e+00,1.130127549171447754e+00,2.361273527145385742e+00,-2.299460411071777344e+00,-1.515119075775146484e+00,-1.208711862564086914e+00,1.110975384712219238e+00,1.565008908510208130e-01,-1.111931681632995605e+00,3.217964768409729004e-01,1.470230102539062500e+00,-1.931294918060302734e+00,1.403435707092285156e+00,-6.233330368995666504e-01,2.252857089042663574e-01,-4.034773826599121094e+00,1.837235689163208008e+00,-1.267502546310424805e+00,-3.326415538787841797e+00,5.993844866752624512e-01,-2.008953094482421875e+00,1.305946588516235352e+00,9.875074625015258789e-01,-1.236104965209960938e-01,7.755575776100158691e-01,6.359781026840209961e-01,-2.834599614143371582e-01,-1.591260433197021484e+00,1.784254550933837891e+00,9.159618616104125977e-01,1.431910753250122070e+00,3.200469017028808594e+00,-1.303552627563476562e+00,2.007354259490966797e+00,-1.075436592102050781e+00,-2.359408736228942871e-01,-1.374516606330871582e+00,-1.582538247108459473e+00,-8.784877657890319824e-01,3.698175907135009766e+00,7.556098699569702148e-01,1.589598178863525391e+00,-6.107591092586517334e-02,-4.112475872039794922e+00,-2.298917055130004883e+00,2.643649578094482422e+00
