1.449039816856384277e+00,1.181376814842224121e+00,-3.234983086585998535e-01,-7.239902019500732422e-02,1.353493452072143555e+00,-1.181130290031433105e+00,-4.741787016391754150e-01,-5.193406343460083008e-01,-2.166772842407226562e+00,-8.915484547615051270e-01,1.057807087898254395e+00,9.792924523353576660e-01,-1.893526166677474976e-01,-1.102317214012145996e+00,2.285953164100646973e-01,1.607913523912429810e-01,-2.102509737014770508e+00,-2.716854810714721680e-01,4.377568662166595459e-01,7.362000942230224609e-01,-1.523078203201293945e+00,-5.445480942726135254e-01,-1.789098143577575684e+00,5.065059661865234375e-01,-1.868988513946533203e+00,-3.302937746047973633e-01,-1.731282353401184082e+00,1.129306927323341370e-01,2.847861871123313904e-02,-1.986136585474014282e-01,9.077389836311340332e-01,1.099652051925659180e+00,-4.460857808589935303e-01,1.178541064262390137e+00,9.000572562217712402e-01,3.965286538004875183e-02,-1.039201259613037109e+00,1.847023129463195801e+00,-1.215088725090026855e+00,1.711079001426696777e+00,-8.423036932945251465e-01,5.879436135292053223e-01,3.530540168285369873e-01,-7.717123627662658691e-01,-3.506659269332885742e-01,-8.796348422765731812e-02,-2.800470776855945587e-02,-1.568896770477294922e+00,1.820819139480590820e+00,-5.656113624572753906e-01,2.984352707862854004e-01,6.354042291641235352e-01,-1.041080951690673828e+00,-1.080866098403930664e+00,-5.484432578086853027e-01,2.745010554790496826e-01,-4.667166471481323242e-01,2.885002195835113525e-01,1.858268737792968750e+00,-6.958335638046264648e-02,-6.491327285766601562e-02,6.083371639251708984e-01,5.385887026786804199e-01,-4.719095826148986816e-01
1.323524832725524902e+00,1.083186626434326172e+00,-2.933858036994934082e-01,-1.281185001134872437e-01,1.258835077285766602e+00,-1.166720509529113770e+00,-5.250086188316345215e-01,-5.259255766868591309e-01,-2.180450916290283203e+00,-8.997624516487121582e-01,1.060779333114624023e+00,1.012908220291137695e+00,-1.746292114257812500e-01,-1.145712733268737793e+00,2.469035983085632324e-01,1.845363974571228027e-01,-2.142959356307983398e+00,-2.733573913574218750e-01,4.379126429557800293e-01,7.503741383552551270e-01,-1.552136659622192383e+00,-5.506603717803955078e-01,-1.819611310958862305e+00,4.654025435447692871e-01,-1.858612895011901855e+00,-3.216695785522460938e-01,-1.730280399322509766e+00,1.229128167033195496e-01,9.779542684555053711e-03,-2.178469300270080566e-01,9.028113484382629395e-01,1.099383234977722168e+00,-4.353592395782470703e-01,1.161467313766479492e+00,8.635529875755310059e-01,2.834671922028064728e-02,-1.034092426300048828e+00,1.829507231712341309e+00,-1.200669527053833008e+00,1.721913695335388184e+00,-7.922843098640441895e-01,6.259557008743286133e-01,7.628879696130752563e-02,-1.499144315719604492e+00,-2.702718973159790039e-01,-6.725941300392150879e-01,1.398131102323532104e-01,-1.572628855705261230e+00,1.840799093246459961e+00,-5.686355233192443848e-01,2.977800369262695312e-01,6.314517259597778320e-01,-1.067588448524475098e+00,-1.059308767318725586e+00,-5.767329335212707520e-01,2.870430648326873779e-01,-1.626032829284667969e+00,7.106986641883850098e-02,2.861320495605468750e+00,-1.470974385738372803e-01,3.953327238559722900e-01,5.049007534980773926e-01,1.038036942481994629e+00,2.496337145566940308e-01
1.375180363655090332e+00,1.135140895843505859e+00,-2.995092272758483887e-01,-9.875792264938354492e-02,1.301892518997192383e+00,-1.176647067070007324e+00,-5.015242695808410645e-01,-5.140868425369262695e-01,-2.181789159774780273e+00,-8.977652192115783691e-01,1.061722159385681152e+00,1.009177446365356445e+00,-1.769631505012512207e-01,-1.143207311630249023e+00,2.464186400175094604e-01,1.846483200788497925e-01,-2.121953487396240234e+00,-2.800667583942413330e-01,4.289398193359375000e-01,7.415589094161987305e-01,-1.533489346504211426e+00,-5.515195727348327637e-01,-1.796495795249938965e+00,4.823146462440490723e-01,-1.858298063278198242e+00,-3.224513530731201172e-01,-1.727723836898803711e+00,1.227634623646736145e-01,1.008615549653768539e-02,-2.150774300098419189e-01,9.022094607353210449e-01,1.099829912185668945e+00,-4.379231035709381104e-01,1.162723779678344727e+00,8.590219020843505859e-01,2.777884900569915771e-02,-1.031312823295593262e+00,1.830832242965698242e+00,-1.197225213050842285e+00,1.719504594802856445e+00,-7.994161844253540039e-01,6.221250891685485840e-01,1.147888228297233582e-01,-1.405292749404907227e+00,-2.786847651004791260e-01,-5.972689986228942871e-01,1.140890344977378845e-01,-1.570082306861877441e+00,1.842591762542724609e+00,-5.679821968078613281e-01,2.944720387458801270e-01,6.354718208312988281e-01,-1.069549322128295898e+00,-1.067412853240966797e+00,-5.735322833061218262e-01,2.833957970142364502e-01,-1.586315393447875977e+00,7.900667190551757812e-02,2.826396465301513672e+00,-1.431269943714141846e-01,3.788616359233856201e-01,5.080460309982299805e-01,1.020461320877075195e+00,2.248821109533309937e-01
1.365576148033142090e+00,1.124943137168884277e+00,-2.971498966217041016e-01,-1.054784804582595825e-01,1.292099952697753906e+00,-1.173887968063354492e+00,-5.060976147651672363e-01,-5.156093239784240723e-01,-2.180348873138427734e+00,-9.001817107200622559e-01,1.061225891113281250e+00,1.014105081558227539e+00,-1.758170723915100098e-01,-1.151412367820739746e+00,2.452513724565505981e-01,1.865081489086151123e-01,-2.137865781784057617e+00,-2.780625522136688232e-01,4.318277537822723389e-01,7.452356815338134766e-01,-1.544349789619445801e+00,-5.539593100547790527e-01,-1.813319087028503418e+00,4.730597436428070068e-01,-1.856910467147827148e+00,-3.208090066909790039e-01,-1.729217290878295898e+00,1.234227791428565979e-01,9.878717362880706787e-03,-2.160186171531677246e-01,9.025719165802001953e-01,1.098279595375061035e+00,-4.349843561649322510e-01,1.160734772682189941e+00,8.597164750099182129e-01,2.715032361447811127e-02,-1.033506274223327637e+00,1.830774307250976562e+00,-1.198726058006286621e+00,1.721133828163146973e+00,-7.978007197380065918e-01,6.232781410217285156e-01,9.491715580224990845e-02,-1.462323427200317383e+00,-2.710895240306854248e-01,-6.425610184669494629e-01,1.282564401626586914e-01,-1.568510055541992188e+00,1.843400001525878906e+00,-5.697817206382751465e-01,2.935255765914916992e-01,6.306332349777221680e-01,-1.068794727325439453e+00,-1.063861012458801270e+00,-5.753052234649658203e-01,2.862813472747802734e-01,-1.625506520271301270e+00,6.960649043321609497e-02,2.854407310485839844e+00,-1.427450031042098999e-01,3.936589360237121582e-01,5.050325989723205566e-01,1.034829974174499512e+00,2.496646195650100708e-01
1.338772535324096680e+00,1.094948291778564453e+00,-2.968105077743530273e-01,-1.209362968802452087e-01,1.271413922309875488e+00,-1.169432401657104492e+00,-5.180568695068359375e-01,-5.245071649551391602e-01,-2.181138277053833008e+00,-8.997730612754821777e-01,1.061106085777282715e+00,1.011405110359191895e+00,-1.765732616186141968e-01,-1.146057367324829102e+00,2.465033829212188721e-01,1.847036480903625488e-01,-2.135399580001831055e+00,-2.778778076171875000e-01,4.363303780555725098e-01,7.467876672744750977e-01,-1.542575955390930176e+00,-5.510178208351135254e-01,-1.810487866401672363e+00,4.736336767673492432e-01,-1.859069228172302246e+00,-3.223115205764770508e-01,-1.727886080741882324e+00,1.226113960146903992e-01,9.150814265012741089e-03,-2.184491753578186035e-01,9.038435816764831543e-01,1.100146293640136719e+00,-4.365307092666625977e-01,1.158159971237182617e+00,8.567513227462768555e-01,2.609861083328723907e-02,-1.036620378494262695e+00,1.824746251106262207e+00,-1.196311712265014648e+00,1.712497830390930176e+00,-7.946345210075378418e-01,6.239749193191528320e-01,8.072450757026672363e-02,-1.488471984863281250e+00,-2.714012563228607178e-01,-6.644808053970336914e-01,1.356004178524017334e-01,-1.571043372154235840e+00,1.829445719718933105e+00,-5.648617744445800781e-01,3.094643354415893555e-01,6.342848539352416992e-01,-1.054142832756042480e+00,-1.061663627624511719e+00,-5.647165775299072266e-01,2.854203283786773682e-01,-1.623536109924316406e+00,7.163916528224945068e-02,2.860388994216918945e+00,-1.464366018772125244e-01,3.934463858604431152e-01,5.075437426567077637e-01,1.036056756973266602e+00,2.486579418182373047e-01
1.365087866783142090e+00,1.125106930732727051e+00,-3.011941611766815186e-01,-1.028037816286087036e-01,1.299414157867431641e+00,-1.174751639366149902e+00,-5.036413669586181641e-01,-5.169624090194702148e-01,-2.186450958251953125e+00,-8.961905837059020996e-01,1.058153152465820312e+00,1.014966607093811035e+00,-1.718530058860778809e-01,-1.144659638404846191e+00,2.457406967878341675e-01,1.867419928312301636e-01,-2.136055231094360352e+00,-2.800992131233215332e-01,4.309174418449401855e-01,7.439208030700683594e-01,-1.541684627532958984e+00,-5.552576780319213867e-01,-1.810554504394531250e+00,4.738457798957824707e-01,-1.862422466278076172e+00,-3.252205550670623779e-01,-1.734954476356506348e+00,1.215209364891052246e-01,1.428617350757122040e-02,-2.118780314922332764e-01,9.052470922470092773e-01,1.098271489143371582e+00,-4.364137053489685059e-01,1.166921019554138184e+00,8.703554272651672363e-01,3.034554421901702881e-02,-1.033864378929138184e+00,1.839816093444824219e+00,-1.198647975921630859e+00,1.735333442687988281e+00,-7.982048988342285156e-01,6.231996417045593262e-01,1.054460480809211731e-01,-1.438547849655151367e+00,-2.720924615859985352e-01,-6.231687068939208984e-01,1.183562651276588440e-01,-1.566403150558471680e+00,1.839444756507873535e+00,-5.685595273971557617e-01,2.939966619014739990e-01,6.333757042884826660e-01,-1.066994309425354004e+00,-1.066792368888854980e+00,-5.716751217842102051e-01,2.822117507457733154e-01,-1.636855840682983398e+00,6.901846826076507568e-02,2.867008447647094727e+00,-1.456225365400314331e-01,4.002944529056549072e-01,5.046455264091491699e-01,1.042711734771728516e+00,2.564803659915924072e-01
1.356510519981384277e+00,1.114084720611572266e+00,-2.963845729827880859e-01,-1.096905991435050964e-01,1.286082267761230469e+00,-1.171018838882446289e+00,-5.096151232719421387e-01,-5.178809165954589844e-01,-2.183983087539672852e+00,-8.997329473495483398e-01,1.056278705596923828e+00,1.010509967803955078e+00,-1.765917986631393433e-01,-1.141211748123168945e+00,2.465120553970336914e-01,1.836992353200912476e-01,-2.133630514144897461e+00,-2.791084647178649902e-01,4.343036115169525146e-01,7.451039552688598633e-01,-1.540727257728576660e+00,-5.533837676048278809e-01,-1.808769345283508301e+00,4.755840897560119629e-01,-1.862279772758483887e+00,-3.270842730998992920e-01,-1.733345985412597656e+00,1.220176368951797485e-01,1.183417811989784241e-02,-2.124944627285003662e-01,9.037806391716003418e-01,1.100857019424438477e+00,-4.363513588905334473e-01,1.166064381599426270e+00,8.687611818313598633e-01,2.834785729646682739e-02,-1.034239768981933594e+00,1.838804602622985840e+00,-1.197278380393981934e+00,1.733215093612670898e+00,-7.964980602264404297e-01,6.225680112838745117e-01,9.851332753896713257e-02,-1.448201060295104980e+00,-2.727628648281097412e-01,-6.327878832817077637e-01,1.253615915775299072e-01,-1.570041060447692871e+00,1.840815067291259766e+00,-5.684880018234252930e-01,2.973169088363647461e-01,6.288425326347351074e-01,-1.063578724861145020e+00,-1.060789108276367188e+00,-5.738419294357299805e-01,2.864103019237518311e-01,-1.601509451866149902e+00,7.579445838928222656e-02,2.835620880126953125e+00,-1.452788263559341431e-01,3.870696127414703369e-01,5.040736198425292969e-01,1.027873158454895020e+00,2.348287701606750488e-01
1.389428496360778809e+00,1.145292997360229492e+00,-3.065116405487060547e-01,-9.280993789434432983e-02,1.314505934715270996e+00,-1.177543640136718750e+00,-4.936725199222564697e-01,-5.141835212707519531e-01,-2.185493946075439453e+00,-8.970526456832885742e-01,1.058524012565612793e+00,1.015086770057678223e+00,-1.727235019207000732e-01,-1.146447658538818359e+00,2.471253275871276855e-01,1.881182491779327393e-01,-2.126032114028930664e+00,-2.773717641830444336e-01,4.283934235572814941e-01,7.422991991043090820e-01,-1.533973932266235352e+00,-5.535250902175903320e-01,-1.798781275749206543e+00,4.801554679870605469e-01,-1.862077832221984863e+00,-3.235855996608734131e-01,-1.734277725219726562e+00,1.196309700608253479e-01,1.696001179516315460e-02,-2.112136036157608032e-01,9.039099216461181641e-01,1.099153399467468262e+00,-4.379124641418457031e-01,1.163702368736267090e+00,8.633391261100769043e-01,2.913141064345836639e-02,-1.034144997596740723e+00,1.831441402435302734e+00,-1.197008848190307617e+00,1.721710801124572754e+00,-7.954887151718139648e-01,6.263825893402099609e-01,8.893965929746627808e-02,-1.475165724754333496e+00,-2.697069942951202393e-01,-6.510448455810546875e-01,1.318666338920593262e-01,-1.569175243377685547e+00,1.836955428123474121e+00,-5.657886266708374023e-01,2.992428839206695557e-01,6.342840194702148438e-01,-1.063864588737487793e+00,-1.063561201095581055e+00,-5.711182951927185059e-01,2.815485596656799316e-01,-1.626088857650756836e+00,7.060319185256958008e-02,2.857304811477661133e+00,-1.443419158458709717e-01,3.970894515514373779e-01,5.036427974700927734e-01,1.039941549301147461e+00,2.514860928058624268e-01
1.368083715438842773e+00,1.126570105552673340e+00,-3.016181886196136475e-01,-1.035678312182426453e-01,1.297319054603576660e+00,-1.175670146942138672e+00,-5.043593049049377441e-01,-5.183004140853881836e-01,-2.185507535934448242e+00,-8.982620239257812500e-01,1.058065772056579590e+00,1.016097068786621094e+00,-1.741938292980194092e-01,-1.148471713066101074e+00,2.492866665124893188e-01,1.880076974630355835e-01,-2.139722585678100586e+00,-2.794626355171203613e-01,4.352458119392395020e-01,7.431961894035339355e-01,-1.545231819152832031e+00,-5.553759336471557617e-01,-1.814311623573303223e+00,4.717859625816345215e-01,-1.858787178993225098e+00,-3.239565789699554443e-01,-1.728845596313476562e+00,1.236826181411743164e-01,7.466179318726062775e-03,-2.172283828258514404e-01,9.018629789352416992e-01,1.101052284240722656e+00,-4.349279999732971191e-01,1.160035252571105957e+00,8.598657250404357910e-01,2.801442146301269531e-02,-1.035798311233520508e+00,1.828638434410095215e+00,-1.198790431022644043e+00,1.720920562744140625e+00,-7.968834638595581055e-01,6.243379712104797363e-01,1.000393927097320557e-01,-1.448134899139404297e+00,-2.719609439373016357e-01,-6.307348012924194336e-01,1.261244565248489380e-01,-1.568489551544189453e+00,1.843035340309143066e+00,-5.684677958488464355e-01,2.947376370429992676e-01,6.300129890441894531e-01,-1.066447734832763672e+00,-1.063117265701293945e+00,-5.744581818580627441e-01,2.847174108028411865e-01,-1.634093999862670898e+00,6.896891444921493530e-02,2.862819910049438477e+00,-1.458424031734466553e-01,3.971979916095733643e-01,5.034393072128295898e-01,1.041077494621276855e+00,2.562512755393981934e-01
1.364333868026733398e+00,1.121756434440612793e+00,-2.988490760326385498e-01,-1.061016842722892761e-01,1.290329694747924805e+00,-1.171881556510925293e+00,-5.067717432975769043e-01,-5.157033205032348633e-01,-2.184720039367675781e+00,-8.959211707115173340e-01,1.059855937957763672e+00,1.016890168190002441e+00,-1.678917706012725830e-01,-1.147765994071960449e+00,2.445129603147506714e-01,1.881611496210098267e-01,-2.122454643249511719e+00,-2.783414125442504883e-01,4.320990443229675293e-01,7.429230809211730957e-01,-1.533974170684814453e+00,-5.502311587333679199e-01,-1.797309875488281250e+00,4.829721748828887939e-01,-1.860936999320983887e+00,-3.206087052822113037e-01,-1.729646563529968262e+00,1.201349571347236633e-01,1.730348914861679077e-02,-2.146025002002716064e-01,9.045265913009643555e-01,1.096335411071777344e+00,-4.361394643783569336e-01,1.165772795677185059e+00,8.703098297119140625e-01,3.043945506215095520e-02,-1.033921718597412109e+00,1.837019562721252441e+00,-1.200705647468566895e+00,1.730362653732299805e+00,-7.927918434143066406e-01,6.274738907814025879e-01,7.469920814037322998e-02,-1.503499865531921387e+00,-2.689605951309204102e-01,-6.738756895065307617e-01,1.448954939842224121e-01,-1.569770574569702148e+00,1.840996861457824707e+00,-5.686419606208801270e-01,2.972568273544311523e-01,6.342694759368896484e-01,-1.068415522575378418e+00,-1.063822865486145020e+00,-5.745977759361267090e-01,2.873108685016632080e-01,-1.631467342376708984e+00,7.051480561494827271e-02,2.865742683410644531e+00,-1.482725739479064941e-01,3.966290056705474854e-01,5.029278993606567383e-01,1.041052103042602539e+00,2.539070248603820801e-01
1.359923720359802246e+00,1.117635607719421387e+00,-2.996524274349212646e-01,-1.089735999703407288e-01,1.287848830223083496e+00,-1.172608733177185059e+00,-5.065159797668457031e-01,-5.190009474754333496e-01,-2.182443141937255859e+00,-8.970952630043029785e-01,1.061760187149047852e+00,1.016753435134887695e+00,-1.713302284479141235e-01,-1.150442123413085938e+00,2.475422620773315430e-01,1.879005730152130127e-01,-2.117120027542114258e+00,-2.773376703262329102e-01,4.245012700557708740e-01,7.437162995338439941e-01,-1.528115510940551758e+00,-5.486288666725158691e-01,-1.793042778968811035e+00,4.887187182903289795e-01,-1.859606146812438965e+00,-3.225207924842834473e-01,-1.729674220085144043e+00,1.221437752246856689e-01,1.197579596191644669e-02,-2.151852399110794067e-01,9.037700891494750977e-01,1.098656058311462402e+00,-4.366936087608337402e-01,1.165478706359863281e+00,8.686777353286743164e-01,2.827521786093711853e-02,-1.034918546676635742e+00,1.837044119834899902e+00,-1.197478175163269043e+00,1.728705525398254395e+00,-7.949620485305786133e-01,6.241362690925598145e-01,8.636716008186340332e-02,-1.478098034858703613e+00,-2.680162787437438965e-01,-6.544117927551269531e-01,1.306870281696319580e-01,-1.565620899200439453e+00,1.836366534233093262e+00,-5.677080154418945312e-01,2.995794713497161865e-01,6.335068345069885254e-01,-1.060325026512145996e+00,-1.064295411109924316e+00,-5.692304372787475586e-01,2.869711816310882568e-01,-1.649258732795715332e+00,6.743401288986206055e-02,2.879645824432373047e+00,-1.476798057556152344e-01,4.052433669567108154e-01,5.018010735511779785e-01,1.048474431037902832e+00,2.642869353294372559e-01
1.327161431312561035e+00,1.087272405624389648e+00,-2.939206361770629883e-01,-1.267028301954269409e-01,1.260997176170349121e+00,-1.169403314590454102e+00,-5.233533978462219238e-01,-5.265240669250488281e-01,-2.181604623794555664e+00,-8.994091749191284180e-01,1.059726834297180176e+00,1.015793681144714355e+00,-1.740728318691253662e-01,-1.149697303771972656e+00,2.467137128114700317e-01,1.870529949665069580e-01,-2.132434129714965820e+00,-2.788398563861846924e-01,4.329954981803894043e-01,7.450207471847534180e-01,-1.542319416999816895e+00,-5.525110363960266113e-01,-1.808248996734619141e+00,4.746009111404418945e-01,-1.856226444244384766e+00,-3.164611756801605225e-01,-1.722767591476440430e+00,1.219501122832298279e-01,1.131857745349407196e-02,-2.194117754697799683e-01,9.032216072082519531e-01,1.098095655441284180e+00,-4.359780251979827881e-01,1.165956974029541016e+00,8.690465092658996582e-01,2.598809078335762024e-02,-1.034509181976318359e+00,1.841978788375854492e+00,-1.196722388267517090e+00,1.731860995292663574e+00,-7.935920357704162598e-01,6.223984360694885254e-01,8.047346025705337524e-02,-1.493125319480895996e+00,-2.658343911170959473e-01,-6.685856580734252930e-01,1.314104944467544556e-01,-1.566817760467529297e+00,1.842661023139953613e+00,-5.692377686500549316e-01,2.950267791748046875e-01,6.307772994041442871e-01,-1.068788886070251465e+00,-1.062888264656066895e+00,-5.755046606063842773e-01,2.859530150890350342e-01,-1.614261150360107422e+00,7.255582511425018311e-02,2.844103574752807617e+00,-1.422317028045654297e-01,3.914511203765869141e-01,5.048004984855651855e-01,1.031384706497192383e+00,2.414994537830352783e-01
1.367111086845397949e+00,1.126388669013977051e+00,-2.992525100708007812e-01,-1.032813712954521179e-01,1.297007799148559570e+00,-1.174332022666931152e+00,-5.033087134361267090e-01,-5.165663361549377441e-01,-2.180150985717773438e+00,-9.003844261169433594e-01,1.058722257614135742e+00,1.012793064117431641e+00,-1.773776113986968994e-01,-1.143440365791320801e+00,2.490995675325393677e-01,1.863289773464202881e-01,-2.149376630783081055e+00,-2.786770164966583252e-01,4.359121024608612061e-01,7.447687983512878418e-01,-1.552808523178100586e+00,-5.577445626258850098e-01,-1.821298241615295410e+00,4.605783820152282715e-01,-1.855285048484802246e+00,-3.177746832370758057e-01,-1.725080609321594238e+00,1.218898072838783264e-01,1.230796985328197479e-02,-2.128935158252716064e-01,9.041329622268676758e-01,1.096779346466064453e+00,-4.365731179714202881e-01,1.165346980094909668e+00,8.689514398574829102e-01,2.797394618391990662e-02,-1.032478570938110352e+00,1.837239384651184082e+00,-1.199157476425170898e+00,1.727850437164306641e+00,-7.946901917457580566e-01,6.263002753257751465e-01,8.481681346893310547e-02,-1.481181383132934570e+00,-2.704654633998870850e-01,-6.564082503318786621e-01,1.341036111116409302e-01,-1.570261120796203613e+00,1.844646692276000977e+00,-5.703814625740051270e-01,2.913142144680023193e-01,6.327917575836181641e-01,-1.072114348411560059e+00,-1.063180208206176758e+00,-5.784031152725219727e-01,2.890966832637786865e-01,-1.613086104393005371e+00,7.555345445871353149e-02,2.849740266799926758e+00,-1.479718685150146484e-01,3.889777362346649170e-01,5.038575530052185059e-01,1.030722498893737793e+00,2.403459846973419189e-01
1.354285836219787598e+00,1.114525794982910156e+00,-2.944741547107696533e-01,-1.096165925264358521e-01,1.286116600036621094e+00,-1.171572804450988770e+00,-5.079871416091918945e-01,-5.171895623207092285e-01,-2.181691169738769531e+00,-8.987560868263244629e-01,1.060398340225219727e+00,1.015225648880004883e+00,-1.728382706642150879e-01,-1.148229718208312988e+00,2.467383891344070435e-01,1.859186589717864990e-01,-2.142890453338623047e+00,-2.815912067890167236e-01,4.321537613868713379e-01,7.409230470657348633e-01,-1.548085927963256836e+00,-5.586699247360229492e-01,-1.815527439117431641e+00,4.668711423873901367e-01,-1.860404849052429199e+00,-3.223791718482971191e-01,-1.730071187019348145e+00,1.211903989315032959e-01,1.460137311369180679e-02,-2.139853686094284058e-01,9.042081236839294434e-01,1.098534941673278809e+00,-4.351840317249298096e-01,1.162453174591064453e+00,8.647793531417846680e-01,2.960088662803173065e-02,-1.036400079727172852e+00,1.832372069358825684e+00,-1.197756767272949219e+00,1.726348519325256348e+00,-7.952315807342529297e-01,6.265676617622375488e-01,8.393320441246032715e-02,-1.493345141410827637e+00,-2.684789299964904785e-01,-6.658724546432495117e-01,1.374844461679458618e-01,-1.566795229911804199e+00,1.831813454627990723e+00,-5.668114423751831055e-01,3.060874342918395996e-01,6.331049203872680664e-01,-1.054738759994506836e+00,-1.062523961067199707e+00,-5.656737089157104492e-01,2.881495952606201172e-01,-1.620381116867065430e+00,7.263902574777603149e-02,2.853374481201171875e+00,-1.479405164718627930e-01,3.923831582069396973e-01,5.026329159736633301e-01,1.034596800804138184e+00,2.468069791793823242e-01
1.385899424552917480e+00,1.142812728881835938e+00,-3.010959625244140625e-01,-9.368368238210678101e-02,1.308605909347534180e+00,-1.176932573318481445e+00,-4.969939589500427246e-01,-5.120553970336914062e-01,-2.182584524154663086e+00,-8.976526856422424316e-01,1.060275673866271973e+00,1.015756964683532715e+00,-1.733656227588653564e-01,-1.147792458534240723e+00,2.496846467256546021e-01,1.880314797163009644e-01,-2.130963087081909180e+00,-2.797276079654693604e-01,4.309073388576507568e-01,7.427344918251037598e-01,-1.543461322784423828e+00,-5.548921227455139160e-01,-1.805728316307067871e+00,4.728721380233764648e-01,-1.856908202171325684e+00,-3.203471899032592773e-01,-1.728613376617431641e+00,1.243837773799896240e-01,7.612151093780994415e-03,-2.180528044700622559e-01,9.019643068313598633e-01,1.098720788955688477e+00,-4.381235837936401367e-01,1.166623473167419434e+00,8.676851391792297363e-01,2.710431627929210663e-02,-1.031712532043457031e+00,1.838290691375732422e+00,-1.197992444038391113e+00,1.727091789245605469e+00,-7.935277223587036133e-01,6.250438094139099121e-01,8.215449750423431396e-02,-1.485933780670166016e+00,-2.694418728351593018e-01,-6.613731384277343750e-01,1.338217109441757202e-01,-1.568860530853271484e+00,1.844206690788269043e+00,-5.685023069381713867e-01,2.950662970542907715e-01,6.307626366615295410e-01,-1.068493723869323730e+00,-1.062113046646118164e+00,-5.765919685363769531e-01,2.866109609603881836e-01,-1.580480933189392090e+00,8.000665158033370972e-02,2.819654941558837891e+00,-1.447138637304306030e-01,3.741312623023986816e-01,5.073763132095336914e-01,1.016536235809326172e+00,2.203460633754730225e-01
1.374034762382507324e+00,1.129885554313659668e+00,-3.020584881305694580e-01,-9.937501698732376099e-02,1.303774237632751465e+00,-1.174393653869628906e+00,-5.010860562324523926e-01,-5.158776044845581055e-01,-2.181527376174926758e+00,-8.982692956924438477e-01,1.061543345451354980e+00,1.013534545898437500e+00,-1.728152930736541748e-01,-1.147284030914306641e+00,2.457942366600036621e-01,1.842273771762847900e-01,-2.127769231796264648e+00,-2.796743214130401611e-01,4.292512238025665283e-01,7.428457736968994141e-01,-1.536537885665893555e+00,-5.532949566841125488e-01,-1.801826596260070801e+00,4.792997539043426514e-01,-1.861858725547790527e+00,-3.226846456527709961e-01,-1.734401464462280273e+00,1.195766180753707886e-01,1.723339222371578217e-02,-2.146318405866622925e-01,9.011928439140319824e-01,1.099469423294067383e+00,-4.353714585304260254e-01,1.166124701499938965e+00,8.723317980766296387e-01,2.930384315550327301e-02,-1.035368323326110840e+00,1.841524362564086914e+00,-1.198305487632751465e+00,1.734864234924316406e+00,-7.937219142913818359e-01,6.269001364707946777e-01,8.762016892433166504e-02,-1.474492669105529785e+00,-2.676562964916229248e-01,-6.497249603271484375e-01,1.333394348621368408e-01,-1.565954923629760742e+00,1.838240385055541992e+00,-5.682233572006225586e-01,3.010610938072204590e-01,6.309467554092407227e-01,-1.062103033065795898e+00,-1.061363101005554199e+00,-5.719172954559326172e-01,2.878371477127075195e-01,-1.618444323539733887e+00,7.287505269050598145e-02,2.852155685424804688e+00,-1.478303223848342896e-01,3.945545256137847900e-01,5.025389790534973145e-01,1.036543607711791992e+00,2.459271699190139771e-01
1.344388246536254883e+00,1.102328181266784668e+00,-2.969176769256591797e-01,-1.173655092716217041e-01,1.274837374687194824e+00,-1.168532609939575195e+00,-5.169681310653686523e-01,-5.196911692619323730e-01,-2.179869890213012695e+00,-8.984403014183044434e-01,1.064107418060302734e+00,1.012773394584655762e+00,-1.745308786630630493e-01,-1.151303529739379883e+00,2.442334294319152832e-01,1.867617070674896240e-01,-2.124304294586181641e+00,-2.756856977939605713e-01,4.311608076095581055e-01,7.441372275352478027e-01,-1.535559058189392090e+00,-5.491272807121276855e-01,-1.800246238708496094e+00,4.822401106357574463e-01,-1.861616015434265137e+00,-3.225955069065093994e-01,-1.734039664268493652e+00,1.212856620550155640e-01,1.527455728501081467e-02,-2.162124812602996826e-01,9.026181697845458984e-01,1.097832322120666504e+00,-4.351221024990081787e-01,1.160280823707580566e+00,8.548457622528076172e-01,2.715269662439823151e-02,-1.032006144523620605e+00,1.830943226814270020e+00,-1.196619868278503418e+00,1.721239328384399414e+00,-7.931628227233886719e-01,6.285384893417358398e-01,7.310536503791809082e-02,-1.508622288703918457e+00,-2.691521644592285156e-01,-6.765915751457214355e-01,1.465067863464355469e-01,-1.569029927253723145e+00,1.836044669151306152e+00,-5.664526224136352539e-01,3.038737475872039795e-01,6.335367560386657715e-01,-1.061548590660095215e+00,-1.061244130134582520e+00,-5.708580613136291504e-01,2.868637442588806152e-01,-1.633367776870727539e+00,6.896941363811492920e-02,2.866675853729248047e+00,-1.456480026245117188e-01,3.991835713386535645e-01,5.053200125694274902e-01,1.041986227035522461e+00,2.563760876655578613e-01
1.365596532821655273e+00,1.124388575553894043e+00,-3.002648651599884033e-01,-1.042035445570945740e-01,1.294629573822021484e+00,-1.174548387527465820e+00,-5.058231949806213379e-01,-5.177288055419921875e-01,-2.178861618041992188e+00,-8.987540006637573242e-01,1.064918637275695801e+00,1.013291120529174805e+00,-1.754789799451828003e-01,-1.150787115097045898e+00,2.473524212837219238e-01,1.862202733755111694e-01,-2.135074615478515625e+00,-2.797995805740356445e-01,4.323107004165649414e-01,7.425287961959838867e-01,-1.542114734649658203e+00,-5.529058575630187988e-01,-1.809549093246459961e+00,4.745324254035949707e-01,-1.860014796257019043e+00,-3.236127197742462158e-01,-1.729875087738037109e+00,1.233156472444534302e-01,8.942895568907260895e-03,-2.172703295946121216e-01,9.031161665916442871e-01,1.099461436271667480e+00,-4.364434480667114258e-01,1.163573980331420898e+00,8.656261563301086426e-01,2.973097003996372223e-02,-1.031608700752258301e+00,1.832056283950805664e+00,-1.200514316558837891e+00,1.723497629165649414e+00,-7.946750521659851074e-01,6.278168559074401855e-01,8.761416375637054443e-02,-1.476897120475769043e+00,-2.704424262046813965e-01,-6.517390012741088867e-01,1.353174000978469849e-01,-1.568756580352783203e+00,1.841971397399902344e+00,-5.684779286384582520e-01,2.956197559833526611e-01,6.329954862594604492e-01,-1.067666172981262207e+00,-1.062490463256835938e+00,-5.756534337997436523e-01,2.875305116176605225e-01,-1.645570278167724609e+00,6.730472296476364136e-02,2.878085851669311523e+00,-1.490101367235183716e-01,4.015487730503082275e-01,5.031650066375732422e-01,1.047409653663635254e+00,2.645990550518035889e-01
1.350582838058471680e+00,1.115004420280456543e+00,-2.949273288249969482e-01,-1.108325570821762085e-01,1.283393621444702148e+00,-1.174345850944519043e+00,-5.106599330902099609e-01,-5.182446837425231934e-01,-2.183003425598144531e+00,-8.972228169441223145e-01,1.059839963912963867e+00,1.014711976051330566e+00,-1.726959794759750366e-01,-1.143750786781311035e+00,2.474055439233779907e-01,1.876106411218643188e-01,-2.133816242218017578e+00,-2.830442786216735840e-01,4.306349158287048340e-01,7.411669492721557617e-01,-1.540082335472106934e+00,-5.579437613487243652e-01,-1.805944085121154785e+00,4.734625816345214844e-01,-1.859429836273193359e+00,-3.229461908340454102e-01,-1.731173753738403320e+00,1.218899860978126526e-01,1.134973950684070587e-02,-2.136915624141693115e-01,9.025033116340637207e-01,1.100226640701293945e+00,-4.359790682792663574e-01,1.165904283523559570e+00,8.703488707542419434e-01,2.758637815713882446e-02,-1.034468650817871094e+00,1.839775919914245605e+00,-1.198732256889343262e+00,1.731617808341979980e+00,-7.941992282867431641e-01,6.227548122406005859e-01,8.785435557365417480e-02,-1.480136752128601074e+00,-2.670247256755828857e-01,-6.584646701812744141e-01,1.295894831418991089e-01,-1.566531419754028320e+00,1.848037362098693848e+00,-5.689150094985961914e-01,2.897182404994964600e-01,6.311575174331665039e-01,-1.074807763099670410e+00,-1.063612341880798340e+00,-5.796874761581420898e-01,2.836373448371887207e-01,-1.593404173851013184e+00,7.690394669771194458e-02,2.829611301422119141e+00,-1.456703394651412964e-01,3.799859881401062012e-01,5.050824880599975586e-01,1.023471593856811523e+00,2.306861579418182373e-01
1.376119971275329590e+00,1.135175466537475586e+00,-3.034643232822418213e-01,-9.797792136669158936e-02,1.306165695190429688e+00,-1.177191615104675293e+00,-4.993548393249511719e-01,-5.166429877281188965e-01,-2.183954238891601562e+00,-8.974918723106384277e-01,1.058493494987487793e+00,1.019320011138916016e+00,-1.701547652482986450e-01,-1.151376962661743164e+00,2.472112029790878296e-01,1.897502541542053223e-01,-2.130199193954467773e+00,-2.764127552509307861e-01,4.340791404247283936e-01,7.452818751335144043e-01,-1.540768623352050781e+00,-5.507431030273437500e-01,-1.804902553558349609e+00,4.755371212959289551e-01,-1.858905792236328125e+00,-3.220873773097991943e-01,-1.728264093399047852e+00,1.222723126411437988e-01,1.237671263515949249e-02,-2.128170281648635864e-01,9.052800536155700684e-01,1.097610354423522949e+00,-4.353037476539611816e-01,1.165099024772644043e+00,8.668799400329589844e-01,2.770057693123817444e-02,-1.034382224082946777e+00,1.839425325393676758e+00,-1.198488831520080566e+00,1.731523036956787109e+00,-7.966751456260681152e-01,6.241484284400939941e-01,1.018746048212051392e-01,-1.440004467964172363e+00,-2.724517285823822021e-01,-6.242449283599853516e-01,1.231117919087409973e-01,-1.569755077362060547e+00,1.841966032981872559e+00,-5.694121122360229492e-01,2.922893762588500977e-01,6.354369521141052246e-01,-1.070795774459838867e+00,-1.065398335456848145e+00,-5.756915807723999023e-01,2.862633764743804932e-01,-1.634360313415527344e+00,6.979026645421981812e-02,2.864902257919311523e+00,-1.469223797321319580e-01,3.987766802310943604e-01,5.018634796142578125e-01,1.042158842086791992e+00,2.551730871200561523e-01
1.365992426872253418e+00,1.126572251319885254e+00,-3.005314767360687256e-01,-1.015248075127601624e-01,1.298390150070190430e+00,-1.174890160560607910e+00,-5.031353235244750977e-01,-5.166038274765014648e-01,-2.181784391403198242e+00,-8.979729413986206055e-01,1.061635851860046387e+00,1.014237523078918457e+00,-1.732614785432815552e-01,-1.146922707557678223e+00,2.480199187994003296e-01,1.864723414182662964e-01,-2.137906789779663086e+00,-2.811799049377441406e-01,4.341341257095336914e-01,7.433741688728332520e-01,-1.544943809509277344e+00,-5.550418496131896973e-01,-1.811972856521606445e+00,4.712902307510375977e-01,-1.858451724052429199e+00,-3.211920261383056641e-01,-1.731796383857727051e+00,1.219708770513534546e-01,1.148836407810449600e-02,-2.159816920757293701e-01,9.027292728424072266e-01,1.099360227584838867e+00,-4.343996644020080566e-01,1.164071440696716309e+00,8.669940829277038574e-01,2.663159742951393127e-02,-1.035763025283813477e+00,1.840191125869750977e+00,-1.195524215698242188e+00,1.732806205749511719e+00,-7.991473078727722168e-01,6.213802099227905273e-01,1.171606406569480896e-01,-1.401248693466186523e+00,-2.768552303314208984e-01,-5.943577885627746582e-01,1.108778044581413269e-01,-1.569254159927368164e+00,1.840718984603881836e+00,-5.688834190368652344e-01,2.951956689357757568e-01,6.319636106491088867e-01,-1.069169759750366211e+00,-1.060371279716491699e+00,-5.768547654151916504e-01,2.861295640468597412e-01,-1.600567460060119629e+00,7.642883062362670898e-02,2.835756778717041016e+00,-1.446790546178817749e-01,3.826195597648620605e-01,5.064009428024291992e-01,1.026055216789245605e+00,2.342772632837295532e-01
1.371130704879760742e+00,1.129812002182006836e+00,-2.997807264328002930e-01,-1.030972450971603394e-01,1.295111417770385742e+00,-1.176261544227600098e+00,-5.032486915588378906e-01,-5.183119773864746094e-01,-2.183991432189941406e+00,-8.982093334197998047e-01,1.059246063232421875e+00,1.008311986923217773e+00,-1.766203492879867554e-01,-1.142139077186584473e+00,2.455269247293472290e-01,1.822404712438583374e-01,-2.125704288482666016e+00,-2.772783041000366211e-01,4.302845001220703125e-01,7.452414631843566895e-01,-1.535984158515930176e+00,-5.506430268287658691e-01,-1.801525473594665527e+00,4.807727634906768799e-01,-1.858156204223632812e+00,-3.255276978015899658e-01,-1.728593945503234863e+00,1.245300918817520142e-01,5.714045837521553040e-03,-2.164044529199600220e-01,9.032889604568481445e-01,1.102063179016113281e+00,-4.363930821418762207e-01,1.165155053138732910e+00,8.664049506187438965e-01,2.966319583356380463e-02,-1.031228542327880859e+00,1.836394906044006348e+00,-1.199848890304565430e+00,1.728950262069702148e+00,-7.929720282554626465e-01,6.254413127899169922e-01,8.612047135829925537e-02,-1.477033138275146484e+00,-2.681083977222442627e-01,-6.540467739105224609e-01,1.329037845134735107e-01,-1.568376421928405762e+00,1.845049262046813965e+00,-5.690646171569824219e-01,2.918241918087005615e-01,6.311458349227905273e-01,-1.070582747459411621e+00,-1.064164519309997559e+00,-5.765287876129150391e-01,2.841812372207641602e-01,-1.617039203643798828e+00,7.323782145977020264e-02,2.852487564086914062e+00,-1.467147618532180786e-01,3.930871486663818359e-01,5.046939253807067871e-01,1.034880280494689941e+00,2.438324987888336182e-01
1.383509874343872070e+00,1.141997933387756348e+00,-3.007922470569610596e-01,-9.331980347633361816e-02,1.310678601264953613e+00,-1.175391554832458496e+00,-4.959937930107116699e-01,-5.115021467208862305e-01,-2.180201053619384766e+00,-8.994022607803344727e-01,1.063507437705993652e+00,1.011410355567932129e+00,-1.776501387357711792e-01,-1.146951556205749512e+00,2.484473437070846558e-01,1.860022097826004028e-01,-2.136862277984619141e+00,-2.783496975898742676e-01,4.291159212589263916e-01,7.443246841430664062e-01,-1.540488004684448242e+00,-5.552375316619873047e-01,-1.810688376426696777e+00,4.741025269031524658e-01,-1.861214876174926758e+00,-3.241360187530517578e-01,-1.732202649116516113e+00,1.207366809248924255e-01,1.361725665628910065e-02,-2.116898298263549805e-01,9.058444499969482422e-01,1.099932074546813965e+00,-4.349986910820007324e-01,1.162133336067199707e+00,8.626841902732849121e-01,2.702060341835021973e-02,-1.034464716911315918e+00,1.834168910980224609e+00,-1.197383403778076172e+00,1.725001692771911621e+00,-7.959818840026855469e-01,6.231044530868530273e-01,1.038341075181961060e-01,-1.430147409439086914e+00,-2.723651826381683350e-01,-6.166746020317077637e-01,1.208804771304130554e-01,-1.567757129669189453e+00,1.845123529434204102e+00,-5.674216747283935547e-01,2.925511300563812256e-01,6.339017748832702637e-01,-1.075893402099609375e+00,-1.065388441085815430e+00,-5.775299668312072754e-01,2.799549996852874756e-01,-1.664198160171508789e+00,6.338548660278320312e-02,2.893821239471435547e+00,-1.484621316194534302e-01,4.135619103908538818e-01,5.000718832015991211e-01,1.055475234985351562e+00,2.749437093734741211e-01
1.366784572601318359e+00,1.125634908676147461e+00,-2.998698651790618896e-01,-1.048441529273986816e-01,1.294074773788452148e+00,-1.173718452453613281e+00,-5.032144188880920410e-01,-5.163742303848266602e-01,-2.181302785873413086e+00,-8.981749415397644043e-01,1.061800718307495117e+00,1.013542771339416504e+00,-1.737269610166549683e-01,-1.148221969604492188e+00,2.448723018169403076e-01,1.860850751399993896e-01,-2.135420322418212891e+00,-2.793948352336883545e-01,4.319308400154113770e-01,7.434646487236022949e-01,-1.544121742248535156e+00,-5.548818707466125488e-01,-1.809674739837646484e+00,4.709414541721343994e-01,-1.858052134513854980e+00,-3.195270001888275146e-01,-1.728116869926452637e+00,1.230306401848793030e-01,1.215773448348045349e-02,-2.180356830358505249e-01,9.039021134376525879e-01,1.096154570579528809e+00,-4.382536411285400391e-01,1.166720509529113770e+00,8.661111593246459961e-01,2.763671986758708954e-02,-1.032863974571228027e+00,1.836915850639343262e+00,-1.196694612503051758e+00,1.730138659477233887e+00,-7.939017415046691895e-01,6.245597004890441895e-01,7.888764888048171997e-02,-1.500103473663330078e+00,-2.681405246257781982e-01,-6.732384562492370605e-01,1.358223408460617065e-01,-1.567663311958312988e+00,1.842157006263732910e+00,-5.712450742721557617e-01,2.929810285568237305e-01,6.344029903411865234e-01,-1.070646643638610840e+00,-1.065383911132812500e+00,-5.757464766502380371e-01,2.897785902023315430e-01,-1.647949934005737305e+00,6.615878641605377197e-02,2.878999233245849609e+00,-1.468132734298706055e-01,4.040829241275787354e-01,5.028020143508911133e-01,1.046396374702453613e+00,2.630462348461151123e-01
1.383005261421203613e+00,1.141369819641113281e+00,-3.034928739070892334e-01,-9.395351260900497437e-02,1.310189008712768555e+00,-1.176590561866760254e+00,-4.956594109535217285e-01,-5.144469738006591797e-01,-2.182769775390625000e+00,-8.965550661087036133e-01,1.062158465385437012e+00,1.013827085494995117e+00,-1.705563962459564209e-01,-1.148290038108825684e+00,2.429904937744140625e-01,1.854588091373443604e-01,-2.120812177658081055e+00,-2.789531946182250977e-01,4.250946044921875000e-01,7.444237470626831055e-01,-1.529378294944763184e+00,-5.506252050399780273e-01,-1.795765519142150879e+00,4.859265983104705811e-01,-1.856475472450256348e+00,-3.203678429126739502e-01,-1.728689908981323242e+00,1.232950240373611450e-01,9.228585287928581238e-03,-2.161855399608612061e-01,9.026601314544677734e-01,1.099141001701354980e+00,-4.345462620258331299e-01,1.164052248001098633e+00,8.665512204170227051e-01,2.962248958647251129e-02,-1.036370635032653809e+00,1.837454557418823242e+00,-1.198493361473083496e+00,1.733183264732360840e+00,-7.943338155746459961e-01,6.255292296409606934e-01,9.236565977334976196e-02,-1.460439801216125488e+00,-2.696770429611206055e-01,-6.396378278732299805e-01,1.297333091497421265e-01,-1.566855072975158691e+00,1.835921168327331543e+00,-5.680433511734008789e-01,3.040786087512969971e-01,6.298121213912963867e-01,-1.057375073432922363e+00,-1.061321139335632324e+00,-5.688077807426452637e-01,2.878949940204620361e-01,-1.591544985771179199e+00,7.715728133916854858e-02,2.825003385543823242e+00,-1.432360708713531494e-01,3.837358057498931885e-01,5.048636198043823242e-01,1.023476719856262207e+00,2.278051823377609253e-01
1.344309329986572266e+00,1.105388045310974121e+00,-2.950193881988525391e-01,-1.156475618481636047e-01,1.276219964027404785e+00,-1.170063376426696777e+00,-5.163783431053161621e-01,-5.197670459747314453e-01,-2.180193185806274414e+00,-8.983249068260192871e-01,1.063981056213378906e+00,1.010583877563476562e+00,-1.755045503377914429e-01,-1.146323561668395996e+00,2.447117120027542114e-01,1.847289502620697021e-01,-2.144863367080688477e+00,-2.776237726211547852e-01,4.347228407859802246e-01,7.452136874198913574e-01,-1.549081802368164062e+00,-5.549481511116027832e-01,-1.818488955497741699e+00,4.661993682384490967e-01,-1.857740521430969238e+00,-3.219312727451324463e-01,-1.728855490684509277e+00,1.224340796470642090e-01,1.174654904752969742e-02,-2.127885818481445312e-01,9.040731191635131836e-01,1.098992109298706055e+00,-4.344086647033691406e-01,1.162542462348937988e+00,8.650549054145812988e-01,2.898724004626274109e-02,-1.036689519882202148e+00,1.833636760711669922e+00,-1.198719739913940430e+00,1.728415012359619141e+00,-7.929372191429138184e-01,6.255073547363281250e-01,8.301895111799240112e-02,-1.492717862129211426e+00,-2.650884687900543213e-01,-6.663377285003662109e-01,1.347670257091522217e-01,-1.566054940223693848e+00,1.847522616386413574e+00,-5.715765953063964844e-01,2.888815999031066895e-01,6.289993524551391602e-01,-1.073248147964477539e+00,-1.065075278282165527e+00,-5.778138041496276855e-01,2.852186560630798340e-01,-1.620237588882446289e+00,7.234667241573333740e-02,2.854168653488159180e+00,-1.461720615625381470e-01,3.932344615459442139e-01,5.039754509925842285e-01,1.034755349159240723e+00,2.456532120704650879e-01
1.318035006523132324e+00,1.079525113105773926e+00,-2.896609008312225342e-01,-1.311109662055969238e-01,1.251583695411682129e+00,-1.166166067123413086e+00,-5.274844169616699219e-01,-5.244785547256469727e-01,-2.184544324874877930e+00,-8.981708288192749023e-01,1.058294653892517090e+00,1.012371540069580078e+00,-1.757606565952301025e-01,-1.142179250717163086e+00,2.502842247486114502e-01,1.869076639413833618e-01,-2.141245603561401367e+00,-2.818537056446075439e-01,4.329703152179718018e-01,7.440565228462219238e-01,-1.546960949897766113e+00,-5.549848675727844238e-01,-1.816929817199707031e+00,4.702911972999572754e-01,-1.859144449234008789e+00,-3.242662250995635986e-01,-1.726749897003173828e+00,1.239168122410774231e-01,9.119874797761440277e-03,-2.147540301084518433e-01,9.046346545219421387e-01,1.098256111145019531e+00,-4.384365081787109375e-01,1.164274692535400391e+00,8.658288717269897461e-01,2.910091169178485870e-02,-1.035187005996704102e+00,1.830009102821350098e+00,-1.198443293571472168e+00,1.720654964447021484e+00,-7.973498702049255371e-01,6.243376135826110840e-01,8.690785616636276245e-02,-1.484759449958801270e+00,-2.732003629207611084e-01,-6.613578200340270996e-01,1.333425641059875488e-01,-1.571651816368103027e+00,1.839877009391784668e+00,-5.673512816429138184e-01,3.008419275283813477e-01,6.318408846855163574e-01,-1.062893390655517578e+00,-1.061501741409301758e+00,-5.728287696838378906e-01,2.877292335033416748e-01,-1.585708141326904297e+00,7.987830787897109985e-02,2.825172424316406250e+00,-1.447966247797012329e-01,3.761105835437774658e-01,5.098850131034851074e-01,1.019348502159118652e+00,2.229397594928741455e-01
1.346022605895996094e+00,1.103437066078186035e+00,-2.975240647792816162e-01,-1.187687590718269348e-01,1.274998068809509277e+00,-1.170501708984375000e+00,-5.154873132705688477e-01,-5.227925777435302734e-01,-2.186279058456420898e+00,-8.967474102973937988e-01,1.057145833969116211e+00,1.017332434654235840e+00,-1.691763401031494141e-01,-1.146910786628723145e+00,2.459432929754257202e-01,1.883331090211868286e-01,-2.135728836059570312e+00,-2.778313457965850830e-01,4.314830601215362549e-01,7.443276643753051758e-01,-1.543630123138427734e+00,-5.535711646080017090e-01,-1.810714244842529297e+00,4.726239740848541260e-01,-1.857067346572875977e+00,-3.201459050178527832e-01,-1.729038119316101074e+00,1.229593083262443542e-01,1.193640567362308502e-02,-2.150724679231643677e-01,9.032805562019348145e-01,1.097183227539062500e+00,-4.364278614521026611e-01,1.164371013641357422e+00,8.658262491226196289e-01,2.787925861775875092e-02,-1.031513571739196777e+00,1.836018919944763184e+00,-1.199857831001281738e+00,1.724595427513122559e+00,-7.959490418434143066e-01,6.250549554824829102e-01,9.004636853933334351e-02,-1.467908024787902832e+00,-2.699265480041503906e-01,-6.455867886543273926e-01,1.306330710649490356e-01,-1.569209814071655273e+00,1.841424107551574707e+00,-5.686937570571899414e-01,2.950736284255981445e-01,6.318893432617187500e-01,-1.066335320472717285e+00,-1.063919186592102051e+00,-5.737266540527343750e-01,2.856715619564056396e-01,-1.621241688728332520e+00,7.287520915269851685e-02,2.852077722549438477e+00,-1.441713720560073853e-01,3.960007131099700928e-01,5.049217939376831055e-01,1.036251902580261230e+00,2.460373193025588989e-01
1.343753814697265625e+00,1.105082273483276367e+00,-2.941934764385223389e-01,-1.145904138684272766e-01,1.276031732559204102e+00,-1.170269966125488281e+00,-5.162911415100097656e-01,-5.188512802124023438e-01,-2.183576583862304688e+00,-8.990011215209960938e-01,1.058838844299316406e+00,1.016009449958801270e+00,-1.740748584270477295e-01,-1.148862004280090332e+00,2.477178722620010376e-01,1.874404400587081909e-01,-2.141323089599609375e+00,-2.778895795345306396e-01,4.352435171604156494e-01,7.447268962860107422e-01,-1.547659516334533691e+00,-5.545052289962768555e-01,-1.816164374351501465e+00,4.700158536434173584e-01,-1.856795668601989746e+00,-3.163961768150329590e-01,-1.726983904838562012e+00,1.207128837704658508e-01,1.533344667404890060e-02,-2.154092788696289062e-01,9.023723006248474121e-01,1.095935106277465820e+00,-4.341033995151519775e-01,1.162419080734252930e+00,8.631581664085388184e-01,2.847367897629737854e-02,-1.033612608909606934e+00,1.834652900695800781e+00,-1.199153780937194824e+00,1.727493524551391602e+00,-7.966823577880859375e-01,6.268649101257324219e-01,9.476888179779052734e-02,-1.464776873588562012e+00,-2.704221010208129883e-01,-6.420151591300964355e-01,1.305918246507644653e-01,-1.568254351615905762e+00,1.841917037963867188e+00,-5.687329173088073730e-01,2.950406074523925781e-01,6.328436732292175293e-01,-1.069038271903991699e+00,-1.064258217811584473e+00,-5.746734738349914551e-01,2.851503193378448486e-01,-1.667851090431213379e+00,6.232974678277969360e-02,2.893590450286865234e+00,-1.486836820840835571e-01,4.135853350162506104e-01,5.002523660659790039e-01,1.056045889854431152e+00,2.771551907062530518e-01
1.352730274200439453e+00,1.111517071723937988e+00,-2.993201315402984619e-01,-1.106815785169601440e-01,1.286210179328918457e+00,-1.172764420509338379e+00,-5.123064517974853516e-01,-5.206246376037597656e-01,-2.182064056396484375e+00,-8.989479541778564453e-01,1.060505747795104980e+00,1.015220522880554199e+00,-1.745898574590682983e-01,-1.149414062500000000e+00,2.462715953588485718e-01,1.883113980293273926e-01,-2.135590076446533203e+00,-2.765701711177825928e-01,4.332676827907562256e-01,7.480729222297668457e-01,-1.543414115905761719e+00,-5.508422851562500000e-01,-1.812457323074340820e+00,4.740191400051116943e-01,-1.858243346214294434e+00,-3.204865753650665283e-01,-1.728754281997680664e+00,1.230418607592582703e-01,1.017787773162126541e-02,-2.187227755784988403e-01,9.027020931243896484e-01,1.097888231277465820e+00,-4.358408749103546143e-01,1.163601875305175781e+00,8.632763624191284180e-01,2.625507302582263947e-02,-1.035247087478637695e+00,1.834132075309753418e+00,-1.197048187255859375e+00,1.729564547538757324e+00,-7.946026921272277832e-01,6.233283877372741699e-01,9.834223985671997070e-02,-1.447464227676391602e+00,-2.710773050785064697e-01,-6.317191123962402344e-01,1.212502419948577881e-01,-1.568144083023071289e+00,1.841208577156066895e+00,-5.692173242568969727e-01,2.944453656673431396e-01,6.321050524711608887e-01,-1.066936850547790527e+00,-1.066146135330200195e+00,-5.724200010299682617e-01,2.839736342430114746e-01,-1.672076225280761719e+00,6.071809679269790649e-02,2.902357816696166992e+00,-1.502655446529388428e-01,4.162279665470123291e-01,5.002325773239135742e-01,1.059902787208557129e+00,2.803811132907867432e-01
1.301303386688232422e+00,1.065531253814697266e+00,-2.864835858345031738e-01,-1.404662728309631348e-01,1.235290288925170898e+00,-1.164608240127563477e+00,-5.363128185272216797e-01,-5.284954905509948730e-01,-2.183690547943115234e+00,-8.963956236839294434e-01,1.061988234519958496e+00,1.013860583305358887e+00,-1.731120198965072632e-01,-1.145419716835021973e+00,2.503765821456909180e-01,1.873888820409774780e-01,-2.123608827590942383e+00,-2.827371656894683838e-01,4.227144718170166016e-01,7.400447726249694824e-01,-1.530771970748901367e+00,-5.541886687278747559e-01,-1.797027587890625000e+00,4.847228229045867920e-01,-1.858244419097900391e+00,-3.254638314247131348e-01,-1.726184129714965820e+00,1.246638521552085876e-01,6.152140442281961441e-03,-2.152952700853347778e-01,9.046967625617980957e-01,1.100822806358337402e+00,-4.366776049137115479e-01,1.162337422370910645e+00,8.604552149772644043e-01,2.767681889235973358e-02,-1.032799124717712402e+00,1.832122802734375000e+00,-1.197670102119445801e+00,1.720311284065246582e+00,-7.940582633018493652e-01,6.255471110343933105e-01,8.497486263513565063e-02,-1.488380074501037598e+00,-2.668768167495727539e-01,-6.627135872840881348e-01,1.307864189147949219e-01,-1.566624402999877930e+00,1.844239234924316406e+00,-5.676012635231018066e-01,2.918827831745147705e-01,6.310004591941833496e-01,-1.070889353752136230e+00,-1.065113067626953125e+00,-5.753116011619567871e-01,2.798584401607513428e-01,-1.620088696479797363e+00,7.218692451715469360e-02,2.849211215972900391e+00,-1.418722867965698242e-01,3.898730576038360596e-01,5.067905187606811523e-01,1.034611821174621582e+00,2.445168197154998779e-01
1.398377776145935059e+00,1.153613686561584473e+00,-3.063398003578186035e-01,-8.663860708475112915e-02,1.323096275329589844e+00,-1.177739262580871582e+00,-4.878712296485900879e-01,-5.120514035224914551e-01,-2.181796073913574219e+00,-9.019438624382019043e-01,1.057815313339233398e+00,1.014469146728515625e+00,-1.789173632860183716e-01,-1.150974392890930176e+00,2.466390281915664673e-01,1.876535713672637939e-01,-2.146696567535400391e+00,-2.766518890857696533e-01,4.381217658519744873e-01,7.464210391044616699e-01,-1.549796700477600098e+00,-5.531254410743713379e-01,-1.821539998054504395e+00,4.672411978244781494e-01,-1.859213829040527344e+00,-3.197579681873321533e-01,-1.731515765190124512e+00,1.212763115763664246e-01,1.487027388066053391e-02,-2.149673551321029663e-01,9.030643105506896973e-01,1.096913456916809082e+00,-4.346972107887268066e-01,1.160759091377258301e+00,8.621331453323364258e-01,2.761471085250377655e-02,-1.036331295967102051e+00,1.830546379089355469e+00,-1.198263406753540039e+00,1.722784757614135742e+00,-7.993881702423095703e-01,6.217544674873352051e-01,1.133063733577728271e-01,-1.415648818016052246e+00,-2.748398780822753906e-01,-6.057452559471130371e-01,1.160236522555351257e-01,-1.569347500801086426e+00,1.838789224624633789e+00,-5.683420300483703613e-01,2.977900803089141846e-01,6.328602433204650879e-01,-1.063302040100097656e+00,-1.063038110733032227e+00,-5.722896456718444824e-01,2.877257466316223145e-01,-1.661076068878173828e+00,6.367985904216766357e-02,2.888764619827270508e+00,-1.492333710193634033e-01,4.110232591629028320e-01,4.988317191600799561e-01,1.052055001258850098e+00,2.730465233325958252e-01
1.365621805191040039e+00,1.120551943778991699e+00,-3.011522889137268066e-01,-1.065043807029724121e-01,1.293564796447753906e+00,-1.171667337417602539e+00,-5.054173469543457031e-01,-5.176551938056945801e-01,-2.179247140884399414e+00,-9.002344608306884766e-01,1.061659812927246094e+00,1.010926842689514160e+00,-1.785064786672592163e-01,-1.146519541740417480e+00,2.490187138319015503e-01,1.856590360403060913e-01,-2.128511428833007812e+00,-2.792927622795104980e-01,4.318760633468627930e-01,7.425280809402465820e-01,-1.538777470588684082e+00,-5.539115667343139648e-01,-1.804010152816772461e+00,4.781865775585174561e-01,-1.859218239784240723e+00,-3.206395804882049561e-01,-1.731531381607055664e+00,1.208694577217102051e-01,1.539503131061792374e-02,-2.136435806751251221e-01,9.021743535995483398e-01,1.097510695457458496e+00,-4.358467161655426025e-01,1.160531997680664062e+00,8.570139408111572266e-01,2.736997045576572418e-02,-1.031565070152282715e+00,1.829362392425537109e+00,-1.199091196060180664e+00,1.717945098876953125e+00,-7.976250648498535156e-01,6.259045600891113281e-01,9.851037710905075073e-02,-1.446941971778869629e+00,-2.767586410045623779e-01,-6.289613842964172363e-01,1.263256072998046875e-01,-1.571575760841369629e+00,1.842647790908813477e+00,-5.680810809135437012e-01,2.946071922779083252e-01,6.316968202590942383e-01,-1.071762681007385254e+00,-1.063495278358459473e+00,-5.759394168853759766e-01,2.811961770057678223e-01,-1.612734913825988770e+00,7.443841546773910522e-02,2.846248149871826172e+00,-1.448324471712112427e-01,3.905206918716430664e-01,5.038195848464965820e-01,1.029566526412963867e+00,2.401959300041198730e-01
1.361378788948059082e+00,1.118444323539733887e+00,-2.996296286582946777e-01,-1.085324585437774658e-01,1.289340615272521973e+00,-1.173757433891296387e+00,-5.080650448799133301e-01,-5.199039578437805176e-01,-2.180860757827758789e+00,-8.980731964111328125e-01,1.062571287155151367e+00,1.012451171875000000e+00,-1.746978759765625000e-01,-1.144980072975158691e+00,2.476837337017059326e-01,1.863062977790832520e-01,-2.119218587875366211e+00,-2.817275524139404297e-01,4.242130815982818604e-01,7.396808862686157227e-01,-1.525804758071899414e+00,-5.553751587867736816e-01,-1.791166424751281738e+00,4.873757064342498779e-01,-1.861786007881164551e+00,-3.230826258659362793e-01,-1.732915878295898438e+00,1.201110705733299255e-01,1.514809578657150269e-02,-2.148548513650894165e-01,9.026698470115661621e-01,1.099456310272216797e+00,-4.345231652259826660e-01,1.162087440490722656e+00,8.630331158638000488e-01,2.806551381945610046e-02,-1.036453604698181152e+00,1.834005594253540039e+00,-1.197140932083129883e+00,1.726892232894897461e+00,-7.952166795730590820e-01,6.248295307159423828e-01,8.274122327566146851e-02,-1.493061780929565430e+00,-2.690629065036773682e-01,-6.670693159103393555e-01,1.349547803401947021e-01,-1.567376613616943359e+00,1.840096116065979004e+00,-5.677655935287475586e-01,2.954524755477905273e-01,6.318878531455993652e-01,-1.065184593200683594e+00,-1.065291643142700195e+00,-5.716283321380615234e-01,2.823535203933715820e-01,-1.571978330612182617e+00,8.102510869503021240e-02,2.812686204910278320e+00,-1.446098089218139648e-01,3.721399307250976562e-01,5.094679594039916992e-01,1.014425635337829590e+00,2.166704982519149780e-01
1.366816639900207520e+00,1.123448014259338379e+00,-2.987436950206756592e-01,-1.050178855657577515e-01,1.296951293945312500e+00,-1.173346161842346191e+00,-5.038648247718811035e-01,-5.165528059005737305e-01,-2.185179233551025391e+00,-8.984279632568359375e-01,1.057275652885437012e+00,1.016279697418212891e+00,-1.717183589935302734e-01,-1.150732755661010742e+00,2.428088784217834473e-01,1.868358701467514038e-01,-2.129095554351806641e+00,-2.804138958454132080e-01,4.301145970821380615e-01,7.424359321594238281e-01,-1.538875699043273926e+00,-5.544633269309997559e-01,-1.803373575210571289e+00,4.766625165939331055e-01,-1.859445929527282715e+00,-3.226611316204071045e-01,-1.730743646621704102e+00,1.221773177385330200e-01,1.072044204920530319e-02,-2.159421294927597046e-01,9.022133946418762207e-01,1.100324392318725586e+00,-4.383760392665863037e-01,1.166916608810424805e+00,8.678503632545471191e-01,2.613318338990211487e-02,-1.031719446182250977e+00,1.837648153305053711e+00,-1.197268009185791016e+00,1.729513287544250488e+00,-7.964161038398742676e-01,6.218189001083374023e-01,1.001622229814529419e-01,-1.446999788284301758e+00,-2.710853517055511475e-01,-6.318546533584594727e-01,1.216077134013175964e-01,-1.567265391349792480e+00,1.844464421272277832e+00,-5.707275867462158203e-01,2.893248498439788818e-01,6.329891085624694824e-01,-1.070749640464782715e+00,-1.067073225975036621e+00,-5.753735303878784180e-01,2.863134145736694336e-01,-1.636156558990478516e+00,6.887594610452651978e-02,2.868422746658325195e+00,-1.469493061304092407e-01,4.007885158061981201e-01,5.022142529487609863e-01,1.042533636093139648e+00,2.562898397445678711e-01
1.364409089088439941e+00,1.122658729553222656e+00,-2.999864220619201660e-01,-1.045196056365966797e-01,1.294241786003112793e+00,-1.173705697059631348e+00,-5.067923069000244141e-01,-5.178220272064208984e-01,-2.183538436889648438e+00,-8.977507352828979492e-01,1.060202956199645996e+00,1.012491822242736816e+00,-1.755622029304504395e-01,-1.144758701324462891e+00,2.479469776153564453e-01,1.862673461437225342e-01,-2.137626409530639648e+00,-2.769432663917541504e-01,4.349495768547058105e-01,7.452927827835083008e-01,-1.545443534851074219e+00,-5.538048744201660156e-01,-1.813019752502441406e+00,4.711440205574035645e-01,-1.856181383132934570e+00,-3.184163868427276611e-01,-1.725801467895507812e+00,1.230704560875892639e-01,9.291150607168674469e-03,-2.194290608167648315e-01,9.030680656433105469e-01,1.098584055900573730e+00,-4.354172646999359131e-01,1.166047096252441406e+00,8.702325820922851562e-01,2.817170880734920502e-02,-1.033497333526611328e+00,1.841596245765686035e+00,-1.198571681976318359e+00,1.734656929969787598e+00,-7.946373820304870605e-01,6.247166395187377930e-01,8.979191631078720093e-02,-1.472419500350952148e+00,-2.681708037853240967e-01,-6.500759720802307129e-01,1.294027119874954224e-01,-1.566714048385620117e+00,1.844349265098571777e+00,-5.682201385498046875e-01,2.932484447956085205e-01,6.301483511924743652e-01,-1.072224617004394531e+00,-1.063344001770019531e+00,-5.766584277153015137e-01,2.808786034584045410e-01,-1.648472666740417480e+00,6.544548273086547852e-02,2.876110315322875977e+00,-1.465015858411788940e-01,4.065620899200439453e-01,5.014098882675170898e-01,1.047546744346618652e+00,2.657969594001770020e-01
1.357552170753479004e+00,1.114407062530517578e+00,-2.976858913898468018e-01,-1.095862612128257751e-01,1.287282466888427734e+00,-1.172226905822753906e+00,-5.103104710578918457e-01,-5.179018974304199219e-01,-2.182322502136230469e+00,-8.990352153778076172e-01,1.060533404350280762e+00,1.013828873634338379e+00,-1.730925142765045166e-01,-1.149550557136535645e+00,2.430196255445480347e-01,1.843061000108718872e-01,-2.134773492813110352e+00,-2.780143916606903076e-01,4.358812868595123291e-01,7.459343075752258301e-01,-1.544695258140563965e+00,-5.526727437973022461e-01,-1.810399532318115234e+00,4.717688560485839844e-01,-1.858697652816772461e+00,-3.228650391101837158e-01,-1.730341315269470215e+00,1.216504424810409546e-01,1.178994216024875641e-02,-2.128537595272064209e-01,9.013997912406921387e-01,1.100349068641662598e+00,-4.372279942035675049e-01,1.165281414985656738e+00,8.652573227882385254e-01,2.628056146204471588e-02,-1.031975507736206055e+00,1.836139678955078125e+00,-1.198962330818176270e+00,1.726554512977600098e+00,-7.955708503723144531e-01,6.267734766006469727e-01,9.094225615262985229e-02,-1.469663739204406738e+00,-2.717585265636444092e-01,-6.471086740493774414e-01,1.328877955675125122e-01,-1.570999383926391602e+00,1.841770410537719727e+00,-5.691096186637878418e-01,2.969415187835693359e-01,6.313539147377014160e-01,-1.067050337791442871e+00,-1.062196850776672363e+00,-5.751828551292419434e-01,2.869769036769866943e-01,-1.586076021194458008e+00,7.920836657285690308e-02,2.827583551406860352e+00,-1.460212171077728271e-01,3.773955404758453369e-01,5.081393718719482422e-01,1.018599867820739746e+00,2.228450030088424683e-01
1.373931407928466797e+00,1.132179021835327148e+00,-3.031675517559051514e-01,-9.843567758798599243e-02,1.305905580520629883e+00,-1.175206422805786133e+00,-4.994789361953735352e-01,-5.159317255020141602e-01,-2.182635545730590820e+00,-8.977718949317932129e-01,1.060068368911743164e+00,1.011469841003417969e+00,-1.756018400192260742e-01,-1.144953489303588867e+00,2.431094944477081299e-01,1.845865845680236816e-01,-2.141680955886840820e+00,-2.776874005794525146e-01,4.336027801036834717e-01,7.455476522445678711e-01,-1.548005819320678711e+00,-5.553008913993835449e-01,-1.816323161125183105e+00,4.679112732410430908e-01,-1.857035517692565918e+00,-3.175061643123626709e-01,-1.732592105865478516e+00,1.208299100399017334e-01,1.467340625822544098e-02,-2.146992981433868408e-01,8.990471363067626953e-01,1.097431421279907227e+00,-4.361456036567687988e-01,1.166082978248596191e+00,8.705530166625976562e-01,3.106474876403808594e-02,-1.032976984977722168e+00,1.838352799415588379e+00,-1.200500488281250000e+00,1.730867862701416016e+00,-7.980899214744567871e-01,6.258859634399414062e-01,1.016243174672126770e-01,-1.447397232055664062e+00,-2.732643783092498779e-01,-6.285782456398010254e-01,1.249214932322502136e-01,-1.568801999092102051e+00,1.839401125907897949e+00,-5.685421228408813477e-01,2.976741790771484375e-01,6.303742527961730957e-01,-1.061580896377563477e+00,-1.062318325042724609e+00,-5.719652771949768066e-01,2.875977456569671631e-01,-1.615204334259033203e+00,7.436646521091461182e-02,2.850588321685791016e+00,-1.494090557098388672e-01,3.894290030002593994e-01,5.032023191452026367e-01,1.032011628150939941e+00,2.428735643625259399e-01
1.367758750915527344e+00,1.125058412551879883e+00,-2.998501062393188477e-01,-1.039426848292350769e-01,1.295508980751037598e+00,-1.174459457397460938e+00,-5.042709112167358398e-01,-5.178091526031494141e-01,-2.182290077209472656e+00,-8.972993493080139160e-01,1.062354207038879395e+00,1.011731386184692383e+00,-1.753171235322952271e-01,-1.144147276878356934e+00,2.497776299715042114e-01,1.854928880929946899e-01,-2.129904270172119141e+00,-2.766121923923492432e-01,4.316184222698211670e-01,7.446900010108947754e-01,-1.536453366279602051e+00,-5.519609451293945312e-01,-1.803415417671203613e+00,4.779786169528961182e-01,-1.857616305351257324e+00,-3.227672874927520752e-01,-1.725555539131164551e+00,1.231201961636543274e-01,9.635301306843757629e-03,-2.138350754976272583e-01,9.037188887596130371e-01,1.099155306816101074e+00,-4.352479279041290283e-01,1.161543607711791992e+00,8.600441813468933105e-01,2.790017426013946533e-02,-1.033593297004699707e+00,1.832987666130065918e+00,-1.197262167930603027e+00,1.722238421440124512e+00,-7.947948575019836426e-01,6.257624626159667969e-01,9.304657578468322754e-02,-1.455985784530639648e+00,-2.719099223613739014e-01,-6.360223293304443359e-01,1.282360702753067017e-01,-1.569239377975463867e+00,1.837525010108947754e+00,-5.680633783340454102e-01,3.000880479812622070e-01,6.323939561843872070e-01,-1.060670137405395508e+00,-1.063975334167480469e+00,-5.696028470993041992e-01,2.874853014945983887e-01,-1.600740075111389160e+00,7.804663479328155518e-02,2.837617635726928711e+00,-1.458515524864196777e-01,3.844769001007080078e-01,5.065168142318725586e-01,1.026686310768127441e+00,2.334060966968536377e-01
1.369675159454345703e+00,1.125561356544494629e+00,-3.002600073814392090e-01,-1.040748506784439087e-01,1.295343637466430664e+00,-1.173084497451782227e+00,-5.035651922225952148e-01,-5.173479914665222168e-01,-2.178689718246459961e+00,-8.987410664558410645e-01,1.065723657608032227e+00,1.012880206108093262e+00,-1.774971932172775269e-01,-1.150329351425170898e+00,2.493598759174346924e-01,1.885842084884643555e-01,-2.143059730529785156e+00,-2.790573239326477051e-01,4.322713613510131836e-01,7.440588474273681641e-01,-1.545974135398864746e+00,-5.561669468879699707e-01,-1.816196799278259277e+00,4.687611162662506104e-01,-1.855659127235412598e+00,-3.183142840862274170e-01,-1.728133320808410645e+00,1.235514506697654724e-01,8.306632749736309052e-03,-2.171344161033630371e-01,9.021461009979248047e-01,1.098295688629150391e+00,-4.351185560226440430e-01,1.163281679153442383e+00,8.649445176124572754e-01,2.850858122110366821e-02,-1.033541798591613770e+00,1.835195779800415039e+00,-1.198858857154846191e+00,1.726961612701416016e+00,-7.971299290657043457e-01,6.240259408950805664e-01,1.023836731910705566e-01,-1.435565948486328125e+00,-2.742594480514526367e-01,-6.203913092613220215e-01,1.223728284239768982e-01,-1.568880915641784668e+00,1.839677810668945312e+00,-5.682603120803833008e-01,2.959178090095520020e-01,6.318764090538024902e-01,-1.064396142959594727e+00,-1.063742756843566895e+00,-5.724135637283325195e-01,2.852244377136230469e-01,-1.657265305519104004e+00,6.481573730707168579e-02,2.883608818054199219e+00,-1.484918296337127686e-01,4.091193377971649170e-01,4.996362626552581787e-01,1.051058650016784668e+00,2.709526419639587402e-01
1.376081466674804688e+00,1.136463999748229980e+00,-3.026274740695953369e-01,-9.719389677047729492e-02,1.306000947952270508e+00,-1.176501274108886719e+00,-4.981980025768280029e-01,-5.150742530822753906e-01,-2.185211420059204102e+00,-8.987249732017517090e-01,1.056957244873046875e+00,1.012948393821716309e+00,-1.750749647617340088e-01,-1.143203735351562500e+00,2.468618750572204590e-01,1.857561767101287842e-01,-2.134980201721191406e+00,-2.764279842376708984e-01,4.363103806972503662e-01,7.484799027442932129e-01,-1.543710112571716309e+00,-5.514084696769714355e-01,-1.811453104019165039e+00,4.730702340602874756e-01,-1.859007358551025391e+00,-3.190322816371917725e-01,-1.728847026824951172e+00,1.211307346820831299e-01,1.512955315411090851e-02,-2.169122546911239624e-01,9.026558995246887207e-01,1.096645236015319824e+00,-4.344601035118103027e-01,1.163658738136291504e+00,8.650734424591064453e-01,2.650652267038822174e-02,-1.034541606903076172e+00,1.837837219238281250e+00,-1.197920680046081543e+00,1.731212258338928223e+00,-7.958067655563354492e-01,6.214920878410339355e-01,9.727135300636291504e-02,-1.452183246612548828e+00,-2.713739275932312012e-01,-6.368665099143981934e-01,1.222837194800376892e-01,-1.568472027778625488e+00,1.843474745750427246e+00,-5.684747695922851562e-01,2.942878007888793945e-01,6.323732137680053711e-01,-1.070964574813842773e+00,-1.065050244331359863e+00,-5.752137899398803711e-01,2.830715477466583252e-01,-1.668076515197753906e+00,6.228366494178771973e-02,2.896285772323608398e+00,-1.487202495336532593e-01,4.151681363582611084e-01,4.989562630653381348e-01,1.055975675582885742e+00,2.769544720649719238e-01
1.343713283538818359e+00,1.103863239288330078e+00,-2.988851070404052734e-01,-1.162675246596336365e-01,1.278409600257873535e+00,-1.172022700309753418e+00,-5.147721171379089355e-01,-5.236386656761169434e-01,-2.181474924087524414e+00,-8.969178795814514160e-01,1.063348531723022461e+00,1.012280344963073730e+00,-1.716595292091369629e-01,-1.146248102188110352e+00,2.449309229850769043e-01,1.848859786987304688e-01,-2.136790990829467773e+00,-2.782762348651885986e-01,4.336261749267578125e-01,7.460122704505920410e-01,-1.545552015304565430e+00,-5.523647665977478027e-01,-1.812193393707275391e+00,4.713945984840393066e-01,-1.860552549362182617e+00,-3.227524459362030029e-01,-1.732064604759216309e+00,1.221124380826950073e-01,1.259903982281684875e-02,-2.177057564258575439e-01,9.033356904983520508e-01,1.098682165145874023e+00,-4.346187114715576172e-01,1.164424777030944824e+00,8.660956025123596191e-01,2.694780565798282623e-02,-1.031136870384216309e+00,1.840780377388000488e+00,-1.197331905364990234e+00,1.731543064117431641e+00,-7.931290268898010254e-01,6.258178353309631348e-01,7.911000400781631470e-02,-1.491413593292236328e+00,-2.700804769992828369e-01,-6.655690073966979980e-01,1.380758434534072876e-01,-1.570476651191711426e+00,1.836722731590270996e+00,-5.681542158126831055e-01,2.996776401996612549e-01,6.330922245979309082e-01,-1.063133239746093750e+00,-1.061432957649230957e+00,-5.722819566726684570e-01,2.868911027908325195e-01,-1.638019680976867676e+00,6.857370585203170776e-02,2.866515874862670898e+00,-1.471358984708786011e-01,4.025014638900756836e-01,5.022655129432678223e-01,1.045523166656494141e+00,2.607683837413787842e-01
1.334388494491577148e+00,1.094632983207702637e+00,-2.961661517620086670e-01,-1.206216216087341309e-01,1.272043824195861816e+00,-1.169292449951171875e+00,-5.199104547500610352e-01,-5.233263373374938965e-01,-2.184752464294433594e+00,-8.961782455444335938e-01,1.060138583183288574e+00,1.014743804931640625e+00,-1.701412796974182129e-01,-1.147356867790222168e+00,2.434391826391220093e-01,1.855978816747665405e-01,-2.140740156173706055e+00,-2.761649191379547119e-01,4.347509741783142090e-01,7.467564940452575684e-01,-1.545531153678894043e+00,-5.543970465660095215e-01,-1.814096331596374512e+00,4.684721231460571289e-01,-1.856877446174621582e+00,-3.229423165321350098e-01,-1.727312564849853516e+00,1.234699338674545288e-01,9.008382447063922882e-03,-2.123153656721115112e-01,9.029645323753356934e-01,1.099390268325805664e+00,-4.353323876857757568e-01,1.163936376571655273e+00,8.644231557846069336e-01,2.759447880089282990e-02,-1.033700346946716309e+00,1.836256384849548340e+00,-1.197901010513305664e+00,1.729885220527648926e+00,-7.930960655212402344e-01,6.276503205299377441e-01,8.567788451910018921e-02,-1.484835982322692871e+00,-2.677370309829711914e-01,-6.588723659515380859e-01,1.348573863506317139e-01,-1.568271160125732422e+00,1.842241644859313965e+00,-5.692831873893737793e-01,2.929799258708953857e-01,6.286215186119079590e-01,-1.066989183425903320e+00,-1.063613295555114746e+00,-5.739839673042297363e-01,2.823959887027740479e-01,-1.606699824333190918e+00,7.588949799537658691e-02,2.839037895202636719e+00,-1.460119634866714478e-01,3.864519596099853516e-01,5.034816265106201172e-01,1.028712034225463867e+00,2.374619990587234497e-01
1.371429204940795898e+00,1.130281329154968262e+00,-2.995380461215972900e-01,-1.016173586249351501e-01,1.298160076141357422e+00,-1.174631476402282715e+00,-5.017554163932800293e-01,-5.151876211166381836e-01,-2.184178829193115234e+00,-8.979620933532714844e-01,1.059004783630371094e+00,1.013508558273315430e+00,-1.734205186367034912e-01,-1.146450042724609375e+00,2.465265840291976929e-01,1.849349737167358398e-01,-2.135331392288208008e+00,-2.758680582046508789e-01,4.348301887512207031e-01,7.461102604866027832e-01,-1.544443607330322266e+00,-5.522176623344421387e-01,-1.811055660247802734e+00,4.726477861404418945e-01,-1.858190655708312988e+00,-3.230203390121459961e-01,-1.730250239372253418e+00,1.238929405808448792e-01,7.583601865917444229e-03,-2.163982540369033813e-01,9.028999209403991699e-01,1.100538730621337891e+00,-4.363046288490295410e-01,1.164904236793518066e+00,8.669760823249816895e-01,2.898827753961086273e-02,-1.032638072967529297e+00,1.836214303970336914e+00,-1.199146270751953125e+00,1.728363156318664551e+00,-7.960928082466125488e-01,6.229249238967895508e-01,1.037867143750190735e-01,-1.435251474380493164e+00,-2.734738886356353760e-01,-6.224645376205444336e-01,1.217724680900573730e-01,-1.570396423339843750e+00,1.847424268722534180e+00,-5.696296095848083496e-01,2.913845181465148926e-01,6.302359700202941895e-01,-1.073128819465637207e+00,-1.063549637794494629e+00,-5.785367488861083984e-01,2.844360470771789551e-01,-1.586293220520019531e+00,7.762116193771362305e-02,2.821751594543457031e+00,-1.416351944208145142e-01,3.784923851490020752e-01,5.070160031318664551e-01,1.020061016082763672e+00,2.255099266767501831e-01
1.354788064956665039e+00,1.112679004669189453e+00,-2.960104346275329590e-01,-1.110372319817543030e-01,1.283965706825256348e+00,-1.171023488044738770e+00,-5.106316208839416504e-01,-5.183696746826171875e-01,-2.185820579528808594e+00,-8.971211314201354980e-01,1.057741761207580566e+00,1.010951399803161621e+00,-1.725206822156906128e-01,-1.141738414764404297e+00,2.446773648262023926e-01,1.826649904251098633e-01,-2.125241041183471680e+00,-2.795577943325042725e-01,4.306435286998748779e-01,7.428260445594787598e-01,-1.537774562835693359e+00,-5.523627400398254395e-01,-1.801176071166992188e+00,4.798467755317687988e-01,-1.860378742218017578e+00,-3.255502581596374512e-01,-1.730798125267028809e+00,1.232728138566017151e-01,9.651267901062965393e-03,-2.151749581098556519e-01,9.050657749176025391e-01,1.100230693817138672e+00,-4.379673004150390625e-01,1.166238665580749512e+00,8.675528168678283691e-01,2.830467186868190765e-02,-1.031757950782775879e+00,1.836698412895202637e+00,-1.197390437126159668e+00,1.727877259254455566e+00,-7.946302890777587891e-01,6.231932044029235840e-01,8.229197561740875244e-02,-1.488854408264160156e+00,-2.701593339443206787e-01,-6.655400395393371582e-01,1.339563727378845215e-01,-1.569669365882873535e+00,1.839667677879333496e+00,-5.686233639717102051e-01,2.969080507755279541e-01,6.315294504165649414e-01,-1.065825223922729492e+00,-1.061513185501098633e+00,-5.742872357368469238e-01,2.862505912780761719e-01,-1.592380642890930176e+00,7.702484726905822754e-02,2.829180002212524414e+00,-1.439150869846343994e-01,3.799346089363098145e-01,5.077298283576965332e-01,1.022222042083740234e+00,2.288182973861694336e-01
1.351886391639709473e+00,1.110150098800659180e+00,-2.997775375843048096e-01,-1.119960099458694458e-01,1.284706830978393555e+00,-1.172148227691650391e+00,-5.115122199058532715e-01,-5.215315818786621094e-01,-2.184378147125244141e+00,-8.978356719017028809e-01,1.058759570121765137e+00,1.013784050941467285e+00,-1.735335141420364380e-01,-1.144903421401977539e+00,2.465296238660812378e-01,1.856009811162948608e-01,-2.132712602615356445e+00,-2.774897217750549316e-01,4.316579699516296387e-01,7.469084262847900391e-01,-1.538479566574096680e+00,-5.520808100700378418e-01,-1.807259082794189453e+00,4.763678908348083496e-01,-1.861087322235107422e+00,-3.224600851535797119e-01,-1.730935931205749512e+00,1.219744607806205750e-01,1.127993874251842499e-02,-2.183264195919036865e-01,9.040370583534240723e-01,1.098944067955017090e+00,-4.365036785602569580e-01,1.164192199707031250e+00,8.670070767402648926e-01,2.794171683490276337e-02,-1.036321759223937988e+00,1.833209991455078125e+00,-1.197460174560546875e+00,1.728799343109130859e+00,-7.936156392097473145e-01,6.227831840515136719e-01,8.631897717714309692e-02,-1.478588819503784180e+00,-2.688829600811004639e-01,-6.577891111373901367e-01,1.298369467258453369e-01,-1.568384051322937012e+00,1.842157483100891113e+00,-5.661953091621398926e-01,2.975294888019561768e-01,6.318371891975402832e-01,-1.068213343620300293e+00,-1.061675071716308594e+00,-5.753878355026245117e-01,2.816038131713867188e-01,-1.654455661773681641e+00,6.543811410665512085e-02,2.884536981582641602e+00,-1.476940065622329712e-01,4.072555005550384521e-01,5.029100179672241211e-01,1.051516294479370117e+00,2.687151730060577393e-01
1.357922911643981934e+00,1.114813923835754395e+00,-2.972340583801269531e-01,-1.120202019810676575e-01,1.284818887710571289e+00,-1.171368479728698730e+00,-5.084339976310729980e-01,-5.190439820289611816e-01,-2.179507970809936523e+00,-9.004082679748535156e-01,1.062004327774047852e+00,1.013726472854614258e+00,-1.773636192083358765e-01,-1.148531198501586914e+00,2.492118328809738159e-01,1.871701478958129883e-01,-2.127179861068725586e+00,-2.829010188579559326e-01,4.286201000213623047e-01,7.382859587669372559e-01,-1.534393906593322754e+00,-5.552834272384643555e-01,-1.801941394805908203e+00,4.835542440414428711e-01,-1.861543059349060059e+00,-3.235630989074707031e-01,-1.730786919593811035e+00,1.208280399441719055e-01,1.626448146998882294e-02,-2.128708809614181519e-01,9.058345556259155273e-01,1.097097873687744141e+00,-4.357208907604217529e-01,1.164237141609191895e+00,8.668447136878967285e-01,2.869432792067527771e-02,-1.034331440925598145e+00,1.836344957351684570e+00,-1.197650909423828125e+00,1.727486133575439453e+00,-7.971309423446655273e-01,6.263566613197326660e-01,8.005284518003463745e-02,-1.500315070152282715e+00,-2.696034312248229980e-01,-6.704316735267639160e-01,1.390425115823745728e-01,-1.567318677902221680e+00,1.837055087089538574e+00,-5.676850676536560059e-01,3.010508716106414795e-01,6.325976252555847168e-01,-1.062407612800598145e+00,-1.059875726699829102e+00,-5.730351209640502930e-01,2.890570163726806641e-01,-1.641942858695983887e+00,6.730408221483230591e-02,2.871124267578125000e+00,-1.455529332160949707e-01,4.006163477897644043e-01,5.032383203506469727e-01,1.042294263839721680e+00,2.595043182373046875e-01
1.376626253128051758e+00,1.133924722671508789e+00,-3.000980913639068604e-01,-9.821923077106475830e-02,1.306007742881774902e+00,-1.174918651580810547e+00,-4.993735849857330322e-01,-5.132132768630981445e-01,-2.181060075759887695e+00,-8.992112278938293457e-01,1.061787605285644531e+00,1.011378645896911621e+00,-1.756850033998489380e-01,-1.146044969558715820e+00,2.464511245489120483e-01,1.852285265922546387e-01,-2.138880014419555664e+00,-2.789989113807678223e-01,4.342407286167144775e-01,7.433260679244995117e-01,-1.546944141387939453e+00,-5.545418858528137207e-01,-1.813042640686035156e+00,4.692600369453430176e-01,-1.860718488693237305e+00,-3.262335062026977539e-01,-1.730961680412292480e+00,1.220813021063804626e-01,1.147814933210611343e-02,-2.109397202730178833e-01,9.048948287963867188e-01,1.100377082824707031e+00,-4.387363195419311523e-01,1.164301872253417969e+00,8.650516867637634277e-01,2.671371586620807648e-02,-1.034509181976318359e+00,1.832148790359497070e+00,-1.195744872093200684e+00,1.721834540367126465e+00,-7.962952852249145508e-01,6.219545602798461914e-01,9.953161329030990601e-02,-1.440051674842834473e+00,-2.727324366569519043e-01,-6.257852315902709961e-01,1.207886934280395508e-01,-1.569179177284240723e+00,1.844126224517822266e+00,-5.677320361137390137e-01,2.932827472686767578e-01,6.341144442558288574e-01,-1.075409889221191406e+00,-1.062248110771179199e+00,-5.792817473411560059e-01,2.826336026191711426e-01,-1.639096617698669434e+00,6.926896423101425171e-02,2.873834133148193359e+00,-1.481570154428482056e-01,4.003803730010986328e-01,5.037075877189636230e-01,1.043957471847534180e+00,2.589264512062072754e-01
1.389938950538635254e+00,1.142701864242553711e+00,-3.049892485141754150e-01,-9.290156513452529907e-02,1.311414837837219238e+00,-1.175501823425292969e+00,-4.960831701755523682e-01,-5.139008164405822754e-01,-2.182969331741333008e+00,-8.973824977874755859e-01,1.061617732048034668e+00,1.015113353729248047e+00,-1.727976500988006592e-01,-1.148833632469177246e+00,2.484318614006042480e-01,1.868176013231277466e-01,-2.131744861602783203e+00,-2.793756723403930664e-01,4.341379404067993164e-01,7.426571249961853027e-01,-1.543060064315795898e+00,-5.532225966453552246e-01,-1.807042956352233887e+00,4.752912521362304688e-01,-1.859589099884033203e+00,-3.247107565402984619e-01,-1.730746865272521973e+00,1.228773072361946106e-01,9.353630244731903076e-03,-2.140453457832336426e-01,9.036824703216552734e-01,1.100584983825683594e+00,-4.353489577770233154e-01,1.165436267852783203e+00,8.680804371833801270e-01,2.787792682647705078e-02,-1.033169507980346680e+00,1.839741468429565430e+00,-1.198408842086791992e+00,1.732568264007568359e+00,-7.951002717018127441e-01,6.245384216308593750e-01,9.048800915479660034e-02,-1.465897798538208008e+00,-2.702001929283142090e-01,-6.449143886566162109e-01,1.304885745048522949e-01,-1.568037867546081543e+00,1.844091892242431641e+00,-5.692193508148193359e-01,2.930348515510559082e-01,6.308126449584960938e-01,-1.068177938461303711e+00,-1.062283515930175781e+00,-5.767299532890319824e-01,2.870562970638275146e-01,-1.584340453147888184e+00,7.844730466604232788e-02,2.820802688598632812e+00,-1.437176167964935303e-01,3.754094839096069336e-01,5.076985359191894531e-01,1.019167065620422363e+00,2.246847450733184814e-01
1.365647912025451660e+00,1.122844934463500977e+00,-3.026784956455230713e-01,-1.052471771836280823e-01,1.296946167945861816e+00,-1.173285484313964844e+00,-5.024151206016540527e-01,-5.190912485122680664e-01,-2.182772874832153320e+00,-8.985183835029602051e-01,1.059648990631103516e+00,1.016507148742675781e+00,-1.740178018808364868e-01,-1.151875853538513184e+00,2.471798807382583618e-01,1.881361156702041626e-01,-2.133476018905639648e+00,-2.779168486595153809e-01,4.343738853931427002e-01,7.447732090950012207e-01,-1.541264891624450684e+00,-5.539849400520324707e-01,-1.807903170585632324e+00,4.743268787860870361e-01,-1.856296658515930176e+00,-3.182695508003234863e-01,-1.731370568275451660e+00,1.251046806573867798e-01,6.573656108230352402e-03,-2.232440412044525146e-01,9.003885984420776367e-01,1.097988247871398926e+00,-4.343518018722534180e-01,1.160818219184875488e+00,8.608210086822509766e-01,2.773576788604259491e-02,-1.034666061401367188e+00,1.832682013511657715e+00,-1.198190569877624512e+00,1.722977638244628906e+00,-7.945399284362792969e-01,6.243726611137390137e-01,9.307484328746795654e-02,-1.463516116142272949e+00,-2.706628739833831787e-01,-6.442129015922546387e-01,1.266787499189376831e-01,-1.568787693977355957e+00,1.841408252716064453e+00,-5.693415999412536621e-01,2.934669852256774902e-01,6.298161149024963379e-01,-1.066181302070617676e+00,-1.061982512474060059e+00,-5.749085545539855957e-01,2.856502532958984375e-01,-1.636290311813354492e+00,6.946740299463272095e-02,2.867043733596801758e+00,-1.476527899503707886e-01,3.983235955238342285e-01,5.015683174133300781e-01,1.041209578514099121e+00,2.566263377666473389e-01
1.364253997802734375e+00,1.123569607734680176e+00,-2.961270809173583984e-01,-1.077118963003158569e-01,1.289081335067749023e+00,-1.174416661262512207e+00,-5.070801973342895508e-01,-5.162751674652099609e-01,-2.180663347244262695e+00,-8.984863162040710449e-01,1.061031937599182129e+00,1.011666297912597656e+00,-1.752994656562805176e-01,-1.144357919692993164e+00,2.470711022615432739e-01,1.845825910568237305e-01,-2.131500482559204102e+00,-2.793801128864288330e-01,4.321922957897186279e-01,7.409691810607910156e-01,-1.542997956275939941e+00,-5.535942316055297852e-01,-1.805687069892883301e+00,4.737048149108886719e-01,-1.858180522918701172e+00,-3.192010819911956787e-01,-1.726155638694763184e+00,1.224857941269874573e-01,1.157622318714857101e-02,-2.184951901435852051e-01,9.024698138236999512e-01,1.098108172416687012e+00,-4.370634853839874268e-01,1.162878274917602539e+00,8.633961677551269531e-01,2.814650721848011017e-02,-1.031627655029296875e+00,1.832401752471923828e+00,-1.198148250579833984e+00,1.720078110694885254e+00,-7.943083643913269043e-01,6.274042725563049316e-01,9.098710119724273682e-02,-1.465019941329956055e+00,-2.710156738758087158e-01,-6.427069306373596191e-01,1.317459493875503540e-01,-1.570555686950683594e+00,1.840982794761657715e+00,-5.676259994506835938e-01,2.962885499000549316e-01,6.345584392547607422e-01,-1.066829204559326172e+00,-1.064909696578979492e+00,-5.733710527420043945e-01,2.852948009967803955e-01,-1.633701324462890625e+00,6.889747083187103271e-02,2.868822813034057617e+00,-1.474606841802597046e-01,3.973358869552612305e-01,5.047450661659240723e-01,1.041957616806030273e+00,2.562876343727111816e-01
1.378357410430908203e+00,1.136175751686096191e+00,-2.995019257068634033e-01,-9.695786237716674805e-02,1.304762601852416992e+00,-1.174432516098022461e+00,-4.997914433479309082e-01,-5.120665431022644043e-01,-2.183888912200927734e+00,-8.966270685195922852e-01,1.061288714408874512e+00,1.013005971908569336e+00,-1.714905649423599243e-01,-1.146235942840576172e+00,2.434943169355392456e-01,1.853844076395034790e-01,-2.139527082443237305e+00,-2.779177427291870117e-01,4.349104166030883789e-01,7.444656491279602051e-01,-1.546080589294433594e+00,-5.547156929969787598e-01,-1.812929034233093262e+00,4.691773951053619385e-01,-1.861129164695739746e+00,-3.242943882942199707e-01,-1.732035636901855469e+00,1.204902157187461853e-01,1.585000008344650269e-02,-2.110134512186050415e-01,9.032683372497558594e-01,1.099067568778991699e+00,-4.362359046936035156e-01,1.166808009147644043e+00,8.692057132720947266e-01,2.977968193590641022e-02,-1.032132387161254883e+00,1.840561270713806152e+00,-1.197692513465881348e+00,1.736115932464599609e+00,-7.933447957038879395e-01,6.290938854217529297e-01,8.086438477039337158e-02,-1.494828820228576660e+00,-2.680546343326568604e-01,-6.651891469955444336e-01,1.404857486486434937e-01,-1.566978812217712402e+00,1.840295910835266113e+00,-5.692913532257080078e-01,2.957145571708679199e-01,6.328498721122741699e-01,-1.064837574958801270e+00,-1.065457582473754883e+00,-5.720703005790710449e-01,2.869116663932800293e-01,-1.630382895469665527e+00,7.006511837244033813e-02,2.862882137298583984e+00,-1.459132879972457886e-01,3.964752852916717529e-01,5.042939782142639160e-01,1.039513587951660156e+00,2.521142959594726562e-01
1.383470535278320312e+00,1.142123222351074219e+00,-3.004503548145294189e-01,-9.476380050182342529e-02,1.310467123985290527e+00,-1.177446603775024414e+00,-4.946512877941131592e-01,-5.135085582733154297e-01,-2.184753894805908203e+00,-8.982124924659729004e-01,1.057475328445434570e+00,1.016601443290710449e+00,-1.701239049434661865e-01,-1.147730827331542969e+00,2.447957992553710938e-01,1.857159882783889771e-01,-2.143139362335205078e+00,-2.774013280868530273e-01,4.340438842773437500e-01,7.435561418533325195e-01,-1.548575162887573242e+00,-5.552652478218078613e-01,-1.816250205039978027e+00,4.667341113090515137e-01,-1.859646677970886230e+00,-3.233978152275085449e-01,-1.730675339698791504e+00,1.215431392192840576e-01,1.330456696450710297e-02,-2.127924561500549316e-01,9.034848213195800781e-01,1.099530100822448730e+00,-4.348090291023254395e-01,1.159413337707519531e+00,8.575476408004760742e-01,2.581681869924068451e-02,-1.035012125968933105e+00,1.830697536468505859e+00,-1.196295619010925293e+00,1.719238877296447754e+00,-7.962099313735961914e-01,6.246082782745361328e-01,1.070422679185867310e-01,-1.426888227462768555e+00,-2.713117897510528564e-01,-6.127726435661315918e-01,1.205826178193092346e-01,-1.568125844001770020e+00,1.845589041709899902e+00,-5.691483616828918457e-01,2.930790483951568604e-01,6.322069764137268066e-01,-1.071351051330566406e+00,-1.064509510993957520e+00,-5.768451690673828125e-01,2.854330837726593018e-01,-1.583776712417602539e+00,7.893585413694381714e-02,2.820930480957031250e+00,-1.421464085578918457e-01,3.780268430709838867e-01,5.096192955970764160e-01,1.018565058708190918e+00,2.223778814077377319e-01
1.361600875854492188e+00,1.120783448219299316e+00,-3.024948239326477051e-01,-1.059390231966972351e-01,1.293263792991638184e+00,-1.175973892211914062e+00,-5.077404379844665527e-01,-5.204047560691833496e-01,-2.184534311294555664e+00,-8.976694941520690918e-01,1.059493899345397949e+00,1.014905214309692383e+00,-1.731384098529815674e-01,-1.146542787551879883e+00,2.490740120410919189e-01,1.868734806776046753e-01,-2.131998062133789062e+00,-2.810167670249938965e-01,4.316544830799102783e-01,7.438284158706665039e-01,-1.538916826248168945e+00,-5.549437403678894043e-01,-1.806404352188110352e+00,4.757717847824096680e-01,-1.861479878425598145e+00,-3.239286839962005615e-01,-1.732135176658630371e+00,1.209661290049552917e-01,1.267723366618156433e-02,-2.154417634010314941e-01,9.039034247398376465e-01,1.100442409515380859e+00,-4.361743032932281494e-01,1.165956974029541016e+00,8.692468404769897461e-01,2.719128318130970001e-02,-1.033296704292297363e+00,1.840473532676696777e+00,-1.197430729866027832e+00,1.731234550476074219e+00,-7.934075593948364258e-01,6.245700120925903320e-01,7.850401103496551514e-02,-1.497268557548522949e+00,-2.684627473354339600e-01,-6.710982918739318848e-01,1.370414942502975464e-01,-1.568885445594787598e+00,1.844434976577758789e+00,-5.685522556304931641e-01,2.932282686233520508e-01,6.326193213462829590e-01,-1.071592688560485840e+00,-1.063381552696228027e+00,-5.773135423660278320e-01,2.849137783050537109e-01,-1.589077353477478027e+00,7.894424349069595337e-02,2.825503826141357422e+00,-1.437518596649169922e-01,3.796790540218353271e-01,5.087357759475708008e-01,1.022505283355712891e+00,2.271676361560821533e-01
1.313308477401733398e+00,1.074186921119689941e+00,-2.929341197013854980e-01,-1.344004869461059570e-01,1.246110439300537109e+00,-1.164427995681762695e+00,-5.305665731430053711e-01,-5.278761982917785645e-01,-2.183620929718017578e+00,-8.982776403427124023e-01,1.058706164360046387e+00,1.013128042221069336e+00,-1.747304648160934448e-01,-1.141878247261047363e+00,2.506221830844879150e-01,1.877669692039489746e-01,-2.141263008117675781e+00,-2.728875875473022461e-01,4.377697408199310303e-01,7.498323321342468262e-01,-1.547683358192443848e+00,-5.508208274841308594e-01,-1.817935228347778320e+00,4.693723917007446289e-01,-1.858329534530639648e+00,-3.227768242359161377e-01,-1.728345751762390137e+00,1.235176548361778259e-01,1.077036373317241669e-02,-2.157617807388305664e-01,9.056423902511596680e-01,1.097559809684753418e+00,-4.327400326728820801e-01,1.162894368171691895e+00,8.657014966011047363e-01,2.841574512422084808e-02,-1.035036683082580566e+00,1.838205575942993164e+00,-1.199386596679687500e+00,1.732692599296569824e+00,-7.944181561470031738e-01,6.239332556724548340e-01,8.111309260129928589e-02,-1.491739153861999512e+00,-2.698427736759185791e-01,-6.674993634223937988e-01,1.351721435785293579e-01,-1.572017550468444824e+00,1.842907190322875977e+00,-5.695829391479492188e-01,2.940784394741058350e-01,6.300093531608581543e-01,-1.068456411361694336e+00,-1.061857819557189941e+00,-5.762676596641540527e-01,2.867887318134307861e-01,-1.610761165618896484e+00,7.474237680435180664e-02,2.842141389846801758e+00,-1.443988084793090820e-01,3.921946585178375244e-01,5.031480789184570312e-01,1.032454490661621094e+00,2.402198910713195801e-01
1.394179463386535645e+00,1.145854711532592773e+00,-3.054669201374053955e-01,-9.164708107709884644e-02,1.316005110740661621e+00,-1.174538850784301758e+00,-4.884797930717468262e-01,-5.130012631416320801e-01,-2.185518026351928711e+00,-8.983660936355590820e-01,1.057579517364501953e+00,1.014560937881469727e+00,-1.703146994113922119e-01,-1.148004412651062012e+00,2.438193261623382568e-01,1.833797097206115723e-01,-2.130465507507324219e+00,-2.789232730865478516e-01,4.329478740692138672e-01,7.425605058670043945e-01,-1.540171504020690918e+00,-5.538902282714843750e-01,-1.804592609405517578e+00,4.758776724338531494e-01,-1.864455342292785645e+00,-3.261412978172302246e-01,-1.736733794212341309e+00,1.207705885171890259e-01,1.543981675058603287e-02,-2.138717621564865112e-01,9.041078686714172363e-01,1.099751472473144531e+00,-4.370353817939758301e-01,1.164534687995910645e+00,8.648278117179870605e-01,2.703736908733844757e-02,-1.035030484199523926e+00,1.835929274559020996e+00,-1.195441484451293945e+00,1.726943612098693848e+00,-7.949641942977905273e-01,6.230959892272949219e-01,8.152663707733154297e-02,-1.490264177322387695e+00,-2.701451778411865234e-01,-6.665518879890441895e-01,1.358644068241119385e-01,-1.570294260978698730e+00,1.831171274185180664e+00,-5.664783120155334473e-01,3.067597448825836182e-01,6.316253542900085449e-01,-1.055706620216369629e+00,-1.059203028678894043e+00,-5.676900148391723633e-01,2.866066098213195801e-01,-1.620233297348022461e+00,7.071221619844436646e-02,2.852262735366821289e+00,-1.463083773851394653e-01,3.939277231693267822e-01,5.040505528450012207e-01,1.035151004791259766e+00,2.477460950613021851e-01
1.378297686576843262e+00,1.133258104324340820e+00,-3.025279045104980469e-01,-9.939649701118469238e-02,1.303629279136657715e+00,-1.174889206886291504e+00,-5.010071396827697754e-01,-5.165721774101257324e-01,-2.179949760437011719e+00,-8.982205390930175781e-01,1.064296245574951172e+00,1.013828635215759277e+00,-1.743378341197967529e-01,-1.152336478233337402e+00,2.447592765092849731e-01,1.871898025274276733e-01,-2.130934953689575195e+00,-2.801772356033325195e-01,4.314492642879486084e-01,7.428987622261047363e-01,-1.541340708732604980e+00,-5.536978244781494141e-01,-1.806752204895019531e+00,4.757730662822723389e-01,-1.857688069343566895e+00,-3.235319256782531738e-01,-1.727199196815490723e+00,1.239986270666122437e-01,7.378771901130676270e-03,-2.165638506412506104e-01,9.031304717063903809e-01,1.100219845771789551e+00,-4.353534579277038574e-01,1.164884567260742188e+00,8.655524849891662598e-01,2.575388550758361816e-02,-1.030439734458923340e+00,1.840090274810791016e+00,-1.199361562728881836e+00,1.729933857917785645e+00,-7.930541634559631348e-01,6.248869299888610840e-01,8.271683752536773682e-02,-1.486595511436462402e+00,-2.682939469814300537e-01,-6.623944044113159180e-01,1.346433609724044800e-01,-1.568549156188964844e+00,1.841745138168334961e+00,-5.698726177215576172e-01,2.948644459247589111e-01,6.308163404464721680e-01,-1.067744255065917969e+00,-1.061818599700927734e+00,-5.757827758789062500e-01,2.876412272453308105e-01,-1.571523427963256836e+00,8.236779272556304932e-02,2.810454607009887695e+00,-1.431290358304977417e-01,3.726328015327453613e-01,5.083931684494018555e-01,1.012454867362976074e+00,2.149339169263839722e-01
1.375393033027648926e+00,1.133555412292480469e+00,-3.015234768390655518e-01,-9.975303709506988525e-02,1.301044464111328125e+00,-1.175390005111694336e+00,-4.989966154098510742e-01,-5.160195827484130859e-01,-2.184464216232299805e+00,-8.973556756973266602e-01,1.058963179588317871e+00,1.014562964439392090e+00,-1.721116006374359131e-01,-1.144422173500061035e+00,2.456937432289123535e-01,1.861447542905807495e-01,-2.123030900955200195e+00,-2.793490588665008545e-01,4.258380830287933350e-01,7.434630990028381348e-01,-1.530254244804382324e+00,-5.525742769241333008e-01,-1.798066258430480957e+00,4.855287671089172363e-01,-1.862026333808898926e+00,-3.259662389755249023e-01,-1.731697320938110352e+00,1.205623820424079895e-01,1.443614158779382706e-02,-2.136161476373672485e-01,9.049206376075744629e-01,1.100565195083618164e+00,-4.354657232761383057e-01,1.166123867034912109e+00,8.705260753631591797e-01,2.798122540116310120e-02,-1.035701394081115723e+00,1.840658664703369141e+00,-1.198759198188781738e+00,1.736368536949157715e+00,-7.945948839187622070e-01,6.247907876968383789e-01,9.052579104900360107e-02,-1.469288945198059082e+00,-2.669980525970458984e-01,-6.468932628631591797e-01,1.296416372060775757e-01,-1.566074967384338379e+00,1.839998126029968262e+00,-5.668076872825622559e-01,2.961972653865814209e-01,6.319322586059570312e-01,-1.067494988441467285e+00,-1.063408255577087402e+00,-5.734849572181701660e-01,2.809334397315979004e-01,-1.656318426132202148e+00,6.430771946907043457e-02,2.883773803710937500e+00,-1.471195071935653687e-01,4.090484976768493652e-01,5.016899704933166504e-01,1.051945090293884277e+00,2.696668505668640137e-01
1.339533090591430664e+00,1.099023103713989258e+00,-2.950748801231384277e-01,-1.185102090239524841e-01,1.272555232048034668e+00,-1.168949246406555176e+00,-5.161746740341186523e-01,-5.209024548530578613e-01,-2.181540489196777344e+00,-8.984819054603576660e-01,1.061651229858398438e+00,1.014626145362854004e+00,-1.741994917392730713e-01,-1.148375153541564941e+00,2.480110973119735718e-01,1.869911849498748779e-01,-2.124037265777587891e+00,-2.781247198581695557e-01,4.286078214645385742e-01,7.453735470771789551e-01,-1.531524181365966797e+00,-5.486601591110229492e-01,-1.799655199050903320e+00,4.849522113800048828e-01,-1.859944581985473633e+00,-3.230706155300140381e-01,-1.731281638145446777e+00,1.224592030048370361e-01,1.188609097152948380e-02,-2.159132808446884155e-01,9.026799201965332031e-01,1.098739027976989746e+00,-4.366290569305419922e-01,1.166277408599853516e+00,8.694994449615478516e-01,2.995603531599044800e-02,-1.034730911254882812e+00,1.838802933692932129e+00,-1.197324991226196289e+00,1.731974363327026367e+00,-7.947530746459960938e-01,6.261593699455261230e-01,8.714353293180465698e-02,-1.477309226989746094e+00,-2.694940865039825439e-01,-6.527335047721862793e-01,1.305473148822784424e-01,-1.567091822624206543e+00,1.840261340141296387e+00,-5.684329271316528320e-01,2.979407310485839844e-01,6.336296796798706055e-01,-1.066423535346984863e+00,-1.063718795776367188e+00,-5.735365152359008789e-01,2.873619496822357178e-01,-1.653365373611450195e+00,6.560219824314117432e-02,2.884539604187011719e+00,-1.466889828443527222e-01,4.072299897670745850e-01,5.032675266265869141e-01,1.050500869750976562e+00,2.671010196208953857e-01
1.388661146163940430e+00,1.142818331718444824e+00,-3.040736019611358643e-01,-9.273273497819900513e-02,1.312889695167541504e+00,-1.175497174263000488e+00,-4.943402409553527832e-01,-5.130105614662170410e-01,-2.183613061904907227e+00,-8.978173732757568359e-01,1.059580564498901367e+00,1.013841986656188965e+00,-1.733847260475158691e-01,-1.145023941993713379e+00,2.488219141960144043e-01,1.853432953357696533e-01,-2.140140533447265625e+00,-2.813572287559509277e-01,4.360831081867218018e-01,7.417345046997070312e-01,-1.548012256622314453e+00,-5.559712648391723633e-01,-1.815101027488708496e+00,4.698103666305541992e-01,-1.860539317131042480e+00,-3.226172924041748047e-01,-1.733135700225830078e+00,1.213634833693504333e-01,1.527246925979852676e-02,-2.138042300939559937e-01,9.025300741195678711e-01,1.098069429397583008e+00,-4.349045753479003906e-01,1.165939927101135254e+00,8.719838857650756836e-01,2.925224788486957550e-02,-1.034360170364379883e+00,1.842237114906311035e+00,-1.198476076126098633e+00,1.734901070594787598e+00,-7.951782941818237305e-01,6.259485483169555664e-01,8.395610749721527100e-02,-1.488731145858764648e+00,-2.689596414566040039e-01,-6.624577641487121582e-01,1.364004611968994141e-01,-1.567699790000915527e+00,1.836941480636596680e+00,-5.671168565750122070e-01,2.994434833526611328e-01,6.326373219490051270e-01,-1.061993360519409180e+00,-1.062238693237304688e+00,-5.712671279907226562e-01,2.850754261016845703e-01,-1.625336050987243652e+00,7.096091657876968384e-02,2.856581449508666992e+00,-1.470025628805160522e-01,3.930974304676055908e-01,5.030939579010009766e-01,1.036071896553039551e+00,2.498096525669097900e-01
1.302078723907470703e+00,1.064315199851989746e+00,-2.883391380310058594e-01,-1.401523351669311523e-01,1.240252614021301270e+00,-1.163856983184814453e+00,-5.333353281021118164e-01,-5.296260714530944824e-01,-2.186796426773071289e+00,-8.971359729766845703e-01,1.056674599647521973e+00,1.016951441764831543e+00,-1.686604768037796021e-01,-1.148246288299560547e+00,2.449245154857635498e-01,1.858654320240020752e-01,-2.131414890289306641e+00,-2.808567583560943604e-01,4.262651503086090088e-01,7.422638535499572754e-01,-1.538050413131713867e+00,-5.557219386100769043e-01,-1.804901361465454102e+00,4.772811532020568848e-01,-1.857269287109375000e+00,-3.240644633769989014e-01,-1.726411819458007812e+00,1.237293407320976257e-01,6.801506970077753067e-03,-2.156207263469696045e-01,9.036952853202819824e-01,1.102162361145019531e+00,-4.355664551258087158e-01,1.163918495178222656e+00,8.642077445983886719e-01,2.704699523746967316e-02,-1.034622788429260254e+00,1.836413502693176270e+00,-1.197383522987365723e+00,1.730533003807067871e+00,-7.951616644859313965e-01,6.242811083793640137e-01,9.514832496643066406e-02,-1.462010860443115234e+00,-2.674909532070159912e-01,-6.416364312171936035e-01,1.271290332078933716e-01,-1.565713644027709961e+00,1.838892459869384766e+00,-5.687381625175476074e-01,2.976206243038177490e-01,6.315009593963623047e-01,-1.062975406646728516e+00,-1.064007282257080078e+00,-5.711711645126342773e-01,2.855385541915893555e-01,-1.617962479591369629e+00,7.202147692441940308e-02,2.846493482589721680e+00,-1.430296748876571655e-01,3.953264951705932617e-01,5.027268528938293457e-01,1.036408066749572754e+00,2.444047480821609497e-01
