1.832856982946395874e-01,2.011038541793823242e+00,-1.006248712539672852e+00,4.672303795814514160e-01,-7.754067182540893555e-01,-1.665287315845489502e-01,3.289386510848999023e+00,8.810442090034484863e-01,7.848138809204101562e-01,7.924070954322814941e-01,-1.985077142715454102e+00,2.297683954238891602e+00,3.975060880184173584e-01,1.183947324752807617e+00,-1.842102885246276855e+00,-9.385356903076171875e-01,-2.723141312599182129e-01,1.498058557510375977e+00,4.908457398414611816e-01,8.021588623523712158e-02,-4.243944168090820312e+00,-1.932963132858276367e+00,1.553296446800231934e+00,1.541944146156311035e+00,-7.479373216629028320e-01,-1.324009656906127930e+00,5.625472545623779297e+00,-1.265804529190063477e+00,7.364180088043212891e-01,2.582877397537231445e+00,6.492665410041809082e-01,-1.963455557823181152e+00,-7.320302128791809082e-01,-1.260389566421508789e+00,4.641747474670410156e-01,-8.526821434497833252e-02,7.445672154426574707e-01,-1.222372412681579590e+00,-3.742760181427001953e+00,2.424940109252929688e+00,-8.807290196418762207e-01,-6.164706945419311523e-01,-1.459071636199951172e+00,1.176088452339172363e+00,1.378168582916259766e+00,-6.974337697029113770e-01,7.428035736083984375e-01,2.734834849834442139e-01,-6.547574996948242188e-01,1.256926059722900391e+00,-1.986206293106079102e+00,-9.853083491325378418e-01,3.296910047531127930e+00,-2.081939578056335449e-02,-3.876685619354248047e+00,5.656594038009643555e-01,-6.615250110626220703e-01,-4.653182923793792725e-01,2.182519674301147461e+00,-1.971058487892150879e+00,-2.385212659835815430e+00,-2.131463885307312012e-01,-2.926764488220214844e+00,2.648266077041625977e+00
-5.383312106132507324e-01,6.593185663223266602e-01,-2.178251981735229492e+00,3.006334900856018066e-01,-3.940861821174621582e-01,8.388736844062805176e-02,4.045775890350341797e+00,8.674489855766296387e-01,-6.706595420837402344e-01,1.663139343261718750e+00,-9.250520467758178711e-01,1.553340911865234375e+00,1.120872139930725098e+00,2.538223505020141602e+00,-1.269208550453186035e+00,1.029608845710754395e+00,-4.871751368045806885e-01,2.111593484878540039e+00,1.466370582580566406e+00,1.333728909492492676e+00,-2.918574571609497070e+00,-1.863370656967163086e+00,2.498748540878295898e+00,1.315886616706848145e+00,-5.972216129302978516e-01,-1.443876147270202637e+00,3.992524862289428711e+00,-1.297389507293701172e+00,3.079366445541381836e+00,2.786839246749877930e+00,2.149293661117553711e+00,-1.205808877944946289e+00,-1.052206277847290039e+00,-2.165143966674804688e+00,-5.403870344161987305e-02,-1.211436688899993896e-01,1.062112450599670410e+00,-1.727682352066040039e+00,-3.096284151077270508e+00,2.121616363525390625e+00,-1.850145816802978516e+00,-4.752161800861358643e-01,-1.964945554733276367e+00,2.074403762817382812e+00,6.250177621841430664e-01,-1.435693264007568359e+00,1.330776572227478027e+00,6.568755507469177246e-01,-1.513855457305908203e+00,2.993997097015380859e+00,-2.183058500289916992e+00,-3.307477235794067383e-01,1.325534820556640625e+00,-7.160906493663787842e-02,-3.127466917037963867e+00,-8.758389949798583984e-02,-5.982875823974609375e-03,-4.723151028156280518e-01,3.095840930938720703e+00,-1.177034497261047363e+00,-2.313796281814575195e+00,-5.824080109596252441e-01,-2.050642013549804688e+00,2.637355089187622070e+00
-4.826225638389587402e-01,9.035382270812988281e-01,-1.972908973693847656e+00,4.903650879859924316e-01,-2.185897827148437500e-01,1.268204450607299805e-01,3.812795639038085938e+00,1.209121823310852051e+00,-7.832781672477722168e-01,1.717795848846435547e+00,-4.443682134151458740e-01,1.444645881652832031e+00,8.430311083793640137e-01,2.719895839691162109e+00,-1.165737271308898926e+00,8.346254825592041016e-01,-3.761895596981048584e-01,2.103285312652587891e+00,1.392297267913818359e+00,1.350795030593872070e+00,-2.907936096191406250e+00,-1.714562416076660156e+00,2.436222076416015625e+00,1.398904323577880859e+00,-3.692056834697723389e-01,-1.751419425010681152e+00,4.159687519073486328e+00,-1.482558369636535645e+00,3.312195777893066406e+00,2.775407075881958008e+00,2.225232124328613281e+00,-1.271926164627075195e+00,-9.145742058753967285e-01,-2.042639970779418945e+00,-4.136809110641479492e-01,-5.078493803739547729e-02,1.225353598594665527e+00,-1.856188654899597168e+00,-3.077133893966674805e+00,2.252614259719848633e+00,-1.641914844512939453e+00,-5.601539611816406250e-01,-1.885919094085693359e+00,2.105179548263549805e+00,7.410278320312500000e-01,-1.324008584022521973e+00,1.462840914726257324e+00,2.980027496814727783e-01,-1.731521010398864746e+00,3.063590764999389648e+00,-1.839760303497314453e+00,-7.293879985809326172e-01,1.180791258811950684e+00,-1.327181756496429443e-01,-2.959915161132812500e+00,-5.910199880599975586e-02,-2.895547449588775635e-02,-5.286476016044616699e-01,3.230044603347778320e+00,-1.284313917160034180e+00,-2.768100023269653320e+00,-3.834043145179748535e-01,-2.086888074874877930e+00,2.288502216339111328e+00
-5.622715950012207031e-01,8.794927000999450684e-01,-2.012944936752319336e+00,4.029633104801177979e-01,-3.596706390380859375e-01,2.761909961700439453e-01,4.284053802490234375e+00,1.065122961997985840e+00,-8.474336862564086914e-01,1.828352689743041992e+00,-6.562875509262084961e-01,1.209744334220886230e+00,8.185435533523559570e-01,2.567788600921630859e+00,-1.127097129821777344e+00,1.033999919891357422e+00,-4.103125035762786865e-01,2.196424484252929688e+00,1.315224170684814453e+00,1.152284026145935059e+00,-3.023835420608520508e+00,-1.949949502944946289e+00,2.799715995788574219e+00,1.540544271469116211e+00,-7.135487198829650879e-01,-1.413375616073608398e+00,4.062588691711425781e+00,-1.453353166580200195e+00,3.316353082656860352e+00,2.774156808853149414e+00,1.782581448554992676e+00,-1.221091747283935547e+00,-1.162745714187622070e+00,-2.119804382324218750e+00,-1.037954092025756836e-01,-3.796136081218719482e-01,1.310396790504455566e+00,-1.923201322555541992e+00,-3.166635513305664062e+00,2.122579574584960938e+00,-1.485073804855346680e+00,-3.416711091995239258e-01,-1.983976125717163086e+00,2.054378509521484375e+00,8.888088464736938477e-01,-1.327031731605529785e+00,1.313928842544555664e+00,5.102360248565673828e-01,-1.706052780151367188e+00,2.926814794540405273e+00,-1.928854107856750488e+00,-5.938819050788879395e-01,1.448786616325378418e+00,2.229700386524200439e-01,-3.149058580398559570e+00,2.017456293106079102e-01,1.830795407295227051e-02,-3.752971887588500977e-01,3.084448099136352539e+00,-1.299748897552490234e+00,-2.373448610305786133e+00,-3.191095888614654541e-01,-2.153367042541503906e+00,2.490882873535156250e+00
-4.811519980430603027e-01,6.518145799636840820e-01,-2.149293184280395508e+00,5.879337191581726074e-01,-6.858431100845336914e-01,2.423008680343627930e-01,4.095253944396972656e+00,9.201117753982543945e-01,-6.880770921707153320e-01,1.714554309844970703e+00,-5.898870229721069336e-01,1.380163311958312988e+00,8.530487418174743652e-01,2.659345626831054688e+00,-1.244258284568786621e+00,9.094774723052978516e-01,-6.401109695434570312e-01,2.257931232452392578e+00,1.217422842979431152e+00,1.217411756515502930e+00,-2.985504865646362305e+00,-1.803471326828002930e+00,2.359323978424072266e+00,1.268574714660644531e+00,-5.043248534202575684e-01,-1.524323463439941406e+00,4.304592132568359375e+00,-1.462927222251892090e+00,3.155591487884521484e+00,2.959064006805419922e+00,2.124959230422973633e+00,-1.451442480087280273e+00,-9.362959861755371094e-01,-2.187624454498291016e+00,-8.670246601104736328e-02,-5.817370861768722534e-02,1.239302635192871094e+00,-1.611420154571533203e+00,-3.024359703063964844e+00,2.135476827621459961e+00,-1.558367013931274414e+00,-7.071608304977416992e-01,-2.151022195816040039e+00,2.229106903076171875e+00,7.483887672424316406e-01,-1.680069446563720703e+00,1.599822640419006348e+00,4.696103334426879883e-01,-1.443259477615356445e+00,3.175029993057250977e+00,-2.221804857254028320e+00,-4.905049502849578857e-01,1.389201998710632324e+00,-1.967869848012924194e-01,-3.201358318328857422e+00,4.750901460647583008e-02,-8.862715959548950195e-02,-3.366315960884094238e-01,3.178689002990722656e+00,-1.229196548461914062e+00,-2.550187110900878906e+00,-5.320019721984863281e-01,-2.267223834991455078e+00,2.662087678909301758e+00
-6.071954965591430664e-01,8.730808496475219727e-01,-2.225513935089111328e+00,4.289420545101165771e-01,-3.716107904911041260e-01,4.506722092628479004e-02,4.151818275451660156e+00,9.427415132522583008e-01,-6.888535022735595703e-01,1.794934749603271484e+00,-6.755627393722534180e-01,1.450426459312438965e+00,7.748987674713134766e-01,2.629941225051879883e+00,-1.107962369918823242e+00,8.597521781921386719e-01,-5.857603549957275391e-01,1.917282342910766602e+00,1.004196286201477051e+00,1.219365715980529785e+00,-2.892341375350952148e+00,-1.646137356758117676e+00,2.441984891891479492e+00,1.311971426010131836e+00,-4.599248766899108887e-01,-1.594561934471130371e+00,3.997840404510498047e+00,-1.243346810340881348e+00,3.449404954910278320e+00,2.672698259353637695e+00,1.838206648826599121e+00,-1.637363910675048828e+00,-9.485739469528198242e-01,-1.959450125694274902e+00,-3.157531023025512695e-01,-3.865166008472442627e-01,1.154332876205444336e+00,-1.632075309753417969e+00,-3.207542896270751953e+00,1.986165642738342285e+00,-1.467338919639587402e+00,-3.485174179077148438e-01,-1.837325334548950195e+00,2.051826238632202148e+00,8.880581855773925781e-01,-1.326355457305908203e+00,1.646859884262084961e+00,6.499607563018798828e-01,-1.705380201339721680e+00,3.233820915222167969e+00,-2.217904329299926758e+00,-7.550206184387207031e-01,1.115956187248229980e+00,-2.051037549972534180e-02,-2.915876388549804688e+00,1.575319170951843262e-01,-1.546180248260498047e-01,-3.478904068470001221e-01,3.476728200912475586e+00,-1.235765099525451660e+00,-2.802376270294189453e+00,-4.703884720802307129e-01,-2.150569677352905273e+00,2.581162691116333008e+00
-7.564399838447570801e-01,9.201520085334777832e-01,-2.239513158798217773e+00,2.902123928070068359e-01,-3.137612938880920410e-01,-3.914421796798706055e-02,4.015307426452636719e+00,1.208539247512817383e+00,-4.930993914604187012e-01,1.593385338783264160e+00,-8.228170871734619141e-01,1.518101930618286133e+00,7.837088108062744141e-01,2.806773662567138672e+00,-1.260343790054321289e+00,8.124949932098388672e-01,-5.949738025665283203e-01,1.938718914985656738e+00,1.119961977005004883e+00,1.309810280799865723e+00,-3.010812520980834961e+00,-1.801141262054443359e+00,2.610859394073486328e+00,1.451710700988769531e+00,-5.668238401412963867e-01,-1.676658272743225098e+00,4.339750289916992188e+00,-1.321712613105773926e+00,3.020771503448486328e+00,2.904053688049316406e+00,1.969359636306762695e+00,-1.687630653381347656e+00,-1.108092784881591797e+00,-2.006464242935180664e+00,-3.857524991035461426e-01,-3.249797224998474121e-01,9.324916601181030273e-01,-1.559646368026733398e+00,-2.908375263214111328e+00,2.373461961746215820e+00,-1.560199260711669922e+00,-6.348918676376342773e-01,-2.006988763809204102e+00,1.990320444107055664e+00,6.437629461288452148e-01,-1.613679528236389160e+00,1.620298624038696289e+00,8.324442505836486816e-01,-1.382103562355041504e+00,2.995993375778198242e+00,-1.970595955848693848e+00,-5.067262053489685059e-01,1.470770001411437988e+00,-1.842550188302993774e-01,-3.044823169708251953e+00,-1.080830395221710205e-01,-1.798702031373977661e-01,-3.367385268211364746e-01,3.324303627014160156e+00,-1.160975456237792969e+00,-2.643429279327392578e+00,-6.379294991493225098e-01,-2.116071462631225586e+00,2.327903747558593750e+00
-5.213317871093750000e-01,9.194356799125671387e-01,-2.005226850509643555e+00,5.545699596405029297e-01,-4.592062234878540039e-01,2.387989461421966553e-01,3.983383178710937500e+00,1.199801445007324219e+00,-7.338464260101318359e-01,1.931499004364013672e+00,-6.189991235733032227e-01,1.448054909706115723e+00,7.522267103195190430e-01,2.506776332855224609e+00,-1.029238462448120117e+00,6.277935504913330078e-01,-3.400051891803741455e-01,2.305266857147216797e+00,1.200600266456604004e+00,1.423482894897460938e+00,-3.099236011505126953e+00,-1.704018354415893555e+00,2.371790170669555664e+00,1.230143547058105469e+00,-2.978639900684356689e-01,-1.750532388687133789e+00,4.106654644012451172e+00,-1.453697443008422852e+00,3.080798387527465820e+00,2.587629079818725586e+00,1.872084140777587891e+00,-1.396248817443847656e+00,-8.538091182708740234e-01,-2.181287050247192383e+00,-3.213130235671997070e-01,-3.216070830821990967e-01,9.710402488708496094e-01,-1.809048414230346680e+00,-2.823638200759887695e+00,2.077971935272216797e+00,-1.726259946823120117e+00,-6.330845355987548828e-01,-2.077970266342163086e+00,1.892696738243103027e+00,7.100641727447509766e-01,-1.534638047218322754e+00,1.490238308906555176e+00,5.630653500556945801e-01,-1.608923912048339844e+00,3.256832361221313477e+00,-2.091223001480102539e+00,-7.342677116394042969e-01,1.121270060539245605e+00,1.503496170043945312e-01,-2.911880016326904297e+00,7.976603507995605469e-02,9.431406855583190918e-02,-4.703308343887329102e-01,3.361631393432617188e+00,-1.053776979446411133e+00,-2.755913257598876953e+00,-5.237888097763061523e-01,-2.394088745117187500e+00,2.648783445358276367e+00
-7.951412796974182129e-01,7.546184062957763672e-01,-2.149058580398559570e+00,1.952831149101257324e-01,-4.548163414001464844e-01,-4.088476300239562988e-02,4.019503593444824219e+00,8.960921168327331543e-01,-8.265954256057739258e-01,1.631980061531066895e+00,-6.065163612365722656e-01,1.416830062866210938e+00,8.164882659912109375e-01,2.822960853576660156e+00,-1.349347829818725586e+00,7.667258977890014648e-01,-4.653611183166503906e-01,2.000463962554931641e+00,1.480415821075439453e+00,1.130612969398498535e+00,-3.062002182006835938e+00,-1.883320331573486328e+00,2.603358745574951172e+00,1.476248502731323242e+00,-4.629578590393066406e-01,-1.571434617042541504e+00,4.169110774993896484e+00,-1.173435807228088379e+00,3.040677309036254883e+00,2.780992031097412109e+00,2.190094232559204102e+00,-1.173606038093566895e+00,-1.233317375183105469e+00,-2.349038839340209961e+00,-3.010829687118530273e-01,-1.059248894453048706e-01,9.228326082229614258e-01,-1.879407167434692383e+00,-3.102468252182006836e+00,2.226830959320068359e+00,-1.569345712661743164e+00,-4.836831986904144287e-01,-2.028597831726074219e+00,2.052329540252685547e+00,9.364238977432250977e-01,-1.481460452079772949e+00,1.600086808204650879e+00,5.465937852859497070e-01,-1.377253055572509766e+00,3.148288011550903320e+00,-1.863279700279235840e+00,-4.908411502838134766e-01,1.137841463088989258e+00,-6.180152297019958496e-03,-3.095909595489501953e+00,2.020471990108489990e-01,1.725924760103225708e-01,-1.474398374557495117e-01,3.336842536926269531e+00,-1.154898405075073242e+00,-2.445267200469970703e+00,-5.549651384353637695e-01,-2.376344203948974609e+00,2.405464410781860352e+00
-8.003425002098083496e-01,9.531658887863159180e-01,-1.981655120849609375e+00,1.597798466682434082e-01,-6.087552309036254883e-01,8.655574917793273926e-02,3.839877128601074219e+00,9.341322183609008789e-01,-8.715490102767944336e-01,1.519416451454162598e+00,-5.128403902053833008e-01,1.498255729675292969e+00,9.210401773452758789e-01,2.593949317932128906e+00,-1.077945470809936523e+00,1.015588521957397461e+00,-5.392808914184570312e-01,1.898250818252563477e+00,1.442554593086242676e+00,1.461570143699645996e+00,-2.969722747802734375e+00,-1.630927085876464844e+00,2.640058755874633789e+00,1.362988471984863281e+00,-3.568115234375000000e-01,-1.626788616180419922e+00,4.021636486053466797e+00,-1.452308177947998047e+00,3.405267953872680664e+00,2.722270011901855469e+00,1.866938114166259766e+00,-1.349452137947082520e+00,-1.128183722496032715e+00,-2.008135318756103516e+00,-1.169734001159667969e-01,-3.815807998180389404e-01,1.169632315635681152e+00,-1.817484021186828613e+00,-3.254465818405151367e+00,2.241042613983154297e+00,-1.435556292533874512e+00,-2.286047041416168213e-01,-2.129629135131835938e+00,1.927838683128356934e+00,8.167493343353271484e-01,-1.355004549026489258e+00,1.454836130142211914e+00,3.812139332294464111e-01,-1.463879346847534180e+00,3.036172866821289062e+00,-1.914140582084655762e+00,-6.816076040267944336e-01,1.227657556533813477e+00,-2.219373136758804321e-01,-3.000365257263183594e+00,-5.628240108489990234e-02,1.531417071819305420e-01,-2.309919297695159912e-01,3.478049516677856445e+00,-1.075047016143798828e+00,-2.424432277679443359e+00,-3.331594765186309814e-01,-2.340403795242309570e+00,2.497169494628906250e+00
-5.635843276977539062e-01,7.444698214530944824e-01,-1.895189285278320312e+00,3.407598733901977539e-01,-5.369564294815063477e-01,1.589226722717285156e-01,4.259360313415527344e+00,8.722879886627197266e-01,-6.189280152320861816e-01,1.453356266021728516e+00,-5.670574903488159180e-01,1.201342582702636719e+00,7.754521965980529785e-01,2.786566019058227539e+00,-1.071086883544921875e+00,6.988202333450317383e-01,-4.706071019172668457e-01,2.198749542236328125e+00,1.263961672782897949e+00,1.090630650520324707e+00,-3.021190643310546875e+00,-1.823964118957519531e+00,2.634838104248046875e+00,1.462255477905273438e+00,-6.141328811645507812e-01,-1.470981240272521973e+00,4.194978237152099609e+00,-1.078710675239562988e+00,3.219511508941650391e+00,2.943228006362915039e+00,2.007300376892089844e+00,-1.197246909141540527e+00,-1.051384449005126953e+00,-2.447666406631469727e+00,-9.401607513427734375e-02,-3.788969516754150391e-01,1.139438629150390625e+00,-1.713082432746887207e+00,-3.242380142211914062e+00,2.412805557250976562e+00,-1.455435395240783691e+00,-2.979242205619812012e-01,-2.085738182067871094e+00,2.211739778518676758e+00,6.302621364593505859e-01,-1.334027528762817383e+00,1.499129414558410645e+00,7.758853435516357422e-01,-1.783125400543212891e+00,3.114928483963012695e+00,-2.177228689193725586e+00,-7.192147970199584961e-01,1.214037775993347168e+00,-2.016043365001678467e-01,-2.952948808670043945e+00,1.986631155014038086e-01,2.207768559455871582e-01,-1.975988447666168213e-01,3.373781681060791016e+00,-1.248203277587890625e+00,-2.365092992782592773e+00,-5.664961338043212891e-01,-2.119245052337646484e+00,2.556595802307128906e+00
-5.836992263793945312e-01,9.709321260452270508e-01,-2.135146141052246094e+00,9.764325618743896484e-02,-3.558488190174102783e-01,-1.273678839206695557e-01,3.916732072830200195e+00,9.458166956901550293e-01,-6.342887878417968750e-01,1.559092044830322266e+00,-6.318644285202026367e-01,1.658505201339721680e+00,9.227611422538757324e-01,2.578534603118896484e+00,-1.234811782836914062e+00,6.301587224006652832e-01,-5.919485688209533691e-01,2.016280174255371094e+00,9.892498850822448730e-01,1.314219474792480469e+00,-3.063478708267211914e+00,-1.826412916183471680e+00,2.561484813690185547e+00,1.250291109085083008e+00,-5.732339024543762207e-01,-1.464970111846923828e+00,4.256361961364746094e+00,-1.413281917572021484e+00,3.277974367141723633e+00,2.636259555816650391e+00,1.932291150093078613e+00,-1.224196672439575195e+00,-1.062612533569335938e+00,-2.111488580703735352e+00,-2.070606946945190430e-01,-2.265343070030212402e-02,9.306074380874633789e-01,-1.584543943405151367e+00,-2.852691650390625000e+00,2.420938968658447266e+00,-1.618313312530517578e+00,-6.281414628028869629e-01,-1.938555002212524414e+00,1.862772464752197266e+00,5.622582435607910156e-01,-1.598224878311157227e+00,1.476337671279907227e+00,5.010402798652648926e-01,-1.762514233589172363e+00,3.056957721710205078e+00,-2.023395299911499023e+00,-7.169196009635925293e-01,1.137542724609375000e+00,1.650276482105255127e-01,-2.955588102340698242e+00,1.973711848258972168e-01,-2.392621040344238281e-01,-1.675244867801666260e-01,3.299205780029296875e+00,-1.033117055892944336e+00,-2.353204965591430664e+00,-6.182433366775512695e-01,-2.341118574142456055e+00,2.516620159149169922e+00
-7.142738103866577148e-01,8.662040233612060547e-01,-1.914476394653320312e+00,2.969962656497955322e-01,-5.062060356140136719e-01,4.106476902961730957e-02,4.282379627227783203e+00,1.003832459449768066e+00,-8.092121481895446777e-01,1.849010467529296875e+00,-6.708865165710449219e-01,1.301330327987670898e+00,8.035531044006347656e-01,2.604572296142578125e+00,-1.042567014694213867e+00,6.674089431762695312e-01,-5.821619033813476562e-01,2.244871139526367188e+00,1.403336882591247559e+00,1.499730348587036133e+00,-3.291180849075317383e+00,-1.718534708023071289e+00,2.562831401824951172e+00,1.574538469314575195e+00,-3.784173727035522461e-01,-1.732376217842102051e+00,4.136827468872070312e+00,-1.129729628562927246e+00,3.137168884277343750e+00,2.602569580078125000e+00,2.023361206054687500e+00,-1.242621302604675293e+00,-1.045704841613769531e+00,-2.106164693832397461e+00,-7.746064662933349609e-02,-3.760392963886260986e-01,1.245469570159912109e+00,-1.665954589843750000e+00,-2.866004228591918945e+00,2.242128372192382812e+00,-1.716761589050292969e+00,-5.693546533584594727e-01,-1.875168085098266602e+00,1.864187121391296387e+00,6.812365055084228516e-01,-1.479871511459350586e+00,1.438704729080200195e+00,6.602349281311035156e-01,-1.755775451660156250e+00,3.000210523605346680e+00,-2.220607995986938477e+00,-5.650053620338439941e-01,1.141527891159057617e+00,-3.250156342983245850e-02,-3.008420228958129883e+00,1.773917675018310547e-02,-1.321886181831359863e-01,-5.127084851264953613e-01,3.253365516662597656e+00,-1.132448077201843262e+00,-2.417742013931274414e+00,-5.778988599777221680e-01,-1.977140307426452637e+00,2.289968013763427734e+00
-3.266634345054626465e-01,6.947933435440063477e-01,-1.809551239013671875e+00,1.082349717617034912e-01,-6.269577145576477051e-01,2.352561205625534058e-01,4.124965667724609375e+00,9.880336523056030273e-01,-6.784340739250183105e-01,1.848926544189453125e+00,-4.749911725521087646e-01,1.294185280799865723e+00,1.043171882629394531e+00,2.729296445846557617e+00,-1.068145155906677246e+00,8.640094995498657227e-01,-3.040005862712860107e-01,2.022559881210327148e+00,1.165613889694213867e+00,1.110195398330688477e+00,-3.138838291168212891e+00,-1.896396636962890625e+00,2.478585243225097656e+00,1.354420900344848633e+00,-6.495301723480224609e-01,-1.713123321533203125e+00,4.065291404724121094e+00,-1.464599132537841797e+00,2.993761062622070312e+00,2.758291482925415039e+00,2.065000057220458984e+00,-1.345474123954772949e+00,-9.414620995521545410e-01,-2.392361402511596680e+00,-2.391694188117980957e-01,-1.716577112674713135e-01,1.143357753753662109e+00,-1.689103722572326660e+00,-3.194885730743408203e+00,2.365573883056640625e+00,-1.527485013008117676e+00,-4.917114377021789551e-01,-1.953231453895568848e+00,2.095244884490966797e+00,5.832440853118896484e-01,-1.634118676185607910e+00,1.641504287719726562e+00,3.503718078136444092e-01,-1.503823041915893555e+00,3.148222923278808594e+00,-2.094175100326538086e+00,-5.934355258941650391e-01,1.155286431312561035e+00,2.527375519275665283e-02,-2.878904819488525391e+00,8.546504378318786621e-02,1.447369754314422607e-01,-4.773349463939666748e-01,3.303448677062988281e+00,-1.196870446205139160e+00,-2.542894124984741211e+00,-3.387856781482696533e-01,-2.025929450988769531e+00,2.354410648345947266e+00
-5.657649040222167969e-01,6.505689620971679688e-01,-2.150811195373535156e+00,2.550656199455261230e-01,-2.123365402221679688e-01,1.861059367656707764e-01,4.174023151397705078e+00,1.066257953643798828e+00,-4.711237251758575439e-01,2.040122032165527344e+00,-6.130676269531250000e-01,1.289465665817260742e+00,9.390008449554443359e-01,2.564052343368530273e+00,-1.303558588027954102e+00,8.593290448188781738e-01,-5.290704965591430664e-01,2.050604343414306641e+00,1.392442584037780762e+00,1.526203393936157227e+00,-3.155056476593017578e+00,-1.656296372413635254e+00,2.332206964492797852e+00,1.175961017608642578e+00,-4.959505200386047363e-01,-1.484286308288574219e+00,4.297319412231445312e+00,-1.323607206344604492e+00,3.278712511062622070e+00,2.885792255401611328e+00,2.220924377441406250e+00,-1.633021235466003418e+00,-1.207554340362548828e+00,-2.289485931396484375e+00,-4.589572548866271973e-01,-3.025125563144683838e-01,1.024074316024780273e+00,-1.792562723159790039e+00,-3.074528932571411133e+00,2.041050434112548828e+00,-1.441322684288024902e+00,-5.337676405906677246e-01,-2.098365306854248047e+00,2.097098827362060547e+00,6.597695350646972656e-01,-1.305460572242736816e+00,1.577244043350219727e+00,3.691518902778625488e-01,-1.675034880638122559e+00,3.323359966278076172e+00,-2.206616640090942383e+00,-7.127377390861511230e-01,1.025436401367187500e+00,-1.347613334655761719e-02,-3.134696006774902344e+00,-8.930686116218566895e-02,1.112507656216621399e-01,-5.797376632690429688e-01,3.373421669006347656e+00,-1.141383171081542969e+00,-2.403692722320556641e+00,-4.055293202400207520e-01,-2.211271286010742188e+00,2.418847322463989258e+00
-6.044981479644775391e-01,9.841135740280151367e-01,-2.069051742553710938e+00,9.631218016147613525e-02,-3.281863331794738770e-01,-3.904774785041809082e-02,3.983056545257568359e+00,1.172086000442504883e+00,-7.358866930007934570e-01,1.834264874458312988e+00,-8.742872476577758789e-01,1.286338090896606445e+00,8.707627058029174805e-01,2.710217952728271484e+00,-1.005843162536621094e+00,9.889491796493530273e-01,-4.230627119541168213e-01,2.173654556274414062e+00,1.376503467559814453e+00,1.133874297142028809e+00,-3.044681787490844727e+00,-1.664589524269104004e+00,2.506729841232299805e+00,1.526200413703918457e+00,-5.955730080604553223e-01,-1.758891224861145020e+00,4.075237751007080078e+00,-1.183089137077331543e+00,3.045190334320068359e+00,3.013401031494140625e+00,1.891528010368347168e+00,-1.250617504119873047e+00,-9.604289531707763672e-01,-2.243834972381591797e+00,-3.868556022644042969e-01,-4.702984988689422607e-01,1.327494859695434570e+00,-1.702770471572875977e+00,-3.092229366302490234e+00,2.513197660446166992e+00,-1.602073669433593750e+00,-6.041266322135925293e-01,-1.854150772094726562e+00,2.055829048156738281e+00,6.625855565071105957e-01,-1.579507112503051758e+00,1.464658021926879883e+00,6.025632023811340332e-01,-1.749760508537292480e+00,2.924894809722900391e+00,-2.195456743240356445e+00,-4.826363623142242432e-01,1.397528886795043945e+00,-8.582709729671478271e-02,-3.172266960144042969e+00,2.718740701675415039e-02,1.863288134336471558e-01,-1.405617296695709229e-01,3.398514747619628906e+00,-1.008761286735534668e+00,-2.329684495925903320e+00,-5.620089769363403320e-01,-2.019866943359375000e+00,2.568910598754882812e+00
-8.030256032943725586e-01,1.024684786796569824e+00,-1.873243927955627441e+00,5.394417047500610352e-01,-3.199034929275512695e-01,2.236882597208023071e-01,3.995090961456298828e+00,9.040848612785339355e-01,-8.441948890686035156e-01,1.658509016036987305e+00,-6.179754734039306641e-01,1.481645941734313965e+00,9.044013619422912598e-01,2.373400688171386719e+00,-1.060134410858154297e+00,7.192155122756958008e-01,-5.936713218688964844e-01,2.191760063171386719e+00,1.163880467414855957e+00,1.161419034004211426e+00,-3.143607139587402344e+00,-1.808188676834106445e+00,2.448031425476074219e+00,1.343504905700683594e+00,-7.024484872817993164e-01,-1.317367196083068848e+00,4.185276508331298828e+00,-1.466480851173400879e+00,3.263491392135620117e+00,2.727777957916259766e+00,2.054902553558349609e+00,-1.467085480690002441e+00,-1.265180468559265137e+00,-2.178088188171386719e+00,-1.041958332061767578e-01,-1.832197457551956177e-01,1.227879524230957031e+00,-1.494066238403320312e+00,-2.950491189956665039e+00,2.183407545089721680e+00,-1.755267262458801270e+00,-4.700850844383239746e-01,-1.720921516418457031e+00,2.165789365768432617e+00,7.971636056900024414e-01,-1.528311848640441895e+00,1.533123493194580078e+00,7.364625930786132812e-01,-1.634715080261230469e+00,3.111492872238159180e+00,-1.954586267471313477e+00,-7.344763278961181641e-01,1.268363714218139648e+00,-1.398416310548782349e-01,-2.902793645858764648e+00,-2.128604799509048462e-01,1.543591618537902832e-01,-3.828234374523162842e-01,3.219469308853149414e+00,-1.162594079971313477e+00,-2.493500709533691406e+00,-4.559665918350219727e-01,-2.228793621063232422e+00,2.287986516952514648e+00
-4.542150795459747314e-01,8.722075223922729492e-01,-1.861816287040710449e+00,4.328728318214416504e-01,-3.924918174743652344e-01,-2.545559406280517578e-02,4.252688884735107422e+00,1.102190017700195312e+00,-6.053600311279296875e-01,1.703528165817260742e+00,-5.684593915939331055e-01,1.352430343627929688e+00,1.057833552360534668e+00,2.511764049530029297e+00,-1.077352762222290039e+00,8.614218831062316895e-01,-3.621188402175903320e-01,1.971057057380676270e+00,1.116682052612304688e+00,1.318306326866149902e+00,-3.008185148239135742e+00,-1.849347233772277832e+00,2.520662307739257812e+00,1.464977979660034180e+00,-5.929130911827087402e-01,-1.466050982475280762e+00,4.113904476165771484e+00,-1.318887948989868164e+00,2.987229824066162109e+00,2.852116107940673828e+00,1.857207417488098145e+00,-1.218593716621398926e+00,-1.170527458190917969e+00,-2.269925594329833984e+00,-3.501356244087219238e-01,-3.780239224433898926e-01,1.287343263626098633e+00,-1.773308157920837402e+00,-3.125872611999511719e+00,2.310483932495117188e+00,-1.424412965774536133e+00,-2.633681297302246094e-01,-2.219205379486083984e+00,1.904606699943542480e+00,7.552223801612854004e-01,-1.266956925392150879e+00,1.661531329154968262e+00,6.062612533569335938e-01,-1.398043632507324219e+00,3.127846002578735352e+00,-1.945414185523986816e+00,-4.401795864105224609e-01,1.360607862472534180e+00,-2.218958884477615356e-01,-3.012336730957031250e+00,7.626354694366455078e-02,-7.922622561454772949e-02,-2.974893450736999512e-01,3.126377105712890625e+00,-1.149971485137939453e+00,-2.355839252471923828e+00,-4.333888888359069824e-01,-2.256511211395263672e+00,2.596215724945068359e+00
-7.406640052795410156e-01,8.543806076049804688e-01,-2.289273500442504883e+00,4.603812992572784424e-01,-6.488616466522216797e-01,2.055421471595764160e-02,3.911388397216796875e+00,1.027958989143371582e+00,-8.574197888374328613e-01,1.661481380462646484e+00,-5.988402366638183594e-01,1.487992763519287109e+00,9.620057940483093262e-01,2.621414661407470703e+00,-1.075808405876159668e+00,6.706186532974243164e-01,-6.248942017555236816e-01,2.230274200439453125e+00,1.002194881439208984e+00,1.164367794990539551e+00,-3.137294292449951172e+00,-1.653163433074951172e+00,2.778594732284545898e+00,1.425382733345031738e+00,-6.182904839515686035e-01,-1.546614527702331543e+00,4.297598838806152344e+00,-1.172211527824401855e+00,2.883221387863159180e+00,2.794593334197998047e+00,1.779764413833618164e+00,-1.317393541336059570e+00,-9.950819015502929688e-01,-2.109347343444824219e+00,-2.482104301452636719e-01,-2.616467475891113281e-01,9.297399520874023438e-01,-1.644695043563842773e+00,-3.297417402267456055e+00,2.166831016540527344e+00,-1.720447301864624023e+00,-2.474950999021530151e-01,-1.920970201492309570e+00,1.795152068138122559e+00,6.465576887130737305e-01,-1.293456196784973145e+00,1.590482115745544434e+00,6.980928182601928711e-01,-1.544945240020751953e+00,2.817783355712890625e+00,-2.256021499633789062e+00,-4.064211845397949219e-01,1.474708557128906250e+00,-1.335906982421875000e-01,-2.938435792922973633e+00,2.509198486804962158e-01,-1.374015212059020996e-01,-4.894581735134124756e-01,3.468696355819702148e+00,-1.163864374160766602e+00,-2.546997070312500000e+00,-4.170062243938446045e-01,-2.117323160171508789e+00,2.521572113037109375e+00
-7.753903269767761230e-01,9.234709739685058594e-01,-1.914133787155151367e+00,3.858413696289062500e-01,-6.108283400535583496e-01,-8.413812518119812012e-02,4.115390300750732422e+00,1.146544218063354492e+00,-7.392513751983642578e-01,1.631277680397033691e+00,-8.370712995529174805e-01,1.290569305419921875e+00,1.162604928016662598e+00,2.524358272552490234e+00,-1.350987553596496582e+00,8.325335383415222168e-01,-2.995393276214599609e-01,2.008876085281372070e+00,1.051405549049377441e+00,1.492615580558776855e+00,-3.075537681579589844e+00,-1.943183302879333496e+00,2.622674226760864258e+00,1.571074604988098145e+00,-6.716827154159545898e-01,-1.309174656867980957e+00,4.204311847686767578e+00,-1.179058551788330078e+00,3.195179224014282227e+00,2.986912727355957031e+00,2.081642150878906250e+00,-1.306526780128479004e+00,-1.216655015945434570e+00,-2.360463619232177734e+00,-3.990656137466430664e-01,-3.959109783172607422e-01,9.730359315872192383e-01,-1.858062863349914551e+00,-2.829374074935913086e+00,2.228224277496337891e+00,-1.857494711875915527e+00,-5.882746577262878418e-01,-2.214696168899536133e+00,2.177716732025146484e+00,6.189120411872863770e-01,-1.528168916702270508e+00,1.405437469482421875e+00,5.957474708557128906e-01,-1.430688142776489258e+00,3.105974435806274414e+00,-2.160792589187622070e+00,-7.299602031707763672e-01,1.160940408706665039e+00,-4.949885606765747070e-02,-2.898104190826416016e+00,4.962152242660522461e-02,7.144239544868469238e-02,-1.305603682994842529e-01,3.189521074295043945e+00,-1.317783951759338379e+00,-2.231118440628051758e+00,-5.104238986968994141e-01,-1.994289517402648926e+00,2.300373792648315430e+00
-5.530441403388977051e-01,9.539426565170288086e-01,-2.234281778335571289e+00,2.498528808355331421e-01,-6.127827167510986328e-01,-4.894891381263732910e-02,4.222751617431640625e+00,9.185706377029418945e-01,-7.760501503944396973e-01,1.834269285202026367e+00,-7.018954753875732422e-01,1.597558856010437012e+00,8.232426643371582031e-01,2.810830593109130859e+00,-1.019265413284301758e+00,8.040205240249633789e-01,-6.672452688217163086e-01,2.243708848953247070e+00,1.159592390060424805e+00,1.282381772994995117e+00,-3.023002386093139648e+00,-1.648151874542236328e+00,2.587142229080200195e+00,1.195443272590637207e+00,-3.627353310585021973e-01,-1.733227849006652832e+00,4.251787185668945312e+00,-1.254793763160705566e+00,3.249317169189453125e+00,2.748807668685913086e+00,1.903865933418273926e+00,-1.309671759605407715e+00,-8.356382846832275391e-01,-2.420252799987792969e+00,-3.883895277976989746e-01,-2.281932532787322998e-01,1.091468214988708496e+00,-1.777369976043701172e+00,-3.035664796829223633e+00,2.306830883026123047e+00,-1.672790169715881348e+00,-2.702814936637878418e-01,-2.028474330902099609e+00,2.117964744567871094e+00,8.145294189453125000e-01,-1.653144240379333496e+00,1.537976861000061035e+00,7.499242424964904785e-01,-1.432605504989624023e+00,2.908756256103515625e+00,-2.149932146072387695e+00,-3.733736872673034668e-01,1.381935119628906250e+00,-8.288927376270294189e-02,-3.084415674209594727e+00,-5.189427733421325684e-02,7.175032794475555420e-02,-5.461032390594482422e-01,3.361454486846923828e+00,-9.577899575233459473e-01,-2.568569660186767578e+00,-2.448955476284027100e-01,-1.965662717819213867e+00,2.495372295379638672e+00
-7.841219902038574219e-01,8.096261024475097656e-01,-2.126078605651855469e+00,2.868154048919677734e-01,-6.158711910247802734e-01,5.980709195137023926e-02,4.275146007537841797e+00,8.519331812858581543e-01,-6.458882093429565430e-01,1.837739348411560059e+00,-9.008855223655700684e-01,1.283034086227416992e+00,1.068997621536254883e+00,2.554980278015136719e+00,-1.308084726333618164e+00,9.952315092086791992e-01,-6.205444335937500000e-01,2.019257545471191406e+00,1.269593238830566406e+00,1.515516996383666992e+00,-2.856102943420410156e+00,-1.948737382888793945e+00,2.470902442932128906e+00,1.172321081161499023e+00,-4.914155900478363037e-01,-1.638251423835754395e+00,4.294115066528320312e+00,-1.201457381248474121e+00,3.194409847259521484e+00,2.815069198608398438e+00,1.963757514953613281e+00,-1.443040251731872559e+00,-1.090343236923217773e+00,-2.159980773925781250e+00,-1.868937611579895020e-01,-2.140768915414810181e-01,9.319937229156494141e-01,-1.667081832885742188e+00,-3.244230508804321289e+00,2.397663116455078125e+00,-1.856626272201538086e+00,-2.546640336513519287e-01,-2.130149602890014648e+00,2.207827091217041016e+00,6.490816473960876465e-01,-1.637313485145568848e+00,1.553164482116699219e+00,5.388606190681457520e-01,-1.439988255500793457e+00,3.153217077255249023e+00,-2.221364498138427734e+00,-5.842563509941101074e-01,1.360324621200561523e+00,-1.825219392776489258e-02,-3.114542484283447266e+00,-1.724190115928649902e-01,-8.893837034702301025e-02,-4.793451428413391113e-01,3.287952899932861328e+00,-1.134934782981872559e+00,-2.600882053375244141e+00,-3.087081611156463623e-01,-2.032114982604980469e+00,2.332009077072143555e+00
-7.708932757377624512e-01,7.179074287414550781e-01,-1.876022577285766602e+00,1.999713182449340820e-01,-4.206532835960388184e-01,-2.577587962150573730e-02,3.904747247695922852e+00,1.080030441284179688e+00,-6.069126129150390625e-01,1.523483633995056152e+00,-4.770509600639343262e-01,1.302179098129272461e+00,1.124136924743652344e+00,2.654113054275512695e+00,-9.326567649841308594e-01,1.000199794769287109e+00,-6.525843143463134766e-01,2.310286045074462891e+00,1.285915136337280273e+00,1.093093156814575195e+00,-3.114502429962158203e+00,-1.627320170402526855e+00,2.644736289978027344e+00,1.384901046752929688e+00,-5.729576349258422852e-01,-1.535392642021179199e+00,4.073333263397216797e+00,-1.378322124481201172e+00,3.031161308288574219e+00,2.733934879302978516e+00,2.238360404968261719e+00,-1.340408682823181152e+00,-1.156103849411010742e+00,-2.148339271545410156e+00,-3.469904661178588867e-01,-1.576062291860580444e-01,1.171761751174926758e+00,-1.772398591041564941e+00,-3.087868928909301758e+00,2.261388301849365234e+00,-1.475794553756713867e+00,-5.006545782089233398e-01,-2.301284074783325195e+00,1.985810637474060059e+00,9.669266343116760254e-01,-1.357406020164489746e+00,1.535980701446533203e+00,6.019570231437683105e-01,-1.609859704971313477e+00,3.090175628662109375e+00,-1.906466722488403320e+00,-4.896786808967590332e-01,1.265601396560668945e+00,-4.837334156036376953e-02,-3.141420364379882812e+00,1.130038499832153320e-02,7.340949773788452148e-02,-1.018689572811126709e-01,3.347651243209838867e+00,-1.068703174591064453e+00,-2.428126335144042969e+00,-4.667457938194274902e-01,-2.027928590774536133e+00,2.607831001281738281e+00
-5.998412966728210449e-01,9.787997007369995117e-01,-2.027904033660888672e+00,3.120405077934265137e-01,-5.928911566734313965e-01,1.437396407127380371e-01,3.873409032821655273e+00,1.249805569648742676e+00,-6.892050504684448242e-01,1.784815311431884766e+00,-4.757289886474609375e-01,1.427341103553771973e+00,7.760080099105834961e-01,2.667896986007690430e+00,-1.217399239540100098e+00,9.614294767379760742e-01,-5.366461277008056641e-01,1.954295754432678223e+00,1.096052765846252441e+00,1.114816069602966309e+00,-3.003533840179443359e+00,-1.889820098876953125e+00,2.607085227966308594e+00,1.311852335929870605e+00,-3.853701353073120117e-01,-1.701530575752258301e+00,4.305449485778808594e+00,-1.306116342544555664e+00,3.169184207916259766e+00,2.926859855651855469e+00,2.169712543487548828e+00,-1.550207376480102539e+00,-1.005983114242553711e+00,-2.276566743850708008e+00,-1.713388562202453613e-01,-3.498849868774414062e-01,8.494082689285278320e-01,-1.636495351791381836e+00,-2.977721691131591797e+00,2.221172571182250977e+00,-1.610854864120483398e+00,-5.609659552574157715e-01,-1.941592693328857422e+00,2.132124185562133789e+00,6.289855241775512695e-01,-1.549892306327819824e+00,1.734212636947631836e+00,6.310675144195556641e-01,-1.730366706848144531e+00,3.190142154693603516e+00,-2.028699636459350586e+00,-7.164937853813171387e-01,1.470727682113647461e+00,8.585129678249359131e-02,-2.848185300827026367e+00,-6.999105215072631836e-03,1.392028629779815674e-01,-2.085047960281372070e-01,3.249722003936767578e+00,-9.825055599212646484e-01,-2.675152540206909180e+00,-4.627670943737030029e-01,-2.142037630081176758e+00,2.285953521728515625e+00
-5.717886090278625488e-01,1.053757905960083008e+00,-2.086200237274169922e+00,2.053337693214416504e-01,-4.968714714050292969e-01,5.015036463737487793e-02,4.185639381408691406e+00,1.099058389663696289e+00,-8.589301109313964844e-01,1.854685783386230469e+00,-7.908073067665100098e-01,1.300153493881225586e+00,9.616684913635253906e-01,2.423926353454589844e+00,-1.411483526229858398e+00,8.348639011383056641e-01,-3.630060851573944092e-01,2.129286050796508789e+00,1.245954632759094238e+00,1.283110857009887695e+00,-3.237835884094238281e+00,-1.638407588005065918e+00,2.763232707977294922e+00,1.255686283111572266e+00,-4.535313248634338379e-01,-1.482275724411010742e+00,4.029727935791015625e+00,-1.104942679405212402e+00,3.236408233642578125e+00,2.870624542236328125e+00,2.047822713851928711e+00,-1.488574862480163574e+00,-8.613746762275695801e-01,-2.030246019363403320e+00,-2.320959568023681641e-01,-3.570437133312225342e-01,1.215691208839416504e+00,-1.580608367919921875e+00,-2.923278570175170898e+00,2.136803627014160156e+00,-1.635790705680847168e+00,-6.623945236206054688e-01,-1.999671816825866699e+00,2.077206611633300781e+00,9.480444192886352539e-01,-1.321660280227661133e+00,1.612670660018920898e+00,5.863775610923767090e-01,-1.439534425735473633e+00,3.102350234985351562e+00,-1.991748929023742676e+00,-7.015339732170104980e-01,1.489084243774414062e+00,1.877922117710113525e-01,-2.832321643829345703e+00,6.402099132537841797e-02,-4.249140620231628418e-02,-5.711355805397033691e-01,3.417094707489013672e+00,-1.245822310447692871e+00,-2.623636007308959961e+00,-6.862468719482421875e-01,-2.084595203399658203e+00,2.526111364364624023e+00
-4.836624562740325928e-01,8.207194805145263672e-01,-2.034410238265991211e+00,4.635248482227325439e-01,-5.821752548217773438e-01,7.634690403938293457e-02,4.236362934112548828e+00,8.417343497276306152e-01,-5.817734003067016602e-01,1.868901729583740234e+00,-5.480685234069824219e-01,1.285557508468627930e+00,1.123478531837463379e+00,2.804398536682128906e+00,-1.258443474769592285e+00,6.837905049324035645e-01,-6.118414402008056641e-01,2.042630672454833984e+00,1.388439536094665527e+00,1.274965286254882812e+00,-3.223027229309082031e+00,-1.737433195114135742e+00,2.643177032470703125e+00,1.358312964439392090e+00,-5.399107336997985840e-01,-1.609352827072143555e+00,4.408613681793212891e+00,-1.439330220222473145e+00,3.122251272201538086e+00,2.938252210617065430e+00,2.160335779190063477e+00,-1.214428067207336426e+00,-8.745807409286499023e-01,-2.192849397659301758e+00,-2.302079200744628906e-01,-3.453072905540466309e-01,1.229193449020385742e+00,-1.935660004615783691e+00,-3.096055507659912109e+00,2.356610298156738281e+00,-1.439790725708007812e+00,-5.190078020095825195e-01,-2.062685251235961914e+00,1.995418548583984375e+00,7.537338137626647949e-01,-1.456162452697753906e+00,1.650036692619323730e+00,6.325356960296630859e-01,-1.528960227966308594e+00,3.149076461791992188e+00,-2.246017932891845703e+00,-5.452935099601745605e-01,1.076078891754150391e+00,1.763663440942764282e-01,-3.227483510971069336e+00,-7.492658495903015137e-02,-5.558970570564270020e-02,-3.902035057544708252e-01,3.471597671508789062e+00,-1.058336853981018066e+00,-2.366395235061645508e+00,-2.952606678009033203e-01,-2.056557416915893555e+00,2.511417150497436523e+00
-6.625079512596130371e-01,7.883025407791137695e-01,-1.958305120468139648e+00,5.418584346771240234e-01,-4.021194577217102051e-01,2.744806110858917236e-01,3.917165756225585938e+00,8.243053555488586426e-01,-8.630213141441345215e-01,1.684883594512939453e+00,-5.866491794586181641e-01,1.353339672088623047e+00,1.035449862480163574e+00,2.780811786651611328e+00,-1.399214029312133789e+00,6.953989267349243164e-01,-5.390956997871398926e-01,2.275151968002319336e+00,1.022730827331542969e+00,1.279514074325561523e+00,-3.187807559967041016e+00,-1.890928626060485840e+00,2.531160831451416016e+00,1.400290131568908691e+00,-5.802155733108520508e-01,-1.337426900863647461e+00,4.180026054382324219e+00,-1.368799924850463867e+00,3.099581003189086914e+00,2.817909240722656250e+00,2.060772180557250977e+00,-1.583939075469970703e+00,-9.752048850059509277e-01,-2.135599851608276367e+00,-3.277461528778076172e-01,-3.162874579429626465e-01,1.054891109466552734e+00,-1.920289993286132812e+00,-3.231610059738159180e+00,1.981035470962524414e+00,-1.473997950553894043e+00,-4.855145514011383057e-01,-2.102749347686767578e+00,1.965284347534179688e+00,6.090883016586303711e-01,-1.344451785087585449e+00,1.627409338951110840e+00,5.414597988128662109e-01,-1.686605215072631836e+00,3.010771036148071289e+00,-2.124943017959594727e+00,-7.267131209373474121e-01,1.501217126846313477e+00,1.021706163883209229e-01,-3.031909227371215820e+00,-1.524049341678619385e-01,4.615886509418487549e-02,-2.508184909820556641e-01,3.287703037261962891e+00,-1.367283821105957031e+00,-2.600734949111938477e+00,-5.207780003547668457e-01,-2.000007152557373047e+00,2.218996047973632812e+00
-5.533918142318725586e-01,1.081821560859680176e+00,-2.260226726531982422e+00,2.433862090110778809e-01,-4.422089755535125732e-01,-3.755503892898559570e-02,3.724129438400268555e+00,1.165992736816406250e+00,-6.205636262893676758e-01,1.512622833251953125e+00,-4.635558128356933594e-01,1.609242916107177734e+00,9.257310032844543457e-01,2.373483419418334961e+00,-1.294343113899230957e+00,7.671236991882324219e-01,-5.186892151832580566e-01,2.093000650405883789e+00,1.175204038619995117e+00,1.112761139869689941e+00,-3.099180936813354492e+00,-1.867598533630371094e+00,2.342127799987792969e+00,1.172303438186645508e+00,-4.224127531051635742e-01,-1.512361884117126465e+00,4.097979068756103516e+00,-1.286086320877075195e+00,3.284553766250610352e+00,2.513329267501831055e+00,2.265702962875366211e+00,-1.506157994270324707e+00,-1.207075953483581543e+00,-2.081237554550170898e+00,-1.340144276618957520e-01,2.185380458831787109e-02,8.495224714279174805e-01,-1.440324068069458008e+00,-3.001937389373779297e+00,2.007565498352050781e+00,-1.687841653823852539e+00,-4.457535743713378906e-01,-1.728260517120361328e+00,2.052645683288574219e+00,8.309118747711181641e-01,-1.483215332031250000e+00,1.698046088218688965e+00,4.834956526756286621e-01,-1.322141766548156738e+00,2.974625587463378906e+00,-2.019326448440551758e+00,-6.285606622695922852e-01,1.196266531944274902e+00,1.039089560508728027e-01,-3.016712188720703125e+00,-4.323917627334594727e-02,-1.288474947214126587e-01,-2.664085030555725098e-01,3.200023174285888672e+00,-9.862372279167175293e-01,-2.570247650146484375e+00,-4.950675964355468750e-01,-2.162738800048828125e+00,2.441229820251464844e+00
-3.922913670539855957e-01,1.064156532287597656e+00,-2.319752693176269531e+00,2.542784810066223145e-01,-3.894588351249694824e-01,3.317489027976989746e-01,4.036818027496337891e+00,8.636343479156494141e-01,-5.805007815361022949e-01,1.655727028846740723e+00,-5.821987390518188477e-01,1.426767826080322266e+00,9.613030552864074707e-01,2.550189495086669922e+00,-1.043286681175231934e+00,8.415919542312622070e-01,-4.621772468090057373e-01,1.944961547851562500e+00,1.228666186332702637e+00,1.522124052047729492e+00,-3.230426073074340820e+00,-1.686035156250000000e+00,2.341731071472167969e+00,1.633787870407104492e+00,-2.349486649036407471e-01,-1.420886039733886719e+00,4.385237693786621094e+00,-1.635762691497802734e+00,3.343127012252807617e+00,2.589673995971679688e+00,1.784318327903747559e+00,-1.573296070098876953e+00,-1.180779695510864258e+00,-2.319832801818847656e+00,-1.373035311698913574e-01,-1.086917072534561157e-01,9.814536571502685547e-01,-1.792306661605834961e+00,-3.119334936141967773e+00,2.366416215896606445e+00,-1.495156645774841309e+00,-2.505901455879211426e-01,-1.708561420440673828e+00,1.811214804649353027e+00,5.304956436157226562e-01,-1.324697613716125488e+00,1.302546977996826172e+00,6.262980699539184570e-01,-1.681725740432739258e+00,3.361243724822998047e+00,-2.252912759780883789e+00,-7.118034958839416504e-01,1.536372184753417969e+00,-2.031131833791732788e-01,-2.770796775817871094e+00,-4.812297224998474121e-02,-1.905325055122375488e-01,-5.018298625946044922e-01,3.510920286178588867e+00,-1.202253580093383789e+00,-2.954630374908447266e+00,-4.601232111454010010e-01,-2.290545940399169922e+00,2.267621994018554688e+00
-7.470362782478332520e-01,1.045959830284118652e+00,-2.158374309539794922e+00,2.540268599987030029e-01,-5.572717189788818359e-01,2.648330032825469971e-01,4.122745513916015625e+00,1.098467350006103516e+00,-7.303711175918579102e-01,1.656021118164062500e+00,-7.628823518753051758e-01,1.289195060729980469e+00,9.160697460174560547e-01,2.490531921386718750e+00,-1.310225367546081543e+00,9.223457574844360352e-01,-5.360202789306640625e-01,2.160029649734497070e+00,1.099176406860351562e+00,1.256596326828002930e+00,-2.889113426208496094e+00,-1.779781699180603027e+00,2.656052112579345703e+00,1.230448365211486816e+00,-4.976545870304107666e-01,-1.581259846687316895e+00,4.127447605133056641e+00,-1.465914249420166016e+00,3.423279285430908203e+00,2.585021018981933594e+00,1.813935995101928711e+00,-1.493981838226318359e+00,-1.231009840965270996e+00,-2.136572360992431641e+00,-1.363460421562194824e-01,-3.946328759193420410e-01,8.436941504478454590e-01,-1.658665299415588379e+00,-2.962593078613281250e+00,2.225817203521728516e+00,-1.811607599258422852e+00,-2.981095314025878906e-01,-1.985774397850036621e+00,1.964837789535522461e+00,8.364652395248413086e-01,-1.296962738037109375e+00,1.286134600639343262e+00,6.419421434402465820e-01,-1.462139844894409180e+00,2.937493801116943359e+00,-1.999363899230957031e+00,-6.055422425270080566e-01,1.409157395362854004e+00,-1.407258808612823486e-01,-2.808349132537841797e+00,2.093188464641571045e-01,6.117579340934753418e-02,-4.722693860530853271e-01,3.280978918075561523e+00,-1.360278964042663574e+00,-2.480164527893066406e+00,-2.807833552360534668e-01,-2.237316846847534180e+00,2.360922813415527344e+00
-6.384896636009216309e-01,8.838311433792114258e-01,-2.176297187805175781e+00,2.611924111843109131e-01,-5.945016145706176758e-01,3.488430380821228027e-02,3.999128580093383789e+00,1.057796835899353027e+00,-5.953869819641113281e-01,1.615645885467529297e+00,-5.163539648056030273e-01,1.677639484405517578e+00,7.893737554550170898e-01,2.454041481018066406e+00,-1.085620403289794922e+00,6.587725877761840820e-01,-4.155158400535583496e-01,1.931224465370178223e+00,1.157159566879272461e+00,1.171813011169433594e+00,-3.126377582550048828e+00,-1.835975646972656250e+00,2.768350839614868164e+00,1.273035645484924316e+00,-6.227396726608276367e-01,-1.361957192420959473e+00,3.942917585372924805e+00,-1.440796613693237305e+00,3.346219062805175781e+00,2.692961931228637695e+00,2.252061367034912109e+00,-1.455807566642761230e+00,-1.249769330024719238e+00,-2.354545593261718750e+00,-3.908997774124145508e-02,-6.965605914592742920e-02,8.536972999572753906e-01,-1.812413454055786133e+00,-3.097370624542236328e+00,2.194881916046142578e+00,-1.773208379745483398e+00,-4.651435613632202148e-01,-2.119510173797607422e+00,1.885267615318298340e+00,9.395145177841186523e-01,-1.402450919151306152e+00,1.686694860458374023e+00,6.024210453033447266e-01,-1.683335781097412109e+00,3.178771972656250000e+00,-2.035303354263305664e+00,-6.403127908706665039e-01,1.385068893432617188e+00,-1.468622684478759766e-02,-2.798326015472412109e+00,8.042585849761962891e-02,5.215841531753540039e-02,-2.184614241123199463e-01,3.372129201889038086e+00,-9.713883996009826660e-01,-2.619434356689453125e+00,-3.192982673645019531e-01,-2.153577327728271484e+00,2.287730932235717773e+00
-7.483075261116027832e-01,8.054903745651245117e-01,-2.329852104187011719e+00,1.955511420965194702e-01,-4.415355026721954346e-01,-1.057853698730468750e-01,4.052547454833984375e+00,1.033354043960571289e+00,-7.842497825622558594e-01,1.663975477218627930e+00,-6.201437115669250488e-01,1.615689039230346680e+00,8.324115276336669922e-01,2.757063150405883789e+00,-1.364877343177795410e+00,6.310249567031860352e-01,-5.360265970230102539e-01,2.069255590438842773e+00,1.083309412002563477e+00,1.200857520103454590e+00,-2.994117975234985352e+00,-1.992619991302490234e+00,2.476299047470092773e+00,1.534298658370971680e+00,-5.015048980712890625e-01,-1.754010558128356934e+00,4.074562072753906250e+00,-1.163787126541137695e+00,3.361943483352661133e+00,2.753488540649414062e+00,1.973335981369018555e+00,-1.619022607803344727e+00,-8.167514801025390625e-01,-2.028952121734619141e+00,-2.249199151992797852e-02,-2.616342306137084961e-01,1.037093162536621094e+00,-1.694517135620117188e+00,-3.222309589385986328e+00,2.344454288482666016e+00,-1.529689788818359375e+00,-2.804462909698486328e-01,-1.806527614593505859e+00,1.919606924057006836e+00,8.581018447875976562e-01,-1.329970002174377441e+00,1.677244186401367188e+00,8.278539180755615234e-01,-1.679059505462646484e+00,3.093557119369506836e+00,-2.155208110809326172e+00,-3.822273015975952148e-01,1.525619983673095703e+00,-2.055070102214813232e-01,-3.139579772949218750e+00,1.930660903453826904e-01,-2.228908389806747437e-01,-1.465052068233489990e-01,3.175664901733398438e+00,-1.130449652671813965e+00,-2.770852565765380859e+00,-4.414780139923095703e-01,-2.257626056671142578e+00,2.460706472396850586e+00
-7.054032087326049805e-01,1.058153748512268066e+00,-2.084974050521850586e+00,4.749920070171356201e-01,-4.041546285152435303e-01,3.606975078582763672e-02,4.212325096130371094e+00,9.697858691215515137e-01,-9.348446130752563477e-01,1.582911372184753418e+00,-8.392492532730102539e-01,1.383180379867553711e+00,7.296161651611328125e-01,2.561984777450561523e+00,-1.200980544090270996e+00,1.097476005554199219e+00,-3.124651908874511719e-01,2.123455047607421875e+00,1.264252901077270508e+00,1.338339447975158691e+00,-3.119689226150512695e+00,-1.972236275672912598e+00,2.668489694595336914e+00,1.439732432365417480e+00,-4.502795934677124023e-01,-1.611288785934448242e+00,3.950109004974365234e+00,-1.081459403038024902e+00,3.454705476760864258e+00,2.772647857666015625e+00,2.219743728637695312e+00,-1.276856064796447754e+00,-1.204750537872314453e+00,-2.224011421203613281e+00,-4.436953663825988770e-01,-7.704666256904602051e-02,9.715672135353088379e-01,-1.730522632598876953e+00,-3.169310092926025391e+00,2.363818645477294922e+00,-1.765366911888122559e+00,-6.599689722061157227e-01,-1.973979473114013672e+00,2.222961187362670898e+00,6.911281347274780273e-01,-1.745569705963134766e+00,1.688016891479492188e+00,3.884054124355316162e-01,-1.488200545310974121e+00,3.226848602294921875e+00,-2.174127340316772461e+00,-6.030483841896057129e-01,1.202570080757141113e+00,3.801524639129638672e-03,-3.112352371215820312e+00,2.911686897277832031e-04,-4.556146264076232910e-02,-1.892395317554473877e-01,3.178060293197631836e+00,-1.139299988746643066e+00,-2.672460794448852539e+00,-6.005709171295166016e-01,-2.274393320083618164e+00,2.370154857635498047e+00
-4.716500937938690186e-01,9.917989969253540039e-01,-1.954751253128051758e+00,1.669588983058929443e-01,-2.448507547378540039e-01,2.982509136199951172e-02,3.971562385559082031e+00,1.099226474761962891e+00,-6.349985599517822266e-01,1.833492398262023926e+00,-7.947006821632385254e-01,1.678773999214172363e+00,9.460517764091491699e-01,2.662013292312622070e+00,-9.722527861595153809e-01,8.574897050857543945e-01,-3.615226149559020996e-01,2.012133836746215820e+00,1.273205518722534180e+00,1.496132731437683105e+00,-3.192702054977416992e+00,-1.667288064956665039e+00,2.605650186538696289e+00,1.372126221656799316e+00,-5.928732156753540039e-01,-1.712685465812683105e+00,3.974166393280029297e+00,-1.397866129875183105e+00,3.050592184066772461e+00,2.832841396331787109e+00,2.214142560958862305e+00,-1.250019669532775879e+00,-8.677688837051391602e-01,-2.271952152252197266e+00,-3.991608023643493652e-01,-5.214579775929450989e-02,1.115654706954956055e+00,-1.745789289474487305e+00,-3.035187721252441406e+00,2.394222736358642578e+00,-1.709737777709960938e+00,-6.610780954360961914e-01,-2.021018505096435547e+00,2.031881809234619141e+00,9.252883195877075195e-01,-1.499317169189453125e+00,1.329481124877929688e+00,6.970283389091491699e-01,-1.448565244674682617e+00,3.237411975860595703e+00,-2.141977071762084961e+00,-4.632119238376617432e-01,1.171123981475830078e+00,-1.988695561885833740e-01,-2.698953151702880859e+00,-1.608918309211730957e-01,7.525864243507385254e-02,-2.430269718170166016e-01,3.226722240447998047e+00,-9.220936298370361328e-01,-2.637539386749267578e+00,-2.942763268947601318e-01,-2.116507053375244141e+00,2.686003923416137695e+00
-6.471449136734008789e-01,7.630352973937988281e-01,-1.934948086738586426e+00,3.754768371582031250e-01,-4.207036495208740234e-01,5.452135205268859863e-02,4.193340301513671875e+00,9.765071868896484375e-01,-5.807058215141296387e-01,1.961378335952758789e+00,-7.518615722656250000e-01,1.653626918792724609e+00,1.011437773704528809e+00,2.486765623092651367e+00,-1.390426278114318848e+00,1.040220141410827637e+00,-6.351165771484375000e-01,2.159507274627685547e+00,1.152196526527404785e+00,1.489295125007629395e+00,-3.197302103042602539e+00,-1.888685941696166992e+00,2.380540609359741211e+00,1.223421454429626465e+00,-6.173552274703979492e-01,-1.540974140167236328e+00,4.414208889007568359e+00,-1.481247305870056152e+00,3.138829708099365234e+00,2.943971395492553711e+00,2.058468341827392578e+00,-1.326994180679321289e+00,-1.028334617614746094e+00,-2.434807300567626953e+00,-1.948563456535339355e-01,-2.800505608320236206e-02,1.121026277542114258e+00,-1.584676504135131836e+00,-3.004214525222778320e+00,2.378244161605834961e+00,-1.442574739456176758e+00,-5.504425764083862305e-01,-1.891467094421386719e+00,2.221279859542846680e+00,8.208620548248291016e-01,-1.683662652969360352e+00,1.502727150917053223e+00,3.109290003776550293e-01,-1.822294354438781738e+00,3.015957355499267578e+00,-1.824982285499572754e+00,-7.484985589981079102e-01,1.447561383247375488e+00,1.955441534519195557e-01,-2.974166154861450195e+00,-1.458016335964202881e-01,1.453540623188018799e-01,-4.606524407863616943e-01,3.155954122543334961e+00,-1.021562218666076660e+00,-2.635588645935058594e+00,-6.252551674842834473e-01,-1.995682001113891602e+00,2.262732505798339844e+00
-6.133931279182434082e-01,7.484673261642456055e-01,-1.922035932540893555e+00,5.597114562988281250e-01,-7.092880010604858398e-01,9.228557348251342773e-03,3.973564624786376953e+00,8.488323688507080078e-01,-7.199749946594238281e-01,1.795500159263610840e+00,-6.192157268524169922e-01,1.636792659759521484e+00,9.121457338333129883e-01,2.513516902923583984e+00,-1.402643680572509766e+00,7.781404256820678711e-01,-4.375162124633789062e-01,1.912942171096801758e+00,1.117816209793090820e+00,1.159042119979858398e+00,-2.895547389984130859e+00,-1.954735994338989258e+00,2.571078062057495117e+00,1.276912689208984375e+00,-3.823378086090087891e-01,-1.306906580924987793e+00,4.391704559326171875e+00,-1.375089287757873535e+00,3.300523757934570312e+00,2.764731645584106445e+00,2.014687061309814453e+00,-1.619409680366516113e+00,-9.473286867141723633e-01,-2.208832979202270508e+00,-2.123633623123168945e-01,-2.232535481452941895e-01,1.132462501525878906e+00,-1.693323254585266113e+00,-2.973253965377807617e+00,2.102366685867309570e+00,-1.507738828659057617e+00,-6.504669189453125000e-01,-1.834640860557556152e+00,1.945578694343566895e+00,7.916734814643859863e-01,-1.366916418075561523e+00,1.387087583541870117e+00,4.242023229598999023e-01,-1.739334583282470703e+00,3.253212690353393555e+00,-2.082113742828369141e+00,-4.912958741188049316e-01,1.407860517501831055e+00,1.298855990171432495e-01,-3.116513729095458984e+00,1.464860737323760986e-01,-1.067922860383987427e-01,-2.524951100349426270e-01,3.176112890243530273e+00,-1.341979384422302246e+00,-2.686470031738281250e+00,-4.446379542350769043e-01,-2.282974004745483398e+00,2.428088903427124023e+00
-4.080407023429870605e-01,9.710026979446411133e-01,-2.134693145751953125e+00,2.897918224334716797e-01,-6.439274549484252930e-01,1.799981594085693359e-01,3.992188453674316406e+00,1.193907499313354492e+00,-6.007985472679138184e-01,1.681357860565185547e+00,-5.758776664733886719e-01,1.218379139900207520e+00,9.144500494003295898e-01,2.713594913482666016e+00,-1.055456876754760742e+00,8.782272338867187500e-01,-2.284143716096878052e-01,1.818378448486328125e+00,1.217535138130187988e+00,1.449876546859741211e+00,-3.246412515640258789e+00,-1.704473018646240234e+00,2.363780260086059570e+00,1.575979471206665039e+00,-5.724275708198547363e-01,-1.752353668212890625e+00,4.120364665985107422e+00,-1.318641901016235352e+00,3.220552682876586914e+00,2.622405529022216797e+00,1.879203915596008301e+00,-1.323505282402038574e+00,-9.681894779205322266e-01,-2.398682594299316406e+00,-1.018498539924621582e-01,-4.060573875904083252e-01,1.040032148361206055e+00,-1.599638700485229492e+00,-3.016616344451904297e+00,2.359983921051025391e+00,-1.587224721908569336e+00,-5.253483653068542480e-01,-1.800950646400451660e+00,2.032329797744750977e+00,6.279700994491577148e-01,-1.366696476936340332e+00,1.325896620750427246e+00,3.327651321887969971e-01,-1.420745491981506348e+00,2.972837924957275391e+00,-2.047616004943847656e+00,-7.166896462440490723e-01,1.193729639053344727e+00,-1.659455895423889160e-02,-2.807153224945068359e+00,1.051019430160522461e-01,-1.429276168346405029e-01,-3.188492655754089355e-01,3.136529922485351562e+00,-1.340273261070251465e+00,-2.392485618591308594e+00,-3.763732016086578369e-01,-2.117390632629394531e+00,2.335222005844116211e+00
-6.278243064880371094e-01,6.303022503852844238e-01,-2.059033393859863281e+00,2.894895374774932861e-01,-3.406396806240081787e-01,1.976321041584014893e-01,3.946586608886718750e+00,1.089565992355346680e+00,-8.299317955970764160e-01,1.957629680633544922e+00,-5.893156528472900391e-01,1.219679951667785645e+00,1.127109646797180176e+00,2.426909208297729492e+00,-1.409180402755737305e+00,9.261952042579650879e-01,-5.567030906677246094e-01,2.122485876083374023e+00,1.081094026565551758e+00,1.355647921562194824e+00,-2.973415374755859375e+00,-1.768256783485412598e+00,2.352199554443359375e+00,1.489859461784362793e+00,-3.501874208450317383e-01,-1.444747447967529297e+00,4.245372295379638672e+00,-1.106975436210632324e+00,3.178780078887939453e+00,2.933916568756103516e+00,1.919019222259521484e+00,-1.471858978271484375e+00,-9.818817377090454102e-01,-2.162671804428100586e+00,-4.713104963302612305e-01,-1.584386825561523438e-02,1.298900842666625977e+00,-1.805459022521972656e+00,-3.014591217041015625e+00,2.144151449203491211e+00,-1.649071455001831055e+00,-3.337007164955139160e-01,-1.768786191940307617e+00,2.032666444778442383e+00,7.025120258331298828e-01,-1.472394704818725586e+00,1.399239063262939453e+00,4.975166916847229004e-01,-1.757923603057861328e+00,3.143939971923828125e+00,-2.074869155883789062e+00,-5.612183809280395508e-01,1.212323069572448730e+00,-9.568171203136444092e-02,-3.046752452850341797e+00,-1.727487742900848389e-01,2.309919297695159912e-01,-5.039272904396057129e-01,3.262831926345825195e+00,-9.183678627014160156e-01,-2.727057218551635742e+00,-4.084566235542297363e-01,-2.336514711380004883e+00,2.227105379104614258e+00
-6.329299807548522949e-01,8.018312454223632812e-01,-2.071444749832153320e+00,5.076494216918945312e-01,-2.552261352539062500e-01,2.383732497692108154e-01,4.170298576354980469e+00,8.204381465911865234e-01,-6.180578470230102539e-01,1.553363561630249023e+00,-7.531409263610839844e-01,1.362402915954589844e+00,1.070530772209167480e+00,2.751347064971923828e+00,-1.106525659561157227e+00,6.493532657623291016e-01,-3.600937128067016602e-01,1.937350273132324219e+00,1.118718981742858887e+00,1.197317004203796387e+00,-3.060613155364990234e+00,-1.748175382614135742e+00,2.419467926025390625e+00,1.465725660324096680e+00,-2.779161036014556885e-01,-1.676621198654174805e+00,4.181365013122558594e+00,-1.316538810729980469e+00,3.145649671554565430e+00,2.585256099700927734e+00,2.051522493362426758e+00,-1.635956525802612305e+00,-1.087439537048339844e+00,-2.005904674530029297e+00,-7.297438383102416992e-02,1.919327676296234131e-02,9.306976199150085449e-01,-1.764399290084838867e+00,-2.851333141326904297e+00,2.123551845550537109e+00,-1.727914094924926758e+00,-5.754067897796630859e-01,-2.154165029525756836e+00,1.977513432502746582e+00,8.031637668609619141e-01,-1.422580480575561523e+00,1.418146371841430664e+00,6.559365391731262207e-01,-1.507190465927124023e+00,3.238620758056640625e+00,-1.896220445632934570e+00,-8.196011781692504883e-01,1.576975464820861816e+00,-1.513980329036712646e-01,-3.052530050277709961e+00,-2.015369683504104614e-01,-7.903699576854705811e-02,-1.678307652473449707e-01,3.419785022735595703e+00,-1.290306448936462402e+00,-2.683687210083007812e+00,-2.783567011356353760e-01,-2.422328948974609375e+00,2.477932929992675781e+00
-5.729664564132690430e-01,1.074147105216979980e+00,-2.035919904708862305e+00,4.773701429367065430e-01,-4.236533939838409424e-01,4.152044653892517090e-02,4.239406585693359375e+00,9.135904908180236816e-01,-6.132444143295288086e-01,1.812432050704956055e+00,-4.804199934005737305e-01,1.257615685462951660e+00,1.104294776916503906e+00,2.571998834609985352e+00,-1.373331427574157715e+00,6.662470102310180664e-01,-4.581543207168579102e-01,2.253247737884521484e+00,1.396635770797729492e+00,1.511052012443542480e+00,-3.130331277847290039e+00,-1.695001602172851562e+00,2.621706008911132812e+00,1.543502092361450195e+00,-5.164758563041687012e-01,-1.504619240760803223e+00,4.494763374328613281e+00,-1.503669500350952148e+00,3.201118469238281250e+00,2.652175188064575195e+00,1.974545955657958984e+00,-1.422251701354980469e+00,-1.222335934638977051e+00,-2.292528867721557617e+00,-3.520385622978210449e-01,-5.113944411277770996e-03,1.272114396095275879e+00,-1.789189219474792480e+00,-3.018143653869628906e+00,1.959447264671325684e+00,-1.807898283004760742e+00,-3.947345316410064697e-01,-2.039167165756225586e+00,1.986796021461486816e+00,7.623254656791687012e-01,-1.582500457763671875e+00,1.625618100166320801e+00,3.796116411685943604e-01,-1.466340541839599609e+00,2.955147743225097656e+00,-2.052048683166503906e+00,-8.594222068786621094e-01,1.516173958778381348e+00,2.172778397798538208e-01,-3.156162738800048828e+00,-2.202286720275878906e-01,2.102360725402832031e-01,-4.811301827430725098e-01,3.108795404434204102e+00,-1.317687869071960449e+00,-2.395238876342773438e+00,-6.380186080932617188e-01,-2.090511322021484375e+00,2.259299278259277344e+00
-5.967462062835693359e-01,1.132361412048339844e+00,-2.306988477706909180e+00,1.728051006793975830e-01,-3.461911678314208984e-01,2.422434687614440918e-01,4.068911075592041016e+00,1.103599309921264648e+00,-8.055136203765869141e-01,1.952543020248413086e+00,-5.715715885162353516e-01,1.475220680236816406e+00,7.879098653793334961e-01,2.693540334701538086e+00,-1.127330183982849121e+00,7.175056934356689453e-01,-3.987347483634948730e-01,2.158937931060791016e+00,1.195882081985473633e+00,1.340261936187744141e+00,-3.151674985885620117e+00,-1.588968515396118164e+00,2.591110944747924805e+00,1.217994451522827148e+00,-2.568660378456115723e-01,-1.365961790084838867e+00,4.076303958892822266e+00,-1.388746500015258789e+00,3.296659231185913086e+00,2.877607583999633789e+00,1.956144094467163086e+00,-1.617364645004272461e+00,-1.138983249664306641e+00,-2.125688314437866211e+00,-1.635341644287109375e-01,-1.997637003660202026e-01,7.802298069000244141e-01,-1.695075273513793945e+00,-2.800964832305908203e+00,2.330640316009521484e+00,-1.538665056228637695e+00,-5.875395536422729492e-01,-1.837123632431030273e+00,2.077838182449340820e+00,8.596349954605102539e-01,-1.280235290527343750e+00,1.363458395004272461e+00,3.479906022548675537e-01,-1.551339864730834961e+00,3.283197164535522461e+00,-1.897944450378417969e+00,-5.178028345108032227e-01,1.234484910964965820e+00,1.399873346090316772e-01,-2.796144962310791016e+00,1.321148872375488281e-02,-9.791862964630126953e-02,-3.341047167778015137e-01,3.257413148880004883e+00,-1.183468222618103027e+00,-2.595321655273437500e+00,-6.284574270248413086e-01,-2.324208736419677734e+00,2.568138122558593750e+00
-6.920688152313232422e-01,7.205395698547363281e-01,-2.067128419876098633e+00,2.078254967927932739e-01,-4.991475343704223633e-01,-5.401203036308288574e-02,3.858025074005126953e+00,1.051583528518676758e+00,-8.660646677017211914e-01,1.694704055786132812e+00,-4.539030790328979492e-01,1.527948141098022461e+00,1.102700114250183105e+00,2.382435083389282227e+00,-1.410386681556701660e+00,6.528477072715759277e-01,-3.760532736778259277e-01,2.132720708847045898e+00,1.064124107360839844e+00,1.429837226867675781e+00,-3.049918889999389648e+00,-1.681584954261779785e+00,2.525804042816162109e+00,1.310622692108154297e+00,-5.206573605537414551e-01,-1.560110092163085938e+00,3.991269111633300781e+00,-1.135775208473205566e+00,2.995387792587280273e+00,2.856622934341430664e+00,1.863294720649719238e+00,-1.214100599288940430e+00,-1.129059553146362305e+00,-2.393825054168701172e+00,-3.093553781509399414e-01,-2.404456436634063721e-01,9.987479448318481445e-01,-1.656837344169616699e+00,-2.977694034576416016e+00,2.421690464019775391e+00,-1.703729629516601562e+00,-5.108084082603454590e-01,-1.772464871406555176e+00,2.034534931182861328e+00,6.928184032440185547e-01,-1.651921749114990234e+00,1.626527309417724609e+00,3.800640702247619629e-01,-1.696431636810302734e+00,3.144458532333374023e+00,-2.051488161087036133e+00,-4.160096049308776855e-01,1.095356464385986328e+00,-1.501387059688568115e-01,-2.851652622222900391e+00,-1.827797293663024902e-02,-5.084045231342315674e-02,-3.769807219505310059e-01,3.279066801071166992e+00,-1.208661437034606934e+00,-2.676664352416992188e+00,-3.954066336154937744e-01,-2.219858407974243164e+00,2.544233322143554688e+00
-4.710875749588012695e-01,1.107296824455261230e+00,-1.971869707107543945e+00,4.028155803680419922e-01,-3.830008804798126221e-01,7.666814327239990234e-02,3.834475040435791016e+00,1.102048754692077637e+00,-4.407761394977569580e-01,1.843598008155822754e+00,-5.227479934692382812e-01,1.720131635665893555e+00,8.976394534111022949e-01,2.335879325866699219e+00,-1.317441821098327637e+00,7.047400474548339844e-01,-4.746987521648406982e-01,2.122476339340209961e+00,1.221857547760009766e+00,1.531486511230468750e+00,-3.180760622024536133e+00,-1.597786426544189453e+00,2.533621072769165039e+00,1.325569033622741699e+00,-3.155502974987030029e-01,-1.793770074844360352e+00,4.305038928985595703e+00,-1.245512723922729492e+00,3.174609184265136719e+00,2.711700439453125000e+00,1.905120849609375000e+00,-1.617233276367187500e+00,-8.780130147933959961e-01,-2.257618188858032227e+00,-2.163068652153015137e-01,-3.284298777580261230e-01,1.017196178436279297e+00,-1.851559162139892578e+00,-2.948498010635375977e+00,2.108444929122924805e+00,-1.410741567611694336e+00,-4.418692290782928467e-01,-1.987221360206604004e+00,1.778835058212280273e+00,9.542801976203918457e-01,-1.333574652671813965e+00,1.572139501571655273e+00,4.028340280055999756e-01,-1.339458227157592773e+00,3.198251724243164062e+00,-2.058114528656005859e+00,-6.686909794807434082e-01,1.437168359756469727e+00,2.326724678277969360e-01,-2.731352567672729492e+00,-1.355850398540496826e-01,-1.623189449310302734e-01,-4.318213164806365967e-01,3.479377985000610352e+00,-1.290996313095092773e+00,-2.894745826721191406e+00,-5.746256113052368164e-01,-2.276406764984130859e+00,2.368452548980712891e+00
-6.090181469917297363e-01,8.973503708839416504e-01,-1.956278085708618164e+00,1.943432539701461792e-01,-3.564639687538146973e-01,-2.136936783790588379e-02,3.858618259429931641e+00,1.071266412734985352e+00,-7.160922288894653320e-01,1.897253036499023438e+00,-7.842831015586853027e-01,1.656504631042480469e+00,1.016560792922973633e+00,2.741369009017944336e+00,-1.403836727142333984e+00,9.218780398368835449e-01,-5.051615238189697266e-01,2.011745452880859375e+00,1.265683531761169434e+00,1.560020923614501953e+00,-3.207423925399780273e+00,-1.788121461868286133e+00,2.519721746444702148e+00,1.349623322486877441e+00,-4.690200686454772949e-01,-1.680463314056396484e+00,4.279808521270751953e+00,-1.306629300117492676e+00,3.193901300430297852e+00,2.933442592620849609e+00,2.218106269836425781e+00,-1.657505989074707031e+00,-1.217815518379211426e+00,-2.437285900115966797e+00,-1.267937421798706055e-01,-1.919455453753471375e-02,1.150478839874267578e+00,-1.734146475791931152e+00,-3.068736553192138672e+00,2.425732612609863281e+00,-1.683360934257507324e+00,-3.847947716712951660e-01,-2.187686204910278320e+00,2.046597719192504883e+00,6.460096836090087891e-01,-1.300354838371276855e+00,1.520898342132568359e+00,3.316154778003692627e-01,-1.630924224853515625e+00,3.133063554763793945e+00,-1.918649911880493164e+00,-7.816461920738220215e-01,1.148400306701660156e+00,-5.214715003967285156e-02,-3.028444766998291016e+00,-1.828543096780776978e-01,5.650205910205841064e-02,-3.483533263206481934e-01,3.221943378448486328e+00,-1.034931421279907227e+00,-2.576374530792236328e+00,-4.717938899993896484e-01,-2.029761075973510742e+00,2.493004560470581055e+00
-5.630742907524108887e-01,1.027699351310729980e+00,-2.232582807540893555e+00,4.492532610893249512e-01,-4.951742887496948242e-01,1.102243661880493164e-01,4.065892219543457031e+00,9.990446567535400391e-01,-8.344521522521972656e-01,1.669507980346679688e+00,-8.545588254928588867e-01,1.342481851577758789e+00,8.363072276115417480e-01,2.784340381622314453e+00,-1.133945941925048828e+00,8.200610876083374023e-01,-5.908154249191284180e-01,1.949963212013244629e+00,1.390967845916748047e+00,1.479663968086242676e+00,-3.142430782318115234e+00,-1.683979868888854980e+00,2.421345472335815430e+00,1.373795390129089355e+00,-3.308294713497161865e-01,-1.609260082244873047e+00,4.237151145935058594e+00,-1.187429904937744141e+00,3.190465450286865234e+00,2.830960273742675781e+00,2.126081228256225586e+00,-1.523526906967163086e+00,-1.082889080047607422e+00,-2.324901103973388672e+00,-2.369020581245422363e-01,-3.885970115661621094e-01,1.229730367660522461e+00,-1.704062700271606445e+00,-3.162466526031494141e+00,2.381225109100341797e+00,-1.764828681945800781e+00,-5.128369927406311035e-01,-2.017349243164062500e+00,1.825730919837951660e+00,6.314034461975097656e-01,-1.651497721672058105e+00,1.403837919235229492e+00,3.132237792015075684e-01,-1.691684722900390625e+00,3.281912565231323242e+00,-1.915310025215148926e+00,-7.230631113052368164e-01,1.216458559036254883e+00,7.834862172603607178e-02,-2.819196701049804688e+00,1.964447200298309326e-01,1.048209518194198608e-01,-1.647517681121826172e-01,3.349897384643554688e+00,-9.810078740119934082e-01,-2.459612131118774414e+00,-3.289631009101867676e-01,-2.215856075286865234e+00,2.431758403778076172e+00
-6.157624125480651855e-01,8.088290095329284668e-01,-1.871395111083984375e+00,1.537776589393615723e-01,-5.583103895187377930e-01,4.142099618911743164e-02,3.908207893371582031e+00,1.047732830047607422e+00,-5.016033649444580078e-01,1.947714567184448242e+00,-7.916905879974365234e-01,1.498430132865905762e+00,9.966270327568054199e-01,2.513970136642456055e+00,-1.336625576019287109e+00,8.137935400009155273e-01,-3.419421315193176270e-01,2.040492296218872070e+00,1.243058562278747559e+00,1.359432578086853027e+00,-3.050249099731445312e+00,-1.868691802024841309e+00,2.776493549346923828e+00,1.366143584251403809e+00,-5.206010341644287109e-01,-1.418225407600402832e+00,4.091326236724853516e+00,-1.363297700881958008e+00,3.236937284469604492e+00,2.610455036163330078e+00,1.794825077056884766e+00,-1.206419587135314941e+00,-9.953304529190063477e-01,-2.329771518707275391e+00,-3.315365910530090332e-01,-3.189198076725006104e-01,9.245903491973876953e-01,-1.739424467086791992e+00,-2.951333999633789062e+00,2.182919740676879883e+00,-1.501616954803466797e+00,-6.599749326705932617e-01,-1.991280794143676758e+00,1.982603549957275391e+00,9.145140647888183594e-01,-1.413111448287963867e+00,1.629201054573059082e+00,3.560441136360168457e-01,-1.427212476730346680e+00,3.202013731002807617e+00,-1.912437200546264648e+00,-7.250440716743469238e-01,1.340705037117004395e+00,1.013776659965515137e-02,-3.018280267715454102e+00,-1.385777890682220459e-01,-5.416780710220336914e-03,-1.792097389698028564e-01,3.130170106887817383e+00,-1.168615818023681641e+00,-2.674412488937377930e+00,-5.108134746551513672e-01,-2.078547477722167969e+00,2.555011272430419922e+00
-6.705754399299621582e-01,8.036860227584838867e-01,-2.052326679229736328e+00,3.601962625980377197e-01,-6.961334943771362305e-01,1.818774938583374023e-01,4.010700702667236328e+00,9.277236461639404297e-01,-5.550196170806884766e-01,1.669026017189025879e+00,-7.006052732467651367e-01,1.344308495521545410e+00,1.064249396324157715e+00,2.422838926315307617e+00,-1.395269870758056641e+00,7.319099903106689453e-01,-6.537002325057983398e-01,1.927183508872985840e+00,1.123660326004028320e+00,1.505588531494140625e+00,-2.983291149139404297e+00,-2.009002923965454102e+00,2.733373641967773438e+00,1.326885938644409180e+00,-5.736351609230041504e-01,-1.520532250404357910e+00,4.053014755249023438e+00,-1.236162424087524414e+00,3.174089908599853516e+00,3.069871664047241211e+00,1.806207180023193359e+00,-1.383244752883911133e+00,-9.818590879440307617e-01,-2.399283170700073242e+00,-2.180447578430175781e-01,-2.296680212020874023e-01,1.184963345527648926e+00,-1.886103391647338867e+00,-2.855493545532226562e+00,2.287249326705932617e+00,-1.608682751655578613e+00,-5.025399923324584961e-01,-1.797604799270629883e+00,2.164050102233886719e+00,9.311411380767822266e-01,-1.445561528205871582e+00,1.636061549186706543e+00,8.018401861190795898e-01,-1.462012052536010742e+00,3.238585233688354492e+00,-2.182345628738403320e+00,-6.658510565757751465e-01,1.398157119750976562e+00,1.661130338907241821e-01,-3.125629663467407227e+00,1.715331077575683594e-01,1.578348428010940552e-01,-2.621774673461914062e-01,3.415915727615356445e+00,-1.135972380638122559e+00,-2.532826185226440430e+00,-2.197992801666259766e-01,-2.256604671478271484e+00,2.627609014511108398e+00
-7.487205266952514648e-01,1.081126570701599121e+00,-2.079735755920410156e+00,3.174053728580474854e-01,-2.772178053855895996e-01,2.128352969884872437e-01,3.866343975067138672e+00,8.334125876426696777e-01,-7.930519580841064453e-01,1.505833506584167480e+00,-5.622704029083251953e-01,1.258309483528137207e+00,1.041098594665527344e+00,2.521290779113769531e+00,-1.111051440238952637e+00,7.290203571319580078e-01,-5.487792491912841797e-01,2.042010784149169922e+00,1.336217522621154785e+00,1.382420420646667480e+00,-3.168103933334350586e+00,-1.793796181678771973e+00,2.687755584716796875e+00,1.259720921516418457e+00,-4.334686100482940674e-01,-1.618171691894531250e+00,4.354609966278076172e+00,-1.351918697357177734e+00,3.005224943161010742e+00,2.910745143890380859e+00,2.035821914672851562e+00,-1.380329847335815430e+00,-9.733157157897949219e-01,-2.084332942962646484e+00,-3.499587178230285645e-01,-3.201261758804321289e-01,1.260715484619140625e+00,-1.760315179824829102e+00,-3.004888534545898438e+00,2.229289054870605469e+00,-1.684722542762756348e+00,-3.432320952415466309e-01,-1.839532852172851562e+00,1.952173352241516113e+00,8.840700387954711914e-01,-1.598384499549865723e+00,1.671717524528503418e+00,4.762535989284515381e-01,-1.517352700233459473e+00,2.939904212951660156e+00,-2.220055341720581055e+00,-7.201815843582153320e-01,1.283493518829345703e+00,4.347045719623565674e-02,-3.009714603424072266e+00,8.990585803985595703e-02,-1.080873012542724609e-01,-3.140758872032165527e-01,3.431951761245727539e+00,-9.933438897132873535e-01,-2.379349946975708008e+00,-4.342045187950134277e-01,-2.148111581802368164e+00,2.296578884124755859e+00
-6.927231550216674805e-01,7.671083807945251465e-01,-2.152931213378906250e+00,5.582604408264160156e-01,-6.604077816009521484e-01,1.774785518646240234e-01,3.919819831848144531e+00,1.191359996795654297e+00,-9.949751496315002441e-01,1.684141635894775391e+00,-7.806735038757324219e-01,1.279497146606445312e+00,8.335656523704528809e-01,2.803190231323242188e+00,-1.103727698326110840e+00,1.099651575088500977e+00,-2.430522590875625610e-01,1.969164609909057617e+00,1.073092937469482422e+00,1.297155618667602539e+00,-3.118325233459472656e+00,-1.993658781051635742e+00,2.764197349548339844e+00,1.488228797912597656e+00,-5.449451804161071777e-01,-1.324909806251525879e+00,4.090862274169921875e+00,-1.369176387786865234e+00,3.370135068893432617e+00,2.822519779205322266e+00,2.185456514358520508e+00,-1.215037703514099121e+00,-1.069974780082702637e+00,-2.395576000213623047e+00,-2.297684550285339355e-01,-3.129560649394989014e-01,1.100734710693359375e+00,-1.829054594039916992e+00,-2.869237899780273438e+00,2.215950965881347656e+00,-1.725905060768127441e+00,-3.538163006305694580e-01,-2.010070085525512695e+00,1.980963468551635742e+00,7.411946654319763184e-01,-1.692418575286865234e+00,1.681068658828735352e+00,5.562933683395385742e-01,-1.729989051818847656e+00,2.832431793212890625e+00,-2.072131156921386719e+00,-4.233399033546447754e-01,1.423548460006713867e+00,1.615359187126159668e-01,-3.188253641128540039e+00,1.671928763389587402e-01,2.242684662342071533e-01,-2.681905031204223633e-01,3.364902734756469727e+00,-1.079865574836730957e+00,-2.245510578155517578e+00,-4.981851875782012939e-01,-2.314904928207397461e+00,2.372339725494384766e+00
-7.282746434211730957e-01,8.851657509803771973e-01,-2.095924377441406250e+00,2.000550627708435059e-01,-4.087038040161132812e-01,1.854410767555236816e-01,4.220889568328857422e+00,8.366491794586181641e-01,-8.962038755416870117e-01,1.751732349395751953e+00,-5.635603666305541992e-01,1.513123512268066406e+00,7.226053476333618164e-01,2.749486446380615234e+00,-1.350623369216918945e+00,1.034984707832336426e+00,-3.248941004276275635e-01,2.040271759033203125e+00,1.215325951576232910e+00,1.446613550186157227e+00,-3.041128396987915039e+00,-1.726376652717590332e+00,2.412836790084838867e+00,1.546621084213256836e+00,-3.979617357254028320e-01,-1.603100538253784180e+00,4.205077171325683594e+00,-1.280493736267089844e+00,3.216262102127075195e+00,2.941152572631835938e+00,2.107018232345581055e+00,-1.604392886161804199e+00,-8.925426006317138672e-01,-2.220789194107055664e+00,-2.022108435630798340e-01,-2.673051059246063232e-01,1.186566591262817383e+00,-1.565457463264465332e+00,-3.023650646209716797e+00,2.235027074813842773e+00,-1.746246337890625000e+00,-6.295672655105590820e-01,-2.064828634262084961e+00,1.858571887016296387e+00,5.624333620071411133e-01,-1.615151286125183105e+00,1.599481940269470215e+00,5.414808392524719238e-01,-1.760076284408569336e+00,3.050873994827270508e+00,-1.907685756683349609e+00,-5.082889199256896973e-01,1.329288721084594727e+00,3.002044558525085449e-02,-2.780423402786254883e+00,-1.090909242630004883e-01,-4.577071964740753174e-02,-3.569376468658447266e-01,3.117257118225097656e+00,-1.113575935363769531e+00,-2.575756072998046875e+00,-6.515782475471496582e-01,-2.033478736877441406e+00,2.416665792465209961e+00
-5.417996048927307129e-01,1.057354807853698730e+00,-1.893372893333435059e+00,3.410311043262481689e-01,-3.940541148185729980e-01,1.414892673492431641e-01,3.840865850448608398e+00,1.218913555145263672e+00,-6.098622679710388184e-01,1.552639961242675781e+00,-6.340606808662414551e-01,1.614869236946105957e+00,8.836557269096374512e-01,2.627051353454589844e+00,-1.081183075904846191e+00,7.056596875190734863e-01,-5.728206634521484375e-01,1.928730487823486328e+00,1.326026916503906250e+00,1.350300431251525879e+00,-2.902227878570556641e+00,-1.605470418930053711e+00,2.550025939941406250e+00,1.508102774620056152e+00,-3.273087441921234131e-01,-1.602287411689758301e+00,4.082480430603027344e+00,-1.345409631729125977e+00,3.026235103607177734e+00,2.837777137756347656e+00,2.215853452682495117e+00,-1.333473324775695801e+00,-1.073079109191894531e+00,-1.979629278182983398e+00,-2.993053197860717773e-02,-4.471904039382934570e-02,1.124450206756591797e+00,-1.591131091117858887e+00,-2.979583740234375000e+00,2.317167043685913086e+00,-1.444401860237121582e+00,-3.592476248741149902e-01,-2.142871856689453125e+00,1.785635590553283691e+00,7.212800979614257812e-01,-1.619649052619934082e+00,1.618038654327392578e+00,6.275285482406616211e-01,-1.271784186363220215e+00,2.875591993331909180e+00,-2.061621189117431641e+00,-6.597177982330322266e-01,1.116535067558288574e+00,-2.271138280630111694e-01,-3.075897216796875000e+00,-2.436206340789794922e-01,-3.771956264972686768e-02,-2.950962185859680176e-01,3.296499967575073242e+00,-1.249468564987182617e+00,-2.375448703765869141e+00,-6.221224069595336914e-01,-2.109794139862060547e+00,2.461070537567138672e+00
-4.804062843322753906e-01,9.187549948692321777e-01,-2.086798906326293945e+00,3.035923838615417480e-01,-4.491589665412902832e-01,-2.385228872299194336e-02,3.946342706680297852e+00,8.733571767807006836e-01,-7.073729038238525391e-01,1.893708467483520508e+00,-4.984142184257507324e-01,1.640883207321166992e+00,9.033012986183166504e-01,2.430519104003906250e+00,-1.169209003448486328e+00,8.669553399085998535e-01,-4.622750282287597656e-01,2.035629034042358398e+00,1.283750772476196289e+00,1.327715754508972168e+00,-3.198140144348144531e+00,-1.829801678657531738e+00,2.406470537185668945e+00,1.278357267379760742e+00,-3.603954911231994629e-01,-1.486916899681091309e+00,4.075520038604736328e+00,-1.441457271575927734e+00,3.444228649139404297e+00,2.853561878204345703e+00,2.242568731307983398e+00,-1.602618813514709473e+00,-9.142897725105285645e-01,-2.229689836502075195e+00,-3.851136565208435059e-01,-1.789874434471130371e-01,9.468854665756225586e-01,-1.539990186691284180e+00,-3.107544660568237305e+00,2.301312446594238281e+00,-1.664525508880615234e+00,-4.168825149536132812e-01,-1.784529566764831543e+00,1.892833828926086426e+00,5.628402233123779297e-01,-1.414513468742370605e+00,1.407180070877075195e+00,5.755324959754943848e-01,-1.422324657440185547e+00,3.232707023620605469e+00,-1.886298537254333496e+00,-4.432285428047180176e-01,1.095428705215454102e+00,9.855784475803375244e-03,-2.674356460571289062e+00,1.147437691688537598e-01,-2.626623213291168213e-02,-4.251794815063476562e-01,3.222402811050415039e+00,-1.211272001266479492e+00,-2.767807006835937500e+00,-5.812591314315795898e-01,-2.248988866806030273e+00,2.522147417068481445e+00
-6.429052352905273438e-01,6.875675916671752930e-01,-2.277844429016113281e+00,2.403953969478607178e-01,-5.696431398391723633e-01,1.181049048900604248e-01,4.252364158630371094e+00,1.111014127731323242e+00,-5.469901561737060547e-01,1.788682937622070312e+00,-8.131016492843627930e-01,1.594992160797119141e+00,8.004145622253417969e-01,2.512963294982910156e+00,-9.941374063491821289e-01,6.658740043640136719e-01,-3.297110795974731445e-01,2.107373714447021484e+00,1.240390300750732422e+00,1.336875438690185547e+00,-3.194884538650512695e+00,-2.085188388824462891e+00,2.494852066040039062e+00,1.256962656974792480e+00,-4.548418521881103516e-01,-1.390422582626342773e+00,4.171542167663574219e+00,-1.414692044258117676e+00,3.274689912796020508e+00,2.794913768768310547e+00,1.993673324584960938e+00,-1.468846082687377930e+00,-1.014783501625061035e+00,-2.407668113708496094e+00,-2.673050165176391602e-01,-1.810863614082336426e-01,8.751795291900634766e-01,-1.714861154556274414e+00,-2.967373847961425781e+00,2.336113929748535156e+00,-1.611876487731933594e+00,-5.971801280975341797e-01,-2.116849422454833984e+00,1.965303182601928711e+00,7.141930460929870605e-01,-1.350359678268432617e+00,1.654845118522644043e+00,6.694303154945373535e-01,-1.688496708869934082e+00,3.170287370681762695e+00,-2.279120922088623047e+00,-5.096412897109985352e-01,1.342774748802185059e+00,-6.163306534290313721e-02,-2.810326099395751953e+00,-1.231080293655395508e-01,-2.825564146041870117e-02,-5.373962521553039551e-01,3.313308000564575195e+00,-1.313739418983459473e+00,-2.703726768493652344e+00,-3.819032609462738037e-01,-1.968854308128356934e+00,2.522017002105712891e+00
-5.844433307647705078e-01,5.496582984924316406e-01,-1.787027835845947266e+00,5.193791389465332031e-01,-6.150313019752502441e-01,1.968621313571929932e-01,4.355190277099609375e+00,1.224282145500183105e+00,-5.616388320922851562e-01,1.865848302841186523e+00,-6.194840669631958008e-01,1.207950949668884277e+00,1.218634247779846191e+00,2.483159542083740234e+00,-1.073117971420288086e+00,1.046894311904907227e+00,-7.026129364967346191e-01,2.252027034759521484e+00,1.180340886116027832e+00,1.491430163383483887e+00,-3.125868797302246094e+00,-1.993005752563476562e+00,2.819547653198242188e+00,1.608760118484497070e+00,-4.108396172523498535e-01,-1.410389900207519531e+00,4.113205432891845703e+00,-1.446308135986328125e+00,3.112556934356689453e+00,3.058139324188232422e+00,2.233994960784912109e+00,-1.317046284675598145e+00,-1.325215101242065430e+00,-2.368198633193969727e+00,-2.967563271522521973e-01,-1.443744003772735596e-01,1.289162397384643555e+00,-1.971243858337402344e+00,-3.016867160797119141e+00,2.337405443191528320e+00,-1.873432636260986328e+00,-3.040085732936859131e-01,-1.892262697219848633e+00,1.876234531402587891e+00,5.736393928527832031e-01,-1.439778208732604980e+00,1.497226953506469727e+00,6.898412704467773438e-01,-1.566442966461181641e+00,3.227354288101196289e+00,-2.057219743728637695e+00,-4.216944575309753418e-01,1.275600671768188477e+00,-2.185914069414138794e-01,-3.173959493637084961e+00,-1.264478564262390137e-01,3.250102400779724121e-01,-1.771751344203948975e-01,3.534190654754638672e+00,-1.159501791000366211e+00,-2.504968166351318359e+00,-3.749492764472961426e-01,-2.010895490646362305e+00,2.273810863494873047e+00
-6.497912406921386719e-01,8.165281414985656738e-01,-2.151945590972900391e+00,4.429392218589782715e-01,-4.196383357048034668e-01,1.081414818763732910e-01,3.869495868682861328e+00,8.896375894546508789e-01,-7.651501893997192383e-01,1.801473617553710938e+00,-4.517165720462799072e-01,1.487163066864013672e+00,9.710416197776794434e-01,2.564406871795654297e+00,-1.326663494110107422e+00,7.634452581405639648e-01,-2.800953090190887451e-01,2.030722618103027344e+00,1.076020598411560059e+00,1.138554096221923828e+00,-2.899917840957641602e+00,-1.818506240844726562e+00,2.738713979721069336e+00,1.324152708053588867e+00,-4.221235513687133789e-01,-1.645903468132019043e+00,4.196942806243896484e+00,-1.222289085388183594e+00,3.433707714080810547e+00,2.927891254425048828e+00,1.981971383094787598e+00,-1.606765747070312500e+00,-1.152980327606201172e+00,-2.356121540069580078e+00,-1.639165878295898438e-01,-2.286456525325775146e-03,9.726160764694213867e-01,-1.788473844528198242e+00,-2.900093078613281250e+00,2.094565629959106445e+00,-1.584392786026000977e+00,-5.464428663253784180e-01,-2.087197542190551758e+00,1.994316697120666504e+00,7.333348989486694336e-01,-1.352670907974243164e+00,1.552996993064880371e+00,6.696188449859619141e-01,-1.362112998962402344e+00,3.128947496414184570e+00,-2.002674579620361328e+00,-7.430680990219116211e-01,1.129842519760131836e+00,8.294801414012908936e-02,-3.116695880889892578e+00,-1.185013055801391602e-01,-1.608193516731262207e-01,-2.571833729743957520e-01,3.280990362167358398e+00,-1.028203964233398438e+00,-2.600742816925048828e+00,-2.757051885128021240e-01,-2.151994228363037109e+00,2.622308492660522461e+00
-5.854843854904174805e-01,7.711992263793945312e-01,-2.200349807739257812e+00,1.004178076982498169e-01,-3.027998208999633789e-01,1.202687621116638184e-01,3.792974472045898438e+00,1.145694494247436523e+00,-7.155005931854248047e-01,1.830406904220581055e+00,-8.713091611862182617e-01,1.682331323623657227e+00,1.041855096817016602e+00,2.380345821380615234e+00,-1.023696064949035645e+00,5.454233884811401367e-01,-4.793937802314758301e-01,2.090765714645385742e+00,1.262127757072448730e+00,1.428826808929443359e+00,-2.848678588867187500e+00,-1.914651155471801758e+00,2.276666879653930664e+00,1.342280387878417969e+00,-4.568946659564971924e-01,-1.419160842895507812e+00,4.417930603027343750e+00,-1.291763305664062500e+00,3.231981754302978516e+00,2.696988344192504883e+00,2.048601627349853516e+00,-1.652171134948730469e+00,-1.166044950485229492e+00,-1.996123790740966797e+00,-2.082189917564392090e-01,4.560470581054687500e-03,1.107008934020996094e+00,-1.603916645050048828e+00,-3.086915493011474609e+00,1.973874211311340332e+00,-1.490952730178833008e+00,-6.175035238265991211e-01,-2.048840999603271484e+00,1.980355024337768555e+00,6.434075832366943359e-01,-1.328962802886962891e+00,1.475921511650085449e+00,2.339667379856109619e-01,-1.517594456672668457e+00,3.015155553817749023e+00,-2.118986368179321289e+00,-8.946315646171569824e-01,1.092731475830078125e+00,2.649830579757690430e-01,-3.072120189666748047e+00,-1.177934408187866211e-01,8.799324929714202881e-02,-3.825392723083496094e-01,3.274482727050781250e+00,-1.196230411529541016e+00,-2.524279117584228516e+00,-4.690484702587127686e-01,-2.268639087677001953e+00,2.212056875228881836e+00
-4.352224767208099365e-01,1.098358154296875000e+00,-1.760925412178039551e+00,5.165519714355468750e-01,-5.820256471633911133e-01,2.727544307708740234e-01,3.920964717864990234e+00,9.711390137672424316e-01,-6.298099160194396973e-01,1.743886828422546387e+00,-8.144671916961669922e-01,1.558192133903503418e+00,8.497394323348999023e-01,2.677950382232666016e+00,-1.158589839935302734e+00,8.033993840217590332e-01,-2.612918913364410400e-01,2.255856752395629883e+00,1.340753793716430664e+00,1.495434045791625977e+00,-2.950170993804931641e+00,-1.575187087059020996e+00,2.446122646331787109e+00,1.260618329048156738e+00,-3.660271465778350830e-01,-1.473987936973571777e+00,4.308547973632812500e+00,-1.341531872749328613e+00,3.174360990524291992e+00,2.813456535339355469e+00,1.867756843566894531e+00,-1.253767251968383789e+00,-7.931156158447265625e-01,-2.305992126464843750e+00,-1.798257827758789062e-01,-1.704203933477401733e-01,1.211412310600280762e+00,-1.646554231643676758e+00,-2.924589633941650391e+00,2.019314050674438477e+00,-1.799524188041687012e+00,-7.575675845146179199e-01,-2.066519260406494141e+00,2.129332780838012695e+00,7.331788539886474609e-01,-1.308926939964294434e+00,1.485434412956237793e+00,4.698030352592468262e-01,-1.274181365966796875e+00,3.054853439331054688e+00,-1.988244771957397461e+00,-7.468056082725524902e-01,1.365829467773437500e+00,-1.547465771436691284e-01,-3.133880853652954102e+00,3.142443299293518066e-02,-6.253436207771301270e-02,-3.796746730804443359e-01,3.475253105163574219e+00,-1.312138676643371582e+00,-2.655088186264038086e+00,-3.896915018558502197e-01,-2.077566623687744141e+00,2.452691555023193359e+00
-6.291762590408325195e-01,9.868712425231933594e-01,-1.749426364898681641e+00,3.050288259983062744e-01,-3.356505036354064941e-01,-2.176529169082641602e-02,4.298631668090820312e+00,1.115304470062255859e+00,-7.347112894058227539e-01,1.607070207595825195e+00,-6.887109279632568359e-01,1.234403014183044434e+00,1.147055387496948242e+00,2.374998569488525391e+00,-1.456966280937194824e+00,9.205868840217590332e-01,-3.475193381309509277e-01,2.171628952026367188e+00,1.174144029617309570e+00,1.094977736473083496e+00,-3.020568370819091797e+00,-1.866398811340332031e+00,2.481075048446655273e+00,1.235751152038574219e+00,-6.206905841827392578e-01,-1.424057722091674805e+00,4.094118595123291016e+00,-1.367787957191467285e+00,3.106327295303344727e+00,3.025536775588989258e+00,2.087644100189208984e+00,-1.249972462654113770e+00,-9.597350358963012695e-01,-2.182595729827880859e+00,4.687726497650146484e-03,-2.963051795959472656e-01,1.350120544433593750e+00,-1.824646115303039551e+00,-2.848694801330566406e+00,2.293500900268554688e+00,-1.641396999359130859e+00,-3.404330313205718994e-01,-1.968847751617431641e+00,2.196637630462646484e+00,7.971015572547912598e-01,-1.463485956192016602e+00,1.353107690811157227e+00,4.870315790176391602e-01,-1.736276626586914062e+00,2.958740472793579102e+00,-2.223276138305664062e+00,-5.879325866699218750e-01,1.047993898391723633e+00,-1.718147546052932739e-01,-3.255419015884399414e+00,1.521080732345581055e-02,2.662457227706909180e-01,-1.433015465736389160e-01,3.354692935943603516e+00,-1.004365444183349609e+00,-2.382480144500732422e+00,-6.313444375991821289e-01,-2.117611408233642578e+00,2.538267135620117188e+00
-7.848080992698669434e-01,8.644376993179321289e-01,-2.186258792877197266e+00,4.554694890975952148e-01,-2.414656281471252441e-01,-6.711769104003906250e-02,3.851263046264648438e+00,8.218108415603637695e-01,-5.675790309906005859e-01,1.623098134994506836e+00,-9.072459936141967773e-01,1.419159889221191406e+00,8.956367969512939453e-01,2.330185413360595703e+00,-1.376250624656677246e+00,9.745733737945556641e-01,-6.408995389938354492e-01,2.179804801940917969e+00,9.878461360931396484e-01,1.388619422912597656e+00,-3.179473638534545898e+00,-1.837307691574096680e+00,2.469910144805908203e+00,1.168820977210998535e+00,-3.257012367248535156e-01,-1.347025871276855469e+00,4.406244754791259766e+00,-1.382075786590576172e+00,3.235424757003784180e+00,2.939172267913818359e+00,1.940347671508789062e+00,-1.405221343040466309e+00,-9.618313312530517578e-01,-2.256411075592041016e+00,-4.583387970924377441e-01,5.680612474679946899e-02,1.089584946632385254e+00,-1.462912917137145996e+00,-2.975367546081542969e+00,2.235190391540527344e+00,-1.407708525657653809e+00,-5.734368562698364258e-01,-1.968304395675659180e+00,2.184185266494750977e+00,7.769380211830139160e-01,-1.306437969207763672e+00,1.698740839958190918e+00,6.593751907348632812e-01,-1.645751714706420898e+00,3.145892143249511719e+00,-1.820913791656494141e+00,-7.909339666366577148e-01,1.364583611488342285e+00,1.713326126337051392e-01,-3.178238391876220703e+00,-1.946441233158111572e-01,7.947970926761627197e-02,-4.570434093475341797e-01,3.409459590911865234e+00,-9.830029010772705078e-01,-2.513651132583618164e+00,-4.892288446426391602e-01,-2.350085258483886719e+00,2.503707170486450195e+00
-6.886330842971801758e-01,8.703956007957458496e-01,-1.941540002822875977e+00,3.215110599994659424e-01,-2.397422194480895996e-01,2.457562386989593506e-01,3.837172031402587891e+00,1.096991658210754395e+00,-5.967144370079040527e-01,1.667666435241699219e+00,-7.291938066482543945e-01,1.646113634109497070e+00,9.721342921257019043e-01,2.836707353591918945e+00,-1.011948466300964355e+00,9.216611385345458984e-01,-2.787481844425201416e-01,2.200718164443969727e+00,1.383790850639343262e+00,1.353943586349487305e+00,-2.929628849029541016e+00,-1.627854585647583008e+00,2.480113983154296875e+00,1.326835155487060547e+00,-4.940658211708068848e-01,-1.356743812561035156e+00,4.124066829681396484e+00,-1.436816096305847168e+00,3.237022876739501953e+00,2.981942653656005859e+00,2.139054536819458008e+00,-1.160254359245300293e+00,-9.758409261703491211e-01,-2.098747253417968750e+00,-2.270607352256774902e-01,2.417472004890441895e-02,8.839095830917358398e-01,-1.862710952758789062e+00,-2.864980459213256836e+00,2.189795732498168945e+00,-1.843959808349609375e+00,-3.002807199954986572e-01,-2.155025482177734375e+00,1.828044772148132324e+00,6.581278443336486816e-01,-1.348557472229003906e+00,1.319508671760559082e+00,6.548967957496643066e-01,-1.331349372863769531e+00,2.957357406616210938e+00,-2.086043357849121094e+00,-6.238868236541748047e-01,1.041796445846557617e+00,-1.927631050348281860e-01,-2.852305412292480469e+00,4.254040122032165527e-02,-2.182179093360900879e-01,-4.802642464637756348e-01,3.576537132263183594e+00,-1.053862214088439941e+00,-2.486047267913818359e+00,-5.746454000473022461e-01,-2.106820821762084961e+00,2.383482933044433594e+00
-6.660771965980529785e-01,7.432017922401428223e-01,-1.929915070533752441e+00,3.121667802333831787e-01,-8.035421371459960938e-01,-1.121375858783721924e-01,4.307418823242187500e+00,8.699966073036193848e-01,-8.366232514381408691e-01,1.758520603179931641e+00,-8.608035445213317871e-01,1.365944266319274902e+00,8.752343058586120605e-01,2.540070533752441406e+00,-1.002451181411743164e+00,7.607247829437255859e-01,-4.954133331775665283e-01,2.054393768310546875e+00,1.304923295974731445e+00,1.602268338203430176e+00,-3.215572118759155273e+00,-2.066381931304931641e+00,2.546329736709594727e+00,1.358458042144775391e+00,-6.707545518875122070e-01,-1.692174434661865234e+00,4.262528419494628906e+00,-1.452451944351196289e+00,3.255523204803466797e+00,2.816793680191040039e+00,1.978187561035156250e+00,-1.562430262565612793e+00,-1.149788141250610352e+00,-2.403596639633178711e+00,8.358359336853027344e-03,-1.602212786674499512e-01,1.323214530944824219e+00,-1.793138384819030762e+00,-3.180256605148315430e+00,2.340133905410766602e+00,-1.467322826385498047e+00,-2.698749899864196777e-01,-1.924730300903320312e+00,1.906275987625122070e+00,6.733263731002807617e-01,-1.505095481872558594e+00,1.396238088607788086e+00,7.109070420265197754e-01,-1.494146585464477539e+00,3.104588747024536133e+00,-1.903035402297973633e+00,-5.197548866271972656e-01,1.341890335083007812e+00,6.420804560184478760e-02,-3.128251552581787109e+00,1.426092386245727539e-01,1.349174976348876953e-02,-4.006702601909637451e-01,3.085940361022949219e+00,-1.058229207992553711e+00,-2.782023906707763672e+00,-4.403002560138702393e-01,-2.117063999176025391e+00,2.690274953842163086e+00
