-8.194460272789001465e-01,8.112889528274536133e-01,-4.520697295665740967e-01,-8.373750448226928711e-01,1.290311813354492188e+00,9.351027607917785645e-01,-6.198518872261047363e-01,1.527512431144714355e+00,-5.198903083801269531e-01,2.568347692489624023e+00,-1.446901202201843262e+00,-1.291850924491882324e+00,1.489443898200988770e+00,-1.622703313827514648e+00,-1.540861010551452637e+00,-1.265081524848937988e+00,6.008218526840209961e-01,-5.210139751434326172e-01,6.618515253067016602e-01,9.975508451461791992e-01,-2.852626442909240723e-01,-3.918818831443786621e-01,-9.740936160087585449e-01,1.401517152786254883e+00,1.429581761360168457e+00,-6.425666809082031250e-01,-2.287897169589996338e-01,1.135548591613769531e+00,3.176660239696502686e-01,3.213990926742553711e-01,-3.596388697624206543e-01,-3.125846683979034424e-01,2.233961038291454315e-02,-1.222249627113342285e+00,-1.496631383895874023e+00,-4.777306318283081055e-02,1.720776408910751343e-01,5.713411569595336914e-01,-1.278437972068786621e+00,-4.181370735168457031e-01,-1.375623226165771484e+00,-6.069483757019042969e-01,-4.085943698883056641e-01,-3.864968568086624146e-02,-5.239578485488891602e-01,2.666316628456115723e-01,-6.471347808837890625e-01,2.122358322143554688e+00,-5.932747125625610352e-01,3.445797860622406006e-01,7.812526822090148926e-01,-5.254637598991394043e-01,6.992225050926208496e-01,2.441739886999130249e-01,-2.426829338073730469e+00,-1.233838558197021484e+00,1.464448213577270508e+00,1.571194082498550415e-01,4.791332483291625977e-01,7.069395780563354492e-01,-3.966295123100280762e-01,1.400095343589782715e+00,-1.759945750236511230e-01,-2.993904113769531250e+00
-2.347423076629638672e+00,-1.677085310220718384e-01,3.745680749416351318e-01,-1.602840781211853027e+00,-7.727845907211303711e-01,-2.974087893962860107e-01,1.537588119506835938e+00,-7.747728377580642700e-02,-7.811922114342451096e-03,-1.703852534294128418e+00,-5.720570087432861328e-01,1.082373633980751038e-01,-1.756543874740600586e+00,-5.212822556495666504e-01,-9.013993740081787109e-01,7.565813660621643066e-01,-1.074930191040039062e+00,-1.320394396781921387e+00,4.673734605312347412e-01,1.834785580635070801e+00,7.702969908714294434e-01,2.420170068740844727e+00,-2.425346374511718750e+00,-5.185782909393310547e-01,-1.020188570022583008e+00,9.341959357261657715e-01,3.264085054397583008e-01,-1.494446039199829102e+00,1.970666795969009399e-01,1.250894904136657715e+00,2.066821753978729248e-01,8.183217644691467285e-01,5.137103050947189331e-02,-1.428437232971191406e+00,4.799226522445678711e-01,4.059153795242309570e-01,3.627519309520721436e-01,6.508333142846822739e-03,-5.752070546150207520e-01,2.180455178022384644e-01,1.648309111595153809e+00,4.960030019283294678e-01,-3.560819029808044434e-01,-1.106547236442565918e+00,2.339106798171997070e+00,-1.213634461164474487e-01,-7.883700728416442871e-01,-1.791839480400085449e+00,-2.985551357269287109e-01,-5.350719690322875977e-01,6.070312261581420898e-01,4.784594774246215820e-01,1.589840054512023926e+00,-4.322931766510009766e-01,6.020980477333068848e-01,-3.815115243196487427e-02,-2.247270107269287109e+00,1.077195763587951660e+00,-5.262777209281921387e-01,-1.047710418701171875e+00,-5.652511492371559143e-02,1.563291430473327637e+00,3.273112177848815918e-01,-6.563082337379455566e-01
-1.819550991058349609e+00,-2.652389705181121826e-01,6.306725144386291504e-01,-1.807536125183105469e+00,-7.833503484725952148e-01,-2.656294107437133789e-01,1.556959867477416992e+00,8.438747376203536987e-02,1.207206025719642639e-01,-1.975480437278747559e+00,-6.459344029426574707e-01,-1.478393971920013428e-01,-2.221540689468383789e+00,-4.920935630798339844e-01,-1.496616721153259277e+00,5.363990068435668945e-01,-1.249443054199218750e+00,-1.275346398353576660e+00,5.218314528465270996e-01,1.598356604576110840e+00,6.185901761054992676e-01,2.277183532714843750e+00,-2.746243476867675781e+00,-6.502748727798461914e-01,-8.057898283004760742e-01,5.053014159202575684e-01,-2.597949802875518799e-01,-1.399598956108093262e+00,-1.451547294855117798e-01,1.640897989273071289e+00,-1.141869500279426575e-01,1.105195045471191406e+00,-2.225077003240585327e-01,-1.208641529083251953e+00,4.050040245056152344e-02,7.850086688995361328e-01,2.120975703001022339e-01,-4.037369787693023682e-01,-5.871980786323547363e-01,4.704455137252807617e-01,2.112313747406005859e+00,3.757491707801818848e-01,-2.353407591581344604e-01,-8.834930062294006348e-01,2.322237968444824219e+00,-2.821310758590698242e-01,-4.957533180713653564e-01,-1.468983292579650879e+00,-5.906788110733032227e-01,-8.536089062690734863e-01,8.408630490303039551e-01,5.914002656936645508e-01,1.288306713104248047e+00,-6.286965012550354004e-01,3.270818889141082764e-01,-4.677250087261199951e-01,-1.411547660827636719e+00,9.659385085105895996e-01,-3.230489492416381836e-01,-1.268874883651733398e+00,-1.525212824344635010e-01,1.700327396392822266e+00,3.362328559160232544e-02,-6.184724569320678711e-01
-1.875086188316345215e+00,-3.168614208698272705e-01,7.363656163215637207e-01,-1.773829698562622070e+00,-6.871284246444702148e-01,-4.139485657215118408e-01,1.987364649772644043e+00,2.151979506015777588e-02,1.713191121816635132e-01,-1.553991317749023438e+00,-5.292098522186279297e-01,-6.951544433832168579e-02,-2.023142814636230469e+00,-8.403014540672302246e-01,-1.437151074409484863e+00,6.504365801811218262e-01,-1.127598404884338379e+00,-1.513239860534667969e+00,6.954069137573242188e-01,1.713582038879394531e+00,1.710609942674636841e-01,2.146490097045898438e+00,-2.387978792190551758e+00,-5.937691330909729004e-01,-8.979415893554687500e-01,4.531844854354858398e-01,-8.945567905902862549e-02,-1.251498341560363770e+00,-7.549317181110382080e-02,1.518974661827087402e+00,1.246045380830764771e-01,9.473298192024230957e-01,3.900842741131782532e-02,-1.211688518524169922e+00,4.531827270984649658e-01,5.810942649841308594e-01,-2.247015712782740593e-03,-1.171675100922584534e-01,-3.571202456951141357e-01,-2.504986338317394257e-02,2.210742235183715820e+00,9.784749150276184082e-02,3.677536174654960632e-02,-1.082676053047180176e+00,2.572848796844482422e+00,1.618865430355072021e-01,-4.977611899375915527e-01,-1.885261416435241699e+00,-6.557427048683166504e-01,-6.497424244880676270e-01,1.035773634910583496e+00,9.188087582588195801e-01,1.144382357597351074e+00,-4.768557846546173096e-01,2.224972657859325409e-02,-5.596295595169067383e-01,-2.043483018875122070e+00,1.150956749916076660e+00,-3.983848989009857178e-01,-1.110836982727050781e+00,2.041783928871154785e-02,1.613161683082580566e+00,-3.261396288871765137e-02,-1.056676745414733887e+00
-2.084546566009521484e+00,-5.847202241420745850e-02,2.625203728675842285e-01,-1.653644680976867676e+00,-6.125838160514831543e-01,-2.719982266426086426e-01,1.882894635200500488e+00,7.053725421428680420e-03,-1.795741766691207886e-01,-1.730425000190734863e+00,-9.872168302536010742e-01,-2.274151891469955444e-01,-1.959699034690856934e+00,-2.909837663173675537e-01,-1.329416275024414062e+00,2.150766365230083466e-02,-9.017397761344909668e-01,-9.983358979225158691e-01,6.115285754203796387e-01,1.721854805946350098e+00,8.377513885498046875e-01,2.387265205383300781e+00,-2.540346384048461914e+00,-7.183471918106079102e-01,-6.853495240211486816e-01,4.877143204212188721e-01,-1.542840600013732910e-01,-1.840381264686584473e+00,5.037467926740646362e-02,1.245524168014526367e+00,-6.048669666051864624e-02,1.025413751602172852e+00,2.669247090816497803e-01,-1.112595558166503906e+00,-3.864673525094985962e-02,9.886771440505981445e-01,3.279193341732025146e-01,-1.850354969501495361e-01,-5.417286157608032227e-01,6.475418210029602051e-01,1.960608839988708496e+00,5.004413127899169922e-01,-3.449618518352508545e-01,-9.147605895996093750e-01,2.661176443099975586e+00,-1.822936087846755981e-01,-4.914055764675140381e-01,-1.627651810646057129e+00,-8.031330108642578125e-01,-1.084001898765563965e+00,7.930813431739807129e-01,8.126441836357116699e-01,1.452960014343261719e+00,-3.308543860912322998e-01,2.083805948495864868e-01,-4.572590887546539307e-01,-1.925153851509094238e+00,9.035506844520568848e-01,-5.904324650764465332e-01,-1.306160807609558105e+00,-3.489826917648315430e-01,1.712889313697814941e+00,2.828028500080108643e-01,-7.834050059318542480e-01
-1.973637580871582031e+00,3.027874529361724854e-01,6.476885676383972168e-01,-1.912500381469726562e+00,-4.696338176727294922e-01,-5.222104787826538086e-01,1.850718975067138672e+00,-1.187210902571678162e-02,4.139819182455539703e-03,-1.836670637130737305e+00,-6.735073924064636230e-01,-3.283577263355255127e-01,-2.279025554656982422e+00,-5.655028223991394043e-01,-1.179219126701354980e+00,5.006357431411743164e-01,-7.584158778190612793e-01,-1.263329029083251953e+00,7.598226666450500488e-01,1.566735982894897461e+00,2.360449284315109253e-01,2.258385181427001953e+00,-2.503101348876953125e+00,-7.578365206718444824e-01,-7.921509742736816406e-01,5.860828161239624023e-01,-3.029196858406066895e-01,-1.268166303634643555e+00,-5.027081370353698730e-01,1.621840476989746094e+00,-2.336959242820739746e-01,1.072778820991516113e+00,-2.177916467189788818e-01,-1.198694109916687012e+00,2.983087599277496338e-01,8.182985782623291016e-01,-9.645231068134307861e-02,-1.458168327808380127e-01,-6.807510256767272949e-01,3.705578744411468506e-01,1.969338893890380859e+00,3.647379875183105469e-01,-7.031088322401046753e-02,-9.741473793983459473e-01,2.391866922378540039e+00,-1.037805154919624329e-01,-6.337844729423522949e-01,-1.813902854919433594e+00,-9.632163643836975098e-01,-9.179403185844421387e-01,8.703212141990661621e-01,1.031260371208190918e+00,1.334677100181579590e+00,-4.980554282665252686e-01,2.420787960290908813e-01,-5.642278194427490234e-01,-1.958755373954772949e+00,6.558749675750732422e-01,-8.532683849334716797e-01,-1.235643863677978516e+00,-4.534799139946699142e-03,1.580906748771667480e+00,-1.934078037738800049e-01,-6.652534604072570801e-01
-2.269946336746215820e+00,7.587499618530273438e-01,5.929213762283325195e-01,-1.806486845016479492e+00,-1.492274850606918335e-01,1.401717588305473328e-02,1.742238998413085938e+00,-1.737830042839050293e-01,-8.860681951045989990e-02,-1.399837136268615723e+00,-1.071396589279174805e+00,-2.429308891296386719e-01,-1.938753247261047363e+00,-7.492160797119140625e-01,-1.181561589241027832e+00,5.824398994445800781e-01,-9.891780614852905273e-01,-1.177370429039001465e+00,4.494219422340393066e-01,2.137193441390991211e+00,7.114912271499633789e-01,2.466877460479736328e+00,-2.436510086059570312e+00,-6.071202754974365234e-01,-6.529363989830017090e-01,3.817099332809448242e-01,-1.420715004205703735e-01,-1.365538001060485840e+00,-6.234454512596130371e-01,1.351801753044128418e+00,-1.465649604797363281e-01,8.340545892715454102e-01,2.421729564666748047e-01,-1.163203954696655273e+00,-3.564806655049324036e-02,5.278782248497009277e-01,2.685593366622924805e-01,-8.273469656705856323e-02,-1.100967049598693848e+00,4.766589999198913574e-01,1.826140999794006348e+00,2.271706759929656982e-01,-2.627399265766143799e-01,-1.196316361427307129e+00,2.332811117172241211e+00,1.137617081403732300e-01,-3.711555302143096924e-01,-1.468703866004943848e+00,-6.516881585121154785e-01,-5.630163550376892090e-01,8.819627761840820312e-01,9.529778361320495605e-01,1.335120916366577148e+00,-2.007084041833877563e-01,-2.276614755392074585e-01,-4.257225692272186279e-01,-2.010361194610595703e+00,9.274002313613891602e-01,-3.619206845760345459e-01,-9.654760360717773438e-01,-2.962719500064849854e-01,1.924640655517578125e+00,-1.118628494441509247e-02,-8.891074657440185547e-01
-2.006480216979980469e+00,-5.746378004550933838e-02,5.740328505635261536e-02,-2.227696418762207031e+00,-5.089865326881408691e-01,-3.783670365810394287e-01,1.427556991577148438e+00,-2.286313623189926147e-01,-2.912138998508453369e-01,-1.930262923240661621e+00,-5.601536631584167480e-01,-1.259768456220626831e-01,-1.864742994308471680e+00,-5.135867595672607422e-01,-1.241578459739685059e+00,3.641507029533386230e-01,-9.859960079193115234e-01,-1.461449146270751953e+00,4.390635490417480469e-01,1.344136953353881836e+00,5.787841081619262695e-01,2.243322610855102539e+00,-2.498485803604125977e+00,-5.587984919548034668e-01,-6.135465502738952637e-01,6.606481075286865234e-01,-3.010731935501098633e-02,-1.623288273811340332e+00,-3.281138539314270020e-01,1.380420446395874023e+00,3.200953900814056396e-01,9.800159335136413574e-01,-2.076706476509571075e-02,-1.278900027275085449e+00,-2.119065523147583008e-01,8.441205620765686035e-01,2.197492718696594238e-01,3.491364046931266785e-02,-3.974160552024841309e-01,6.022745370864868164e-01,1.890606403350830078e+00,1.594710946083068848e-01,-3.450895249843597412e-01,-9.782058000564575195e-01,2.482370853424072266e+00,-3.100705742835998535e-01,-6.019922494888305664e-01,-1.681198954582214355e+00,-9.220710992813110352e-01,-1.104455113410949707e+00,7.507107853889465332e-01,8.215998411178588867e-01,8.378985524177551270e-01,-3.467537164688110352e-01,1.374157965183258057e-01,-4.023874998092651367e-01,-1.396432638168334961e+00,9.008810520172119141e-01,-3.034553527832031250e-01,-1.429768681526184082e+00,-9.605841338634490967e-02,1.908597826957702637e+00,2.620267868041992188e-01,-5.832655429840087891e-01
-2.461051702499389648e+00,-1.374778896570205688e-01,5.059391260147094727e-01,-1.843519330024719238e+00,-7.439786791801452637e-01,-2.323497682809829712e-01,1.521634817123413086e+00,7.159213721752166748e-02,8.115503191947937012e-02,-1.370537638664245605e+00,-1.094452261924743652e+00,-7.882785797119140625e-02,-2.284398794174194336e+00,-5.520307421684265137e-01,-1.510733962059020996e+00,7.978887557983398438e-01,-1.489614248275756836e+00,-1.149933695793151855e+00,8.236447572708129883e-01,1.778298258781433105e+00,4.963282942771911621e-01,2.025272369384765625e+00,-2.079245567321777344e+00,-2.965863347053527832e-01,-6.383515596389770508e-01,6.087067127227783203e-01,-2.108613699674606323e-01,-1.763948678970336914e+00,-4.921983778476715088e-01,1.611304759979248047e+00,-4.616828262805938721e-02,1.230632543563842773e+00,-1.352085024118423462e-01,-1.168785214424133301e+00,1.679024398326873779e-01,7.243427634239196777e-01,-9.296549111604690552e-02,-2.778786420822143555e-01,-6.023425459861755371e-01,6.777957677841186523e-01,1.680114388465881348e+00,7.275626063346862793e-01,-2.264183312654495239e-01,-9.559255838394165039e-01,2.246803283691406250e+00,3.323633670806884766e-01,-1.025521039962768555e+00,-1.506687045097351074e+00,-7.628852128982543945e-01,-6.590329408645629883e-01,5.561239719390869141e-01,6.249584555625915527e-01,1.346271634101867676e+00,-3.499504923820495605e-01,1.503791958093643188e-01,-2.506804168224334717e-01,-1.712994933128356934e+00,1.433446168899536133e+00,-4.814018309116363525e-01,-1.400359392166137695e+00,2.536402940750122070e-01,1.951001524925231934e+00,1.478754822164773941e-02,-8.613947033882141113e-01
-2.090085268020629883e+00,1.619509458541870117e-01,5.148053169250488281e-01,-2.098644971847534180e+00,-8.222967386245727539e-01,-4.695545136928558350e-02,1.626698851585388184e+00,-2.836124002933502197e-01,4.944515526294708252e-01,-1.420792579650878906e+00,-8.694319128990173340e-01,-1.327662467956542969e-01,-2.081612348556518555e+00,-7.566692233085632324e-01,-1.313690543174743652e+00,6.327675580978393555e-01,-1.222943782806396484e+00,-1.293326854705810547e+00,1.738624423742294312e-01,1.631618380546569824e+00,3.582579493522644043e-01,2.185142040252685547e+00,-2.043501377105712891e+00,-5.270195007324218750e-01,-4.737079739570617676e-01,5.059111714363098145e-01,-4.811075329780578613e-01,-1.348400354385375977e+00,-2.418173104524612427e-01,1.179374694824218750e+00,-9.371340274810791016e-02,8.801708221435546875e-01,-4.957228004932403564e-01,-1.381093740463256836e+00,5.540158152580261230e-01,6.908310055732727051e-01,-1.501415371894836426e-01,1.100951991975307465e-02,-7.934246063232421875e-01,2.077502012252807617e-01,1.463025927543640137e+00,7.437313795089721680e-01,-1.623640507459640503e-01,-1.055720090866088867e+00,2.426958799362182617e+00,-1.390861161053180695e-02,-1.183913707733154297e+00,-1.485769629478454590e+00,-1.089487552642822266e+00,-7.428806424140930176e-01,9.252673387527465820e-01,6.891279816627502441e-01,1.570087671279907227e+00,-5.835731029510498047e-01,1.662702262401580811e-01,-8.421589136123657227e-01,-1.486889243125915527e+00,9.325223565101623535e-01,-6.049948334693908691e-01,-1.047731637954711914e+00,2.006437331438064575e-01,1.701118707656860352e+00,-5.439966917037963867e-02,-8.656347393989562988e-01
-1.962177515029907227e+00,-4.874119162559509277e-02,9.194401502609252930e-01,-1.607967376708984375e+00,-4.553717374801635742e-01,-1.550218164920806885e-01,1.886014342308044434e+00,3.856157660484313965e-01,3.919274508953094482e-01,-1.367738604545593262e+00,-9.518649578094482422e-01,-1.510608475655317307e-02,-2.145415544509887695e+00,-3.459483087062835693e-01,-1.467440962791442871e+00,3.506335616111755371e-01,-1.283227443695068359e+00,-1.275030255317687988e+00,8.858851790428161621e-01,1.579085469245910645e+00,5.976344943046569824e-01,2.212532043457031250e+00,-2.145681858062744141e+00,-4.904024600982666016e-01,-9.336971640586853027e-01,5.589273571968078613e-01,-3.917839229106903076e-01,-1.310227751731872559e+00,-2.309916764497756958e-01,1.408121466636657715e+00,-7.417980115860700607e-03,7.757026553153991699e-01,4.229223728179931641e-02,-1.312587618827819824e+00,2.275549024343490601e-01,5.768288969993591309e-01,-5.759084224700927734e-02,-6.107410416007041931e-02,-5.722857713699340820e-01,9.349753260612487793e-01,1.757433772087097168e+00,5.101918578147888184e-01,6.702813506126403809e-02,-1.259962439537048340e+00,2.764719724655151367e+00,-2.801436781883239746e-01,-9.913039803504943848e-01,-1.515023589134216309e+00,-8.374641537666320801e-01,-7.868514657020568848e-01,4.638639986515045166e-01,8.879882693290710449e-01,1.294072985649108887e+00,-7.531319856643676758e-01,1.244561448693275452e-01,-4.963882565498352051e-01,-1.953128814697265625e+00,1.140065789222717285e+00,-8.554214239120483398e-01,-1.499717831611633301e+00,-1.389488577842712402e-01,1.881304621696472168e+00,-3.764073550701141357e-01,-6.638113260269165039e-01
-1.920463562011718750e+00,2.105376869440078735e-01,3.678637742996215820e-01,-1.977193593978881836e+00,-7.048965096473693848e-01,-3.010750114917755127e-01,1.506596207618713379e+00,1.333791762590408325e-01,1.630560308694839478e-01,-1.022715330123901367e+00,-1.078376173973083496e+00,-1.102514099329710007e-03,-1.692996621131896973e+00,-7.868269681930541992e-01,-1.651901721954345703e+00,5.729115754365921021e-02,-1.063715457916259766e+00,-8.891688585281372070e-01,3.737641870975494385e-01,1.771316289901733398e+00,7.178479433059692383e-01,2.714045524597167969e+00,-2.039520502090454102e+00,-4.981331229209899902e-01,-7.837767601013183594e-01,6.529217958450317383e-01,7.041023671627044678e-02,-1.354423999786376953e+00,-3.840723335742950439e-01,1.290295124053955078e+00,1.935293152928352356e-02,1.108690023422241211e+00,-1.080727726221084595e-01,-1.802414655685424805e+00,3.346074819564819336e-01,9.366479516029357910e-01,-1.616965979337692261e-01,-2.299539595842361450e-01,-8.101425766944885254e-01,5.820048451423645020e-01,1.415972471237182617e+00,7.930809855461120605e-01,-4.171041548252105713e-01,-1.335529923439025879e+00,2.564068555831909180e+00,1.642158776521682739e-01,-5.880869626998901367e-01,-1.508723378181457520e+00,-4.880802631378173828e-01,-3.481825292110443115e-01,7.328896522521972656e-01,6.149263381958007812e-01,1.245263934135437012e+00,-3.427043557167053223e-01,-1.487895101308822632e-01,-4.455918669700622559e-01,-1.853635191917419434e+00,1.210775017738342285e+00,-7.245737910270690918e-01,-1.464975237846374512e+00,2.387164384126663208e-01,1.909486651420593262e+00,-2.066641151905059814e-01,-4.909003376960754395e-01
-1.852527976036071777e+00,3.777341172099113464e-02,7.609956860542297363e-01,-2.052954912185668945e+00,-4.833512306213378906e-01,-1.365658640861511230e-01,1.591987133026123047e+00,-1.044258847832679749e-01,-8.019635081291198730e-02,-1.656270623207092285e+00,-6.435613036155700684e-01,2.940645515918731689e-01,-2.076636791229248047e+00,-4.635386168956756592e-01,-1.327297568321228027e+00,8.150504827499389648e-01,-1.335190176963806152e+00,-1.646003484725952148e+00,2.139717340469360352e-01,2.133931636810302734e+00,7.947463989257812500e-01,2.006460905075073242e+00,-2.427468538284301758e+00,-6.484960913658142090e-01,-1.274910211563110352e+00,6.732484102249145508e-01,1.167093217372894287e-02,-1.617037653923034668e+00,-1.449881792068481445e-01,1.218647480010986328e+00,8.852919936180114746e-02,6.819647550582885742e-01,5.862272903323173523e-02,-1.312115669250488281e+00,1.381178200244903564e-01,6.598184108734130859e-01,3.671573102474212646e-01,-2.776178717613220215e-01,-5.153926610946655273e-01,2.965623140335083008e-01,1.627597570419311523e+00,4.739029705524444580e-01,-2.252491191029548645e-02,-1.263753056526184082e+00,2.437083244323730469e+00,-2.295495718717575073e-01,-7.473431229591369629e-01,-1.693666338920593262e+00,-6.777389049530029297e-01,-1.005993247032165527e+00,6.230159401893615723e-01,1.009059071540832520e+00,1.023014783859252930e+00,-3.099107444286346436e-01,-3.005561977624893188e-02,-4.734309613704681396e-01,-1.777365088462829590e+00,8.203218579292297363e-01,-7.026358842849731445e-01,-1.128201723098754883e+00,3.270711377263069153e-02,1.661597967147827148e+00,-2.707281708717346191e-01,-3.948706090450286865e-01
-2.117066144943237305e+00,-2.070286124944686890e-01,6.589784622192382812e-01,-1.914205551147460938e+00,-7.986586689949035645e-01,4.072228446602821350e-02,1.750656127929687500e+00,3.227644264698028564e-01,2.431731820106506348e-01,-1.741801023483276367e+00,-9.433717131614685059e-01,-1.499698013067245483e-01,-1.937434196472167969e+00,-4.986168742179870605e-01,-1.457310914993286133e+00,1.157258003950119019e-01,-9.978277683258056641e-01,-9.214668869972229004e-01,7.275099158287048340e-01,1.557333946228027344e+00,3.341472744941711426e-01,2.221964120864868164e+00,-2.521592378616333008e+00,-6.663783192634582520e-01,-8.957749605178833008e-01,8.151406049728393555e-01,-3.766120076179504395e-01,-1.438706636428833008e+00,-1.674708724021911621e-01,1.600064516067504883e+00,2.401560842990875244e-01,8.471685647964477539e-01,-1.016813442111015320e-01,-1.405055880546569824e+00,1.625207811594009399e-01,9.085760116577148438e-01,-8.163362741470336914e-02,3.570053726434707642e-02,-1.934403479099273682e-01,5.924978256225585938e-01,2.042217016220092773e+00,5.066430568695068359e-01,-4.260581433773040771e-01,-1.149519324302673340e+00,2.460479736328125000e+00,-2.657838463783264160e-01,-6.176516413688659668e-01,-1.707521557807922363e+00,-8.309558033943176270e-01,-8.551844358444213867e-01,9.381116032600402832e-01,8.377955555915832520e-01,1.054753065109252930e+00,-7.381157279014587402e-01,1.535849124193191528e-01,-6.285371184349060059e-01,-1.537112832069396973e+00,9.015849232673645020e-01,-8.159019351005554199e-01,-1.384814739227294922e+00,-1.121900901198387146e-01,1.614190578460693359e+00,3.022496104240417480e-01,-8.205122947692871094e-01
-2.204247951507568359e+00,-2.555484771728515625e-01,6.590673923492431641e-01,-1.794165134429931641e+00,-9.750730991363525391e-01,1.204822435975074768e-01,1.596829414367675781e+00,-1.597379893064498901e-02,2.258142828941345215e-01,-1.666096687316894531e+00,-4.332322776317596436e-01,-1.783054620027542114e-01,-2.185276031494140625e+00,-5.532070398330688477e-01,-1.125215291976928711e+00,8.932945728302001953e-01,-9.817067980766296387e-01,-1.135628104209899902e+00,8.717793822288513184e-01,1.552535653114318848e+00,5.426636934280395508e-01,2.313217639923095703e+00,-2.453579902648925781e+00,-8.353192806243896484e-01,-1.261322259902954102e+00,9.938287734985351562e-01,-4.237804189324378967e-02,-1.589219212532043457e+00,-3.039852678775787354e-01,1.408421397209167480e+00,3.406035006046295166e-01,9.511749744415283203e-01,-2.567025721073150635e-01,-1.194151878356933594e+00,8.660826086997985840e-02,1.094795942306518555e+00,2.549506425857543945e-01,-7.000623643398284912e-02,-8.732768893241882324e-01,5.999907851219177246e-01,1.903002619743347168e+00,-1.134219691157341003e-01,-7.436142861843109131e-02,-1.106834053993225098e+00,2.122767686843872070e+00,-4.006437063217163086e-01,-5.622680187225341797e-01,-1.750066876411437988e+00,-9.739363789558410645e-01,-6.529669165611267090e-01,8.131420612335205078e-01,8.469918966293334961e-01,1.132290720939636230e+00,-3.733789026737213135e-01,5.557714700698852539e-01,-5.438174009323120117e-01,-1.536375880241394043e+00,1.004779219627380371e+00,-6.707609891891479492e-01,-1.348119020462036133e+00,-1.931041926145553589e-01,1.945649862289428711e+00,1.040146499872207642e-01,-7.608038187026977539e-01
-2.433231353759765625e+00,2.447212785482406616e-01,5.692427158355712891e-01,-2.182043313980102539e+00,-5.880214571952819824e-01,-1.823795437812805176e-01,1.836530089378356934e+00,-1.197318285703659058e-01,2.178874313831329346e-01,-1.601187348365783691e+00,-6.463378667831420898e-01,1.262758672237396240e-01,-2.162653923034667969e+00,-8.113257884979248047e-01,-1.056092500686645508e+00,1.453927308320999146e-01,-1.199339389801025391e+00,-1.585100412368774414e+00,5.660282373428344727e-01,1.840178966522216797e+00,5.438797473907470703e-01,2.641662597656250000e+00,-2.703312397003173828e+00,-7.009078860282897949e-01,-1.126566767692565918e+00,4.656053483486175537e-01,-4.843084812164306641e-01,-8.574211597442626953e-01,-4.904091060161590576e-01,1.446049571037292480e+00,-2.188283577561378479e-02,7.722974419593811035e-01,1.820417121052742004e-02,-1.203963041305541992e+00,-1.523058712482452393e-01,5.627761483192443848e-01,-2.419761195778846741e-02,1.936382651329040527e-01,-5.029556155204772949e-01,2.275312691926956177e-01,1.807933568954467773e+00,3.194946050643920898e-01,-1.445929557085037231e-01,-1.261924982070922852e+00,2.450788021087646484e+00,-8.751557767391204834e-02,-4.210832417011260986e-01,-1.970826625823974609e+00,-8.965371847152709961e-01,-6.556944847106933594e-01,8.097191452980041504e-01,7.641040086746215820e-01,9.855683445930480957e-01,-4.133578538894653320e-01,6.267330795526504517e-02,2.616240829229354858e-02,-2.029640674591064453e+00,6.434398889541625977e-01,-4.364821314811706543e-01,-7.547962069511413574e-01,2.762195765972137451e-01,1.518007397651672363e+00,9.081777185201644897e-02,-7.058070302009582520e-01
-1.630254507064819336e+00,-2.029452323913574219e-01,6.676402688026428223e-01,-1.786431789398193359e+00,-5.260736346244812012e-01,-2.414615899324417114e-01,1.512942671775817871e+00,-1.022266298532485962e-01,1.350196450948715210e-01,-1.659552216529846191e+00,-9.352310299873352051e-01,-1.890031248331069946e-01,-2.352844953536987305e+00,-4.593394994735717773e-01,-1.267204642295837402e+00,5.951577425003051758e-01,-1.237221598625183105e+00,-1.116787791252136230e+00,4.772314131259918213e-01,1.633848190307617188e+00,6.901857852935791016e-01,2.038065671920776367e+00,-2.371539831161499023e+00,-4.609685838222503662e-01,-9.042912721633911133e-01,4.501484334468841553e-01,-8.389192819595336914e-02,-1.268230795860290527e+00,-5.695225596427917480e-01,1.204558610916137695e+00,1.611879616975784302e-01,6.124637722969055176e-01,1.837140321731567383e-01,-1.510134935379028320e+00,5.270351767539978027e-01,5.522212982177734375e-01,1.230349466204643250e-01,8.556086570024490356e-03,-7.293114066123962402e-01,2.432243078947067261e-01,1.679140210151672363e+00,4.538798034191131592e-01,-8.246598765254020691e-03,-9.301933646202087402e-01,2.396636724472045898e+00,-2.342356555163860321e-02,-6.430948376655578613e-01,-1.652736186981201172e+00,-8.279727101325988770e-01,-8.911668658256530762e-01,8.130443096160888672e-01,1.271010994911193848e+00,1.192774653434753418e+00,-3.445326685905456543e-01,-1.650713849812746048e-03,-4.828161001205444336e-01,-2.079334735870361328e+00,1.102113246917724609e+00,-8.020607233047485352e-01,-1.426549315452575684e+00,-1.549352556467056274e-01,1.733233332633972168e+00,-3.381922543048858643e-01,-6.108449101448059082e-01
-1.948456168174743652e+00,9.567352384328842163e-02,4.898215532302856445e-01,-1.750515460968017578e+00,-7.332426905632019043e-01,-1.330780386924743652e-01,2.221466779708862305e+00,-3.386757373809814453e-01,2.457819133996963501e-01,-1.729188442230224609e+00,-8.062325119972229004e-01,-8.356881141662597656e-02,-1.748210787773132324e+00,-9.271824955940246582e-01,-1.266254186630249023e+00,9.710847139358520508e-01,-8.183710575103759766e-01,-1.317625284194946289e+00,4.727531373500823975e-01,1.625567436218261719e+00,4.433892667293548584e-01,2.463823318481445312e+00,-1.884731531143188477e+00,-5.219233036041259766e-01,-1.148144245147705078e+00,8.276791572570800781e-01,-3.551618456840515137e-01,-1.506780266761779785e+00,-3.231927752494812012e-01,1.543534517288208008e+00,1.723534986376762390e-02,1.120288133621215820e+00,8.886150270700454712e-02,-1.481582999229431152e+00,7.668196558952331543e-01,5.736237168312072754e-01,1.785473674535751343e-01,1.388717591762542725e-01,-6.997838616371154785e-01,3.926376700401306152e-01,2.169277906417846680e+00,2.536729872226715088e-01,-4.815037250518798828e-01,-1.050962805747985840e+00,2.414899349212646484e+00,-2.225010693073272705e-01,-5.560661554336547852e-01,-1.676493048667907715e+00,-9.387259483337402344e-01,-8.258128762245178223e-01,9.944862723350524902e-01,7.565351724624633789e-01,1.192763090133666992e+00,-3.095366656780242920e-01,2.328699380159378052e-01,-5.181267857551574707e-01,-2.123156309127807617e+00,1.267381429672241211e+00,-7.157199978828430176e-01,-1.033047199249267578e+00,-1.858648657798767090e-01,1.533692479133605957e+00,-7.531339675188064575e-02,-9.241629242897033691e-01
-2.360710620880126953e+00,1.985957026481628418e-01,7.547506690025329590e-01,-1.896825671195983887e+00,-2.902801930904388428e-01,-2.740211486816406250e-01,2.059719085693359375e+00,-2.223471999168395996e-01,-1.444016098976135254e-01,-1.301939487457275391e+00,-1.114743709564208984e+00,-2.644962370395660400e-01,-2.060252666473388672e+00,-6.262373328208923340e-01,-1.241458415985107422e+00,6.144704222679138184e-01,-7.673706412315368652e-01,-1.447484374046325684e+00,3.907072842121124268e-01,1.773491024971008301e+00,6.610072255134582520e-01,2.601826190948486328e+00,-2.258638381958007812e+00,-5.501353144645690918e-01,-6.611806154251098633e-01,8.320752382278442383e-01,-1.756022274494171143e-01,-1.536826133728027344e+00,-9.123501181602478027e-02,1.542770147323608398e+00,-4.331079497933387756e-02,9.230172634124755859e-01,6.006597355008125305e-02,-1.590828418731689453e+00,2.155932039022445679e-01,2.343460917472839355e-02,2.206393629312515259e-01,-1.614017039537429810e-02,-9.029357433319091797e-01,4.538711905479431152e-01,1.360239863395690918e+00,7.964850962162017822e-02,-2.789587676525115967e-01,-1.234516501426696777e+00,2.361537456512451172e+00,-3.514741659164428711e-01,-1.086575150489807129e+00,-1.529456973075866699e+00,-7.801974415779113770e-01,-9.094170331954956055e-01,3.681121468544006348e-01,7.528446912765502930e-01,1.253666520118713379e+00,-6.870425939559936523e-01,-6.488189101219177246e-02,-5.669085383415222168e-01,-1.955204248428344727e+00,9.103373289108276367e-01,-9.369161128997802734e-01,-1.110376119613647461e+00,-2.126466780900955200e-01,1.760672688484191895e+00,-4.138968884944915771e-01,-7.983971238136291504e-01
-2.531100273132324219e+00,2.727860212326049805e-01,7.293424606323242188e-01,-1.674086451530456543e+00,-7.029927968978881836e-01,1.760435849428176880e-01,1.521112203598022461e+00,-2.638313472270965576e-01,-4.140135273337364197e-02,-1.530075788497924805e+00,-6.391512155532836914e-01,1.274797171354293823e-01,-2.467846155166625977e+00,-5.222416520118713379e-01,-1.202090740203857422e+00,8.454877138137817383e-01,-1.115038871765136719e+00,-1.198052167892456055e+00,3.481593430042266846e-01,2.215681552886962891e+00,7.943704724311828613e-01,2.246588230133056641e+00,-1.810097575187683105e+00,-4.494004845619201660e-01,-9.115484952926635742e-01,7.042696475982666016e-01,1.088462769985198975e-02,-1.523427009582519531e+00,-4.537277817726135254e-01,1.232135772705078125e+00,4.444447159767150879e-02,1.201206088066101074e+00,1.829995214939117432e-01,-1.259419202804565430e+00,2.441654056310653687e-01,7.238413095474243164e-01,2.235662490129470825e-01,-1.073418408632278442e-01,-9.598585367202758789e-01,6.033068895339965820e-01,1.799172043800354004e+00,6.688132286071777344e-01,-4.973430037498474121e-01,-1.335643887519836426e+00,2.403843164443969727e+00,8.384195715188980103e-02,-5.609055757522583008e-01,-1.441496491432189941e+00,-7.619427442550659180e-01,-7.101542353630065918e-01,6.294298171997070312e-01,8.531619310379028320e-01,1.350338816642761230e+00,-2.621834576129913330e-01,3.712876439094543457e-01,-1.525655984878540039e-01,-1.737249255180358887e+00,1.046118021011352539e+00,-4.830612242221832275e-01,-1.283613681793212891e+00,-4.261004328727722168e-01,1.900345444679260254e+00,-1.364977210760116577e-01,-3.534266054630279541e-01
-2.244731426239013672e+00,1.340068578720092773e-01,5.560445189476013184e-01,-1.484544157981872559e+00,-7.122361063957214355e-01,-2.806489169597625732e-01,1.872658967971801758e+00,-1.523701548576354980e-01,-3.496743366122245789e-02,-1.770477414131164551e+00,-1.012254834175109863e+00,-8.275637030601501465e-02,-2.046965837478637695e+00,-6.306725144386291504e-01,-1.268360018730163574e+00,3.010820150375366211e-01,-1.121780037879943848e+00,-1.322988152503967285e+00,5.109921097755432129e-01,1.771845698356628418e+00,4.989731311798095703e-01,2.409925937652587891e+00,-2.522607088088989258e+00,-7.560411095619201660e-01,-7.790215015411376953e-01,5.682467818260192871e-01,-2.373254597187042236e-01,-1.354414343833923340e+00,-2.581510543823242188e-01,1.264244675636291504e+00,1.018032282590866089e-01,8.636699914932250977e-01,5.540247634053230286e-02,-1.461820840835571289e+00,1.762702763080596924e-01,5.364859700202941895e-01,2.905338108539581299e-01,2.037797123193740845e-03,-7.458916306495666504e-01,5.900881290435791016e-01,1.564670920372009277e+00,4.297109544277191162e-01,-3.281054794788360596e-01,-1.235041856765747070e+00,2.456988573074340820e+00,-2.574500441551208496e-01,-9.539350271224975586e-01,-1.669396758079528809e+00,-6.742825508117675781e-01,-1.475642561912536621e+00,6.930696368217468262e-01,7.957097291946411133e-01,1.063530921936035156e+00,-4.051391482353210449e-01,8.797492086887359619e-02,-5.775343179702758789e-01,-1.921906352043151855e+00,8.971495628356933594e-01,-9.142127037048339844e-01,-9.250844717025756836e-01,-1.159135401248931885e-01,1.504716038703918457e+00,-1.174519211053848267e-01,-5.828363299369812012e-01
-2.339907169342041016e+00,-1.167009696364402771e-01,6.156578063964843750e-01,-1.680204510688781738e+00,-8.086706399917602539e-01,-2.408325523138046265e-01,1.549993515014648438e+00,-2.218879163265228271e-01,-1.857626289129257202e-01,-1.823571920394897461e+00,-9.685915112495422363e-01,-6.686376780271530151e-02,-1.702688217163085938e+00,-5.695940256118774414e-01,-1.419841766357421875e+00,7.019996047019958496e-01,-1.292685985565185547e+00,-1.006676197052001953e+00,6.119369864463806152e-01,2.284461975097656250e+00,7.813903689384460449e-01,2.198634147644042969e+00,-1.996343374252319336e+00,-6.855061054229736328e-01,-8.593436479568481445e-01,4.460116326808929443e-01,-4.627608880400657654e-02,-1.496073484420776367e+00,-1.390583813190460205e-01,1.057082891464233398e+00,3.185621500015258789e-01,1.063939571380615234e+00,1.068605557084083557e-01,-1.148617506027221680e+00,5.148844718933105469e-01,8.677972555160522461e-01,5.733961462974548340e-01,-1.379180699586868286e-01,-6.251682043075561523e-01,6.332412362098693848e-01,1.854696273803710938e+00,2.605658471584320068e-01,-2.616555988788604736e-01,-1.053998589515686035e+00,2.303221225738525391e+00,6.841098517179489136e-02,-8.098253607749938965e-01,-1.638424873352050781e+00,-2.694552242755889893e-01,-9.389923214912414551e-01,7.526707649230957031e-01,4.608834087848663330e-01,1.435845732688903809e+00,-2.851182818412780762e-01,1.843744814395904541e-01,-8.986858129501342773e-01,-2.059026479721069336e+00,9.272742271423339844e-01,-5.920011997222900391e-01,-7.338888645172119141e-01,8.448896557092666626e-02,1.547646284103393555e+00,7.760968804359436035e-02,-6.968290209770202637e-01
-2.223545551300048828e+00,-1.673266291618347168e-02,3.502618372440338135e-01,-2.078711032867431641e+00,-8.775305151939392090e-01,-2.495083510875701904e-01,1.972286820411682129e+00,-3.740141168236732483e-02,1.697420179843902588e-01,-1.565334558486938477e+00,-1.131946802139282227e+00,-7.353173196315765381e-02,-2.152417898178100586e+00,-6.569403409957885742e-01,-1.304083228111267090e+00,5.953094363212585449e-01,-1.145480871200561523e+00,-1.144507765769958496e+00,5.481941699981689453e-01,1.482467532157897949e+00,3.881569504737854004e-01,2.399738788604736328e+00,-2.293417453765869141e+00,-5.156882405281066895e-01,-6.924738883972167969e-01,6.449914574623107910e-01,-4.426248073577880859e-01,-1.491247415542602539e+00,-5.017330646514892578e-01,1.445544123649597168e+00,1.182923093438148499e-01,9.821723103523254395e-01,-4.534620791673660278e-03,-1.444304347038269043e+00,4.337548911571502686e-01,6.471610665321350098e-01,3.300011157989501953e-04,4.511149600148200989e-02,-5.274437665939331055e-01,5.301083326339721680e-01,2.021252155303955078e+00,9.635291099548339844e-01,-2.359925061464309692e-01,-9.356914758682250977e-01,2.484732627868652344e+00,1.289414018392562866e-01,-8.775191903114318848e-01,-1.641034126281738281e+00,-1.101092815399169922e+00,-7.967665195465087891e-01,8.466651439666748047e-01,8.222377300262451172e-01,1.401411771774291992e+00,-5.531080365180969238e-01,6.538867205381393433e-02,-3.180637955665588379e-01,-1.868966698646545410e+00,9.616579413414001465e-01,-6.116403341293334961e-01,-1.300817966461181641e+00,-2.492332756519317627e-01,1.490627169609069824e+00,1.212110370397567749e-02,-7.599279284477233887e-01
-2.030634403228759766e+00,2.332200109958648682e-01,3.332937359809875488e-01,-1.839001655578613281e+00,-5.428593158721923828e-01,-7.738723605871200562e-02,1.495404839515686035e+00,2.456737160682678223e-01,-1.151134297251701355e-01,-1.527902960777282715e+00,-8.028677701950073242e-01,-3.190217018127441406e-01,-2.183288097381591797e+00,-2.292812019586563110e-01,-1.323852181434631348e+00,-2.342456020414829254e-02,-1.081124663352966309e+00,-9.774211049079895020e-01,8.311958909034729004e-01,1.896480441093444824e+00,7.250517010688781738e-01,2.290211915969848633e+00,-2.368131875991821289e+00,-3.723294138908386230e-01,-5.197323560714721680e-01,3.307512402534484863e-01,-3.219095170497894287e-01,-1.359297037124633789e+00,-3.867414295673370361e-01,1.458095550537109375e+00,-1.675744801759719849e-01,9.887611865997314453e-01,2.126315981149673462e-01,-1.178119421005249023e+00,-1.275197416543960571e-01,9.658396840095520020e-01,6.787848472595214844e-02,-1.502642631530761719e-01,-6.755706667900085449e-01,5.548601150512695312e-01,1.927908539772033691e+00,5.529487133026123047e-01,-7.482650876045227051e-02,-1.004116892814636230e+00,2.349264383316040039e+00,-1.373360008001327515e-01,-4.840132892131805420e-01,-1.681668996810913086e+00,-6.165485978126525879e-01,-6.788948774337768555e-01,9.156132936477661133e-01,1.088821649551391602e+00,1.075127959251403809e+00,-5.274771451950073242e-01,4.653279855847358704e-02,-6.935064792633056641e-01,-1.751298785209655762e+00,1.043051004409790039e+00,-3.226187825202941895e-01,-1.492803931236267090e+00,-1.103799715638160706e-01,1.793991088867187500e+00,1.087457127869129181e-02,-8.902663588523864746e-01
-2.221081256866455078e+00,2.649115622043609619e-01,3.914182782173156738e-01,-1.815465927124023438e+00,-2.711347639560699463e-01,-9.167300164699554443e-02,1.699230432510375977e+00,1.598047018051147461e-01,-1.690830439329147339e-01,-1.779356718063354492e+00,-7.319852113723754883e-01,-1.379017680883407593e-01,-2.539303541183471680e+00,-3.460983932018280029e-01,-9.119280576705932617e-01,7.099947333335876465e-01,-8.437525629997253418e-01,-1.508114576339721680e+00,3.729462623596191406e-01,1.800166845321655273e+00,3.087590634822845459e-01,2.172954320907592773e+00,-2.658755064010620117e+00,-5.819622278213500977e-01,-6.792168021202087402e-01,8.230845332145690918e-01,-1.234109252691268921e-01,-1.637989163398742676e+00,-3.129628300666809082e-01,1.674839854240417480e+00,1.163548007607460022e-01,1.179540157318115234e+00,5.690733194351196289e-01,-1.088888645172119141e+00,1.426966041326522827e-01,5.309365391731262207e-01,8.767767250537872314e-02,-9.394481033086776733e-02,-5.294794440269470215e-01,2.771657109260559082e-01,1.793759107589721680e+00,5.091456174850463867e-01,-2.604161798954010010e-01,-8.774597644805908203e-01,2.607485771179199219e+00,1.632787287235260010e-01,-4.382641911506652832e-01,-1.536236643791198730e+00,-9.274818897247314453e-01,-9.840272665023803711e-01,3.744400143623352051e-01,9.891000986099243164e-01,1.192036151885986328e+00,-2.354070544242858887e-01,3.134138584136962891e-01,-2.720501124858856201e-01,-1.661832451820373535e+00,7.126836776733398438e-01,-4.890626966953277588e-01,-1.537087798118591309e+00,1.144636794924736023e-01,1.748145222663879395e+00,-6.066458672285079956e-02,-7.557294964790344238e-01
-2.271319866180419922e+00,6.668663769960403442e-02,7.017358541488647461e-01,-1.795838356018066406e+00,-8.788700699806213379e-01,-1.524412035942077637e-01,1.639910578727722168e+00,-6.178500130772590637e-02,-1.368445996195077896e-02,-1.399891853332519531e+00,-9.509115815162658691e-01,-1.708017587661743164e-01,-2.040130853652954102e+00,-6.693726181983947754e-01,-1.279484152793884277e+00,6.731080412864685059e-01,-1.174196600914001465e+00,-1.066910505294799805e+00,4.302899241447448730e-01,1.880015492439270020e+00,3.675399422645568848e-01,2.325484275817871094e+00,-2.314120531082153320e+00,-8.023164868354797363e-01,-1.154729604721069336e+00,9.129433631896972656e-01,-1.522361934185028076e-01,-1.627202153205871582e+00,-2.441534101963043213e-01,1.332118988037109375e+00,-9.435304254293441772e-02,1.238398075103759766e+00,-3.416117727756500244e-01,-1.168970704078674316e+00,-3.863323852419853210e-02,8.546858429908752441e-01,4.971271846443414688e-03,-2.210182100534439087e-01,-5.566407442092895508e-01,6.346380114555358887e-01,1.948458790779113770e+00,3.524988889694213867e-01,-1.883005946874618530e-01,-9.963409304618835449e-01,2.488948822021484375e+00,-2.295120656490325928e-01,-6.391735076904296875e-01,-1.921395063400268555e+00,-8.851575851440429688e-01,-1.082322835922241211e+00,7.841674089431762695e-01,7.694292664527893066e-01,1.017261624336242676e+00,-3.864010870456695557e-01,4.171240925788879395e-01,-2.015827894210815430e-01,-1.589210867881774902e+00,7.889965176582336426e-01,-5.823339819908142090e-01,-1.296221852302551270e+00,-1.328626275062561035e-01,1.446417450904846191e+00,-2.156303226947784424e-01,-5.428245663642883301e-01
-2.113973379135131836e+00,8.038136363029479980e-02,7.532965540885925293e-01,-1.560345768928527832e+00,-6.267710924148559570e-01,-1.405929476022720337e-01,1.694604754447937012e+00,-6.708061695098876953e-02,-1.290820632129907608e-02,-1.401620864868164062e+00,-8.072987794876098633e-01,-9.883827716112136841e-02,-2.614480972290039062e+00,-2.977913320064544678e-01,-1.174955368041992188e+00,6.926761865615844727e-01,-1.224067330360412598e+00,-1.164417982101440430e+00,4.557150602340698242e-01,1.568822622299194336e+00,4.701312482357025146e-01,2.265344381332397461e+00,-2.338085651397705078e+00,-4.955427050590515137e-01,-8.610690236091613770e-01,9.428007006645202637e-01,-1.725952923297882080e-01,-1.410439848899841309e+00,-2.537345886230468750e-01,1.647156834602355957e+00,-5.268418788909912109e-02,1.186670780181884766e+00,2.074397504329681396e-01,-1.246900558471679688e+00,1.626457870006561279e-01,4.462541639804840088e-01,-1.342816185206174850e-02,5.406941100955009460e-02,-6.414647102355957031e-01,5.978273153305053711e-01,2.203273296356201172e+00,2.583650499582290649e-02,1.649490743875503540e-01,-9.287662506103515625e-01,2.756331920623779297e+00,-1.274883300065994263e-01,-2.895879745483398438e-01,-1.806544423103332520e+00,-9.310558438301086426e-01,-7.301056385040283203e-01,8.052262663841247559e-01,9.341105222702026367e-01,1.194398641586303711e+00,-4.848161935806274414e-01,8.045884966850280762e-01,-2.673099935054779053e-01,-1.664248228073120117e+00,9.935199618339538574e-01,-3.312927186489105225e-01,-1.405506491661071777e+00,-3.495159745216369629e-01,1.698146700859069824e+00,-1.757563948631286621e-01,-7.014303803443908691e-01
-1.972700595855712891e+00,1.980962231755256653e-02,1.814274936914443970e-01,-1.925447940826416016e+00,-4.530311226844787598e-01,-2.735413312911987305e-01,1.844095706939697266e+00,-2.545025944709777832e-02,-1.205843836069107056e-01,-1.277455925941467285e+00,-1.001740455627441406e+00,3.255766630172729492e-02,-1.943355798721313477e+00,-5.355378389358520508e-01,-1.176765918731689453e+00,3.815333247184753418e-01,-1.101031303405761719e+00,-1.027039408683776855e+00,6.798341870307922363e-01,1.738607645034790039e+00,8.181119561195373535e-01,2.268964052200317383e+00,-2.431025028228759766e+00,-2.926439344882965088e-01,-7.267941236495971680e-01,7.312232851982116699e-01,6.056668609380722046e-02,-1.367629528045654297e+00,-2.673492729663848877e-01,1.467847466468811035e+00,-1.830753237009048462e-01,1.392249822616577148e+00,3.269509673118591309e-01,-1.758450508117675781e+00,4.613191187381744385e-01,7.500285506248474121e-01,-7.590294629335403442e-02,-1.398751698434352875e-02,-8.177453875541687012e-01,2.991218268871307373e-01,1.554880023002624512e+00,7.683753967285156250e-01,-3.425341844558715820e-01,-9.122169017791748047e-01,2.054970264434814453e+00,-1.291024833917617798e-01,-8.522831797599792480e-01,-1.322463870048522949e+00,-5.645708441734313965e-01,-6.074988245964050293e-01,1.142460227012634277e+00,8.301635384559631348e-01,1.457609891891479492e+00,-4.409107863903045654e-01,1.582447737455368042e-01,-5.966569781303405762e-01,-1.856702566146850586e+00,1.058299303054809570e+00,-6.893739104270935059e-01,-1.726639032363891602e+00,-1.160896047949790955e-01,1.543304562568664551e+00,-1.879063434898853302e-02,-6.126202940940856934e-01
-1.570307970046997070e+00,7.031401246786117554e-02,6.725564599037170410e-01,-1.823471188545227051e+00,-8.938041329383850098e-01,1.204436942934989929e-01,1.745051026344299316e+00,4.833620786666870117e-01,1.713651567697525024e-01,-1.513288021087646484e+00,-9.772127270698547363e-01,-2.825544402003288269e-02,-1.847642064094543457e+00,-3.063951730728149414e-01,-1.439521551132202148e+00,4.902137815952301025e-02,-9.990667104721069336e-01,-1.138958573341369629e+00,3.937476575374603271e-01,1.346166729927062988e+00,8.548466563224792480e-01,2.109583616256713867e+00,-2.121951103210449219e+00,-4.343324303627014160e-01,-6.977626085281372070e-01,5.365240573883056641e-01,-2.643594741821289062e-01,-1.552871346473693848e+00,-3.350580334663391113e-01,1.382194280624389648e+00,2.122015804052352905e-01,7.786731719970703125e-01,-4.191932380199432373e-01,-1.674582958221435547e+00,-7.640178501605987549e-02,7.139267325401306152e-01,-8.465415798127651215e-03,1.424584090709686279e-01,-7.626628279685974121e-01,4.800966084003448486e-01,1.784069895744323730e+00,-1.817580908536911011e-01,-4.658811092376708984e-01,-1.304289698600769043e+00,2.295826673507690430e+00,-2.142543531954288483e-02,-3.119962215423583984e-01,-1.726707100868225098e+00,-7.592456340789794922e-01,-6.853827834129333496e-01,9.105810523033142090e-01,1.008343100547790527e+00,7.884549498558044434e-01,-7.783867716789245605e-01,1.768430881202220917e-02,-6.840363740921020508e-01,-1.578944683074951172e+00,7.983601093292236328e-01,-5.702548027038574219e-01,-1.120974898338317871e+00,-1.652060598134994507e-01,1.403338432312011719e+00,9.911103546619415283e-02,-4.854322671890258789e-01
-1.877833366394042969e+00,1.567882299423217773e-01,6.116738915443420410e-01,-1.877826094627380371e+00,-6.649377346038818359e-01,-1.462684869766235352e-01,1.778229951858520508e+00,1.121704578399658203e-01,-1.377487480640411377e-01,-1.674993991851806641e+00,-7.967864871025085449e-01,-1.803941577672958374e-01,-2.046807527542114258e+00,-6.997439265251159668e-01,-1.504457235336303711e+00,5.469043254852294922e-01,-1.226762413978576660e+00,-1.380975961685180664e+00,5.887849330902099609e-01,1.843936085700988770e+00,4.930458366870880127e-01,1.973198413848876953e+00,-2.271054267883300781e+00,-2.961808443069458008e-01,-3.234427571296691895e-01,2.004241496324539185e-01,1.365940831601619720e-02,-1.418489694595336914e+00,-6.272982805967330933e-02,1.332322597503662109e+00,3.654349446296691895e-01,7.252347469329833984e-01,-1.264404654502868652e-01,-1.283755064010620117e+00,3.152848482131958008e-01,5.674250721931457520e-01,3.668250143527984619e-01,-4.996902495622634888e-02,-6.965407729148864746e-01,4.754578173160552979e-01,1.476826190948486328e+00,3.827451765537261963e-01,-3.868420720100402832e-01,-1.235026836395263672e+00,2.487923860549926758e+00,-6.725564599037170410e-04,-1.036957979202270508e+00,-1.147619605064392090e+00,-3.811453282833099365e-01,-8.813655972480773926e-01,6.433397531509399414e-01,8.721454143524169922e-01,1.307824969291687012e+00,-6.401259899139404297e-01,-8.016826957464218140e-02,-9.766637086868286133e-01,-1.575548529624938965e+00,1.050749778747558594e+00,-6.609966754913330078e-01,-1.247416853904724121e+00,-3.014661967754364014e-01,1.920874834060668945e+00,-8.064614236354827881e-02,-7.814701795578002930e-01
-1.960847735404968262e+00,1.395502872765064240e-02,3.099652528762817383e-01,-1.508104324340820312e+00,-7.718145847320556641e-01,-2.255479395389556885e-01,1.650191664695739746e+00,2.792335152626037598e-01,2.875941991806030273e-01,-1.127399325370788574e+00,-8.855463266372680664e-01,-1.797249913215637207e-01,-2.288165092468261719e+00,-1.589852869510650635e-01,-1.236832141876220703e+00,4.446288943290710449e-01,-6.071988344192504883e-01,-8.525140285491943359e-01,5.745563507080078125e-01,1.659340977668762207e+00,5.293322205543518066e-01,2.123254537582397461e+00,-1.923956394195556641e+00,-2.390377074480056763e-01,-5.886217951774597168e-01,6.018477678298950195e-01,-1.468204893171787262e-03,-1.682851195335388184e+00,-6.364918351173400879e-01,1.322681427001953125e+00,-8.523421734571456909e-02,1.016942977905273438e+00,-2.541022934019565582e-02,-1.579654335975646973e+00,4.036340415477752686e-01,8.637391924858093262e-01,8.850686997175216675e-02,-1.142601519823074341e-01,-7.094036340713500977e-01,5.421183705329895020e-01,1.799973726272583008e+00,5.437870025634765625e-01,-3.870253562927246094e-01,-8.630830645561218262e-01,2.430172920227050781e+00,2.640433907508850098e-01,-9.754846096038818359e-01,-1.569218754768371582e+00,-7.778314352035522461e-01,-3.804459571838378906e-01,9.186007380485534668e-01,9.960207343101501465e-01,1.496298313140869141e+00,-9.521370530128479004e-01,1.549067348241806030e-01,-5.276914834976196289e-01,-1.863846421241760254e+00,1.641671776771545410e+00,-6.688449382781982422e-01,-1.378111004829406738e+00,-1.742481589317321777e-01,1.689683794975280762e+00,-3.745751976966857910e-01,-8.601113557815551758e-01
-2.116101980209350586e+00,5.372183918952941895e-01,1.089592814445495605e+00,-1.762252926826477051e+00,-4.100216925144195557e-01,-3.025600016117095947e-01,1.830593466758728027e+00,8.341306820511817932e-03,-5.002784729003906250e-02,-1.681971669197082520e+00,-9.061246514320373535e-01,-1.159241199493408203e-01,-2.291533470153808594e+00,-5.981755256652832031e-01,-1.329782724380493164e+00,4.781944453716278076e-01,-9.423740506172180176e-01,-1.219213724136352539e+00,8.735632896423339844e-01,2.130289793014526367e+00,8.964124321937561035e-01,2.040169715881347656e+00,-2.235958576202392578e+00,-3.884015679359436035e-01,-9.820031523704528809e-01,6.086246967315673828e-01,4.862597957253456116e-02,-1.431263804435729980e+00,-3.665739297866821289e-01,1.752772331237792969e+00,-1.865810751914978027e-01,1.128317594528198242e+00,-3.838817775249481201e-02,-1.319950580596923828e+00,8.015684783458709717e-02,7.397263050079345703e-01,2.294805943965911865e-01,-6.073585748672485352e-01,-5.973525643348693848e-01,3.167859017848968506e-01,1.496239542961120605e+00,1.373695433139801025e-01,1.834083721041679382e-02,-9.680828452110290527e-01,2.461939334869384766e+00,-2.328794598579406738e-01,-6.840577721595764160e-01,-1.568153142929077148e+00,-7.027741074562072754e-01,-7.163506150245666504e-01,7.611855864524841309e-01,7.383554577827453613e-01,1.306021213531494141e+00,-5.474908351898193359e-01,2.279480993747711182e-01,-4.966586530208587646e-01,-2.052924394607543945e+00,1.234352231025695801e+00,-7.383289337158203125e-01,-1.018653392791748047e+00,2.890423834323883057e-01,1.612194418907165527e+00,-2.082152217626571655e-01,-9.670546650886535645e-01
-2.145576715469360352e+00,2.209377288818359375e-01,4.228551089763641357e-01,-1.741362094879150391e+00,-4.783134460449218750e-01,-8.726071566343307495e-02,1.660840988159179688e+00,-8.680774271488189697e-02,-1.763553768396377563e-01,-1.640616536140441895e+00,-1.069665431976318359e+00,-9.041883051395416260e-03,-2.220229864120483398e+00,-1.265655308961868286e-01,-1.034055352210998535e+00,5.304115414619445801e-01,-1.061778783798217773e+00,-1.072588443756103516e+00,5.693588256835937500e-01,2.090490579605102539e+00,7.776309847831726074e-01,2.060382127761840820e+00,-2.034728288650512695e+00,-5.862198472023010254e-01,-6.102700829505920410e-01,7.852526903152465820e-01,-3.788783773779869080e-02,-1.458196401596069336e+00,-5.195478200912475586e-01,1.089106440544128418e+00,3.094631433486938477e-02,1.438486933708190918e+00,4.444020688533782959e-01,-1.164055585861206055e+00,3.859842121601104736e-01,8.737795948982238770e-01,7.437232136726379395e-02,-1.858253479003906250e-01,-6.990537643432617188e-01,5.439859032630920410e-01,2.092857837677001953e+00,6.251018643379211426e-01,-3.617033362388610840e-01,-1.005570888519287109e+00,2.546491861343383789e+00,5.209659934043884277e-01,-6.105588674545288086e-01,-1.644338488578796387e+00,-6.345186829566955566e-01,-8.388752341270446777e-01,7.852505445480346680e-01,9.254663586616516113e-01,1.638301849365234375e+00,-1.029162947088479996e-02,2.934729456901550293e-01,-3.391045629978179932e-01,-2.012797594070434570e+00,1.174977540969848633e+00,-2.844247817993164062e-01,-1.279500961303710938e+00,2.492226660251617432e-01,1.712058424949645996e+00,2.673727832734584808e-02,-5.421264171600341797e-01
-2.564703941345214844e+00,1.771381944417953491e-01,3.174474537372589111e-01,-1.890242934226989746e+00,-9.807898402214050293e-01,2.064134366810321808e-02,1.302100062370300293e+00,-2.314360886812210083e-01,3.111173510551452637e-01,-1.795737147331237793e+00,-6.494035124778747559e-01,-2.964803874492645264e-01,-2.247313261032104492e+00,-5.267792940139770508e-01,-9.777077436447143555e-01,6.043527722358703613e-01,-6.396910548210144043e-01,-1.335444927215576172e+00,6.419804096221923828e-01,1.687256097793579102e+00,5.493586063385009766e-01,2.276058197021484375e+00,-2.429749250411987305e+00,-4.965392053127288818e-01,-9.517670273780822754e-01,1.044109582901000977e+00,-7.576689869165420532e-02,-1.480122327804565430e+00,-5.894443392753601074e-01,1.420643448829650879e+00,7.460203021764755249e-03,9.876419305801391602e-01,-2.262509018182754517e-01,-1.658332467079162598e+00,4.151090681552886963e-01,7.834900617599487305e-01,4.094433486461639404e-01,2.126094996929168701e-01,-8.409644365310668945e-01,3.956716656684875488e-01,1.983387470245361328e+00,7.197339534759521484e-01,-6.907582879066467285e-01,-1.204960584640502930e+00,2.224829196929931641e+00,-1.256952583789825439e-01,-9.115575551986694336e-01,-1.582957506179809570e+00,-9.620628356933593750e-01,-1.054514765739440918e+00,5.773883461952209473e-01,8.302679657936096191e-01,1.419500708580017090e+00,-2.374995201826095581e-01,3.324780166149139404e-01,6.661777198314666748e-02,-1.696994304656982422e+00,1.235167026519775391e+00,-4.257312119007110596e-01,-1.031190752983093262e+00,-1.693004369735717773e-01,1.448897957801818848e+00,-9.686784818768501282e-03,-5.256463885307312012e-01
-2.125762939453125000e+00,-3.812876641750335693e-01,3.809420764446258545e-01,-1.836460113525390625e+00,-8.910419344902038574e-01,2.745243348181247711e-02,1.373696565628051758e+00,-1.946440711617469788e-02,-1.985794492065906525e-02,-1.834931254386901855e+00,-6.414079070091247559e-01,-2.609925866127014160e-01,-1.976658940315246582e+00,-4.361332654953002930e-01,-1.377766609191894531e+00,-1.676546595990657806e-02,-1.279322385787963867e+00,-7.440676093101501465e-01,5.533905625343322754e-01,1.722156167030334473e+00,5.914202928543090820e-01,2.405545234680175781e+00,-2.223348617553710938e+00,-6.903855204582214355e-01,-8.472904562950134277e-01,5.274268984794616699e-01,-2.656028568744659424e-01,-1.226131081581115723e+00,-4.535372257232666016e-01,1.413921594619750977e+00,5.262562632560729980e-01,8.178158402442932129e-01,1.235671341419219971e-01,-1.427400827407836914e+00,2.664985954761505127e-01,1.156100749969482422e+00,2.873766422271728516e-01,-1.126088500022888184e-01,-6.424584388732910156e-01,3.589248359203338623e-01,1.760850787162780762e+00,1.377713531255722046e-01,-5.660421028733253479e-02,-1.104498147964477539e+00,2.251100301742553711e+00,6.998632103204727173e-02,-3.292731046676635742e-01,-1.555709838867187500e+00,-4.081919491291046143e-01,-5.069666504859924316e-01,1.011538863182067871e+00,9.729881882667541504e-01,7.716160416603088379e-01,-1.771272718906402588e-01,3.248694539070129395e-01,-8.112909197807312012e-01,-2.033425092697143555e+00,1.036716103553771973e+00,-5.765030980110168457e-01,-9.181605577468872070e-01,2.306195646524429321e-01,1.523014783859252930e+00,2.360040992498397827e-01,-8.853059411048889160e-01
-1.922860860824584961e+00,-3.442737832665443420e-02,6.133905053138732910e-01,-1.646137833595275879e+00,-6.482900381088256836e-01,-2.414749413728713989e-01,1.488819241523742676e+00,3.616488277912139893e-01,-8.375719934701919556e-02,-1.676323771476745605e+00,-8.517551422119140625e-01,-2.878065407276153564e-01,-2.433231115341186523e+00,-1.700093448162078857e-01,-1.345863938331604004e+00,4.121952652931213379e-01,-9.270307421684265137e-01,-6.190972924232482910e-01,6.583741307258605957e-01,2.065237283706665039e+00,5.427607893943786621e-01,2.242731571197509766e+00,-2.247200012207031250e+00,-5.914544463157653809e-01,-8.384566307067871094e-01,5.037013888359069824e-01,-6.307317316532135010e-02,-1.776174068450927734e+00,-2.971386313438415527e-01,1.446995973587036133e+00,-1.609617918729782104e-01,1.175588488578796387e+00,-6.853684782981872559e-02,-1.264140009880065918e+00,-5.371003225445747375e-02,9.008587598800659180e-01,2.047322690486907959e-01,-5.234193205833435059e-01,-6.708157658576965332e-01,5.828905105590820312e-01,1.952540397644042969e+00,4.280444681644439697e-01,-1.725982427597045898e-01,-1.008744597434997559e+00,2.701527118682861328e+00,9.377636015415191650e-02,-3.767101168632507324e-01,-2.011242151260375977e+00,-7.238265872001647949e-01,-5.808990001678466797e-01,9.646571278572082520e-01,8.738337755203247070e-01,1.303795933723449707e+00,-4.988403022289276123e-01,4.045277535915374756e-01,-2.287264615297317505e-01,-1.929860234260559082e+00,9.725027084350585938e-01,-5.874524712562561035e-01,-1.140775680541992188e+00,-4.222706332802772522e-02,1.692535161972045898e+00,3.260903656482696533e-01,-7.754448056221008301e-01
-2.041023254394531250e+00,1.548663377761840820e-01,5.220381617546081543e-01,-2.160358667373657227e+00,-4.830094575881958008e-01,6.446539610624313354e-02,1.981060266494750977e+00,3.009236454963684082e-01,5.978602916002273560e-02,-1.564041256904602051e+00,-6.024040579795837402e-01,-4.860610514879226685e-02,-1.762642502784729004e+00,-6.445978879928588867e-01,-1.429856181144714355e+00,1.808970123529434204e-01,-1.112563014030456543e+00,-1.306921720504760742e+00,5.091138482093811035e-01,1.859806776046752930e+00,6.028275489807128906e-01,2.065554141998291016e+00,-2.345810413360595703e+00,-2.886083126068115234e-01,-9.970270395278930664e-01,5.681304335594177246e-01,-2.157656699419021606e-01,-1.271557450294494629e+00,-3.797318413853645325e-02,1.496564149856567383e+00,1.328068971633911133e-01,9.122648239135742188e-01,-3.230777084827423096e-01,-1.487171649932861328e+00,6.441758573055267334e-02,8.538824319839477539e-01,-8.445984870195388794e-02,8.630996942520141602e-02,-5.278627872467041016e-01,2.433666288852691650e-01,1.722465515136718750e+00,6.469446420669555664e-01,-6.551076173782348633e-01,-1.572604894638061523e+00,2.233835697174072266e+00,-4.026739001274108887e-01,-8.886402845382690430e-01,-1.354995727539062500e+00,-4.510569572448730469e-01,-8.890543580055236816e-01,1.042431235313415527e+00,9.493483901023864746e-01,1.233892798423767090e+00,-6.706465482711791992e-01,1.831548288464546204e-02,-6.618992090225219727e-01,-1.418546676635742188e+00,7.815457582473754883e-01,-7.409126758575439453e-01,-1.346643567085266113e+00,-1.348069161176681519e-01,1.542601108551025391e+00,7.134608924388885498e-02,-6.068840622901916504e-01
-2.127966165542602539e+00,-1.161604523658752441e-01,7.860907316207885742e-01,-2.077642202377319336e+00,-1.148712754249572754e+00,-6.598609685897827148e-02,1.654211640357971191e+00,-1.054046824574470520e-01,7.164391875267028809e-02,-2.179189920425415039e+00,-5.193818211555480957e-01,-1.801104396581649780e-01,-2.399236202239990234e+00,-5.123106837272644043e-01,-1.460520148277282715e+00,5.627256035804748535e-01,-1.154492974281311035e+00,-1.398023962974548340e+00,7.822967171669006348e-01,1.644038915634155273e+00,9.542212486267089844e-01,2.135349512100219727e+00,-2.395436048507690430e+00,-6.457675099372863770e-01,-1.177438259124755859e+00,7.983062863349914551e-01,-1.539884507656097412e-01,-1.609964489936828613e+00,-7.640357315540313721e-02,1.831830620765686035e+00,-4.215708374977111816e-02,9.076518416404724121e-01,2.276583015918731689e-02,-1.630939483642578125e+00,5.586307495832443237e-02,9.863231778144836426e-01,2.592706978321075439e-01,-3.590877950191497803e-01,-9.749774336814880371e-01,3.094085156917572021e-01,1.541215419769287109e+00,7.495950907468795776e-02,-2.661717832088470459e-01,-1.082943797111511230e+00,1.926382660865783691e+00,-6.416578888893127441e-01,-4.685553014278411865e-01,-1.833507657051086426e+00,-1.008779048919677734e+00,-1.092765450477600098e+00,8.369435071945190430e-01,1.002794504165649414e+00,4.458200335502624512e-01,-1.446081101894378662e-01,3.831488788127899170e-01,-6.097089052200317383e-01,-1.701855301856994629e+00,7.473599314689636230e-01,-5.081894397735595703e-01,-1.011898398399353027e+00,-1.229245662689208984e-01,1.450890302658081055e+00,2.388083934783935547e-01,-7.801976203918457031e-01
-1.638815879821777344e+00,3.952951431274414062e-01,-9.820812195539474487e-02,-1.786534309387207031e+00,-7.572242021560668945e-01,-1.887300610542297363e-01,1.661914467811584473e+00,2.167667150497436523e-01,-7.656561583280563354e-02,-1.892672061920166016e+00,-1.345615386962890625e+00,1.411238312721252441e-01,-2.050000905990600586e+00,-6.313450336456298828e-01,-1.378326416015625000e+00,6.037966609001159668e-01,-9.039617776870727539e-01,-1.383682131767272949e+00,4.236790239810943604e-01,1.245001435279846191e+00,6.876074075698852539e-01,1.870565533638000488e+00,-2.271569013595581055e+00,-3.083004616200923920e-02,-5.963526368141174316e-01,-9.742936119437217712e-03,1.896113306283950806e-01,-1.561484813690185547e+00,-5.609540343284606934e-01,1.091734170913696289e+00,-5.530709400773048401e-03,7.464959621429443359e-01,-1.267951428890228271e-01,-1.271314024925231934e+00,1.355910748243331909e-01,1.093016982078552246e+00,2.941908538341522217e-01,8.504896610975265503e-02,-4.936808347702026367e-01,4.795565307140350342e-01,2.143434047698974609e+00,5.391742587089538574e-01,-3.160823285579681396e-01,-7.861225008964538574e-01,2.516264915466308594e+00,2.873343229293823242e-01,-6.618116497993469238e-01,-1.538615226745605469e+00,-6.854535937309265137e-01,-1.162363171577453613e+00,8.408992290496826172e-01,8.139376044273376465e-01,1.374293804168701172e+00,-5.487464666366577148e-01,4.803850874304771423e-02,-5.091245770454406738e-01,-1.769801735877990723e+00,1.213214278221130371e+00,-9.583508968353271484e-02,-1.287186503410339355e+00,-3.502348810434341431e-02,1.804073095321655273e+00,1.738256402313709259e-02,-5.693715214729309082e-01
-2.066271781921386719e+00,-2.523691058158874512e-01,3.986290991306304932e-01,-1.775028347969055176e+00,-8.662952780723571777e-01,3.955759108066558838e-02,1.667406797409057617e+00,-1.228668913245201111e-01,-5.596254020929336548e-02,-1.530871987342834473e+00,-9.680316448211669922e-01,5.057725906372070312e-01,-2.021871805191040039e+00,-6.963593363761901855e-01,-1.388082742691040039e+00,7.408795952796936035e-01,-1.608892440795898438e+00,-1.171119689941406250e+00,2.045335471630096436e-01,1.768540859222412109e+00,5.862364172935485840e-01,2.095543622970581055e+00,-2.205130815505981445e+00,-7.223604321479797363e-01,-9.000258445739746094e-01,8.333135843276977539e-01,-7.335503399372100830e-02,-1.373247504234313965e+00,-8.956763148307800293e-02,1.136227011680603027e+00,3.030668199062347412e-01,1.046870827674865723e+00,3.499113321304321289e-01,-1.359335422515869141e+00,1.718147546052932739e-01,1.085744738578796387e+00,1.059954836964607239e-01,5.845127999782562256e-02,-7.041003108024597168e-01,3.951894938945770264e-01,1.881703495979309082e+00,4.719520211219787598e-01,-5.413278937339782715e-02,-5.852193832397460938e-01,2.423722743988037109e+00,2.279740013182163239e-02,-1.882781833410263062e-01,-1.775462746620178223e+00,-6.254633069038391113e-01,-7.175562381744384766e-01,9.678181409835815430e-01,9.907010197639465332e-01,1.109940648078918457e+00,-2.858842611312866211e-01,3.494190275669097900e-01,-6.424862146377563477e-01,-1.443322181701660156e+00,7.903309464454650879e-01,-6.115928292274475098e-01,-1.026587367057800293e+00,-3.866392672061920166e-01,1.714199542999267578e+00,-2.928867377340793610e-02,-5.955159068107604980e-01
-2.025581836700439453e+00,6.056874617934226990e-02,2.956579029560089111e-01,-1.847988009452819824e+00,-3.564719557762145996e-01,-9.184937924146652222e-02,1.747265338897705078e+00,2.285536676645278931e-01,-6.720853596925735474e-02,-1.480736851692199707e+00,-5.169231295585632324e-01,-3.172953724861145020e-01,-2.239094495773315430e+00,-5.121111273765563965e-01,-1.211299419403076172e+00,3.837043941020965576e-01,-1.027138710021972656e+00,-1.147622942924499512e+00,7.301771044731140137e-01,1.492127299308776855e+00,6.946571469306945801e-01,2.260731697082519531e+00,-2.319148063659667969e+00,-4.801900684833526611e-01,-6.465155482292175293e-01,5.298919081687927246e-01,-1.469650566577911377e-01,-1.638485431671142578e+00,-4.618558287620544434e-01,1.588923811912536621e+00,-8.805669844150543213e-02,1.319298744201660156e+00,9.669461846351623535e-02,-1.181088089942932129e+00,2.901119291782379150e-01,6.160209774971008301e-01,-4.659454151988029480e-02,-2.024113088846206665e-01,-5.860955715179443359e-01,3.833639323711395264e-01,1.806667208671569824e+00,1.096053496003150940e-01,-3.625028133392333984e-01,-1.219779610633850098e+00,2.872815132141113281e+00,8.838632702827453613e-02,-4.249700903892517090e-01,-1.194254875183105469e+00,-7.393881678581237793e-01,-8.503517508506774902e-01,5.967515110969543457e-01,9.214931130409240723e-01,1.177997946739196777e+00,-2.725091874599456787e-01,1.844359040260314941e-01,-4.720380306243896484e-01,-1.713266849517822266e+00,1.287979841232299805e+00,-4.506217539310455322e-01,-1.696557164192199707e+00,-2.949346005916595459e-01,1.866730928421020508e+00,3.159319981932640076e-03,-6.729724407196044922e-01
-2.517530441284179688e+00,-1.553120911121368408e-01,5.319008827209472656e-01,-2.053943157196044922e+00,-4.874669611454010010e-01,-5.858543142676353455e-02,1.853795170783996582e+00,-3.833447396755218506e-01,2.436165958642959595e-01,-1.785413622856140137e+00,-8.433341383934020996e-01,-2.022355943918228149e-01,-2.298095941543579102e+00,-3.491771221160888672e-01,-1.416394710540771484e+00,4.556948840618133545e-01,-9.526822566986083984e-01,-1.070683717727661133e+00,4.022069275379180908e-01,1.625066161155700684e+00,9.505029916763305664e-01,2.325655221939086914e+00,-2.094905853271484375e+00,-5.827234387397766113e-01,-1.123573064804077148e+00,1.078431487083435059e+00,-3.123652935028076172e-02,-1.724533796310424805e+00,-2.775335609912872314e-01,1.719597578048706055e+00,1.420497614890336990e-02,1.056119084358215332e+00,2.831382863223552704e-02,-1.735653162002563477e+00,2.494673728942871094e-01,7.687860727310180664e-01,1.237584128975868225e-01,-4.003905355930328369e-01,-5.695480108261108398e-01,6.490990519523620605e-01,1.128545641899108887e+00,4.308674037456512451e-01,-3.975035250186920166e-01,-1.338505864143371582e+00,2.158846378326416016e+00,-3.023805022239685059e-01,-6.049240231513977051e-01,-1.380507588386535645e+00,-7.166448831558227539e-01,-8.969881534576416016e-01,6.583030223846435547e-01,5.149284601211547852e-01,9.502898454666137695e-01,-2.528256475925445557e-01,2.025049179792404175e-01,-2.680259943008422852e-01,-1.983286976814270020e+00,1.106479525566101074e+00,-9.217281341552734375e-01,-1.116681337356567383e+00,-7.892853766679763794e-02,1.568833112716674805e+00,-3.539646044373512268e-03,-5.559710264205932617e-01
-2.320656299591064453e+00,4.355203732848167419e-02,-1.126031875610351562e-01,-1.806089758872985840e+00,-4.287576675415039062e-01,9.987729787826538086e-02,1.721147537231445312e+00,-1.567851006984710693e-01,-1.267971694469451904e-01,-1.441134810447692871e+00,-6.123251914978027344e-01,7.314765453338623047e-02,-2.080221891403198242e+00,-5.312323570251464844e-01,-1.194578528404235840e+00,4.013478755950927734e-01,-8.482457399368286133e-01,-1.343027710914611816e+00,5.054233670234680176e-01,1.833378791809082031e+00,2.764803469181060791e-01,2.071966648101806641e+00,-2.302140235900878906e+00,-4.317930936813354492e-01,-7.777141928672790527e-01,1.032570004463195801e+00,-4.390415549278259277e-01,-1.488983750343322754e+00,-2.675990760326385498e-01,1.987163424491882324e+00,1.778070777654647827e-01,1.137195229530334473e+00,-1.096785217523574829e-01,-1.645585298538208008e+00,-1.443641334772109985e-01,9.305618405342102051e-01,1.100652068853378296e-01,4.424361512064933777e-02,-8.607265949249267578e-01,3.550042212009429932e-01,1.733061909675598145e+00,1.235203221440315247e-01,-4.355333447456359863e-01,-9.148059487342834473e-01,2.193237304687500000e+00,-1.863920092582702637e-01,-5.419340133666992188e-01,-1.389566302299499512e+00,-9.146285653114318848e-01,-9.094575047492980957e-01,1.069886684417724609e+00,8.797401785850524902e-01,9.735686182975769043e-01,-4.155123829841613770e-01,3.283948600292205811e-01,-5.947698354721069336e-01,-1.312607884407043457e+00,6.758715510368347168e-01,-2.764087319374084473e-01,-1.271710157394409180e+00,-2.291649430990219116e-01,1.662841200828552246e+00,3.625022470951080322e-01,-7.702038288116455078e-01
-2.458479404449462891e+00,-1.019321978092193604e-01,4.758825302124023438e-01,-1.731151580810546875e+00,-7.817773818969726562e-01,2.963866572827100754e-03,1.349847197532653809e+00,-1.916511654853820801e-01,-4.854859039187431335e-02,-1.681649446487426758e+00,-5.699535012245178223e-01,7.728578150272369385e-02,-2.097329854965209961e+00,-6.168412566184997559e-01,-1.297923803329467773e+00,8.000870347023010254e-01,-1.111180067062377930e+00,-1.257303357124328613e+00,5.705699920654296875e-01,2.100848913192749023e+00,7.005158066749572754e-01,2.407974243164062500e+00,-2.205476284027099609e+00,-4.678170680999755859e-01,-8.155049085617065430e-01,6.689148545265197754e-01,-2.364267408847808838e-01,-1.274869084358215332e+00,-4.193364977836608887e-01,1.220287084579467773e+00,1.140801534056663513e-01,1.253451347351074219e+00,1.143783926963806152e-01,-1.382728457450866699e+00,3.694720566272735596e-01,1.096009135246276855e+00,3.887356519699096680e-01,5.028123781085014343e-02,-9.230281114578247070e-01,3.764344155788421631e-01,1.833279967308044434e+00,4.141590893268585205e-01,-6.741411238908767700e-02,-8.619844913482666016e-01,2.153420448303222656e+00,-5.571167543530464172e-02,-6.155434250831604004e-01,-1.376579999923706055e+00,-6.753000020980834961e-01,-8.099827766418457031e-01,6.879260540008544922e-01,4.511179029941558838e-01,1.476104617118835449e+00,-2.896608114242553711e-01,6.476396322250366211e-01,-6.681848764419555664e-01,-1.785496473312377930e+00,1.367048740386962891e+00,-5.704173445701599121e-01,-1.142504572868347168e+00,1.236480996012687683e-01,1.875598073005676270e+00,3.307499736547470093e-02,-8.318849802017211914e-01
-2.165879964828491211e+00,-1.046063657850027084e-02,3.492699265480041504e-01,-2.262146472930908203e+00,-9.338682293891906738e-01,-4.560070633888244629e-01,1.434396743774414062e+00,-1.175184473395347595e-01,-1.021427065134048462e-01,-1.271406412124633789e+00,-8.546891808509826660e-01,-1.408543344587087631e-02,-2.062771558761596680e+00,-3.297967016696929932e-01,-1.440835952758789062e+00,4.999085366725921631e-01,-1.520288705825805664e+00,-1.170888781547546387e+00,3.478111922740936279e-01,1.846629619598388672e+00,6.704004406929016113e-01,2.222225427627563477e+00,-2.099304199218750000e+00,-5.109151005744934082e-01,-9.064624905586242676e-01,1.707497239112854004e-01,-1.839448809623718262e-01,-1.367090940475463867e+00,-3.691152632236480713e-01,1.027623414993286133e+00,-2.508356869220733643e-01,1.155632972717285156e+00,-2.015240043401718140e-01,-9.937345981597900391e-01,-2.920455113053321838e-02,9.693655371665954590e-01,1.267800778150558472e-01,2.245336323976516724e-01,-6.307351589202880859e-01,5.801219344139099121e-01,2.086715698242187500e+00,5.709214806556701660e-01,-1.861357986927032471e-01,-1.140979170799255371e+00,2.429314851760864258e+00,1.618446558713912964e-01,-8.086416125297546387e-01,-1.713742494583129883e+00,-6.860425472259521484e-01,-7.669220566749572754e-01,6.625220775604248047e-01,5.797280669212341309e-01,1.312333822250366211e+00,-4.120205640792846680e-01,3.305958509445190430e-01,-4.280734658241271973e-01,-1.456827282905578613e+00,9.549372196197509766e-01,-4.905417263507843018e-01,-1.101786017417907715e+00,2.332138866186141968e-01,1.772832870483398438e+00,-1.546268463134765625e-01,-2.798033952713012695e-01
-2.614404678344726562e+00,8.956421911716461182e-02,3.544630110263824463e-01,-1.958576083183288574e+00,-8.391652107238769531e-01,1.049488969147205353e-02,1.827967762947082520e+00,-3.039878606796264648e-01,2.374672293663024902e-01,-1.732195854187011719e+00,-8.242070078849792480e-01,-3.631718754768371582e-01,-2.279422044754028320e+00,-4.642860889434814453e-01,-9.822012186050415039e-01,5.877576470375061035e-01,-9.797877669334411621e-01,-1.151490449905395508e+00,4.772514104843139648e-01,1.732683420181274414e+00,2.910436093807220459e-01,2.176662683486938477e+00,-1.968449711799621582e+00,-4.405828416347503662e-01,-6.711923480033874512e-01,1.190062403678894043e+00,7.992550730705261230e-02,-1.482290625572204590e+00,-6.990105509757995605e-01,1.494732618331909180e+00,1.790951788425445557e-01,1.196079730987548828e+00,-8.424612134695053101e-02,-1.452923417091369629e+00,4.260788857936859131e-01,8.444448113441467285e-01,-2.161909826099872589e-02,-1.631360203027725220e-01,-4.607266783714294434e-01,2.496407479047775269e-01,1.701321482658386230e+00,7.457709908485412598e-01,-2.207180857658386230e-01,-1.092918872833251953e+00,2.151566743850708008e+00,2.236616313457489014e-01,-5.871317982673645020e-01,-1.888708472251892090e+00,-7.448683381080627441e-01,-7.406790256500244141e-01,1.020518779754638672e+00,7.461745738983154297e-01,1.080971240997314453e+00,-1.837047785520553589e-01,2.403461188077926636e-01,-3.585934937000274658e-01,-1.926666617393493652e+00,1.275941729545593262e+00,-3.035187721252441406e-01,-1.081977486610412598e+00,7.049331814050674438e-02,1.678006768226623535e+00,2.093088328838348389e-01,-7.536582946777343750e-01
-2.312089204788208008e+00,8.925315737724304199e-02,4.532478749752044678e-01,-1.912198781967163086e+00,-6.261450052261352539e-01,-1.260118335485458374e-01,1.782403588294982910e+00,-1.505122482776641846e-01,4.448692500591278076e-02,-1.796685695648193359e+00,-8.317870497703552246e-01,-2.732779979705810547e-01,-2.288164615631103516e+00,-2.302312105894088745e-01,-1.461457252502441406e+00,1.911528259515762329e-01,-1.039181113243103027e+00,-1.119902729988098145e+00,7.083110809326171875e-01,1.919410943984985352e+00,3.922704756259918213e-01,1.905707478523254395e+00,-2.122744560241699219e+00,-7.273236513137817383e-01,-9.882096648216247559e-01,5.835999846458435059e-01,-1.894146800041198730e-01,-1.634303569793701172e+00,-4.013192057609558105e-01,1.738120555877685547e+00,3.248113095760345459e-01,9.070305228233337402e-01,2.314212471246719360e-01,-1.575984716415405273e+00,-2.310265973210334778e-02,9.852291941642761230e-01,1.824862062931060791e-01,5.646006017923355103e-02,-5.105221867561340332e-01,5.277256369590759277e-01,1.570805668830871582e+00,5.860249400138854980e-01,-3.456081449985504150e-01,-1.372442603111267090e+00,2.266669273376464844e+00,-1.113023087382316589e-01,-8.644291162490844727e-01,-1.840344309806823730e+00,-6.550095081329345703e-01,-1.066418647766113281e+00,6.360665559768676758e-01,8.702074289321899414e-01,9.043462872505187988e-01,-1.918383985757827759e-01,1.549860388040542603e-01,-1.951618790626525879e-01,-1.736352205276489258e+00,8.945894241333007812e-01,-6.330776810646057129e-01,-1.328290939331054688e+00,1.575549244880676270e-01,1.455193758010864258e+00,3.900459110736846924e-01,-6.509308218955993652e-01
-2.090109109878540039e+00,-1.639641821384429932e-01,5.575012564659118652e-01,-1.872861504554748535e+00,-7.443254590034484863e-01,-1.865983158349990845e-01,1.613584041595458984e+00,-2.349246293306350708e-01,1.266216784715652466e-01,-1.278896927833557129e+00,-1.071212291717529297e+00,-6.921133399009704590e-02,-2.074593544006347656e+00,-5.811952352523803711e-01,-1.317476511001586914e+00,5.008415579795837402e-01,-1.440166831016540527e+00,-1.086536526679992676e+00,3.812568783760070801e-01,1.721796274185180664e+00,6.761576533317565918e-01,2.467752218246459961e+00,-2.225558519363403320e+00,-8.411862254142761230e-01,-1.077767729759216309e+00,7.182688117027282715e-01,-6.231075525283813477e-01,-1.361143708229064941e+00,2.247476484626531601e-03,1.438966155052185059e+00,7.793802022933959961e-02,1.027068138122558594e+00,1.494261026382446289e-01,-1.253471016883850098e+00,8.649001270532608032e-02,7.410576939582824707e-01,-8.102454245090484619e-02,1.826655119657516479e-01,-6.376286149024963379e-01,5.977494716644287109e-01,1.827783346176147461e+00,6.295031905174255371e-01,-2.878737449645996094e-01,-1.002741217613220215e+00,2.584886550903320312e+00,4.036467894911766052e-02,-8.246403336524963379e-01,-1.548235058784484863e+00,-8.255937099456787109e-01,-1.006753444671630859e+00,4.630676805973052979e-01,8.932915925979614258e-01,1.301409959793090820e+00,-5.067706704139709473e-01,3.589537441730499268e-01,-5.881849527359008789e-01,-1.245845079421997070e+00,7.274948358535766602e-01,-5.892134904861450195e-01,-1.372929930686950684e+00,1.989143788814544678e-01,1.697460174560546875e+00,-1.595235764980316162e-01,-3.410928845405578613e-01
-2.139507770538330078e+00,2.486182302236557007e-01,4.619083702564239502e-01,-1.713451266288757324e+00,-6.094853878021240234e-01,-3.466918766498565674e-01,1.759017944335937500e+00,9.342020750045776367e-02,-2.340208142995834351e-01,-1.651201844215393066e+00,-7.755588889122009277e-01,-3.285618126392364502e-02,-2.198786020278930664e+00,-2.287518382072448730e-01,-1.160401582717895508e+00,4.662355780601501465e-01,-1.116031289100646973e+00,-1.177605271339416504e+00,2.434439063072204590e-01,1.710513472557067871e+00,5.683406591415405273e-01,2.520104646682739258e+00,-1.984502315521240234e+00,-5.046975612640380859e-01,-5.404681563377380371e-01,5.199344158172607422e-01,-7.728542201220989227e-03,-1.369453787803649902e+00,-2.099334001541137695e-01,1.066036939620971680e+00,9.664230793714523315e-02,1.036514163017272949e+00,1.788755208253860474e-01,-1.068269968032836914e+00,-1.614280417561531067e-02,7.077468633651733398e-01,-2.045727223157882690e-01,1.161290779709815979e-01,-7.630437612533569336e-01,2.819445133209228516e-01,1.758382201194763184e+00,5.481808185577392578e-01,-1.878186017274856567e-01,-1.353338718414306641e+00,2.507551670074462891e+00,-3.150864690542221069e-02,-7.771788835525512695e-01,-1.741279125213623047e+00,-5.523922443389892578e-01,-6.673715710639953613e-01,9.643272757530212402e-01,1.202712297439575195e+00,1.193712472915649414e+00,-7.057914137840270996e-01,4.303018748760223389e-01,-3.991159796714782715e-01,-1.694954037666320801e+00,1.104201316833496094e+00,-6.190087199211120605e-01,-1.349885821342468262e+00,2.039694339036941528e-01,1.808089017868041992e+00,1.022292301058769226e-02,-9.767804145812988281e-01
-2.142996788024902344e+00,2.367184013128280640e-01,5.710871219635009766e-01,-1.729065418243408203e+00,-5.213831067085266113e-01,-3.545037657022476196e-02,1.383445262908935547e+00,1.926263719797134399e-01,-2.195086926221847534e-01,-1.629479169845581055e+00,-7.550795078277587891e-01,-1.855771541595458984e-01,-2.100859642028808594e+00,-4.311992824077606201e-01,-1.255494356155395508e+00,4.933596551418304443e-01,-1.045975327491760254e+00,-9.970554709434509277e-01,3.281116485595703125e-01,2.092952966690063477e+00,8.604092001914978027e-01,2.391914367675781250e+00,-2.500527143478393555e+00,-2.528747618198394775e-01,-7.309449315071105957e-01,7.177438139915466309e-01,-2.265777140855789185e-01,-1.786608934402465820e+00,-1.842466741800308228e-01,1.246298551559448242e+00,-1.717354357242584229e-01,8.221561908721923828e-01,2.927229404449462891e-01,-1.041234970092773438e+00,8.440393954515457153e-02,1.015243053436279297e+00,1.969212889671325684e-01,-1.948110461235046387e-01,-4.838440716266632080e-01,8.253389000892639160e-01,1.770455598831176758e+00,6.336658000946044922e-01,-2.541359364986419678e-01,-8.785985708236694336e-01,2.742178440093994141e+00,4.086253419518470764e-02,-2.495133131742477417e-01,-1.696835398674011230e+00,-7.729935646057128906e-01,-5.969910621643066406e-01,6.660621166229248047e-01,9.230834245681762695e-01,1.378090858459472656e+00,-8.628664910793304443e-02,5.204317569732666016e-01,-5.105264186859130859e-01,-1.856230378150939941e+00,9.559390544891357422e-01,-6.707085967063903809e-01,-1.073273062705993652e+00,-2.340512163937091827e-02,1.893875598907470703e+00,-2.382267266511917114e-01,-8.082731366157531738e-01
-2.083715438842773438e+00,3.198815584182739258e-01,1.828314214944839478e-01,-1.706840395927429199e+00,-1.667450219392776489e-01,-2.813412249088287354e-01,1.710008025169372559e+00,-1.193330436944961548e-01,1.152358129620552063e-01,-1.326497793197631836e+00,-9.202091693878173828e-01,2.526942789554595947e-01,-1.720539450645446777e+00,-7.113883495330810547e-01,-1.395598769187927246e+00,7.159202098846435547e-01,-1.236101984977722168e+00,-1.280398011207580566e+00,1.617887616157531738e-01,1.946202874183654785e+00,6.264515519142150879e-01,2.306657552719116211e+00,-2.443667888641357422e+00,-5.117146372795104980e-01,-9.797483086585998535e-01,6.671971678733825684e-01,-3.164565563201904297e-01,-1.412466049194335938e+00,-4.701269865036010742e-01,1.238789558410644531e+00,-4.243018329143524170e-01,9.059012532234191895e-01,1.312805265188217163e-01,-1.409582138061523438e+00,6.010372638702392578e-01,6.425374746322631836e-01,2.633561193943023682e-02,9.904282540082931519e-02,-1.206271290779113770e+00,2.508438527584075928e-01,1.778036832809448242e+00,9.122785329818725586e-01,-3.405568003654479980e-01,-1.036316275596618652e+00,2.399361848831176758e+00,-7.014750689268112183e-02,-8.206071853637695312e-01,-1.374566555023193359e+00,-6.389212012290954590e-01,-6.419684290885925293e-01,1.045078396797180176e+00,8.943130373954772949e-01,1.613899588584899902e+00,-6.857190132141113281e-01,1.684021055698394775e-01,-4.552246332168579102e-01,-1.822506546974182129e+00,8.853868246078491211e-01,-6.615375876426696777e-01,-1.139685869216918945e+00,-4.473403990268707275e-01,1.866951823234558105e+00,-1.185097694396972656e-01,-7.690756320953369141e-01
-1.913548231124877930e+00,-1.050057355314493179e-02,7.304253578186035156e-01,-1.941738367080688477e+00,-7.825602293014526367e-01,5.377248674631118774e-02,1.277684688568115234e+00,2.342282086610794067e-01,-2.547830939292907715e-01,-1.563609600067138672e+00,-9.209635257720947266e-01,-4.154372215270996094e-01,-2.147091150283813477e+00,-4.392326176166534424e-01,-1.263517498970031738e+00,5.266195535659790039e-01,-7.922533154487609863e-01,-9.664537906646728516e-01,4.584257900714874268e-01,1.928545713424682617e+00,7.642697691917419434e-01,2.236803531646728516e+00,-2.378499984741210938e+00,-5.098189711570739746e-01,-8.317769765853881836e-01,1.017981886863708496e+00,-6.080869212746620178e-02,-1.707452654838562012e+00,-3.322157859802246094e-01,1.686530947685241699e+00,1.282413303852081299e-01,1.285359978675842285e+00,-2.893781289458274841e-02,-1.504833340644836426e+00,2.317512929439544678e-01,6.038002967834472656e-01,1.953158676624298096e-01,-1.503304988145828247e-01,-8.179805278778076172e-01,5.907761454582214355e-01,1.530087113380432129e+00,4.107402563095092773e-01,-2.349283993244171143e-01,-1.028333663940429688e+00,2.568564176559448242e+00,-3.284171223640441895e-01,-7.961061000823974609e-01,-1.403311491012573242e+00,-1.035591244697570801e+00,-6.343044638633728027e-01,7.039127349853515625e-01,8.511558175086975098e-01,1.405816078186035156e+00,-3.135618567466735840e-01,4.967992901802062988e-01,-3.841264247894287109e-01,-1.586327910423278809e+00,8.964506387710571289e-01,-1.008048176765441895e+00,-1.489758133888244629e+00,-1.920778006315231323e-01,1.724005103111267090e+00,1.438376903533935547e-01,-6.532407402992248535e-01
-2.266693830490112305e+00,1.575819700956344604e-01,7.376888990402221680e-01,-1.350723981857299805e+00,-5.979496240615844727e-01,1.490308344364166260e-02,1.929569482803344727e+00,1.090752631425857544e-01,4.375492036342620850e-02,-1.789386510848999023e+00,-9.660112261772155762e-01,-1.561903953552246094e-01,-2.138702869415283203e+00,-4.033352434635162354e-01,-8.943247795104980469e-01,4.671822786331176758e-01,-6.512706279754638672e-01,-9.835586547851562500e-01,5.416629910469055176e-01,1.661117315292358398e+00,6.223825216293334961e-01,2.312360525131225586e+00,-2.421019792556762695e+00,-5.565348267555236816e-01,-1.024592995643615723e+00,6.566798686981201172e-01,1.513802856206893921e-01,-1.751445055007934570e+00,-7.286797165870666504e-01,1.362048506736755371e+00,3.972193896770477295e-01,9.907020926475524902e-01,3.084859438240528107e-02,-1.332785844802856445e+00,1.696969866752624512e-01,4.905126392841339111e-01,4.192081093788146973e-01,1.674703881144523621e-02,-3.640302717685699463e-01,6.815562844276428223e-01,1.846167802810668945e+00,-9.853760898113250732e-02,-3.897714912891387939e-01,-1.396589994430541992e+00,2.754035234451293945e+00,-6.917157769203186035e-02,-5.752733945846557617e-01,-1.639682531356811523e+00,-5.978406667709350586e-01,-7.160493731498718262e-01,6.013746857643127441e-01,8.964100480079650879e-01,1.085174202919006348e+00,-6.680891513824462891e-01,2.646706700325012207e-01,-2.457724958658218384e-01,-2.038846015930175781e+00,1.235055327415466309e+00,-7.084977626800537109e-01,-1.257215261459350586e+00,-2.338945865631103516e-01,1.678794622421264648e+00,-1.310297697782516479e-01,-7.388591170310974121e-01
-1.957912087440490723e+00,-5.819433368742465973e-03,7.359182238578796387e-01,-2.050335168838500977e+00,-1.068985581398010254e+00,5.036279559135437012e-02,1.860607624053955078e+00,-2.206589877605438232e-01,-1.965554356575012207e-01,-1.866437911987304688e+00,-9.892619848251342773e-01,-4.327028989791870117e-03,-2.136427640914916992e+00,-3.338262736797332764e-01,-1.202499628067016602e+00,8.240072727203369141e-01,-1.263999223709106445e+00,-1.402228355407714844e+00,4.029628038406372070e-01,1.960300922393798828e+00,7.189446091651916504e-01,1.880106806755065918e+00,-1.989986538887023926e+00,-6.849095821380615234e-01,-1.169155716896057129e+00,6.147716641426086426e-01,-2.885664626955986023e-02,-1.692284345626831055e+00,-4.459667801856994629e-01,1.320597529411315918e+00,-1.925450563430786133e-02,6.634784340858459473e-01,3.837378695607185364e-02,-1.479407787322998047e+00,1.455738395452499390e-01,7.797237038612365723e-01,4.692445397377014160e-01,1.086168289184570312e-01,-7.793368697166442871e-01,3.263547718524932861e-01,1.937973856925964355e+00,1.159261763095855713e-01,-2.955192327499389648e-01,-1.187227964401245117e+00,2.181785106658935547e+00,-1.352967321872711182e-01,-6.396626234054565430e-01,-1.592160582542419434e+00,-8.658598065376281738e-01,-9.149811267852783203e-01,1.006681203842163086e+00,9.562358260154724121e-01,8.185636997222900391e-01,-2.730580270290374756e-01,3.407693505287170410e-01,-5.158342719078063965e-01,-1.757138490676879883e+00,1.025254964828491211e+00,-4.428315162658691406e-01,-1.044590234756469727e+00,-5.162105560302734375e-01,1.560245990753173828e+00,3.073055744171142578e-01,-5.563628673553466797e-01
-2.265433549880981445e+00,9.543477743864059448e-02,2.149422317743301392e-01,-1.452814936637878418e+00,-5.015609264373779297e-01,-4.699849709868431091e-02,1.739791512489318848e+00,-3.064187616109848022e-02,-1.804646402597427368e-01,-1.654957056045532227e+00,-1.149170041084289551e+00,-4.403843358159065247e-02,-2.051457643508911133e+00,-5.978723764419555664e-01,-1.362873315811157227e+00,5.967246294021606445e-01,-7.031171321868896484e-01,-1.124975562095642090e+00,5.020306110382080078e-01,1.902226567268371582e+00,6.305677890777587891e-01,2.303743839263916016e+00,-2.347271203994750977e+00,-3.330812752246856689e-01,-6.187790632247924805e-01,7.622911930084228516e-01,-6.122724339365959167e-02,-1.732349991798400879e+00,-2.904950380325317383e-01,1.493842005729675293e+00,-3.889761865139007568e-03,1.395220637321472168e+00,2.404926717281341553e-01,-1.648545861244201660e+00,3.710225522518157959e-01,1.083072781562805176e+00,2.067831158638000488e-01,-2.106663733720779419e-01,-7.716813683509826660e-01,6.150111556053161621e-01,1.653784751892089844e+00,7.451679706573486328e-01,-2.468044906854629517e-01,-3.558224141597747803e-01,2.442332744598388672e+00,-6.679045408964157104e-02,-5.519260168075561523e-01,-1.704060435295104980e+00,-9.693750739097595215e-01,-1.041486024856567383e+00,8.416999578475952148e-01,6.547498106956481934e-01,1.457442045211791992e+00,-3.517159521579742432e-01,1.295377761125564575e-01,-4.003195762634277344e-01,-1.937523365020751953e+00,1.178631186485290527e+00,-6.813426017761230469e-01,-1.460714101791381836e+00,-1.087455153465270996e-01,1.871062994003295898e+00,-8.280485868453979492e-03,-8.231712579727172852e-01
-2.496935367584228516e+00,-5.359308719635009766e-01,3.872778415679931641e-01,-1.749522209167480469e+00,-7.818931937217712402e-01,-3.069447875022888184e-01,1.628308534622192383e+00,-1.012739837169647217e-01,3.811890482902526855e-01,-1.370638251304626465e+00,-7.213529944419860840e-01,5.164139866828918457e-01,-1.977092027664184570e+00,-1.192371726036071777e+00,-1.363701701164245605e+00,4.720732867717742920e-01,-1.303671479225158691e+00,-1.139210462570190430e+00,6.499549150466918945e-01,2.002900600433349609e+00,6.330844759941101074e-01,2.393189907073974609e+00,-2.565418004989624023e+00,-8.192467689514160156e-01,-1.317834496498107910e+00,5.839691758155822754e-01,-8.573998510837554932e-02,-1.281224608421325684e+00,-2.760958373546600342e-01,1.528210997581481934e+00,7.302058488130569458e-02,1.020760297775268555e+00,-1.321875154972076416e-01,-1.732108712196350098e+00,3.276808559894561768e-01,9.089766144752502441e-01,2.126555442810058594e-01,-2.308093607425689697e-01,-9.928577542304992676e-01,1.105991825461387634e-01,1.817879199981689453e+00,-5.486980453133583069e-02,-3.698785901069641113e-01,-9.759865403175354004e-01,2.399706363677978516e+00,-2.235740870237350464e-01,-6.542038321495056152e-01,-1.842844605445861816e+00,-9.374060630798339844e-01,-3.939710259437561035e-01,9.981495738029479980e-01,5.945884585380554199e-01,1.235267043113708496e+00,-4.421091973781585693e-01,2.441408336162567139e-01,-6.626724004745483398e-01,-1.691698670387268066e+00,9.497262239456176758e-01,-4.918582737445831299e-01,-1.230281114578247070e+00,-7.108972221612930298e-02,2.079203128814697266e+00,2.716256678104400635e-01,-6.582902669906616211e-01
-2.137344121932983398e+00,-2.397412657737731934e-01,1.568816602230072021e-01,-1.589028716087341309e+00,-4.338529706001281738e-01,-4.630253016948699951e-01,1.418161392211914062e+00,9.380819648504257202e-02,3.061387315392494202e-02,-1.804942607879638672e+00,-7.738969922065734863e-01,-2.312305569648742676e-02,-2.150996923446655273e+00,-3.043470978736877441e-01,-1.153093695640563965e+00,4.842867851257324219e-01,-1.001742482185363770e+00,-1.484694719314575195e+00,3.058608770370483398e-01,1.931733965873718262e+00,4.090282022953033447e-01,2.295688867568969727e+00,-2.681865930557250977e+00,-3.936137259006500244e-01,-5.552165508270263672e-01,5.364188551902770996e-01,-1.684705018997192383e-01,-1.585308432579040527e+00,-1.522843688726425171e-01,1.201535940170288086e+00,1.177161782979965210e-01,7.701996564865112305e-01,1.742793768644332886e-01,-1.339719295501708984e+00,-2.184953391551971436e-01,7.054983377456665039e-01,1.891606748104095459e-01,5.460604652762413025e-02,-7.392787933349609375e-01,7.381433248519897461e-01,1.932274460792541504e+00,5.928955674171447754e-01,-5.938378572463989258e-01,-1.123200058937072754e+00,2.280551433563232422e+00,3.788309544324874878e-02,-7.209057807922363281e-01,-1.613731980323791504e+00,-7.564153671264648438e-01,-1.425551056861877441e+00,7.059643268585205078e-01,4.615149796009063721e-01,1.503680109977722168e+00,-3.594961166381835938e-01,4.252952933311462402e-01,-3.805696070194244385e-01,-1.545916795730590820e+00,1.059125781059265137e+00,-1.662178784608840942e-01,-1.303499102592468262e+00,1.244324352592229843e-02,2.074231386184692383e+00,2.337531000375747681e-01,-5.532663464546203613e-01
-1.880454897880554199e+00,2.222664281725883484e-02,6.948027610778808594e-01,-1.750415444374084473e+00,-6.688185334205627441e-01,-5.877308174967765808e-02,1.605616807937622070e+00,-2.972700297832489014e-01,1.534460186958312988e-01,-1.900395631790161133e+00,-4.845294356346130371e-01,8.526492118835449219e-02,-2.256089210510253906e+00,-7.686603069305419922e-01,-9.737675189971923828e-01,5.508354306221008301e-01,-1.167476177215576172e+00,-1.280665636062622070e+00,8.399464488029479980e-01,1.675458073616027832e+00,6.781073212623596191e-01,2.487727880477905273e+00,-2.322553873062133789e+00,-5.189529657363891602e-01,-1.134182929992675781e+00,5.815045833587646484e-01,-3.382504284381866455e-01,-1.334384083747863770e+00,-3.410108089447021484e-01,1.329921126365661621e+00,-7.388884574174880981e-02,9.460928440093994141e-01,1.081741303205490112e-01,-1.152542233467102051e+00,2.988193333148956299e-01,8.524789810180664062e-01,2.763181459158658981e-03,-1.033414900302886963e-01,-6.366130113601684570e-01,5.797179937362670898e-01,1.803246855735778809e+00,3.473205864429473877e-01,-3.365461230278015137e-01,-9.295104146003723145e-01,2.568866014480590820e+00,-8.480702340602874756e-02,-3.797268569469451904e-01,-1.375681757926940918e+00,-8.588207364082336426e-01,-7.035794258117675781e-01,7.824383974075317383e-01,8.643609285354614258e-01,1.076869726181030273e+00,-4.319178462028503418e-01,6.844022274017333984e-01,-2.042860537767410278e-01,-1.967767238616943359e+00,9.011763930320739746e-01,-3.356773853302001953e-01,-1.273172020912170410e+00,-1.481564436107873917e-02,1.621014237403869629e+00,1.260317713022232056e-01,-5.076565742492675781e-01
-1.928943753242492676e+00,1.092739403247833252e-01,3.029820322990417480e-01,-1.763020753860473633e+00,-6.773195266723632812e-01,-2.453513890504837036e-01,1.478549242019653320e+00,3.154268953949213028e-03,-1.228227913379669189e-01,-1.836785078048706055e+00,-1.207340359687805176e+00,-3.401389718055725098e-01,-1.975048303604125977e+00,-6.087018847465515137e-01,-1.142059206962585449e+00,3.834587335586547852e-01,-1.077835559844970703e+00,-1.054446578025817871e+00,4.545381367206573486e-01,1.527791500091552734e+00,6.238505840301513672e-01,2.570580482482910156e+00,-2.308058500289916992e+00,-6.621044874191284180e-01,-6.311013102531433105e-01,6.160664558410644531e-01,-3.539646565914154053e-01,-1.593920111656188965e+00,-5.336424708366394043e-01,1.430584192276000977e+00,6.099098920822143555e-01,1.073895335197448730e+00,4.544153213500976562e-01,-1.682947278022766113e+00,2.538490891456604004e-01,8.014929890632629395e-01,1.383504718542098999e-01,1.225279718637466431e-01,-9.143833518028259277e-01,5.846960544586181641e-01,1.572325587272644043e+00,4.575211107730865479e-01,-1.270929127931594849e-01,-1.002995252609252930e+00,2.238240480422973633e+00,1.325070858001708984e-01,-5.731908679008483887e-01,-1.713217735290527344e+00,-6.932108998298645020e-01,-9.475240111351013184e-01,6.482356786727905273e-01,8.769676089286804199e-01,9.488859176635742188e-01,3.169085979461669922e-01,2.258063554763793945e-01,-5.915446281433105469e-01,-2.176814794540405273e+00,1.028846859931945801e+00,-4.836372435092926025e-01,-1.396772623062133789e+00,5.282881855964660645e-01,1.518099665641784668e+00,2.071208208799362183e-01,-7.466949820518493652e-01
-2.174635887145996094e+00,-5.140502005815505981e-02,5.726829767227172852e-01,-1.512853741645812988e+00,-6.902735233306884766e-01,-2.019887715578079224e-01,1.254397153854370117e+00,1.274492889642715454e-01,9.356268681585788727e-03,-1.426096200942993164e+00,-5.145183801651000977e-01,-9.661127626895904541e-02,-1.836326122283935547e+00,-6.851954460144042969e-01,-1.234228134155273438e+00,8.174832463264465332e-01,-8.543248176574707031e-01,-1.420628309249877930e+00,3.149801492691040039e-01,1.663830637931823730e+00,6.689673662185668945e-01,2.709101915359497070e+00,-2.295833349227905273e+00,-2.025479972362518311e-01,-4.988755285739898682e-01,7.459755539894104004e-01,-6.136937066912651062e-02,-1.591628313064575195e+00,-1.368352472782135010e-01,1.393247008323669434e+00,1.418758332729339600e-01,9.896994233131408691e-01,-1.484108418226242065e-01,-1.450090646743774414e+00,1.570523977279663086e-01,3.199949264526367188e-01,6.801725178956985474e-02,1.951500773429870605e-02,-1.030425906181335449e+00,5.969403982162475586e-01,1.703253865242004395e+00,4.088215529918670654e-01,-7.079917788505554199e-01,-1.176720261573791504e+00,2.386121273040771484e+00,-4.792519658803939819e-02,-8.696064949035644531e-01,-1.232207179069519043e+00,-6.820596456527709961e-01,-7.497614622116088867e-01,5.202279686927795410e-01,4.466439187526702881e-01,1.544975996017456055e+00,-8.419377803802490234e-01,4.014416038990020752e-01,-2.748355269432067871e-01,-1.422368049621582031e+00,1.137533307075500488e+00,-2.432511448860168457e-01,-1.543438434600830078e+00,-2.528750598430633545e-01,2.205563545227050781e+00,-9.605214744806289673e-02,-7.984919548034667969e-01
-2.007226943969726562e+00,-2.690756022930145264e-01,7.725895047187805176e-01,-1.845920205116271973e+00,-7.002391219139099121e-01,-7.627826929092407227e-02,1.689197778701782227e+00,-3.961867094039916992e-01,-3.661607503890991211e-01,-2.020102024078369141e+00,-1.161802411079406738e+00,1.160574182868003845e-01,-1.679726004600524902e+00,-3.888751864433288574e-01,-1.547424197196960449e+00,6.214382052421569824e-01,-1.311926126480102539e+00,-1.153811097145080566e+00,2.615465521812438965e-01,2.209126710891723633e+00,5.056657195091247559e-01,2.077913284301757812e+00,-1.892110943794250488e+00,-8.850265741348266602e-01,-9.048441052436828613e-01,4.141830205917358398e-01,-2.189398556947708130e-01,-1.657804012298583984e+00,-4.528597891330718994e-01,1.195606827735900879e+00,4.665504395961761475e-01,1.134183287620544434e+00,1.758705824613571167e-01,-1.395232915878295898e+00,5.158992409706115723e-01,8.309298157691955566e-01,4.402912259101867676e-01,1.092214882373809814e-01,-3.430076837539672852e-01,4.449816644191741943e-01,1.949737906455993652e+00,1.796172559261322021e-01,4.687605798244476318e-02,-7.488715648651123047e-01,2.661941051483154297e+00,-1.604447364807128906e-01,-5.673327445983886719e-01,-1.830991268157958984e+00,-9.788524508476257324e-01,-7.401028275489807129e-01,8.200513124465942383e-01,6.525831818580627441e-01,1.302336335182189941e+00,-1.430788040161132812e-01,-1.453129947185516357e-02,-4.820291399955749512e-01,-1.872163891792297363e+00,9.710044264793395996e-01,-1.165734410285949707e+00,-9.543658494949340820e-01,3.464041352272033691e-01,1.564630627632141113e+00,2.574056982994079590e-01,-8.329544067382812500e-01
