2.034459829330444336e+00,-1.196458578109741211e+00,-2.392972409725189209e-01,-1.910202950239181519e-01,-1.382243394851684570e+00,1.026080250740051270e+00,2.167603254318237305e+00,-7.226625680923461914e-01,2.996490597724914551e-01,-6.521720290184020996e-01,1.118614315986633301e+00,-1.383907437324523926e+00,6.164706945419311523e-01,-9.437532424926757812e-01,-6.981912851333618164e-01,-4.401304721832275391e-01,-1.471513986587524414e+00,-3.419017493724822998e-01,1.060933351516723633e+00,-1.449919462203979492e+00,1.286241769790649414e+00,3.945228159427642822e-01,2.067515611648559570e+00,-9.346098303794860840e-01,-2.481296360492706299e-01,7.184326648712158203e-01,-1.678108423948287964e-02,4.302855432033538818e-01,7.655147910118103027e-01,-7.088735699653625488e-01,5.746553540229797363e-01,-1.315524220466613770e+00,6.588485836982727051e-01,-7.249709963798522949e-01,-3.862124979496002197e-01,1.023278012871742249e-01,-1.121430277824401855e+00,3.839583396911621094e-01,6.356211304664611816e-01,-1.202885508537292480e+00,1.109975695610046387e+00,-1.791422009468078613e+00,-4.342268407344818115e-01,1.221074223518371582e+00,-7.401143312454223633e-01,-1.030984282493591309e+00,1.843038648366928101e-01,1.365461707115173340e+00,2.113370895385742188e+00,4.007231295108795166e-01,1.077650785446166992e+00,-8.462817072868347168e-01,7.310657203197479248e-02,7.971898317337036133e-01,-1.087552309036254883e-01,1.795096397399902344e-01,8.539824485778808594e-01,-1.668057918548583984e+00,-1.288431644439697266e+00,4.286076724529266357e-01,-1.194899439811706543e+00,-5.692733526229858398e-01,5.029006004333496094e-01,8.353646993637084961e-01
1.405687928199768066e+00,-1.324614167213439941e+00,-5.248516798019409180e-01,-6.461837887763977051e-01,-1.888139247894287109e+00,1.168496012687683105e+00,2.382237434387207031e+00,-3.110962510108947754e-01,-3.574032187461853027e-01,-1.147945642471313477e+00,1.171333789825439453e+00,-6.493633389472961426e-01,4.144590497016906738e-01,-4.359518885612487793e-01,-1.426002532243728638e-01,9.926779568195343018e-02,-1.715869665145874023e+00,-1.191943436861038208e-01,6.231896281242370605e-01,-1.527609467506408691e+00,1.222091674804687500e+00,7.581465244293212891e-01,1.895509004592895508e+00,-1.387489199638366699e+00,5.123174786567687988e-01,1.114361166954040527e+00,-7.441354990005493164e-01,9.293508529663085938e-01,1.804193556308746338e-01,-7.546845078468322754e-01,8.503705859184265137e-01,-1.130428314208984375e+00,1.281930446624755859e+00,-1.351470232009887695e+00,2.750924229621887207e-01,-2.719781398773193359e-01,-1.529451251029968262e+00,5.569981932640075684e-01,6.325163245201110840e-01,-1.326108098030090332e+00,5.864679813385009766e-01,-1.251893401145935059e+00,-6.409299969673156738e-01,1.227101683616638184e+00,-8.183738589286804199e-01,-8.698790669441223145e-01,-2.293617874383926392e-01,1.009432792663574219e+00,1.309052586555480957e+00,4.983677864074707031e-01,7.797402739524841309e-01,-1.909185945987701416e-02,3.695412725210189819e-02,1.769237995147705078e+00,5.464771389961242676e-02,-3.993956744670867920e-01,-9.910748898983001709e-02,-1.012273311614990234e+00,-1.089737176895141602e+00,2.009403467178344727e+00,-2.673017084598541260e-01,-6.706014275550842285e-02,-1.042599305510520935e-01,-5.867807269096374512e-01
1.279497146606445312e+00,-1.413241744041442871e+00,-6.821171045303344727e-01,-8.158169984817504883e-01,-1.795690298080444336e+00,1.323334932327270508e+00,2.549850225448608398e+00,-9.770923852920532227e-02,-3.113955855369567871e-01,-1.305414676666259766e+00,1.122775673866271973e+00,-6.048312783241271973e-01,4.148569405078887939e-01,-2.909845709800720215e-01,-1.443853080272674561e-01,1.153475046157836914e-01,-1.640413999557495117e+00,-3.063662648200988770e-01,6.111196279525756836e-01,-1.497529983520507812e+00,8.499010801315307617e-01,6.641894578933715820e-01,1.821134448051452637e+00,-1.498150348663330078e+00,6.294922232627868652e-01,1.018709421157836914e+00,-3.439961373805999756e-01,8.529828786849975586e-01,3.675753623247146606e-02,-6.302880048751831055e-01,9.636926054954528809e-01,-9.213054180145263672e-01,1.247727394104003906e+00,-1.383940100669860840e+00,4.267999231815338135e-01,-2.238710820674896240e-01,-1.576129913330078125e+00,6.803472638130187988e-01,8.141509890556335449e-01,-1.277323961257934570e+00,8.824743628501892090e-01,-1.134320616722106934e+00,-7.688841819763183594e-01,1.070676922798156738e+00,-8.555476069450378418e-01,-1.174119472503662109e+00,-1.072008907794952393e-01,9.772307872772216797e-01,1.200463652610778809e+00,5.995869040489196777e-01,8.610847592353820801e-01,1.269477605819702148e-01,5.677908286452293396e-02,1.604953408241271973e+00,3.341488167643547058e-02,-6.060102581977844238e-01,2.445157170295715332e-01,-1.088459372520446777e+00,-1.083316206932067871e+00,1.982173562049865723e+00,-4.289587140083312988e-01,-3.837887048721313477e-01,-2.418763637542724609e-01,-4.107560515403747559e-01
1.162701487541198730e+00,-1.534934759140014648e+00,-6.457644701004028320e-01,-7.391622662544250488e-01,-1.624004364013671875e+00,1.149073004722595215e+00,2.353319644927978516e+00,-2.240395247936248779e-01,-3.105460405349731445e-01,-1.294623732566833496e+00,1.331245183944702148e+00,-8.513631820678710938e-01,5.019161105155944824e-01,-6.421356201171875000e-01,-4.051147997379302979e-01,-2.895127981901168823e-02,-1.471051931381225586e+00,-3.008095026016235352e-01,8.937060832977294922e-01,-1.649276375770568848e+00,1.096765995025634766e+00,8.927372694015502930e-01,1.711809277534484863e+00,-1.410755753517150879e+00,4.612122476100921631e-01,1.354763627052307129e+00,-5.740797519683837891e-01,9.247353076934814453e-01,3.454591333866119385e-01,-7.652174830436706543e-01,9.802426695823669434e-01,-1.041436672210693359e+00,1.116974711418151855e+00,-1.276755332946777344e+00,4.926560819149017334e-01,-2.907618582248687744e-01,-1.584347248077392578e+00,2.924615144729614258e-01,6.120612025260925293e-01,-1.075761198997497559e+00,8.012902736663818359e-01,-1.005542159080505371e+00,-7.970948815345764160e-01,9.232079386711120605e-01,-9.169570803642272949e-01,-1.189920186996459961e+00,-2.165608704090118408e-01,9.684965610504150391e-01,9.950184226036071777e-01,8.120743036270141602e-01,1.066531181335449219e+00,9.493261575698852539e-03,1.678274720907211304e-01,1.786816596984863281e+00,1.157901957631111145e-01,-4.268985986709594727e-01,2.136567980051040649e-02,-1.186829090118408203e+00,-7.819956541061401367e-01,2.103307723999023438e+00,-4.877490997314453125e-01,-2.606853544712066650e-01,-5.448580160737037659e-02,-3.607667684555053711e-01
1.343480587005615234e+00,-1.387701749801635742e+00,-8.028656840324401855e-01,-5.338564515113830566e-01,-1.729151248931884766e+00,9.542754292488098145e-01,2.341861724853515625e+00,-4.319069385528564453e-01,-4.480813071131706238e-02,-1.275453567504882812e+00,1.350101232528686523e+00,-6.874622702598571777e-01,5.035389065742492676e-01,-4.121682643890380859e-01,-4.069497883319854736e-01,-3.000866249203681946e-02,-1.511648654937744141e+00,-2.899438738822937012e-01,7.896661162376403809e-01,-1.661604285240173340e+00,8.694165349006652832e-01,6.126067638397216797e-01,1.909770131111145020e+00,-1.158977270126342773e+00,6.149480342864990234e-01,9.861278533935546875e-01,-3.944465219974517822e-01,1.138010740280151367e+00,1.346573531627655029e-01,-6.811844706535339355e-01,7.313892841339111328e-01,-1.117966413497924805e+00,1.259972572326660156e+00,-1.436649322509765625e+00,5.985437035560607910e-01,-1.547208726406097412e-01,-1.863034963607788086e+00,5.860724449157714844e-01,7.669145464897155762e-01,-1.149414777755737305e+00,7.153193950653076172e-01,-1.183258295059204102e+00,-9.398163557052612305e-01,1.028950691223144531e+00,-7.427839040756225586e-01,-1.169708132743835449e+00,-2.064662575721740723e-01,1.011194467544555664e+00,1.246878862380981445e+00,7.965288162231445312e-01,1.072190284729003906e+00,8.633976429700851440e-02,-5.036037415266036987e-02,1.736921668052673340e+00,1.009783446788787842e-01,-4.294575452804565430e-01,8.382270485162734985e-02,-1.003185391426086426e+00,-8.835816979408264160e-01,1.898281455039978027e+00,-3.254552185535430908e-01,-4.023417234420776367e-01,-2.649522721767425537e-01,-4.910541772842407227e-01
1.224168419837951660e+00,-1.433276891708374023e+00,-8.610555529594421387e-01,-8.531475067138671875e-01,-1.850493192672729492e+00,1.039765715599060059e+00,2.649237871170043945e+00,-1.920648962259292603e-01,-3.208728730678558350e-01,-1.127205491065979004e+00,1.325157523155212402e+00,-6.135884523391723633e-01,6.357924342155456543e-01,-4.712122380733489990e-01,-3.341806530952453613e-01,-2.039276063442230225e-03,-1.625950455665588379e+00,-1.351475417613983154e-01,8.127240538597106934e-01,-1.711623787879943848e+00,1.003072261810302734e+00,9.525052309036254883e-01,1.660826683044433594e+00,-1.361301541328430176e+00,5.992902517318725586e-01,1.233828663825988770e+00,-6.143223643302917480e-01,1.019143223762512207e+00,2.490977048873901367e-01,-6.327009797096252441e-01,6.719896197319030762e-01,-1.201157093048095703e+00,9.013394713401794434e-01,-1.131505966186523438e+00,5.247800350189208984e-01,-1.892982423305511475e-01,-1.813843250274658203e+00,4.595832228660583496e-01,7.440909147262573242e-01,-1.276657104492187500e+00,8.052136898040771484e-01,-1.055618286132812500e+00,-6.252069473266601562e-01,9.960551261901855469e-01,-8.239423632621765137e-01,-9.503520727157592773e-01,-1.469828337430953979e-01,1.017484664916992188e+00,1.260611772537231445e+00,7.462156414985656738e-01,9.374225139617919922e-01,7.129506021738052368e-02,5.437260866165161133e-02,1.696688532829284668e+00,1.457728296518325806e-01,-6.234845519065856934e-01,5.350939929485321045e-03,-1.003157854080200195e+00,-8.135389089584350586e-01,1.769086003303527832e+00,-2.283533066511154175e-01,-2.509627044200897217e-01,-3.495415747165679932e-01,-5.745853781700134277e-01
1.259045243263244629e+00,-1.466849207878112793e+00,-8.418813347816467285e-01,-8.655644655227661133e-01,-1.805250287055969238e+00,1.077288627624511719e+00,2.477879524230957031e+00,-4.073140621185302734e-01,-2.592799067497253418e-01,-1.118365049362182617e+00,1.086878299713134766e+00,-6.615803241729736328e-01,4.614460468292236328e-01,-6.133365631103515625e-01,-1.901716589927673340e-01,1.817741990089416504e-01,-1.647780179977416992e+00,-1.635001599788665771e-01,7.179071307182312012e-01,-1.753857016563415527e+00,1.040348768234252930e+00,8.203243017196655273e-01,1.982253670692443848e+00,-1.297166824340820312e+00,5.713103413581848145e-01,1.333795189857482910e+00,-3.357192277908325195e-01,9.016047716140747070e-01,3.175635635852813721e-01,-9.263143539428710938e-01,6.605831980705261230e-01,-9.551978707313537598e-01,1.173990011215209961e+00,-1.160802483558654785e+00,4.364437758922576904e-01,-3.007933497428894043e-01,-1.680909156799316406e+00,5.694495439529418945e-01,6.028710603713989258e-01,-1.215621829032897949e+00,8.480614423751831055e-01,-1.027863740921020508e+00,-8.490552902221679688e-01,1.132441878318786621e+00,-5.515605807304382324e-01,-1.006293296813964844e+00,-7.493360340595245361e-02,9.989457726478576660e-01,1.177870154380798340e+00,5.647716522216796875e-01,7.263613343238830566e-01,-5.028230696916580200e-02,1.623127460479736328e-01,1.782578706741333008e+00,1.350850313901901245e-01,-6.563717126846313477e-01,-8.855327963829040527e-02,-9.768714308738708496e-01,-8.624155521392822266e-01,1.989008545875549316e+00,-5.401966571807861328e-01,-1.769497394561767578e-01,-1.160708814859390259e-01,-5.304359197616577148e-01
1.086508870124816895e+00,-1.444918632507324219e+00,-5.791067481040954590e-01,-7.807996869087219238e-01,-1.586882233619689941e+00,1.171841740608215332e+00,2.479933738708496094e+00,-3.832349777221679688e-01,-3.619836270809173584e-01,-1.061126589775085449e+00,1.320515513420104980e+00,-6.493642330169677734e-01,6.572887897491455078e-01,-5.065172910690307617e-01,-3.028551340103149414e-01,1.881811767816543579e-02,-1.558649063110351562e+00,-3.355541229248046875e-01,7.506775856018066406e-01,-1.746917724609375000e+00,1.233190298080444336e+00,8.010693192481994629e-01,1.996146202087402344e+00,-1.230496883392333984e+00,6.435046195983886719e-01,1.290902376174926758e+00,-7.386350035667419434e-01,8.767415881156921387e-01,2.320012450218200684e-01,-7.452740669250488281e-01,9.515712857246398926e-01,-1.104444861412048340e+00,1.260188817977905273e+00,-1.247424125671386719e+00,2.730503678321838379e-01,-3.218974471092224121e-01,-1.758070945739746094e+00,3.257426619529724121e-01,7.084127664566040039e-01,-1.253510355949401855e+00,6.503332257270812988e-01,-1.019950389862060547e+00,-9.512388110160827637e-01,1.045849084854125977e+00,-5.559937357902526855e-01,-9.732871651649475098e-01,-6.869436800479888916e-02,1.034194111824035645e+00,1.208886384963989258e+00,8.246454000473022461e-01,8.888397216796875000e-01,8.227343857288360596e-02,7.700460404157638550e-02,1.814479589462280273e+00,6.159551441669464111e-03,-6.002950072288513184e-01,-1.345063000917434692e-01,-9.530154466629028320e-01,-7.972984313964843750e-01,1.699206471443176270e+00,-3.970842361450195312e-01,-1.253024488687515259e-01,-4.344334900379180908e-01,-6.864413619041442871e-01
1.124896407127380371e+00,-1.461880683898925781e+00,-6.661615371704101562e-01,-6.667178273200988770e-01,-1.783132195472717285e+00,1.147191047668457031e+00,2.550347328186035156e+00,-3.615111112594604492e-01,-7.467588782310485840e-02,-1.162875533103942871e+00,1.109723567962646484e+00,-8.033419251441955566e-01,5.208457112312316895e-01,-3.011440038681030273e-01,-4.538459479808807373e-01,-1.621166914701461792e-01,-1.564602375030517578e+00,-1.831427663564682007e-01,8.432345390319824219e-01,-1.728348016738891602e+00,9.203878641128540039e-01,8.615985512733459473e-01,1.735846042633056641e+00,-1.367078185081481934e+00,5.485673546791076660e-01,1.232913255691528320e+00,-6.769152283668518066e-01,9.212896823883056641e-01,2.445240020751953125e-01,-9.035190939903259277e-01,9.087898731231689453e-01,-1.067593812942504883e+00,9.664407968521118164e-01,-1.140214204788208008e+00,5.167008638381958008e-01,-2.611678838729858398e-01,-1.833957672119140625e+00,4.596272706985473633e-01,8.102015852928161621e-01,-1.039730548858642578e+00,7.867573499679565430e-01,-1.282406687736511230e+00,-8.073247671127319336e-01,9.141726493835449219e-01,-8.739914298057556152e-01,-9.862737655639648438e-01,-3.655283898115158081e-02,1.049528956413269043e+00,1.254141092300415039e+00,7.597430944442749023e-01,1.087167739868164062e+00,2.773943543434143066e-02,9.140586107969284058e-02,1.596539258956909180e+00,1.740399003028869629e-01,-5.216899514198303223e-01,2.213390469551086426e-01,-9.232084751129150391e-01,-1.059636116027832031e+00,1.962620735168457031e+00,-3.643863499164581299e-01,-1.932653784751892090e-01,-1.192611083388328552e-01,-5.037877559661865234e-01
1.195718884468078613e+00,-1.222116470336914062e+00,-6.829336285591125488e-01,-7.841260433197021484e-01,-1.531797289848327637e+00,1.001919984817504883e+00,2.617238759994506836e+00,-7.276442646980285645e-02,-3.052033483982086182e-01,-1.022127628326416016e+00,1.036028146743774414e+00,-7.985167503356933594e-01,3.707048892974853516e-01,-3.683973848819732666e-01,-3.486096262931823730e-01,-9.842387586832046509e-02,-1.775757908821105957e+00,-1.401381343603134155e-01,6.657110452651977539e-01,-1.523992896080017090e+00,1.071691036224365234e+00,9.857845306396484375e-01,1.849059224128723145e+00,-1.283851265907287598e+00,5.910815000534057617e-01,1.097123026847839355e+00,-7.612627148628234863e-01,1.084089756011962891e+00,2.358481287956237793e-01,-8.921936154365539551e-01,8.587648272514343262e-01,-1.036557435989379883e+00,1.054969906806945801e+00,-1.385070919990539551e+00,3.145615458488464355e-01,-2.662183940410614014e-01,-1.804958701133728027e+00,4.092155694961547852e-01,7.336461544036865234e-01,-1.363117456436157227e+00,9.057460427284240723e-01,-1.225837588310241699e+00,-8.456504344940185547e-01,9.977623224258422852e-01,-6.847046017646789551e-01,-9.970424771308898926e-01,1.020812839269638062e-01,9.129171371459960938e-01,1.108974695205688477e+00,8.486998081207275391e-01,1.035495519638061523e+00,-2.086601704359054565e-01,7.468242198228836060e-03,1.939373731613159180e+00,1.731214821338653564e-01,-4.628933966159820557e-01,-1.065318286418914795e-01,-8.651520013809204102e-01,-8.898310065269470215e-01,1.897913694381713867e+00,-3.296837210655212402e-01,-3.726445510983467102e-02,-2.319736778736114502e-01,-7.350452542304992676e-01
1.375929594039916992e+00,-1.385898709297180176e+00,-7.088843584060668945e-01,-8.430993556976318359e-01,-1.719146370887756348e+00,1.131399154663085938e+00,2.349439382553100586e+00,-8.391168713569641113e-02,-6.122015416622161865e-02,-1.341187000274658203e+00,1.194622278213500977e+00,-8.958486914634704590e-01,5.992867350578308105e-01,-4.539629817008972168e-01,-1.523559838533401489e-01,-1.252731680870056152e-02,-1.611582756042480469e+00,-1.438233852386474609e-01,6.346530914306640625e-01,-1.706910371780395508e+00,1.099531054496765137e+00,8.092346787452697754e-01,1.856859564781188965e+00,-1.482609748840332031e+00,5.827910304069519043e-01,1.004768848419189453e+00,-6.952733397483825684e-01,9.438913464546203613e-01,1.094364970922470093e-01,-8.282424211502075195e-01,8.631339669227600098e-01,-1.219133734703063965e+00,1.172586917877197266e+00,-1.178472638130187988e+00,4.648713767528533936e-01,-8.954646438360214233e-02,-1.600818395614624023e+00,6.476211547851562500e-01,6.499761343002319336e-01,-1.262036204338073730e+00,7.455977201461791992e-01,-1.159471035003662109e+00,-7.479733824729919434e-01,8.699880242347717285e-01,-6.878323554992675781e-01,-1.175546526908874512e+00,-8.113646507263183594e-02,9.708952903747558594e-01,1.060331225395202637e+00,7.391561269760131836e-01,1.165559649467468262e+00,4.857678711414337158e-02,2.845551967620849609e-01,1.818822979927062988e+00,9.943708032369613647e-02,-3.522204160690307617e-01,-1.250259280204772949e-01,-1.015894651412963867e+00,-7.721176743507385254e-01,1.842125892639160156e+00,-2.406230270862579346e-01,-3.452472984790802002e-01,-2.255216240882873535e-01,-7.233075499534606934e-01
1.392817616462707520e+00,-1.489573478698730469e+00,-7.808700203895568848e-01,-8.306703567504882812e-01,-1.724941134452819824e+00,1.066238880157470703e+00,2.348895311355590820e+00,-2.736262977123260498e-01,-6.822723895311355591e-02,-1.196113705635070801e+00,1.321574091911315918e+00,-8.279123306274414062e-01,6.929794549942016602e-01,-5.223857760429382324e-01,-4.195077419281005859e-01,2.108359932899475098e-01,-1.773804426193237305e+00,-2.033292651176452637e-01,8.646173477172851562e-01,-1.581839680671691895e+00,1.122666120529174805e+00,9.117932915687561035e-01,1.740228533744812012e+00,-1.363731145858764648e+00,3.267375826835632324e-01,1.123123168945312500e+00,-5.444691181182861328e-01,9.594780802726745605e-01,1.735644787549972534e-02,-7.614805698394775391e-01,9.572775363922119141e-01,-1.187001585960388184e+00,1.108880519866943359e+00,-1.358250141143798828e+00,3.230845928192138672e-01,-7.284599542617797852e-02,-1.707060217857360840e+00,3.771911859512329102e-01,5.807842016220092773e-01,-1.088853478431701660e+00,8.222858309745788574e-01,-1.187297940254211426e+00,-7.628791332244873047e-01,1.114090204238891602e+00,-5.094492435455322266e-01,-8.631484508514404297e-01,-7.647433876991271973e-02,1.228986501693725586e+00,1.208674311637878418e+00,5.427375435829162598e-01,8.145328760147094727e-01,8.750739693641662598e-02,3.772396221756935120e-02,1.622302174568176270e+00,6.545900553464889526e-02,-3.654904067516326904e-01,-9.845945984125137329e-02,-1.043807744979858398e+00,-1.044366955757141113e+00,1.980479359626770020e+00,-4.856028556823730469e-01,-3.101095557212829590e-01,-1.118847057223320007e-01,-3.149472773075103760e-01
1.069144487380981445e+00,-1.529005646705627441e+00,-5.992468595504760742e-01,-6.785623431205749512e-01,-1.932911872863769531e+00,1.290457963943481445e+00,2.361037254333496094e+00,-1.738287210464477539e-01,-1.926647126674652100e-01,-1.096778154373168945e+00,1.264890551567077637e+00,-5.711395740509033203e-01,6.085633635520935059e-01,-4.299224317073822021e-01,-1.567774266004562378e-01,-1.106340810656547546e-01,-1.846452474594116211e+00,-3.413757979869842529e-01,8.901744484901428223e-01,-1.744456171989440918e+00,1.159912943840026855e+00,5.973118543624877930e-01,1.909277319908142090e+00,-1.288428068161010742e+00,5.572031140327453613e-01,1.255480289459228516e+00,-5.238956212997436523e-01,8.363048434257507324e-01,3.394864499568939209e-01,-6.271989941596984863e-01,9.508780241012573242e-01,-1.030843377113342285e+00,1.002212524414062500e+00,-1.304563522338867188e+00,4.954926371574401855e-01,-2.836642563343048096e-01,-1.777012825012207031e+00,3.456070721149444580e-01,7.057694196701049805e-01,-1.401129961013793945e+00,8.038421273231506348e-01,-1.009709835052490234e+00,-7.007672190666198730e-01,1.173646688461303711e+00,-7.879044413566589355e-01,-9.819996356964111328e-01,-6.597525626420974731e-02,1.079384803771972656e+00,9.823409318923950195e-01,5.837624669075012207e-01,7.695047855377197266e-01,1.112318411469459534e-01,3.770954161882400513e-02,1.573554158210754395e+00,1.544336825609207153e-01,-4.589437246322631836e-01,1.931907981634140015e-01,-1.103075027465820312e+00,-8.915760517120361328e-01,1.932120561599731445e+00,-4.527235925197601318e-01,-1.396851390600204468e-01,-2.703123092651367188e-01,-5.191054344177246094e-01
1.258806705474853516e+00,-1.387150764465332031e+00,-6.947412490844726562e-01,-7.085797786712646484e-01,-1.640260100364685059e+00,1.151959300041198730e+00,2.488875627517700195e+00,-3.154850304126739502e-01,-9.372529387474060059e-02,-1.332167148590087891e+00,1.242768645286560059e+00,-7.054192423820495605e-01,4.909815788269042969e-01,-5.033983588218688965e-01,-1.742387115955352783e-01,-1.672143340110778809e-01,-1.665137767791748047e+00,-3.330288529396057129e-01,8.210836648941040039e-01,-1.559375405311584473e+00,1.234000444412231445e+00,7.136021256446838379e-01,1.847526907920837402e+00,-1.224910020828247070e+00,3.785806000232696533e-01,1.259247064590454102e+00,-4.048767983913421631e-01,8.797064423561096191e-01,3.063836395740509033e-01,-6.305071711540222168e-01,1.038324356079101562e+00,-1.101413249969482422e+00,9.697596430778503418e-01,-1.128520131111145020e+00,5.215492844581604004e-01,4.815466701984405518e-03,-1.762656807899475098e+00,3.210574984550476074e-01,5.436370968818664551e-01,-1.181087255477905273e+00,8.406043052673339844e-01,-1.330639123916625977e+00,-9.357230067253112793e-01,1.100164890289306641e+00,-6.891414523124694824e-01,-1.185592770576477051e+00,1.126419007778167725e-02,9.874805212020874023e-01,9.823449850082397461e-01,6.132709980010986328e-01,1.045725226402282715e+00,-1.019941717386245728e-01,8.325181901454925537e-02,1.878780961036682129e+00,7.683180272579193115e-03,-4.460324347019195557e-01,-4.939300566911697388e-02,-9.179101586341857910e-01,-8.869237899780273438e-01,1.972445487976074219e+00,-4.567829668521881104e-01,-3.671305775642395020e-01,-3.258661031723022461e-01,-5.732282400131225586e-01
1.081185102462768555e+00,-1.538618803024291992e+00,-6.157014369964599609e-01,-7.885925769805908203e-01,-1.910636901855468750e+00,9.341654777526855469e-01,2.502081394195556641e+00,-3.842019438743591309e-01,-2.299986779689788818e-01,-1.391396880149841309e+00,1.156644821166992188e+00,-7.457314133644104004e-01,4.654563069343566895e-01,-3.204636275768280029e-01,-1.902929544448852539e-01,3.221146762371063232e-03,-1.838547348976135254e+00,-8.998535573482513428e-02,8.062638044357299805e-01,-1.507102251052856445e+00,9.451398253440856934e-01,6.788218021392822266e-01,1.713847160339355469e+00,-1.178059220314025879e+00,4.299322068691253662e-01,1.108376622200012207e+00,-5.814249515533447266e-01,1.095451593399047852e+00,2.959758639335632324e-01,-7.086216807365417480e-01,6.408581733703613281e-01,-9.837393760681152344e-01,1.135837554931640625e+00,-1.267925024032592773e+00,5.871026515960693359e-01,-7.599458843469619751e-02,-1.755398273468017578e+00,3.229572772979736328e-01,8.724274039268493652e-01,-1.070113182067871094e+00,5.716432929039001465e-01,-1.346136212348937988e+00,-6.581152677536010742e-01,9.476274847984313965e-01,-7.331728935241699219e-01,-1.018962264060974121e+00,-1.512562930583953857e-01,1.198322415351867676e+00,1.315047979354858398e+00,5.684109330177307129e-01,1.102153778076171875e+00,-9.384222328662872314e-02,2.527022659778594971e-01,1.821390509605407715e+00,2.763426303863525391e-01,-6.532503366470336914e-01,1.794733703136444092e-01,-9.105879664421081543e-01,-9.838488698005676270e-01,1.982337474822998047e+00,-3.715779185295104980e-01,-4.228484332561492920e-01,-6.724882125854492188e-02,-3.941037952899932861e-01
1.097997426986694336e+00,-1.318391442298889160e+00,-5.249220728874206543e-01,-6.255519986152648926e-01,-1.870201349258422852e+00,1.182568907737731934e+00,2.350721120834350586e+00,-3.518097698688507080e-01,-2.910328507423400879e-01,-1.358146429061889648e+00,1.140768289566040039e+00,-7.149412631988525391e-01,5.034050941467285156e-01,-4.951211214065551758e-01,-4.094274044036865234e-01,1.465631276369094849e-01,-1.503986358642578125e+00,-9.023868292570114136e-02,6.576753258705139160e-01,-1.516829609870910645e+00,1.076712369918823242e+00,7.292813658714294434e-01,2.025214672088623047e+00,-1.263355970382690430e+00,3.555952906608581543e-01,1.272988677024841309e+00,-6.185771822929382324e-01,9.580249190330505371e-01,1.549603044986724854e-01,-7.135171890258789062e-01,1.014947295188903809e+00,-1.156299948692321777e+00,1.121388792991638184e+00,-1.443434357643127441e+00,3.328188657760620117e-01,-2.696702480316162109e-01,-1.793366193771362305e+00,6.424279212951660156e-01,8.973025083541870117e-01,-1.305042386054992676e+00,7.934379577636718750e-01,-1.147096395492553711e+00,-8.619751930236816406e-01,1.086682319641113281e+00,-6.613895297050476074e-01,-1.005614757537841797e+00,-1.864788234233856201e-01,1.047834873199462891e+00,1.046894311904907227e+00,5.681911706924438477e-01,9.769238233566284180e-01,9.821467101573944092e-03,2.084879577159881592e-01,1.632942557334899902e+00,3.012772202491760254e-01,-3.593688309192657471e-01,-9.010387957096099854e-02,-1.109736919403076172e+00,-9.998856782913208008e-01,1.963496208190917969e+00,-2.705423235893249512e-01,-3.667970895767211914e-01,-2.495503127574920654e-01,-3.416868746280670166e-01
1.231800794601440430e+00,-1.429828882217407227e+00,-7.785372138023376465e-01,-7.643639445304870605e-01,-1.827916264533996582e+00,1.018348455429077148e+00,2.273929834365844727e+00,-3.085553050041198730e-01,-3.426431417465209961e-01,-1.274302721023559570e+00,1.140018701553344727e+00,-6.996079683303833008e-01,6.910594105720520020e-01,-3.017930984497070312e-01,-9.213241189718246460e-02,1.601622700691223145e-01,-1.640812635421752930e+00,-1.452913433313369751e-01,7.480732202529907227e-01,-1.761897444725036621e+00,1.068507552146911621e+00,8.600952029228210449e-01,1.749306797981262207e+00,-1.497949361801147461e+00,5.366216897964477539e-01,1.285342216491699219e+00,-5.695680379867553711e-01,1.085502266883850098e+00,7.631289958953857422e-02,-8.218637108802795410e-01,9.815188646316528320e-01,-1.213946819305419922e+00,1.123734712600708008e+00,-1.271298885345458984e+00,3.514634966850280762e-01,-1.284486055374145508e-01,-1.466010093688964844e+00,3.667213618755340576e-01,7.883457541465759277e-01,-1.043405771255493164e+00,5.648075342178344727e-01,-1.090419054031372070e+00,-7.084153294563293457e-01,1.056492567062377930e+00,-8.481655120849609375e-01,-1.033224701881408691e+00,-3.265786543488502502e-02,9.587971568107604980e-01,1.332302331924438477e+00,8.061065077781677246e-01,1.123415589332580566e+00,2.766653895378112793e-02,-4.924029111862182617e-02,1.690137028694152832e+00,5.367872118949890137e-02,-5.636216402053833008e-01,1.137296706438064575e-01,-1.105959534645080566e+00,-1.072751283645629883e+00,1.880801320075988770e+00,-2.077612429857254028e-01,-7.588331401348114014e-02,-3.640709519386291504e-01,-5.973022580146789551e-01
1.174710273742675781e+00,-1.494349002838134766e+00,-7.143113017082214355e-01,-5.082960128784179688e-01,-1.906781196594238281e+00,1.151247024536132812e+00,2.336145162582397461e+00,-2.992577552795410156e-01,-8.551053702831268311e-02,-1.108671307563781738e+00,1.124686479568481445e+00,-6.452412605285644531e-01,5.787904262542724609e-01,-5.230746269226074219e-01,-1.601055562496185303e-01,1.037740781903266907e-01,-1.698656201362609863e+00,-2.691001817584037781e-02,6.804544925689697266e-01,-1.468778848648071289e+00,1.164293169975280762e+00,6.471792459487915039e-01,1.905692100524902344e+00,-1.475442767143249512e+00,4.152052998542785645e-01,1.336775064468383789e+00,-5.259596109390258789e-01,1.012166380882263184e+00,1.616429984569549561e-01,-9.460704922676086426e-01,8.523021340370178223e-01,-1.012182116508483887e+00,1.173701763153076172e+00,-1.353952527046203613e+00,3.271712660789489746e-01,-5.594327300786972046e-02,-1.822765231132507324e+00,3.879723548889160156e-01,7.117214798927307129e-01,-1.292096853256225586e+00,8.844849467277526855e-01,-1.192783594131469727e+00,-8.372398018836975098e-01,1.235535860061645508e+00,-6.597968339920043945e-01,-9.676306843757629395e-01,-2.431144416332244873e-01,1.061237931251525879e+00,1.137430429458618164e+00,5.491661429405212402e-01,9.098275899887084961e-01,-2.535169422626495361e-01,2.275820672512054443e-01,1.640053391456604004e+00,2.142432034015655518e-01,-5.852422714233398438e-01,2.158580124378204346e-01,-1.013944029808044434e+00,-9.659346342086791992e-01,1.832583785057067871e+00,-3.804163634777069092e-01,-2.898610234260559082e-01,-2.962726354598999023e-01,-3.345327675342559814e-01
1.391077041625976562e+00,-1.372824788093566895e+00,-6.314811706542968750e-01,-5.587128400802612305e-01,-1.664220213890075684e+00,9.537044763565063477e-01,2.400273323059082031e+00,-4.760747551918029785e-01,-2.473186552524566650e-01,-1.085862874984741211e+00,1.387107253074645996e+00,-5.541627407073974609e-01,5.294737219810485840e-01,-5.592464804649353027e-01,-3.927164673805236816e-01,1.256542801856994629e-01,-1.665021061897277832e+00,-2.771924138069152832e-01,7.687945365905761719e-01,-1.467509150505065918e+00,8.462715744972229004e-01,7.456424832344055176e-01,1.897882699966430664e+00,-1.325835227966308594e+00,3.320143222808837891e-01,1.155620932579040527e+00,-6.333869099617004395e-01,1.048998355865478516e+00,6.145977973937988281e-02,-8.047162294387817383e-01,8.818429112434387207e-01,-1.050526261329650879e+00,1.289012551307678223e+00,-1.153298854827880859e+00,3.829266726970672607e-01,-1.698630750179290771e-01,-1.854944229125976562e+00,4.335546791553497314e-01,8.645681142807006836e-01,-1.054432868957519531e+00,8.038928508758544922e-01,-1.312391161918640137e+00,-7.193123102188110352e-01,1.242548346519470215e+00,-8.903819322586059570e-01,-1.130669951438903809e+00,-5.203081667423248291e-02,1.059800624847412109e+00,1.081901669502258301e+00,7.111590504646301270e-01,1.026226997375488281e+00,-1.234253123402595520e-01,2.958239912986755371e-01,1.573536276817321777e+00,2.401742935180664062e-01,-6.713925600051879883e-01,-5.705150216817855835e-02,-1.134579777717590332e+00,-8.778116703033447266e-01,1.969335556030273438e+00,-3.839289247989654541e-01,-2.760388255119323730e-01,-2.159918248653411865e-01,-6.398422122001647949e-01
1.118341445922851562e+00,-1.434338569641113281e+00,-7.064865827560424805e-01,-6.325864791870117188e-01,-1.688500165939331055e+00,1.059602618217468262e+00,2.586933374404907227e+00,-2.722992300987243652e-01,-1.681030541658401489e-01,-1.258397459983825684e+00,1.223924636840820312e+00,-8.239630460739135742e-01,5.994560718536376953e-01,-4.355314970016479492e-01,-3.136184811592102051e-01,1.633485853672027588e-01,-1.562984943389892578e+00,-2.185691893100738525e-01,9.295507669448852539e-01,-1.603464484214782715e+00,1.147663116455078125e+00,8.442916870117187500e-01,1.929210662841796875e+00,-1.521120667457580566e+00,4.085780382156372070e-01,1.279081583023071289e+00,-4.423173069953918457e-01,7.999962568283081055e-01,-1.156038790941238403e-02,-9.385784864425659180e-01,1.011271357536315918e+00,-1.159457325935363770e+00,1.072970271110534668e+00,-1.224061369895935059e+00,6.030971407890319824e-01,-3.090399503707885742e-01,-1.666622996330261230e+00,5.213897228240966797e-01,7.040228843688964844e-01,-1.196442484855651855e+00,5.340219140052795410e-01,-1.093435049057006836e+00,-7.528668045997619629e-01,8.454084396362304688e-01,-6.502589583396911621e-01,-1.032830476760864258e+00,5.624880641698837280e-02,9.039464592933654785e-01,1.276714920997619629e+00,6.866642832756042480e-01,1.069721460342407227e+00,-9.290438145399093628e-02,2.348444908857345581e-01,1.609966874122619629e+00,1.867659389972686768e-01,-4.082113802433013916e-01,8.460580557584762573e-02,-1.219423294067382812e+00,-1.102980136871337891e+00,1.751395344734191895e+00,-2.628388404846191406e-01,-1.631912738084793091e-01,-2.688211500644683838e-01,-5.921190977096557617e-01
1.241952896118164062e+00,-1.518705606460571289e+00,-7.125752568244934082e-01,-6.013636589050292969e-01,-1.653956174850463867e+00,1.126489043235778809e+00,2.509385347366333008e+00,-2.639662325382232666e-01,2.538627386093139648e-02,-1.395285487174987793e+00,1.367271542549133301e+00,-6.984270811080932617e-01,7.065881490707397461e-01,-6.513093709945678711e-01,-1.684253811836242676e-01,-1.246819794178009033e-01,-1.685470819473266602e+00,-1.577021479606628418e-01,6.638922691345214844e-01,-1.550641298294067383e+00,8.892264962196350098e-01,9.126077890396118164e-01,1.967079997062683105e+00,-1.365339517593383789e+00,4.326972365379333496e-01,1.036832451820373535e+00,-7.182858586311340332e-01,8.429577946662902832e-01,1.671890914440155029e-01,-6.674202680587768555e-01,1.008186340332031250e+00,-1.329203724861145020e+00,1.227577209472656250e+00,-1.255829334259033203e+00,3.117003440856933594e-01,-2.230321764945983887e-01,-1.681316614151000977e+00,5.127515196800231934e-01,7.483276128768920898e-01,-1.327546477317810059e+00,8.402953743934631348e-01,-1.058107495307922363e+00,-7.466586828231811523e-01,9.404826760292053223e-01,-5.344756841659545898e-01,-9.102495312690734863e-01,-2.336485683917999268e-01,9.527339935302734375e-01,1.131858110427856445e+00,6.714277267456054688e-01,1.085232019424438477e+00,-2.534133493900299072e-01,1.612159013748168945e-01,1.627153277397155762e+00,2.772174477577209473e-01,-4.283635318279266357e-01,-6.749704480171203613e-04,-9.098569154739379883e-01,-1.023577928543090820e+00,1.826920032501220703e+00,-4.992966055870056152e-01,-2.030152380466461182e-01,-1.288897544145584106e-01,-5.146485567092895508e-01
1.323624849319458008e+00,-1.496862769126892090e+00,-6.165983676910400391e-01,-7.909917831420898438e-01,-1.625807404518127441e+00,1.220137953758239746e+00,2.469361305236816406e+00,-2.701167464256286621e-01,-1.863108575344085693e-01,-1.071625113487243652e+00,1.445634603500366211e+00,-8.596216440200805664e-01,6.311072111129760742e-01,-6.094920039176940918e-01,-3.204754889011383057e-01,-3.678113594651222229e-02,-1.815115690231323242e+00,-4.010982811450958252e-01,8.559122085571289062e-01,-1.500648260116577148e+00,9.985321760177612305e-01,9.749831557273864746e-01,1.935192227363586426e+00,-1.391414999961853027e+00,5.643815994262695312e-01,1.222052097320556641e+00,-4.324576854705810547e-01,7.996251583099365234e-01,1.517800837755203247e-01,-6.249378919601440430e-01,8.552441000938415527e-01,-1.316034197807312012e+00,1.088713407516479492e+00,-1.190542459487915039e+00,5.431241989135742188e-01,-7.097338140010833740e-02,-1.726809382438659668e+00,3.836666941642761230e-01,9.402701854705810547e-01,-1.224431395530700684e+00,6.772857308387756348e-01,-1.182515025138854980e+00,-9.021218419075012207e-01,9.423657655715942383e-01,-6.707463264465332031e-01,-1.029317975044250488e+00,4.376792907714843750e-02,9.379638433456420898e-01,1.112651348114013672e+00,6.210720539093017578e-01,8.180447220802307129e-01,-8.538947999477386475e-02,7.688418775796890259e-02,1.641630411148071289e+00,2.342254221439361572e-01,-3.463545143604278564e-01,1.371283978223800659e-01,-9.264554977416992188e-01,-7.742724418640136719e-01,1.760971546173095703e+00,-5.283468961715698242e-01,-3.621357083320617676e-01,-3.618381023406982422e-01,-6.486417055130004883e-01
1.181016445159912109e+00,-1.407914042472839355e+00,-9.069012999534606934e-01,-7.561050057411193848e-01,-1.742348909378051758e+00,9.847446084022521973e-01,2.556370258331298828e+00,-1.397998332977294922e-01,-3.532442450523376465e-01,-1.064209461212158203e+00,1.322646021842956543e+00,-7.856077551841735840e-01,3.739421069622039795e-01,-4.497755169868469238e-01,-3.883787691593170166e-01,1.003998816013336182e-01,-1.513789176940917969e+00,-1.051747649908065796e-01,7.072191238403320312e-01,-1.592795729637145996e+00,1.214830279350280762e+00,6.971861720085144043e-01,1.825097560882568359e+00,-1.331026792526245117e+00,4.823208451271057129e-01,1.126569151878356934e+00,-5.610433816909790039e-01,8.748848438262939453e-01,3.923304080963134766e-01,-8.165858983993530273e-01,9.971022009849548340e-01,-1.236601591110229492e+00,1.328446626663208008e+00,-1.154647827148437500e+00,2.967711687088012695e-01,4.025079309940338135e-03,-1.901520013809204102e+00,3.317867517471313477e-01,6.152251362800598145e-01,-1.368441462516784668e+00,6.247956156730651855e-01,-1.015042304992675781e+00,-9.234171509742736816e-01,9.436207413673400879e-01,-8.908621668815612793e-01,-9.420940876007080078e-01,-1.532793343067169189e-01,1.085825324058532715e+00,1.321081638336181641e+00,8.881815671920776367e-01,9.410820007324218750e-01,1.024368181824684143e-01,1.479883491992950439e-01,1.629571676254272461e+00,-6.568800657987594604e-02,-3.369594514369964600e-01,1.567711830139160156e-01,-9.097098708152770996e-01,-9.632295370101928711e-01,1.827658772468566895e+00,-4.483845829963684082e-01,-2.864008545875549316e-01,-1.586935222148895264e-01,-3.971527218818664551e-01
1.189881205558776855e+00,-1.235621690750122070e+00,-7.200245857238769531e-01,-8.041664958000183105e-01,-1.569506406784057617e+00,1.285196542739868164e+00,2.609328985214233398e+00,-2.995876371860504150e-01,-1.611453294754028320e-02,-1.216662168502807617e+00,1.276730179786682129e+00,-8.327664136886596680e-01,3.503601551055908203e-01,-5.516093373298645020e-01,-2.919873297214508057e-01,-1.763707995414733887e-01,-1.674940109252929688e+00,-2.306912839412689209e-01,9.577272534370422363e-01,-1.633687138557434082e+00,1.148435473442077637e+00,8.823727965354919434e-01,1.776781439781188965e+00,-1.453902125358581543e+00,3.657926321029663086e-01,1.236896634101867676e+00,-5.329636931419372559e-01,1.164295315742492676e+00,1.410616785287857056e-01,-7.625545263290405273e-01,8.352867960929870605e-01,-1.190504193305969238e+00,1.287137627601623535e+00,-1.157626986503601074e+00,4.458884596824645996e-01,-2.652119100093841553e-01,-1.565321683883666992e+00,4.507123827934265137e-01,7.103193998336791992e-01,-1.150441288948059082e+00,9.054163098335266113e-01,-1.072713732719421387e+00,-7.687910795211791992e-01,8.815065026283264160e-01,-6.347986459732055664e-01,-1.179701447486877441e+00,-2.472723275423049927e-01,1.057525634765625000e+00,1.030279755592346191e+00,8.029801845550537109e-01,7.793823480606079102e-01,-2.187956869602203369e-02,1.550628244876861572e-01,1.735772490501403809e+00,6.074907630681991577e-02,-6.669329404830932617e-01,5.571655184030532837e-02,-9.911757707595825195e-01,-8.418014049530029297e-01,1.787760853767395020e+00,-3.062783181667327881e-01,-4.278421998023986816e-01,-1.939469873905181885e-01,-6.696681976318359375e-01
1.186032772064208984e+00,-1.362679004669189453e+00,-7.293432354927062988e-01,-6.202496886253356934e-01,-1.636420488357543945e+00,1.183361649513244629e+00,2.592425107955932617e+00,-2.667004466056823730e-01,-7.821314036846160889e-03,-1.325021982192993164e+00,1.332673311233520508e+00,-5.812572240829467773e-01,3.774762749671936035e-01,-6.762105822563171387e-01,-2.510266900062561035e-01,-1.734995692968368530e-01,-1.585388422012329102e+00,-4.008814692497253418e-01,9.338486790657043457e-01,-1.502749681472778320e+00,1.067044734954833984e+00,6.471554636955261230e-01,1.922205090522766113e+00,-1.388458371162414551e+00,3.165712058544158936e-01,1.054854750633239746e+00,-6.801054477691650391e-01,1.089121580123901367e+00,2.345120906829833984e-01,-9.561728239059448242e-01,9.269268512725830078e-01,-1.096768617630004883e+00,1.229097247123718262e+00,-1.131634354591369629e+00,2.739393115043640137e-01,-1.554133370518684387e-02,-1.880831122398376465e+00,4.660524129867553711e-01,8.780496120452880859e-01,-1.216933250427246094e+00,6.041020154953002930e-01,-1.361101865768432617e+00,-7.131230831146240234e-01,1.249027490615844727e+00,-6.097837090492248535e-01,-1.044411063194274902e+00,-2.301506102085113525e-01,8.857083320617675781e-01,1.094406843185424805e+00,8.135473728179931641e-01,8.532894849777221680e-01,-1.469995379447937012e-01,-3.634670376777648926e-02,1.720022678375244141e+00,1.874642968177795410e-01,-3.272634744644165039e-01,2.375697493553161621e-01,-1.117833256721496582e+00,-7.732755541801452637e-01,1.685357809066772461e+00,-2.551735639572143555e-01,-3.481848239898681641e-01,-9.744096547365188599e-02,-4.774965643882751465e-01
1.393685698509216309e+00,-1.333080649375915527e+00,-8.402743935585021973e-01,-6.490466594696044922e-01,-1.643731951713562012e+00,1.062507987022399902e+00,2.505782604217529297e+00,-5.188496708869934082e-01,-2.972739934921264648e-02,-1.081281065940856934e+00,1.004776954650878906e+00,-8.054915666580200195e-01,4.391687214374542236e-01,-3.014370501041412354e-01,-2.152159512042999268e-01,2.120790630578994751e-02,-1.709469199180603027e+00,-3.606750369071960449e-01,9.308149814605712891e-01,-1.774431586265563965e+00,1.134046673774719238e+00,9.425207972526550293e-01,1.878293156623840332e+00,-1.258779764175415039e+00,3.965908586978912354e-01,1.171805381774902344e+00,-5.084925889968872070e-01,1.006829619407653809e+00,3.755499422550201416e-02,-8.706420063972473145e-01,9.780004024505615234e-01,-1.110440850257873535e+00,1.110005736351013184e+00,-1.269589662551879883e+00,5.693366527557373047e-01,-3.240033686161041260e-01,-1.548538088798522949e+00,3.849977254867553711e-01,5.593139529228210449e-01,-1.157688140869140625e+00,8.904251456260681152e-01,-1.090114593505859375e+00,-7.745590209960937500e-01,8.600727319717407227e-01,-6.909698247909545898e-01,-1.046007275581359863e+00,-1.730042397975921631e-01,9.697298407554626465e-01,1.110878705978393555e+00,5.733699202537536621e-01,1.024165153503417969e+00,-9.992574155330657959e-02,2.124079763889312744e-01,1.741781711578369141e+00,2.789132595062255859e-01,-6.469177603721618652e-01,1.126901730895042419e-01,-1.103947520256042480e+00,-1.108188509941101074e+00,1.995980262756347656e+00,-2.238544523715972900e-01,-4.288796186447143555e-01,-2.128752470016479492e-01,-3.672069907188415527e-01
1.100890994071960449e+00,-1.424530506134033203e+00,-6.679344177246093750e-01,-7.896658778190612793e-01,-1.666730046272277832e+00,1.144103527069091797e+00,2.704584121704101562e+00,-4.198578894138336182e-01,-2.127155959606170654e-01,-1.287711501121520996e+00,1.242312192916870117e+00,-6.223605275154113770e-01,4.537287652492523193e-01,-4.458311498165130615e-01,-4.638718664646148682e-01,-1.702373772859573364e-01,-1.757761478424072266e+00,-3.151648640632629395e-01,6.451495289802551270e-01,-1.620625853538513184e+00,9.303876161575317383e-01,7.919207811355590820e-01,1.906259894371032715e+00,-1.344317317008972168e+00,6.023383736610412598e-01,1.238960027694702148e+00,-3.163391649723052979e-01,9.908182024955749512e-01,2.960313260555267334e-01,-9.389919638633728027e-01,9.901619553565979004e-01,-1.119701147079467773e+00,1.076088428497314453e+00,-1.259812355041503906e+00,3.162461519241333008e-01,-2.346920222043991089e-01,-1.779970049858093262e+00,3.899943828582763672e-01,8.889544010162353516e-01,-1.029179215431213379e+00,6.368683576583862305e-01,-1.022735714912414551e+00,-8.233730792999267578e-01,1.015378594398498535e+00,-6.875026822090148926e-01,-1.063245296478271484e+00,-2.490221261978149414e-01,1.020811915397644043e+00,1.158337950706481934e+00,5.830619931221008301e-01,9.830477237701416016e-01,1.096276715397834778e-01,2.968032360076904297e-01,1.583405494689941406e+00,7.114131748676300049e-02,-4.640957117080688477e-01,1.213463544845581055e-01,-9.292162656784057617e-01,-1.030147194862365723e+00,1.908901810646057129e+00,-1.949073672294616699e-01,-2.405902147293090820e-01,-2.081837952136993408e-01,-3.764408528804779053e-01
1.217888593673706055e+00,-1.307349562644958496e+00,-5.274637937545776367e-01,-5.251036882400512695e-01,-1.859046936035156250e+00,1.080335855484008789e+00,2.383939266204833984e+00,-1.209125295281410217e-01,-2.225499153137207031e-01,-1.285105228424072266e+00,1.107375144958496094e+00,-8.007985949516296387e-01,3.702624738216400146e-01,-2.594342827796936035e-01,-1.233735233545303345e-01,-1.187683790922164917e-01,-1.823707103729248047e+00,-3.403256535530090332e-01,9.370786547660827637e-01,-1.649007916450500488e+00,1.233361124992370605e+00,8.254184126853942871e-01,2.044002056121826172e+00,-1.244593858718872070e+00,4.888444542884826660e-01,1.295604825019836426e+00,-7.206198573112487793e-01,9.160138964653015137e-01,1.573301255702972412e-01,-6.595789194107055664e-01,8.522313833236694336e-01,-1.225601077079772949e+00,1.184990286827087402e+00,-1.288826346397399902e+00,5.969362854957580566e-01,2.085169404745101929e-02,-1.638051986694335938e+00,6.238165497779846191e-01,6.188385486602783203e-01,-1.288888335227966309e+00,8.556222915649414062e-01,-1.198913097381591797e+00,-7.274669408798217773e-01,1.072508931159973145e+00,-5.402001142501831055e-01,-1.118398308753967285e+00,-4.230350255966186523e-03,8.822695612907409668e-01,1.158283352851867676e+00,8.737317919731140137e-01,7.700663805007934570e-01,1.863849908113479614e-02,-1.226982101798057556e-02,1.553275465965270996e+00,1.312119364738464355e-01,-5.816342830657958984e-01,-1.328917890787124634e-01,-1.198435187339782715e+00,-9.992135763168334961e-01,1.700951576232910156e+00,-3.199442625045776367e-01,-2.735949754714965820e-01,-4.073432087898254395e-01,-4.211866855621337891e-01
1.190895557403564453e+00,-1.437251329421997070e+00,-7.971593737602233887e-01,-6.348105072975158691e-01,-1.723960161209106445e+00,1.106843590736389160e+00,2.691982030868530273e+00,-4.214555323123931885e-01,-1.055804416537284851e-01,-1.315343618392944336e+00,1.365486621856689453e+00,-5.469479560852050781e-01,5.127031207084655762e-01,-3.697332441806793213e-01,-3.288558423519134521e-01,-1.007970422506332397e-01,-1.685531020164489746e+00,-2.048283368349075317e-01,8.153607845306396484e-01,-1.658108949661254883e+00,9.022705554962158203e-01,7.148414850234985352e-01,1.741487860679626465e+00,-1.363393545150756836e+00,3.510065972805023193e-01,1.309565067291259766e+00,-6.466295123100280762e-01,1.015506386756896973e+00,2.741612195968627930e-01,-7.306686043739318848e-01,7.324489355087280273e-01,-1.176579952239990234e+00,1.015885710716247559e+00,-1.307750821113586426e+00,6.214420199394226074e-01,-2.357862591743469238e-01,-1.580670833587646484e+00,5.430544614791870117e-01,6.953099966049194336e-01,-1.045670986175537109e+00,8.866493701934814453e-01,-1.126794576644897461e+00,-9.369719028472900391e-01,1.173327922821044922e+00,-7.674380540847778320e-01,-8.689182400703430176e-01,-2.131913304328918457e-01,8.904833197593688965e-01,1.154638290405273438e+00,8.547587990760803223e-01,7.889710664749145508e-01,-2.046698629856109619e-01,4.505383595824241638e-02,1.677797794342041016e+00,-1.835254207253456116e-02,-4.097741246223449707e-01,1.679150164127349854e-01,-1.159953594207763672e+00,-8.104746341705322266e-01,1.914982795715332031e+00,-1.805389523506164551e-01,-1.163411214947700500e-01,-3.641583025455474854e-01,-5.461384654045104980e-01
1.154737830162048340e+00,-1.333082914352416992e+00,-6.715191602706909180e-01,-7.120462656021118164e-01,-1.595302939414978027e+00,1.169731736183166504e+00,2.381495237350463867e+00,-4.533790946006774902e-01,-1.978511810302734375e-01,-1.232332468032836914e+00,1.322095990180969238e+00,-8.498848080635070801e-01,4.486592411994934082e-01,-4.687658548355102539e-01,-4.647445976734161377e-01,1.524002104997634888e-01,-1.711828231811523438e+00,-1.260989904403686523e-01,8.771723508834838867e-01,-1.662649154663085938e+00,1.030440092086791992e+00,6.875561475753784180e-01,1.980361700057983398e+00,-1.235224485397338867e+00,4.427800476551055908e-01,1.212405920028686523e+00,-6.896070837974548340e-01,8.902139663696289062e-01,1.616469621658325195e-01,-6.876646280288696289e-01,6.714777946472167969e-01,-1.299802303314208984e+00,1.300407528877258301e+00,-1.153525590896606445e+00,4.141560792922973633e-01,-8.146841078996658325e-02,-1.605755805969238281e+00,6.702329516410827637e-01,9.229258894920349121e-01,-1.327228188514709473e+00,6.603678464889526367e-01,-1.190744638442993164e+00,-8.280600905418395996e-01,8.519337773323059082e-01,-7.193572521209716797e-01,-9.594649672508239746e-01,-2.306552678346633911e-01,9.748048782348632812e-01,1.107525944709777832e+00,6.037918925285339355e-01,8.017588853836059570e-01,7.395007461309432983e-02,7.998835295438766479e-02,1.875570535659790039e+00,2.660850584506988525e-01,-6.050930023193359375e-01,1.450600922107696533e-01,-1.071775078773498535e+00,-9.436411261558532715e-01,1.965805411338806152e+00,-2.836119234561920166e-01,-6.554484367370605469e-02,-1.445110887289047241e-01,-6.889677047729492188e-01
1.411076664924621582e+00,-1.189922928810119629e+00,-7.310423254966735840e-01,-6.891200542449951172e-01,-1.614126086235046387e+00,1.042185783386230469e+00,2.440715312957763672e+00,-3.854679167270660400e-01,-1.460817307233810425e-01,-1.399366617202758789e+00,1.429218769073486328e+00,-7.322869300842285156e-01,6.450890302658081055e-01,-4.154872298240661621e-01,-3.422174751758575439e-01,-1.406156271696090698e-01,-1.541585326194763184e+00,-2.510858178138732910e-01,9.272891283035278320e-01,-1.709116339683532715e+00,1.114459872245788574e+00,6.560734510421752930e-01,1.806627511978149414e+00,-1.428341984748840332e+00,2.970303893089294434e-01,1.226127147674560547e+00,-6.854342222213745117e-01,9.940470457077026367e-01,2.311757355928421021e-01,-6.286172270774841309e-01,8.810978531837463379e-01,-9.989604949951171875e-01,1.195713043212890625e+00,-1.236160397529602051e+00,3.244586288928985596e-01,-2.631854712963104248e-01,-1.772314906120300293e+00,6.685683727264404297e-01,6.111532449722290039e-01,-1.184485912322998047e+00,5.687745809555053711e-01,-1.256095170974731445e+00,-5.761376023292541504e-01,9.212082624435424805e-01,-8.187476992607116699e-01,-1.046257853507995605e+00,8.786281198263168335e-02,9.519398808479309082e-01,1.351688265800476074e+00,7.070788145065307617e-01,1.039218306541442871e+00,-7.746788859367370605e-02,3.120130896568298340e-01,1.577094674110412598e+00,8.340992778539657593e-02,-5.446023941040039062e-01,5.045108869671821594e-02,-1.184872984886169434e+00,-9.494662284851074219e-01,1.850830674171447754e+00,-5.015593767166137695e-01,-3.573541939258575439e-01,-1.401995718479156494e-01,-4.502293467521667480e-01
1.134189248085021973e+00,-1.247639775276184082e+00,-6.509195566177368164e-01,-8.483260869979858398e-01,-1.603351593017578125e+00,1.234700441360473633e+00,2.411220073699951172e+00,-1.667301505804061890e-01,-2.676666378974914551e-01,-1.035637736320495605e+00,1.159216523170471191e+00,-6.657001972198486328e-01,5.222120881080627441e-01,-2.993972003459930420e-01,-3.576021790504455566e-01,-1.441148668527603149e-01,-1.493895053863525391e+00,-3.471351265907287598e-01,9.648010134696960449e-01,-1.494604945182800293e+00,1.144638061523437500e+00,7.055611014366149902e-01,1.962346196174621582e+00,-1.218395352363586426e+00,6.675531864166259766e-01,1.039968967437744141e+00,-4.690225422382354736e-01,9.556971788406372070e-01,6.395127624273300171e-02,-9.556365609169006348e-01,7.911487817764282227e-01,-1.276923537254333496e+00,1.183112502098083496e+00,-1.475471258163452148e+00,6.537381410598754883e-01,-2.892079055309295654e-01,-1.626044631004333496e+00,3.327074944972991943e-01,6.099795103073120117e-01,-1.307971715927124023e+00,7.446370720863342285e-01,-1.301523566246032715e+00,-7.871646285057067871e-01,1.102321386337280273e+00,-5.832975506782531738e-01,-9.056149721145629883e-01,-7.119069248437881470e-02,1.276069641113281250e+00,1.102165341377258301e+00,6.584579944610595703e-01,1.034068703651428223e+00,-1.863155663013458252e-01,9.640923142433166504e-02,1.722169756889343262e+00,1.223921477794647217e-01,-5.264872908592224121e-01,3.824760019779205322e-02,-1.087768554687500000e+00,-8.614814281463623047e-01,2.065137147903442383e+00,-5.409349203109741211e-01,-3.520836532115936279e-01,-4.000510573387145996e-01,-6.356111168861389160e-01
1.229752540588378906e+00,-1.380867719650268555e+00,-8.263617157936096191e-01,-5.944098830223083496e-01,-1.614001274108886719e+00,1.140891909599304199e+00,2.573321104049682617e+00,-3.898469805717468262e-01,3.730826079845428467e-02,-1.305870175361633301e+00,1.240680575370788574e+00,-8.477997779846191406e-01,6.104202270507812500e-01,-6.015881896018981934e-01,-2.484696060419082642e-01,-9.636843204498291016e-02,-1.634457826614379883e+00,-2.261720597743988037e-01,6.502713561058044434e-01,-1.666656613349914551e+00,1.200361609458923340e+00,6.131020188331604004e-01,2.004036426544189453e+00,-1.221166968345642090e+00,6.351538896560668945e-01,1.096407294273376465e+00,-6.986528038978576660e-01,1.099234342575073242e+00,1.406566500663757324e-01,-7.376777529716491699e-01,8.579730391502380371e-01,-1.173549890518188477e+00,1.170989036560058594e+00,-1.283398985862731934e+00,3.610960245132446289e-01,-3.928855061531066895e-03,-1.475415229797363281e+00,3.592387139797210693e-01,8.243082165718078613e-01,-1.261379718780517578e+00,6.538038849830627441e-01,-1.227330923080444336e+00,-6.847976446151733398e-01,1.066661596298217773e+00,-6.519313454627990723e-01,-1.129051923751831055e+00,-7.945495098829269409e-02,1.046371936798095703e+00,1.052334666252136230e+00,7.557156682014465332e-01,1.098310589790344238e+00,-1.696323454380035400e-01,7.160419225692749023e-02,1.618601083755493164e+00,-5.370865762233734131e-02,-3.200442492961883545e-01,-8.619700372219085693e-02,-9.244018197059631348e-01,-8.872743844985961914e-01,1.902562856674194336e+00,-4.175595939159393311e-01,-2.877309322357177734e-01,-2.443889081478118896e-01,-6.526291370391845703e-01
1.346384882926940918e+00,-1.477065086364746094e+00,-8.654193878173828125e-01,-6.652438044548034668e-01,-1.656651496887207031e+00,1.251649856567382812e+00,2.526952505111694336e+00,-3.430275022983551025e-01,-1.536344736814498901e-01,-1.153687119483947754e+00,1.357514500617980957e+00,-8.049204945564270020e-01,4.693611562252044678e-01,-3.580936789512634277e-01,-1.861949265003204346e-01,-1.295801699161529541e-01,-1.602937698364257812e+00,-2.211901843547821045e-01,8.588618636131286621e-01,-1.669781208038330078e+00,1.025665521621704102e+00,6.366587877273559570e-01,1.684130787849426270e+00,-1.413334846496582031e+00,6.653646826744079590e-01,1.117231369018554688e+00,-4.362063109874725342e-01,9.453461170196533203e-01,3.277533948421478271e-01,-7.156584858894348145e-01,9.921078681945800781e-01,-1.135440349578857422e+00,1.191183090209960938e+00,-1.338333606719970703e+00,5.366735458374023438e-01,-2.308077067136764526e-01,-1.568130970001220703e+00,5.163841247558593750e-01,5.645313858985900879e-01,-1.322726249694824219e+00,8.612263798713684082e-01,-9.898610115051269531e-01,-7.737207412719726562e-01,1.037922143936157227e+00,-8.252489566802978516e-01,-1.131033897399902344e+00,-1.927616000175476074e-01,1.195226430892944336e+00,1.149398922920227051e+00,5.595628619194030762e-01,1.001928687095642090e+00,5.904220044612884521e-02,-2.275051549077033997e-02,1.549898147583007812e+00,2.702252864837646484e-01,-5.968925356864929199e-01,-5.595219135284423828e-02,-1.156373262405395508e+00,-9.136152863502502441e-01,1.762318849563598633e+00,-1.883799731731414795e-01,-3.443883061408996582e-01,-2.353928685188293457e-01,-5.733568668365478516e-01
1.245579481124877930e+00,-1.571819663047790527e+00,-5.044956207275390625e-01,-6.246560215950012207e-01,-1.908645629882812500e+00,1.013880610466003418e+00,2.489794015884399414e+00,-1.216576695442199707e-01,-1.756240874528884888e-01,-1.044079303741455078e+00,1.127202033996582031e+00,-9.168627262115478516e-01,4.793507158756256104e-01,-6.393769383430480957e-01,-1.971969306468963623e-01,8.062981069087982178e-02,-1.704008221626281738e+00,-6.742507964372634888e-02,6.432350277900695801e-01,-1.532459378242492676e+00,8.963696360588073730e-01,7.452609539031982422e-01,2.085664749145507812e+00,-1.235277891159057617e+00,7.096926569938659668e-01,1.208817481994628906e+00,-5.374138951301574707e-01,8.834412693977355957e-01,9.109910577535629272e-03,-8.377034664154052734e-01,9.752042889595031738e-01,-1.021801352500915527e+00,1.165353298187255859e+00,-1.216071605682373047e+00,2.604282796382904053e-01,-2.057478576898574829e-01,-1.540697932243347168e+00,4.167262315750122070e-01,6.984417438507080078e-01,-1.339697360992431641e+00,9.284107685089111328e-01,-1.109888315200805664e+00,-9.415749311447143555e-01,1.024403572082519531e+00,-8.661935329437255859e-01,-8.654550909996032715e-01,-1.838866472244262695e-01,9.803026914596557617e-01,1.155418395996093750e+00,5.611344575881958008e-01,9.801784753799438477e-01,1.174353733658790588e-01,1.079612374305725098e-01,1.762076973915100098e+00,-4.786958172917366028e-02,-6.611770391464233398e-01,1.098518669605255127e-01,-1.224348545074462891e+00,-7.984803915023803711e-01,1.910657882690429688e+00,-5.130811929702758789e-01,-6.292471289634704590e-02,-7.127279043197631836e-02,-4.674371480941772461e-01
1.306586742401123047e+00,-1.465292572975158691e+00,-5.912063121795654297e-01,-8.262934684753417969e-01,-1.872256040573120117e+00,1.261355400085449219e+00,2.404863119125366211e+00,-3.854561746120452881e-01,-3.208832442760467529e-01,-1.238659262657165527e+00,1.408636927604675293e+00,-8.308804035186767578e-01,7.403807640075683594e-01,-5.724503993988037109e-01,-2.553393244743347168e-01,-1.319307833909988403e-01,-1.527116656303405762e+00,-2.448820024728775024e-01,8.445591926574707031e-01,-1.628366708755493164e+00,1.126593112945556641e+00,6.785905361175537109e-01,1.701601386070251465e+00,-1.297989487648010254e+00,7.100148200988769531e-01,1.046482086181640625e+00,-5.497898459434509277e-01,8.517478704452514648e-01,1.730045825242996216e-01,-7.710972428321838379e-01,9.830858111381530762e-01,-1.234968066215515137e+00,1.000616550445556641e+00,-1.190394997596740723e+00,3.502799570560455322e-01,5.171941965818405151e-02,-1.772140979766845703e+00,4.809720516204833984e-01,7.114662528038024902e-01,-1.059000492095947266e+00,9.374650716781616211e-01,-1.239325642585754395e+00,-5.809760093688964844e-01,9.217684268951416016e-01,-6.838169693946838379e-01,-1.198564648628234863e+00,1.658137887716293335e-02,9.249092936515808105e-01,1.025360107421875000e+00,5.132953524589538574e-01,1.158231258392333984e+00,-2.055805921554565430e-01,1.305217593908309937e-01,1.813998699188232422e+00,1.276539862155914307e-01,-6.556788086891174316e-01,-1.322198957204818726e-01,-1.098543167114257812e+00,-7.875041961669921875e-01,1.821777105331420898e+00,-1.508522480726242065e-01,-4.880846291780471802e-02,-1.552182286977767944e-01,-5.067734718322753906e-01
1.346119999885559082e+00,-1.296710610389709473e+00,-5.215191841125488281e-01,-6.369773149490356445e-01,-1.545281648635864258e+00,1.206595540046691895e+00,2.582267284393310547e+00,-2.507824301719665527e-01,-1.531654298305511475e-01,-1.361258029937744141e+00,1.220438003540039062e+00,-6.104903221130371094e-01,4.769577682018280029e-01,-5.759155154228210449e-01,-4.082127213478088379e-01,1.527677774429321289e-01,-1.824624776840209961e+00,-3.309776782989501953e-01,7.751552462577819824e-01,-1.710233330726623535e+00,9.220978021621704102e-01,9.762101769447326660e-01,1.742766737937927246e+00,-1.481963276863098145e+00,5.726940631866455078e-01,1.018886089324951172e+00,-7.064381837844848633e-01,1.021977305412292480e+00,2.815677821636199951e-01,-9.244311451911926270e-01,9.509200453758239746e-01,-1.237188100814819336e+00,1.229833006858825684e+00,-1.467678904533386230e+00,4.799496829509735107e-01,-8.966653794050216675e-02,-1.633311033248901367e+00,6.905453801155090332e-01,7.309335470199584961e-01,-1.204290151596069336e+00,6.002501249313354492e-01,-9.612432718276977539e-01,-6.215226650238037109e-01,1.031016111373901367e+00,-7.468093633651733398e-01,-9.035273194313049316e-01,-1.238677501678466797e-01,1.053945422172546387e+00,1.215755343437194824e+00,6.710113286972045898e-01,7.773007154464721680e-01,-4.240109026432037354e-02,-2.780124172568321228e-02,1.638321042060852051e+00,1.103856116533279419e-01,-5.181267857551574707e-01,1.079963892698287964e-02,-1.074645638465881348e+00,-8.448249101638793945e-01,1.755697011947631836e+00,-2.208448797464370728e-01,-3.605918884277343750e-01,-2.067160755395889282e-01,-6.068888902664184570e-01
1.142718672752380371e+00,-1.286951184272766113e+00,-7.780830264091491699e-01,-5.114131569862365723e-01,-1.603772521018981934e+00,1.059979915618896484e+00,2.471301317214965820e+00,-2.795968949794769287e-01,9.669683873653411865e-03,-1.350199341773986816e+00,1.049709558486938477e+00,-5.367777347564697266e-01,7.117090225219726562e-01,-4.468885362148284912e-01,-4.437219798564910889e-01,-4.116584733128547668e-02,-1.770813345909118652e+00,-2.207836508750915527e-01,9.569867849349975586e-01,-1.560129404067993164e+00,9.770394563674926758e-01,9.945977330207824707e-01,2.051836252212524414e+00,-1.428312301635742188e+00,3.023356199264526367e-01,1.025409698486328125e+00,-6.470365524291992188e-01,9.087103009223937988e-01,4.174790531396865845e-02,-7.918008565902709961e-01,7.331479787826538086e-01,-1.173927664756774902e+00,1.311737298965454102e+00,-1.451987981796264648e+00,3.883156180381774902e-01,-2.733994722366333008e-01,-1.633832573890686035e+00,3.955630362033843994e-01,5.976205468177795410e-01,-1.253737807273864746e+00,7.260487079620361328e-01,-1.063431382179260254e+00,-7.483029365539550781e-01,9.074426293373107910e-01,-8.641369938850402832e-01,-8.963973522186279297e-01,-1.500670313835144043e-01,1.151996374130249023e+00,1.051804900169372559e+00,8.077872395515441895e-01,9.893864393234252930e-01,5.394697189331054688e-02,2.751404047012329102e-01,1.793138742446899414e+00,4.478095471858978271e-02,-5.038142800331115723e-01,-4.985643923282623291e-02,-1.208175063133239746e+00,-9.764172434806823730e-01,1.925863027572631836e+00,-2.054775357246398926e-01,-2.058475315570831299e-01,-1.461947262287139893e-01,-3.331851661205291748e-01
1.196164369583129883e+00,-1.479624032974243164e+00,-6.777614355087280273e-01,-6.443477869033813477e-01,-1.644738554954528809e+00,1.247038125991821289e+00,2.681101322174072266e+00,-1.844108998775482178e-01,-6.701326370239257812e-02,-1.347283244132995605e+00,1.332419395446777344e+00,-9.012786149978637695e-01,6.195645928382873535e-01,-5.250021219253540039e-01,-2.548904716968536377e-01,1.710988730192184448e-01,-1.629145026206970215e+00,-1.785892844200134277e-01,1.000591158866882324e+00,-1.527715802192687988e+00,9.100371599197387695e-01,8.601844310760498047e-01,1.785685300827026367e+00,-1.250398874282836914e+00,5.073885321617126465e-01,1.007478952407836914e+00,-3.795680403709411621e-01,1.080041170120239258e+00,2.365339100360870361e-01,-9.280154109001159668e-01,7.615255117416381836e-01,-1.085334062576293945e+00,9.944180250167846680e-01,-1.388812065124511719e+00,5.407555699348449707e-01,-2.050380408763885498e-01,-1.538644790649414062e+00,4.388288855552673340e-01,7.797186970710754395e-01,-1.354869604110717773e+00,7.699534296989440918e-01,-1.155707955360412598e+00,-8.443127274513244629e-01,8.923238515853881836e-01,-8.469645977020263672e-01,-1.157251954078674316e+00,-9.005300700664520264e-03,1.173406124114990234e+00,1.199202537536621094e+00,5.625054240226745605e-01,8.669382333755493164e-01,-2.516259551048278809e-01,-4.418992996215820312e-02,1.827700018882751465e+00,-8.592817932367324829e-03,-5.408449172973632812e-01,-3.619109839200973511e-02,-8.779609799385070801e-01,-7.069939374923706055e-01,1.707154154777526855e+00,-3.750632703304290771e-01,-1.633721143007278442e-01,-3.998501002788543701e-01,-5.253734588623046875e-01
1.100270628929138184e+00,-1.540006995201110840e+00,-6.033588647842407227e-01,-6.687915921211242676e-01,-1.588490009307861328e+00,9.242041707038879395e-01,2.430927038192749023e+00,-2.968296408653259277e-01,-1.288696229457855225e-01,-1.123699545860290527e+00,1.293871402740478516e+00,-6.234315633773803711e-01,6.657471060752868652e-01,-5.621076822280883789e-01,-3.138594925403594971e-01,-1.432257890701293945e-01,-1.708589196205139160e+00,-5.203554779291152954e-02,9.757854938507080078e-01,-1.584684848785400391e+00,8.991433382034301758e-01,9.421655535697937012e-01,1.814158201217651367e+00,-1.347359418869018555e+00,6.329939961433410645e-01,1.258743047714233398e+00,-5.152782201766967773e-01,9.504584074020385742e-01,-1.377762854099273682e-02,-8.597582578659057617e-01,8.211336135864257812e-01,-1.070641756057739258e+00,1.109306573867797852e+00,-1.377511501312255859e+00,3.534906506538391113e-01,-2.110534906387329102e-01,-1.781444191932678223e+00,4.501271545886993408e-01,8.730244040489196777e-01,-1.232858538627624512e+00,6.427934765815734863e-01,-1.191862106323242188e+00,-9.138947725296020508e-01,1.014154553413391113e+00,-7.578896284103393555e-01,-1.134422779083251953e+00,4.159950464963912964e-02,1.029399752616882324e+00,1.199536681175231934e+00,8.261318802833557129e-01,1.053846955299377441e+00,-4.501975700259208679e-02,9.825478494167327881e-02,1.579626917839050293e+00,1.858203858137130737e-01,-3.262667357921600342e-01,-1.238432526588439941e-01,-8.515831828117370605e-01,-1.038280010223388672e+00,2.017185688018798828e+00,-3.431087136268615723e-01,-3.568499088287353516e-01,-1.826914697885513306e-01,-5.556440353393554688e-01
1.323819041252136230e+00,-1.324924945831298828e+00,-7.590281963348388672e-01,-8.434907793998718262e-01,-1.940369486808776855e+00,1.295634627342224121e+00,2.404903173446655273e+00,-5.122742429375648499e-02,-2.784481644630432129e-01,-1.015068531036376953e+00,1.149299383163452148e+00,-6.541222929954528809e-01,4.392059743404388428e-01,-5.586284995079040527e-01,-2.637416422367095947e-01,1.483856141567230225e-01,-1.574973940849304199e+00,-1.139894947409629822e-01,7.253869175910949707e-01,-1.800142884254455566e+00,1.003537416458129883e+00,7.681600451469421387e-01,2.030812740325927734e+00,-1.461775779724121094e+00,3.780210316181182861e-01,1.086049675941467285e+00,-5.886162519454956055e-01,8.490169644355773926e-01,2.258596718311309814e-01,-7.898958325386047363e-01,9.134007692337036133e-01,-1.030553102493286133e+00,9.774129986763000488e-01,-1.157628536224365234e+00,5.418235659599304199e-01,5.429234355688095093e-02,-1.693042755126953125e+00,2.931368947029113770e-01,9.131847620010375977e-01,-1.258391618728637695e+00,8.184911608695983887e-01,-1.051951050758361816e+00,-9.444220662117004395e-01,9.073580503463745117e-01,-7.224360704421997070e-01,-1.237761497497558594e+00,-1.971599906682968140e-01,1.062665700912475586e+00,1.202256441116333008e+00,6.323813796043395996e-01,9.688916206359863281e-01,1.038594618439674377e-01,2.600086331367492676e-01,1.824456691741943359e+00,-8.218368142843246460e-02,-3.532395958900451660e-01,-8.675737679004669189e-02,-1.005766630172729492e+00,-9.823786616325378418e-01,1.708696484565734863e+00,-2.311236560344696045e-01,-2.000714242458343506e-01,-2.299851626157760620e-01,-5.088074803352355957e-01
1.126638650894165039e+00,-1.511707067489624023e+00,-5.060262084007263184e-01,-5.821145772933959961e-01,-1.720760226249694824e+00,1.078292012214660645e+00,2.258483171463012695e+00,-3.926979899406433105e-01,-1.397219672799110413e-02,-1.175578832626342773e+00,1.130552530288696289e+00,-8.652720451354980469e-01,5.065437555313110352e-01,-5.875303149223327637e-01,-2.215575575828552246e-01,6.562513858079910278e-02,-1.753091931343078613e+00,-1.009525954723358154e-01,8.697656393051147461e-01,-1.591152310371398926e+00,1.193374872207641602e+00,7.298618555068969727e-01,1.898562550544738770e+00,-1.514678597450256348e+00,6.505987644195556641e-01,1.288995862007141113e+00,-4.868895709514617920e-01,1.025455355644226074e+00,1.167540624737739563e-01,-8.668730854988098145e-01,6.520516872406005859e-01,-1.072684764862060547e+00,1.052037000656127930e+00,-1.221764087677001953e+00,4.950346946716308594e-01,-2.248039469122886658e-02,-1.840075373649597168e+00,3.856299519538879395e-01,7.589203119277954102e-01,-1.180262565612792969e+00,6.054538488388061523e-01,-1.108582019805908203e+00,-8.016469478607177734e-01,1.207731962203979492e+00,-5.652643442153930664e-01,-1.048327803611755371e+00,4.630520939826965332e-02,1.107231974601745605e+00,1.233755946159362793e+00,6.099357604980468750e-01,8.011792898178100586e-01,6.489191204309463501e-02,-6.383942067623138428e-02,1.890078306198120117e+00,1.457843780517578125e-01,-6.641326546669006348e-01,-4.604295268654823303e-02,-9.746735095977783203e-01,-1.066477775573730469e+00,1.849876165390014648e+00,-2.898308336734771729e-01,-1.588856577873229980e-01,-2.387876808643341064e-01,-5.847958326339721680e-01
1.278979897499084473e+00,-1.240871429443359375e+00,-5.769931077957153320e-01,-5.137941241264343262e-01,-1.714018225669860840e+00,1.280737638473510742e+00,2.558401584625244141e+00,-2.901556491851806641e-01,-2.777891755104064941e-01,-1.202642321586608887e+00,1.033952713012695312e+00,-8.961701393127441406e-01,4.562526047229766846e-01,-6.712319850921630859e-01,-3.611980378627777100e-01,-9.447055310010910034e-02,-1.443106174468994141e+00,-1.052404940128326416e-01,9.696975350379943848e-01,-1.581532478332519531e+00,9.021126627922058105e-01,9.183386564254760742e-01,2.010932683944702148e+00,-1.328227758407592773e+00,4.816358089447021484e-01,1.033889293670654297e+00,-6.010323166847229004e-01,8.059931993484497070e-01,1.768308132886886597e-02,-7.987500429153442383e-01,1.009271144866943359e+00,-9.790116548538208008e-01,9.623733758926391602e-01,-1.246286392211914062e+00,4.348705708980560303e-01,-2.259912341833114624e-01,-1.804547429084777832e+00,6.420586705207824707e-01,8.344881534576416016e-01,-1.347942829132080078e+00,5.123205780982971191e-01,-1.089981794357299805e+00,-6.309480071067810059e-01,1.153434634208679199e+00,-7.508882284164428711e-01,-1.082693457603454590e+00,-1.670326143503189087e-01,1.210826754570007324e+00,1.143847942352294922e+00,5.169594287872314453e-01,7.784823775291442871e-01,-1.180230081081390381e-01,2.637217938899993896e-02,1.843145847320556641e+00,-6.508223712444305420e-02,-3.539420366287231445e-01,1.814595311880111694e-01,-1.145537257194519043e+00,-9.237154722213745117e-01,1.990040779113769531e+00,-4.259035289287567139e-01,-5.113949999213218689e-02,-3.099193274974822998e-01,-5.498434305191040039e-01
1.177481532096862793e+00,-1.511073231697082520e+00,-5.865051746368408203e-01,-5.902044773101806641e-01,-1.749054074287414551e+00,1.243445515632629395e+00,2.368141412734985352e+00,-1.852111071348190308e-01,-2.962545752525329590e-01,-1.159694433212280273e+00,1.390597701072692871e+00,-5.747474431991577148e-01,7.144899368286132812e-01,-6.092548966407775879e-01,-3.589394390583038330e-01,-8.334382623434066772e-02,-1.531186461448669434e+00,-3.656789958477020264e-01,7.435497641563415527e-01,-1.480365633964538574e+00,8.896851539611816406e-01,8.369781970977783203e-01,1.758861064910888672e+00,-1.517268419265747070e+00,6.726450324058532715e-01,1.337160348892211914e+00,-4.518300592899322510e-01,9.924561977386474609e-01,1.438274979591369629e-01,-8.266899585723876953e-01,8.847607374191284180e-01,-1.266385555267333984e+00,1.164814710617065430e+00,-1.479276418685913086e+00,4.406778812408447266e-01,-3.127140998840332031e-01,-1.689448714256286621e+00,6.502134799957275391e-01,6.904616951942443848e-01,-1.275771260261535645e+00,7.135924696922302246e-01,-9.928103685379028320e-01,-8.938710093498229980e-01,1.004635334014892578e+00,-7.339540123939514160e-01,-1.021939396858215332e+00,-1.576146185398101807e-01,9.349006414413452148e-01,1.235319018363952637e+00,7.432790398597717285e-01,1.094038128852844238e+00,1.015740036964416504e-01,1.128770560026168823e-01,1.678164243698120117e+00,-1.651814579963684082e-02,-5.978778600692749023e-01,-5.652434378862380981e-02,-1.141175746917724609e+00,-8.901898264884948730e-01,1.719472289085388184e+00,-3.238675594329833984e-01,-2.671852111816406250e-01,-1.006110906600952148e-01,-3.265707492828369141e-01
1.241780519485473633e+00,-1.409500718116760254e+00,-7.219392061233520508e-01,-5.763823390007019043e-01,-1.627134442329406738e+00,1.183209776878356934e+00,2.603152275085449219e+00,-2.020349353551864624e-01,-7.179703563451766968e-02,-1.258673548698425293e+00,1.218124270439147949e+00,-7.432470917701721191e-01,5.485848784446716309e-01,-6.730943322181701660e-01,-1.108899116516113281e-01,1.564497053623199463e-01,-1.524483084678649902e+00,-1.319451034069061279e-01,7.455450296401977539e-01,-1.641664505004882812e+00,9.465137720108032227e-01,9.400103688240051270e-01,1.703788995742797852e+00,-1.268570542335510254e+00,3.519529700279235840e-01,1.128145933151245117e+00,-6.018496751785278320e-01,1.078317284584045410e+00,1.448286175727844238e-01,-7.755512595176696777e-01,1.049104571342468262e+00,-1.044149637222290039e+00,1.278384804725646973e+00,-1.477859020233154297e+00,4.131604731082916260e-01,-1.970813572406768799e-01,-1.800447344779968262e+00,6.244729161262512207e-01,6.081779599189758301e-01,-1.210419535636901855e+00,8.940639495849609375e-01,-1.221058011054992676e+00,-6.962097883224487305e-01,1.245338320732116699e+00,-7.019270658493041992e-01,-1.173507213592529297e+00,-2.424033582210540771e-01,8.828721046447753906e-01,1.071423053741455078e+00,7.082870602607727051e-01,8.228204250335693359e-01,-1.158468723297119141e-01,1.736661940813064575e-01,1.677794218063354492e+00,1.657833456993103027e-01,-4.748760759830474854e-01,1.903997957706451416e-01,-8.620446324348449707e-01,-9.876138567924499512e-01,1.680409550666809082e+00,-4.616990685462951660e-01,-3.765383362770080566e-01,-4.011921584606170654e-01,-6.867195963859558105e-01
1.140655875205993652e+00,-1.368694067001342773e+00,-5.735790729522705078e-01,-7.154313325881958008e-01,-1.753737211227416992e+00,1.245154738426208496e+00,2.555521726608276367e+00,-2.469379305839538574e-01,-7.514581084251403809e-04,-1.350591659545898438e+00,1.306814432144165039e+00,-6.932149529457092285e-01,4.104265570640563965e-01,-5.575181245803833008e-01,-4.101464152336120605e-01,-9.711579978466033936e-02,-1.794618129730224609e+00,-2.372536063194274902e-02,8.580394983291625977e-01,-1.535995841026306152e+00,1.179186940193176270e+00,7.089828848838806152e-01,2.013167142868041992e+00,-1.257507920265197754e+00,4.515169262886047363e-01,1.326980113983154297e+00,-6.652001738548278809e-01,7.657034993171691895e-01,1.565747857093811035e-01,-7.022593021392822266e-01,8.590099215507507324e-01,-1.150834083557128906e+00,1.108305573463439941e+00,-1.446251630783081055e+00,6.226470470428466797e-01,-1.163875162601470947e-01,-1.547225356101989746e+00,4.095588922500610352e-01,6.394223570823669434e-01,-1.151032686233520508e+00,5.818508267402648926e-01,-1.145321369171142578e+00,-8.142307996749877930e-01,1.052028298377990723e+00,-5.366545319557189941e-01,-9.907765984535217285e-01,-1.323685646057128906e-01,9.898100495338439941e-01,9.897696375846862793e-01,6.907829046249389648e-01,9.886813163757324219e-01,-9.480301290750503540e-02,1.698486804962158203e-01,1.863189339637756348e+00,-1.042163670063018799e-01,-3.786607384681701660e-01,-9.029296785593032837e-02,-1.180373311042785645e+00,-7.934937477111816406e-01,1.750504136085510254e+00,-2.315063178539276123e-01,-3.697896599769592285e-01,-1.584149003028869629e-01,-6.438343524932861328e-01
1.103632330894470215e+00,-1.569753408432006836e+00,-6.214433312416076660e-01,-5.139116048812866211e-01,-1.743585824966430664e+00,1.076822519302368164e+00,2.413249015808105469e+00,-4.839343726634979248e-01,-4.522474482655525208e-02,-1.347905039787292480e+00,1.134797811508178711e+00,-8.541324138641357422e-01,3.723327815532684326e-01,-6.166489720344543457e-01,-2.440037131309509277e-01,-1.645739972591400146e-01,-1.583011269569396973e+00,-8.615773916244506836e-02,7.792410850524902344e-01,-1.437538981437683105e+00,1.042842149734497070e+00,9.165407419204711914e-01,2.071098089218139648e+00,-1.520166754722595215e+00,4.087106883525848389e-01,1.118709921836853027e+00,-5.130631923675537109e-01,8.307375907897949219e-01,1.699094921350479126e-01,-5.926811099052429199e-01,7.718064785003662109e-01,-9.941425919532775879e-01,1.263020277023315430e+00,-1.330624222755432129e+00,3.836640417575836182e-01,-1.132982447743415833e-01,-1.661365032196044922e+00,5.676862597465515137e-01,6.365839242935180664e-01,-1.239518165588378906e+00,7.693006992340087891e-01,-1.321555733680725098e+00,-6.989024877548217773e-01,1.112083315849304199e+00,-5.192490816116333008e-01,-9.463750720024108887e-01,-1.761401742696762085e-01,1.034435868263244629e+00,1.349718332290649414e+00,5.373039841651916504e-01,1.121971964836120605e+00,-5.751848220825195312e-02,-5.748089402914047241e-03,1.802033662796020508e+00,2.632738649845123291e-01,-5.391868352890014648e-01,1.704336255788803101e-01,-1.218010306358337402e+00,-9.013794660568237305e-01,1.759708642959594727e+00,-4.392257928848266602e-01,-9.101587533950805664e-02,-2.753525972366333008e-01,-5.009326934814453125e-01
1.331890463829040527e+00,-1.446724534034729004e+00,-6.886320710182189941e-01,-5.195307731628417969e-01,-1.613125801086425781e+00,1.144005417823791504e+00,2.464564800262451172e+00,-2.568073272705078125e-01,-1.745735108852386475e-01,-1.308184981346130371e+00,1.312699198722839355e+00,-8.668112754821777344e-01,5.386117100715637207e-01,-6.568344831466674805e-01,-5.009492039680480957e-01,1.370384395122528076e-01,-1.794047594070434570e+00,-2.447926700115203857e-01,9.027996063232421875e-01,-1.483247399330139160e+00,1.026978373527526855e+00,6.729806661605834961e-01,1.924247145652770996e+00,-1.185129284858703613e+00,4.280788302421569824e-01,1.291303992271423340e+00,-7.606110572814941406e-01,1.078624486923217773e+00,1.673515439033508301e-01,-9.115173220634460449e-01,6.968141794204711914e-01,-1.221217155456542969e+00,9.502034187316894531e-01,-1.405073642730712891e+00,3.366259634494781494e-01,-2.079611718654632568e-01,-1.799919724464416504e+00,3.619762659072875977e-01,8.739078640937805176e-01,-1.004416465759277344e+00,6.153647303581237793e-01,-1.001104235649108887e+00,-6.781584024429321289e-01,8.613170385360717773e-01,-5.788385272026062012e-01,-1.011277675628662109e+00,5.321221798658370972e-02,9.526599049568176270e-01,1.224405050277709961e+00,7.077708840370178223e-01,1.059055209159851074e+00,-2.261423766613006592e-01,2.234694361686706543e-01,1.798991799354553223e+00,-4.495692998170852661e-02,-5.072825551033020020e-01,1.336023062467575073e-01,-8.963662385940551758e-01,-8.974694609642028809e-01,1.949237346649169922e+00,-3.868030309677124023e-01,-2.438410669565200806e-01,-2.179360687732696533e-01,-4.599067866802215576e-01
1.130687475204467773e+00,-1.545557260513305664e+00,-7.933774590492248535e-01,-5.617420077323913574e-01,-1.812394738197326660e+00,1.337850809097290039e+00,2.608603239059448242e+00,-2.120014280080795288e-01,-1.539066433906555176e-01,-1.143918275833129883e+00,1.354809403419494629e+00,-7.711117267608642578e-01,4.934960305690765381e-01,-3.591445088386535645e-01,-2.759072482585906982e-01,4.298233613371849060e-02,-1.844186305999755859e+00,-2.384866923093795776e-01,6.446382403373718262e-01,-1.678551197052001953e+00,9.188379645347595215e-01,7.667269110679626465e-01,1.738286018371582031e+00,-1.402274370193481445e+00,4.071740806102752686e-01,1.037515878677368164e+00,-6.863355040550231934e-01,9.009438157081604004e-01,1.453515887260437012e-01,-9.360801577568054199e-01,8.198485374450683594e-01,-1.156283020973205566e+00,9.520035386085510254e-01,-1.172366261482238770e+00,4.185568690299987793e-01,-2.062130272388458252e-01,-1.595520377159118652e+00,4.016330838203430176e-01,8.421156406402587891e-01,-1.035114884376525879e+00,7.884584665298461914e-01,-1.202982068061828613e+00,-6.977857351303100586e-01,9.445739984512329102e-01,-5.401800870895385742e-01,-9.760566353797912598e-01,1.418008655309677124e-02,1.132312178611755371e+00,1.018282532691955566e+00,8.662826418876647949e-01,8.155613541603088379e-01,8.566489815711975098e-02,2.827563583850860596e-01,1.876790881156921387e+00,2.502480521798133850e-02,-6.496306061744689941e-01,1.432960107922554016e-02,-9.398415684700012207e-01,-9.495298266410827637e-01,1.969107866287231445e+00,-4.132738411426544189e-01,-3.219327330589294434e-01,-1.331443786621093750e-01,-3.822673261165618896e-01
1.418574571609497070e+00,-1.411387562751770020e+00,-8.459092378616333008e-01,-5.934792757034301758e-01,-1.799307346343994141e+00,1.294093728065490723e+00,2.345110177993774414e+00,-5.660667270421981812e-02,-1.845525503158569336e-01,-1.261286497116088867e+00,1.231764793395996094e+00,-6.951462030410766602e-01,4.411922991275787354e-01,-5.086144208908081055e-01,-4.198654294013977051e-01,5.507525801658630371e-02,-1.671884536743164062e+00,-3.282079100608825684e-01,6.393809318542480469e-01,-1.599149703979492188e+00,1.043534994125366211e+00,8.538808822631835938e-01,2.063581466674804688e+00,-1.268009901046752930e+00,3.824806213378906250e-01,1.011078834533691406e+00,-6.254302263259887695e-01,8.790501356124877930e-01,1.037797480821609497e-01,-8.723344206809997559e-01,8.657012581825256348e-01,-9.739983677864074707e-01,9.642503857612609863e-01,-1.394987583160400391e+00,4.944184422492980957e-01,-1.349679678678512573e-01,-1.671359062194824219e+00,4.270489513874053955e-01,8.608319759368896484e-01,-1.220311999320983887e+00,8.968873023986816406e-01,-9.382565617561340332e-01,-7.559158802032470703e-01,8.812044262886047363e-01,-8.110197186470031738e-01,-1.024493098258972168e+00,-8.532365411520004272e-02,1.164391160011291504e+00,1.066336750984191895e+00,9.012894630432128906e-01,9.239150881767272949e-01,-5.766791850328445435e-02,-3.611449152231216431e-03,1.875228404998779297e+00,2.928960323333740234e-01,-5.797546505928039551e-01,-3.421891480684280396e-02,-1.027493715286254883e+00,-9.977416396141052246e-01,1.705830931663513184e+00,-3.082241117954254150e-01,-3.098501078784465790e-02,-1.962880045175552368e-01,-6.688370704650878906e-01
1.111125469207763672e+00,-1.297350406646728516e+00,-7.213253378868103027e-01,-8.066484332084655762e-01,-1.614116787910461426e+00,1.198225140571594238e+00,2.643500804901123047e+00,-2.404643446207046509e-01,-2.843943238258361816e-01,-1.096628665924072266e+00,1.308428764343261719e+00,-7.949292659759521484e-01,5.637879371643066406e-01,-4.086377322673797607e-01,-4.166746437549591064e-01,6.482271105051040649e-02,-1.826754331588745117e+00,-2.690728306770324707e-01,9.213679432868957520e-01,-1.826288938522338867e+00,1.034977674484252930e+00,6.217468976974487305e-01,2.038648605346679688e+00,-1.223392009735107422e+00,3.196180462837219238e-01,1.123638987541198730e+00,-5.557383298873901367e-01,1.042892575263977051e+00,3.390923738479614258e-01,-9.690325260162353516e-01,7.362788319587707520e-01,-9.918825626373291016e-01,1.189175009727478027e+00,-1.260245084762573242e+00,5.938181877136230469e-01,-2.274195849895477295e-01,-1.656303167343139648e+00,4.829232692718505859e-01,8.528504371643066406e-01,-1.036653041839599609e+00,6.097501516342163086e-01,-1.106587529182434082e+00,-6.056154370307922363e-01,1.170573234558105469e+00,-7.608352303504943848e-01,-1.107945322990417480e+00,3.203791379928588867e-02,9.675467014312744141e-01,1.071771264076232910e+00,5.658659338951110840e-01,8.627617955207824707e-01,-8.100941777229309082e-02,2.272968292236328125e-01,1.694045782089233398e+00,1.555483937263488770e-01,-6.616976261138916016e-01,2.505652606487274170e-02,-1.136563897132873535e+00,-7.261137366294860840e-01,1.711292862892150879e+00,-3.319793641567230225e-01,-4.778305888175964355e-01,-1.554367393255233765e-01,-5.925010442733764648e-01
1.215611815452575684e+00,-1.355943441390991211e+00,-6.466265916824340820e-01,-5.756353139877319336e-01,-1.892478704452514648e+00,1.129609942436218262e+00,2.484639167785644531e+00,-1.312774121761322021e-01,-1.500462889671325684e-01,-1.469275593757629395e+00,1.196232676506042480e+00,-8.915974497795104980e-01,6.794752478599548340e-01,-6.671772003173828125e-01,-2.732816636562347412e-01,-1.514748185873031616e-01,-1.751756191253662109e+00,-8.957242220640182495e-02,7.477450370788574219e-01,-1.716593503952026367e+00,9.593999385833740234e-01,7.535336613655090332e-01,1.916316390037536621e+00,-1.240556716918945312e+00,3.323498964309692383e-01,1.302271127700805664e+00,-5.215820670127868652e-01,8.685429692268371582e-01,1.105289310216903687e-01,-7.993559241294860840e-01,7.466136217117309570e-01,-1.059606432914733887e+00,1.149375438690185547e+00,-1.431430220603942871e+00,5.948417782783508301e-01,-2.670055627822875977e-02,-1.534696340560913086e+00,4.929988682270050049e-01,7.378484010696411133e-01,-1.330948829650878906e+00,5.720998644828796387e-01,-1.093730688095092773e+00,-8.947525024414062500e-01,9.379524588584899902e-01,-5.414268374443054199e-01,-1.003922462463378906e+00,3.057017922401428223e-02,8.963875770568847656e-01,1.236433386802673340e+00,8.974765539169311523e-01,1.105839014053344727e+00,-1.320839673280715942e-02,1.937586814165115356e-01,1.683454513549804688e+00,7.390743494033813477e-02,-4.768745899200439453e-01,-4.132469370961189270e-02,-1.016993165016174316e+00,-9.285011291503906250e-01,1.739527940750122070e+00,-3.156971335411071777e-01,-2.478811144828796387e-01,-6.472107023000717163e-02,-4.255916774272918701e-01
1.180832862854003906e+00,-1.361494183540344238e+00,-8.351542949676513672e-01,-8.871790170669555664e-01,-1.955921411514282227e+00,1.171205759048461914e+00,2.410962820053100586e+00,-2.041453570127487183e-01,-9.947805106639862061e-02,-1.288823008537292480e+00,1.377511620521545410e+00,-9.198341965675354004e-01,4.140419363975524902e-01,-4.880966544151306152e-01,-2.129946053028106689e-01,-1.144683212041854858e-01,-1.529889106750488281e+00,-1.953127384185791016e-01,6.598240733146667480e-01,-1.747756958007812500e+00,9.455824494361877441e-01,8.160123229026794434e-01,1.776745080947875977e+00,-1.264094471931457520e+00,5.237476229667663574e-01,1.294663429260253906e+00,-4.764971733093261719e-01,1.135602235794067383e+00,1.998471319675445557e-01,-7.267308235168457031e-01,7.505555152893066406e-01,-1.029854774475097656e+00,1.175864338874816895e+00,-1.489614486694335938e+00,5.119456648826599121e-01,-2.160875797271728516e-01,-1.636951327323913574e+00,5.815483331680297852e-01,8.955984115600585938e-01,-1.162634611129760742e+00,8.251080513000488281e-01,-9.939153790473937988e-01,-6.131328940391540527e-01,9.167398214340209961e-01,-7.489930987358093262e-01,-9.251177310943603516e-01,1.867872476577758789e-02,9.461619853973388672e-01,1.067422389984130859e+00,5.951106548309326172e-01,9.598444700241088867e-01,-1.721672564744949341e-01,2.428362369537353516e-01,1.937793016433715820e+00,2.532640397548675537e-01,-3.517861664295196533e-01,-1.944547891616821289e-01,-9.337573051452636719e-01,-8.075559735298156738e-01,1.771326541900634766e+00,-4.952114820480346680e-01,-2.054180204868316650e-01,-4.840994477272033691e-01,-5.826718807220458984e-01
1.069149732589721680e+00,-1.469226837158203125e+00,-8.295274972915649414e-01,-5.471742153167724609e-01,-1.890584349632263184e+00,1.177033543586730957e+00,2.453661918640136719e+00,-4.023287296295166016e-01,-8.903641998767852783e-02,-1.045948743820190430e+00,1.303797960281372070e+00,-8.133755326271057129e-01,3.585285842418670654e-01,-2.990922033786773682e-01,-2.589501738548278809e-01,6.326074898242950439e-02,-1.817874073982238770e+00,-2.695279121398925781e-01,9.600341320037841797e-01,-1.714554548263549805e+00,9.589469432830810547e-01,8.183645606040954590e-01,1.942514777183532715e+00,-1.301525354385375977e+00,6.203540563583374023e-01,1.050013661384582520e+00,-4.565781950950622559e-01,9.855518937110900879e-01,8.036877959966659546e-02,-6.367856264114379883e-01,8.714114427566528320e-01,-1.278092384338378906e+00,1.315222501754760742e+00,-1.179944872856140137e+00,4.883188009262084961e-01,-2.850092351436614990e-01,-1.610668182373046875e+00,3.889039158821105957e-01,6.167411804199218750e-01,-1.116147875785827637e+00,7.079254984855651855e-01,-1.213151454925537109e+00,-9.526594281196594238e-01,1.230057239532470703e+00,-8.973616361618041992e-01,-8.731121420860290527e-01,-1.433985233306884766e-01,9.734779596328735352e-01,1.139822721481323242e+00,5.518222451210021973e-01,8.205811381340026855e-01,1.342904120683670044e-01,1.963151693344116211e-01,1.660784721374511719e+00,1.982143521308898926e-01,-3.859524726867675781e-01,-1.175518333911895752e-01,-9.480594992637634277e-01,-7.176637649536132812e-01,1.933042407035827637e+00,-4.279969334602355957e-01,-1.913772076368331909e-01,-2.321410328149795532e-01,-6.562885046005249023e-01
1.182641625404357910e+00,-1.326533555984497070e+00,-6.243038177490234375e-01,-6.140538454055786133e-01,-1.691853523254394531e+00,1.164568901062011719e+00,2.567374229431152344e+00,-3.397716283798217773e-01,-3.003158271312713623e-01,-1.055800676345825195e+00,1.109270811080932617e+00,-8.762595653533935547e-01,4.298755526542663574e-01,-3.420235812664031982e-01,-1.578677296638488770e-01,-1.717388182878494263e-01,-1.524080634117126465e+00,-2.055221050977706909e-02,6.659290790557861328e-01,-1.473120927810668945e+00,9.330796003341674805e-01,8.254361748695373535e-01,1.795940756797790527e+00,-1.239785790443420410e+00,6.278540492057800293e-01,1.144598603248596191e+00,-6.657589673995971680e-01,8.597002029418945312e-01,3.401571512222290039e-01,-8.072274923324584961e-01,9.643648266792297363e-01,-9.341530203819274902e-01,1.246402621269226074e+00,-1.457033395767211914e+00,5.032492280006408691e-01,-2.323109060525894165e-01,-1.755159735679626465e+00,5.975251793861389160e-01,6.600989103317260742e-01,-1.306496143341064453e+00,6.642811894416809082e-01,-1.303817629814147949e+00,-7.397463917732238770e-01,1.208294630050659180e+00,-8.897902965545654297e-01,-1.178256869316101074e+00,-1.929754018783569336e-01,8.860891461372375488e-01,1.071009635925292969e+00,6.884654164314270020e-01,1.017161250114440918e+00,-2.110555619001388550e-01,2.021652609109878540e-01,1.871531248092651367e+00,-1.249402612447738647e-01,-6.508420705795288086e-01,-3.975200280547142029e-02,-8.948999047279357910e-01,-9.968084692955017090e-01,2.021822929382324219e+00,-5.177276134490966797e-01,-1.174931675195693970e-01,-8.919822424650192261e-02,-3.776963055133819580e-01
1.087428092956542969e+00,-1.393944501876831055e+00,-6.833575367927551270e-01,-5.061309933662414551e-01,-1.733686566352844238e+00,1.208489894866943359e+00,2.558913230895996094e+00,-2.279951125383377075e-01,-2.457306161522865295e-02,-1.125702023506164551e+00,1.330065965652465820e+00,-7.775122523307800293e-01,4.184616208076477051e-01,-6.373940706253051758e-01,-4.736091494560241699e-01,-1.425870656967163086e-01,-1.584311008453369141e+00,-2.735600471496582031e-01,6.885674595832824707e-01,-1.539268016815185547e+00,1.092013835906982422e+00,8.943693041801452637e-01,1.788644790649414062e+00,-1.520248055458068848e+00,3.957070112228393555e-01,1.349961876869201660e+00,-4.348048269748687744e-01,7.641497254371643066e-01,1.493939161300659180e-01,-8.035579919815063477e-01,9.840843677520751953e-01,-1.036954879760742188e+00,1.176573991775512695e+00,-1.454300522804260254e+00,3.677631914615631104e-01,-1.709208190441131592e-01,-1.565158486366271973e+00,5.610201358795166016e-01,6.506160497665405273e-01,-1.119866847991943359e+00,7.952556610107421875e-01,-1.109241724014282227e+00,-7.646287679672241211e-01,9.964192509651184082e-01,-6.310089230537414551e-01,-9.882057905197143555e-01,-1.539559960365295410e-01,9.338649511337280273e-01,1.311217308044433594e+00,5.425797104835510254e-01,1.058750510215759277e+00,1.038714647293090820e-01,2.443238943815231323e-01,1.602969527244567871e+00,-4.027523100376129150e-02,-4.606142640113830566e-01,1.906586438417434692e-02,-1.250415563583374023e+00,-9.717365503311157227e-01,2.020725965499877930e+00,-3.364999294281005859e-01,-2.098522186279296875e-01,-2.932270169258117676e-01,-6.444950103759765625e-01
1.403747677803039551e+00,-1.244455814361572266e+00,-8.711585402488708496e-01,-6.974236369132995605e-01,-1.800436854362487793e+00,1.007300019264221191e+00,2.336504697799682617e+00,-3.749732673168182373e-01,-2.533913850784301758e-01,-1.374230027198791504e+00,1.344346046447753906e+00,-7.267926931381225586e-01,6.234430074691772461e-01,-5.925171375274658203e-01,-4.203131794929504395e-01,1.228385567665100098e-01,-1.771854519844055176e+00,-3.730236291885375977e-01,7.048373222351074219e-01,-1.473194837570190430e+00,1.058766245841979980e+00,9.112015366554260254e-01,1.774174332618713379e+00,-1.195362806320190430e+00,4.505963921546936035e-01,1.096022844314575195e+00,-3.627549111843109131e-01,7.737113237380981445e-01,9.777115285396575928e-02,-7.192637920379638672e-01,9.579861164093017578e-01,-1.249095201492309570e+00,1.219988226890563965e+00,-1.454139828681945801e+00,2.433771789073944092e-01,-1.122101694345474243e-01,-1.720133185386657715e+00,6.499996185302734375e-01,8.732513189315795898e-01,-1.378635525703430176e+00,6.110867261886596680e-01,-1.022009611129760742e+00,-8.355193138122558594e-01,9.395365118980407715e-01,-7.064353823661804199e-01,-8.571659326553344727e-01,7.808330655097961426e-02,1.217326045036315918e+00,1.347705364227294922e+00,6.275827884674072266e-01,9.951032996177673340e-01,-1.985325515270233154e-01,-7.478004693984985352e-02,1.620597362518310547e+00,2.147945165634155273e-01,-3.610684871673583984e-01,-1.574385166168212891e-02,-1.123414278030395508e+00,-8.107800483703613281e-01,1.904670834541320801e+00,-4.665642976760864258e-01,-1.027233451604843140e-01,-1.007255241274833679e-01,-3.388777971267700195e-01
1.093155503273010254e+00,-1.468399524688720703e+00,-4.943577051162719727e-01,-7.560666203498840332e-01,-1.802350997924804688e+00,1.118971705436706543e+00,2.383782148361206055e+00,-3.702605366706848145e-01,-1.823063492774963379e-01,-1.294852018356323242e+00,1.305809497833251953e+00,-6.699486970901489258e-01,3.849182128906250000e-01,-3.174579143524169922e-01,-4.687176942825317383e-01,-9.511317312717437744e-02,-1.782555460929870605e+00,-2.637544572353363037e-01,6.496445536613464355e-01,-1.782484650611877441e+00,1.030605792999267578e+00,9.569122791290283203e-01,2.043142080307006836e+00,-1.407213568687438965e+00,3.564857542514801025e-01,1.112709164619445801e+00,-5.841519832611083984e-01,9.159173965454101562e-01,3.697233796119689941e-01,-5.970706343650817871e-01,8.989515304565429688e-01,-9.922809004783630371e-01,1.251537084579467773e+00,-1.377282619476318359e+00,4.222378134727478027e-01,-3.323114514350891113e-01,-1.444780230522155762e+00,2.915840148925781250e-01,8.892916440963745117e-01,-1.060024023056030273e+00,6.781774163246154785e-01,-9.575704932212829590e-01,-8.612421751022338867e-01,9.247769713401794434e-01,-8.081266880035400391e-01,-1.157880663871765137e+00,5.324151366949081421e-02,1.050139188766479492e+00,1.100742578506469727e+00,7.393516302108764648e-01,1.151155948638916016e+00,1.487212628126144409e-02,-1.779482513666152954e-02,1.617465138435363770e+00,2.937456369400024414e-01,-5.865704417228698730e-01,4.290381073951721191e-02,-1.214515089988708496e+00,-6.820907592773437500e-01,1.933207035064697266e+00,-4.493051171302795410e-01,-9.805236756801605225e-02,-2.036305814981460571e-01,-4.753432273864746094e-01
1.197990179061889648e+00,-1.626896739006042480e+00,-6.790625452995300293e-01,-8.175784945487976074e-01,-1.849707126617431641e+00,9.322263598442077637e-01,2.517326593399047852e+00,-1.344070285558700562e-01,-1.662219613790512085e-01,-1.158855557441711426e+00,1.201737523078918457e+00,-7.204885482788085938e-01,7.003047466278076172e-01,-5.745584964752197266e-01,-3.457930684089660645e-01,-7.051524519920349121e-02,-1.622336387634277344e+00,-2.147540152072906494e-01,8.007410168647766113e-01,-1.474575996398925781e+00,1.012458086013793945e+00,7.328637242317199707e-01,2.005444765090942383e+00,-1.302332639694213867e+00,4.464066922664642334e-01,1.134707450866699219e+00,-7.348138689994812012e-01,1.128809809684753418e+00,3.608043789863586426e-01,-7.598992586135864258e-01,1.013566255569458008e+00,-9.860649108886718750e-01,1.034871220588684082e+00,-1.324494361877441406e+00,6.077023744583129883e-01,-3.302001953125000000e-01,-1.892931580543518066e+00,4.661131501197814941e-01,7.720555067062377930e-01,-1.100583791732788086e+00,5.719413161277770996e-01,-1.208294153213500977e+00,-9.647806286811828613e-01,1.025894403457641602e+00,-6.994385123252868652e-01,-9.321361184120178223e-01,-5.919057503342628479e-02,1.086886405944824219e+00,1.337223887443542480e+00,6.389912366867065430e-01,8.332726955413818359e-01,-5.693861097097396851e-02,2.425969392061233521e-01,1.711693882942199707e+00,-3.471975401043891907e-02,-5.109807848930358887e-01,8.842961490154266357e-02,-8.925374150276184082e-01,-7.796091437339782715e-01,1.660722732543945312e+00,-3.228142857551574707e-01,-3.840595781803131104e-01,-1.567244231700897217e-01,-3.552911281585693359e-01
1.119767189025878906e+00,-1.249085426330566406e+00,-7.746468186378479004e-01,-5.393452048301696777e-01,-1.838790416717529297e+00,1.163349628448486328e+00,2.624905824661254883e+00,-3.477231860160827637e-01,-1.255606710910797119e-01,-1.334427118301391602e+00,1.135463953018188477e+00,-9.037568569183349609e-01,6.032617688179016113e-01,-3.216210901737213135e-01,-3.471305966377258301e-01,-1.707197427749633789e-01,-1.704887986183166504e+00,-2.545397877693176270e-01,7.168328762054443359e-01,-1.464767813682556152e+00,9.191618561744689941e-01,1.003038883209228516e+00,1.896387696266174316e+00,-1.287474632263183594e+00,6.860917806625366211e-01,1.133803606033325195e+00,-3.855820894241333008e-01,7.892270684242248535e-01,3.219723105430603027e-01,-9.061408042907714844e-01,9.382309913635253906e-01,-1.043314576148986816e+00,9.246313571929931641e-01,-1.206556200981140137e+00,2.433869689702987671e-01,-2.346227169036865234e-01,-1.912580251693725586e+00,4.118680357933044434e-01,5.739213824272155762e-01,-1.208349227905273438e+00,7.684205770492553711e-01,-1.130066275596618652e+00,-8.205635547637939453e-01,9.873359799385070801e-01,-5.118625760078430176e-01,-1.182316064834594727e+00,-6.977772712707519531e-02,9.038810133934020996e-01,1.147871732711791992e+00,8.646150231361389160e-01,1.144167304039001465e+00,-9.968161582946777344e-03,2.760866880416870117e-01,1.747652649879455566e+00,1.276763677597045898e-01,-6.565648317337036133e-01,1.194325312972068787e-01,-9.694524407386779785e-01,-1.071211934089660645e+00,1.803295373916625977e+00,-2.467446029186248779e-01,-7.919619977474212646e-02,-4.307916462421417236e-01,-3.408918380737304688e-01
1.268153190612792969e+00,-1.300269842147827148e+00,-8.449220061302185059e-01,-7.857878208160400391e-01,-1.815727353096008301e+00,1.000996112823486328e+00,2.510940074920654297e+00,-1.109677404165267944e-01,-2.100590616464614868e-01,-1.255837917327880859e+00,1.295673012733459473e+00,-9.087188243865966797e-01,6.594122052192687988e-01,-4.049672484397888184e-01,-1.417919695377349854e-01,-7.179282605648040771e-03,-1.599829316139221191e+00,-2.250574827194213867e-01,7.294432520866394043e-01,-1.567288994789123535e+00,9.374732375144958496e-01,8.486993312835693359e-01,1.708831548690795898e+00,-1.186310052871704102e+00,2.894467115402221680e-01,1.086539149284362793e+00,-4.791217744350433350e-01,9.257835149765014648e-01,1.127615943551063538e-01,-9.171750545501708984e-01,9.967179894447326660e-01,-1.177146315574645996e+00,1.231991291046142578e+00,-1.373009562492370605e+00,4.947456717491149902e-01,-7.711238414049148560e-02,-1.683800458908081055e+00,4.954043924808502197e-01,6.282803416252136230e-01,-1.265386343002319336e+00,7.378517389297485352e-01,-1.057443499565124512e+00,-7.321602702140808105e-01,1.184653043746948242e+00,-8.704706430435180664e-01,-1.121694803237915039e+00,5.983381718397140503e-02,8.751704692840576172e-01,1.124005317687988281e+00,7.770445346832275391e-01,8.934316635131835938e-01,-1.124984622001647949e-01,-7.475542277097702026e-02,1.874342203140258789e+00,1.803292930126190186e-01,-4.400358796119689941e-01,1.088463887572288513e-01,-1.021683096885681152e+00,-1.035005569458007812e+00,1.926718950271606445e+00,-3.086048662662506104e-01,-2.083140313625335693e-01,-2.432277500629425049e-01,-3.788181245326995850e-01
