-6.136400103569030762e-01,6.108765602111816406e-01,1.209724545478820801e+00,-1.383405089378356934e+00,-2.488458454608917236e-01,-9.866774678230285645e-01,1.595271110534667969e+00,-1.353466749191284180e+00,3.665657639503479004e-01,4.444690048694610596e-01,-6.282791495323181152e-01,-6.766456179320812225e-03,8.356307446956634521e-02,-1.035614967346191406e+00,1.035941123962402344e+00,-5.117836594581604004e-01,9.581994265317916870e-02,-5.901340842247009277e-01,-3.234450221061706543e-01,4.276233315467834473e-01,5.797442197799682617e-01,-1.370397806167602539e+00,-1.302486419677734375e+00,-5.809639096260070801e-01,-7.870842218399047852e-01,9.237576127052307129e-01,-7.993905246257781982e-02,-8.674136400222778320e-01,-1.921149373054504395e+00,-1.443631887435913086e+00,-2.646646201610565186e-01,-2.968650460243225098e-01,1.045815348625183105e+00,5.594530701637268066e-01,1.312610805034637451e-01,-1.079483866691589355e+00,1.808754801750183105e+00,8.100357055664062500e-01,-1.539305448532104492e+00,-1.748386144638061523e+00,-1.791326880455017090e+00,-2.821279875934123993e-02,6.952490210533142090e-01,-1.914952248334884644e-01,1.217889666557312012e+00,1.249727964401245117e+00,1.868312120437622070e+00,9.512814879417419434e-02,9.314904212951660156e-01,4.882369637489318848e-01,1.287129640579223633e+00,7.101606726646423340e-01,3.555449247360229492e-01,-1.045748710632324219e+00,-1.911210417747497559e-01,-1.713329911231994629e+00,9.901997447013854980e-01,1.193447589874267578e+00,2.285070270299911499e-01,-1.396668910980224609e+00,-7.273567318916320801e-01,-5.612022280693054199e-01,-1.004426836967468262e+00,-1.449427455663681030e-01
8.145959973335266113e-01,-8.463039398193359375e-01,5.747780203819274902e-01,1.147383928298950195e+00,1.711232662200927734e+00,5.103501081466674805e-01,-1.523998379707336426e+00,1.028230786323547363e+00,-3.814725875854492188e-01,-4.816933870315551758e-01,3.978742361068725586e-01,1.324592679738998413e-01,-2.104302883148193359e+00,-2.608163058757781982e-01,1.054261252284049988e-01,8.759853839874267578e-01,1.097882509231567383e+00,8.706820011138916016e-01,7.870002985000610352e-01,1.941026568412780762e+00,4.727130234241485596e-01,1.503070116043090820e+00,9.217347502708435059e-01,-9.168823808431625366e-02,-8.614102005958557129e-01,4.761226773262023926e-01,-6.522975564002990723e-01,-1.275698095560073853e-01,-1.978662610054016113e+00,6.673460006713867188e-01,6.701771020889282227e-01,1.207142114639282227e+00,7.335250824689865112e-02,3.667820096015930176e-01,8.812463283538818359e-01,2.962014172226190567e-03,-1.112857222557067871e+00,-6.155925393104553223e-01,-9.052021056413650513e-02,7.340408563613891602e-01,-1.504045486450195312e+00,-4.607813656330108643e-01,-9.612970352172851562e-01,1.143695354461669922e+00,7.452101111412048340e-01,-2.007599920034408569e-01,-2.621169567108154297e+00,-4.130733013153076172e-01,-4.596543610095977783e-01,-7.370641231536865234e-01,-7.006672024726867676e-01,-1.763671398162841797e+00,2.064231336116790771e-01,1.157066941261291504e+00,8.497940897941589355e-01,2.615919709205627441e-01,4.096227288246154785e-01,1.541933774948120117e+00,6.257312297821044922e-01,1.270702719688415527e+00,-1.675709128379821777e+00,1.800141453742980957e+00,-1.441129744052886963e-01,7.086806893348693848e-01
1.152068376541137695e+00,-8.237150311470031738e-01,1.283119678497314453e+00,1.449550271034240723e+00,1.327055811882019043e+00,6.938612461090087891e-01,-1.423578381538391113e+00,1.048277258872985840e+00,-1.308126926422119141e+00,-1.185514703392982483e-01,2.573447227478027344e-01,2.679541707038879395e-01,-1.872171044349670410e+00,-9.679979830980300903e-02,1.837395727634429932e-01,5.197781920433044434e-01,1.220802068710327148e+00,1.705669403076171875e+00,6.172257065773010254e-01,2.138929367065429688e+00,5.078593492507934570e-01,8.092743158340454102e-01,3.533120155334472656e-01,-4.537687599658966064e-01,-9.238898158073425293e-01,3.697297573089599609e-01,-3.040748834609985352e-01,-5.386991500854492188e-01,-1.724109888076782227e+00,8.020583391189575195e-01,5.589891076087951660e-01,1.430065035820007324e+00,-1.846730411052703857e-01,2.622644305229187012e-01,3.597736656665802002e-01,-6.055848598480224609e-01,-1.812908649444580078e+00,-3.480815291404724121e-01,-5.854643881320953369e-02,2.534180879592895508e-01,-1.949727296829223633e+00,-7.197415232658386230e-01,-3.334827125072479248e-01,1.446490526199340820e+00,9.217788279056549072e-02,-1.607254147529602051e-01,-1.953207731246948242e+00,-5.868896842002868652e-01,-3.829243183135986328e-01,1.126375123858451843e-01,-1.653982102870941162e-01,-1.684751391410827637e+00,3.666478395462036133e-01,6.412915587425231934e-01,6.416157484054565430e-01,-4.900740981101989746e-01,3.787318468093872070e-01,1.290621876716613770e+00,4.906912446022033691e-01,8.387623429298400879e-01,-1.439664483070373535e+00,1.717286705970764160e+00,-5.088933706283569336e-01,7.986095547676086426e-01
9.860775470733642578e-01,-7.063682079315185547e-01,1.135315895080566406e+00,1.430434584617614746e+00,1.268208742141723633e+00,8.006590604782104492e-01,-1.239302039146423340e+00,1.196716904640197754e+00,-8.658638000488281250e-01,-1.587353497743606567e-01,5.811958909034729004e-01,4.495857954025268555e-01,-2.145593166351318359e+00,-4.523917734622955322e-01,7.279214262962341309e-02,1.023928761482238770e+00,8.234686851501464844e-01,9.282747507095336914e-01,8.428249359130859375e-01,2.281000614166259766e+00,9.171429872512817383e-01,1.040299177169799805e+00,4.550721049308776855e-01,2.949566543102264404e-01,-6.947400569915771484e-01,4.084114134311676025e-01,-8.778934478759765625e-01,-3.735090792179107666e-01,-1.791406631469726562e+00,6.519104838371276855e-01,7.137170433998107910e-01,1.223947405815124512e+00,-3.648740798234939575e-02,3.801952898502349854e-01,6.185646653175354004e-01,-2.409188151359558105e-01,-1.471528649330139160e+00,-8.807960748672485352e-01,-1.392241567373275757e-01,5.743581652641296387e-01,-1.428856492042541504e+00,-8.124088644981384277e-01,-8.606418967247009277e-01,1.241717576980590820e+00,2.866891026496887207e-02,-5.784953758120536804e-02,-1.948802351951599121e+00,-1.020604729652404785e+00,-9.621724486351013184e-01,-3.367070853710174561e-01,-4.568254947662353516e-01,-1.414035916328430176e+00,2.436517775058746338e-01,9.237950444221496582e-01,7.061343789100646973e-01,1.590054780244827271e-01,7.463894486427307129e-01,1.454205870628356934e+00,2.891793251037597656e-01,1.313386321067810059e+00,-1.487978100776672363e+00,2.331333160400390625e+00,-4.755434095859527588e-01,4.722047746181488037e-01
1.122087717056274414e+00,-5.699171423912048340e-01,7.633501887321472168e-01,8.177228569984436035e-01,1.835973739624023438e+00,3.144485354423522949e-01,-1.380971431732177734e+00,9.218643307685852051e-01,-7.381448149681091309e-01,-5.014992356300354004e-01,5.075057744979858398e-01,3.317090868949890137e-01,-1.910573601722717285e+00,-2.330746799707412720e-01,1.594460755586624146e-02,9.042840003967285156e-01,1.540919542312622070e+00,1.092850089073181152e+00,7.505660653114318848e-01,2.041363954544067383e+00,7.519080638885498047e-01,1.316705346107482910e+00,1.871785521507263184e-01,-2.344944179058074951e-01,-1.030872583389282227e+00,6.671968698501586914e-01,-3.358190357685089111e-01,-1.188755594193935394e-02,-1.922655344009399414e+00,7.318506240844726562e-01,6.674792170524597168e-01,1.057578325271606445e+00,-3.291247189044952393e-01,3.061214089393615723e-01,4.388201534748077393e-01,1.628772169351577759e-01,-1.224726438522338867e+00,-7.121905684471130371e-01,1.298660933971405029e-01,4.395496845245361328e-01,-1.578598737716674805e+00,-7.064429521560668945e-01,-8.426357507705688477e-01,1.433588743209838867e+00,6.084418296813964844e-01,-2.054326236248016357e-01,-2.478292942047119141e+00,-8.104588389396667480e-01,-3.340536952018737793e-01,-1.377742290496826172e-01,-3.666072487831115723e-01,-1.685294866561889648e+00,5.939157009124755859e-01,5.350757837295532227e-01,8.741173148155212402e-01,2.475827187299728394e-01,5.991771817207336426e-01,1.306019663810729980e+00,8.168331980705261230e-01,9.855310916900634766e-01,-2.018455982208251953e+00,1.993445038795471191e+00,-1.393540799617767334e-01,6.482281684875488281e-01
1.190764069557189941e+00,-6.880717277526855469e-01,9.145377874374389648e-01,1.513486742973327637e+00,1.771618008613586426e+00,7.092894315719604492e-01,-1.770365834236145020e+00,7.726520299911499023e-01,-1.005041480064392090e+00,-1.010449752211570740e-01,4.739907979965209961e-01,1.349826753139495850e-01,-1.919302105903625488e+00,-3.557101190090179443e-01,9.481778740882873535e-01,6.243601441383361816e-01,8.657808303833007812e-01,1.208182334899902344e+00,8.266162872314453125e-01,2.394876718521118164e+00,8.235042095184326172e-01,1.133155345916748047e+00,1.175260171294212341e-01,-2.428555488586425781e-02,-5.695167183876037598e-01,3.264421224594116211e-01,-1.058600902557373047e+00,-6.681010723114013672e-01,-2.561625719070434570e+00,2.614349126815795898e-01,6.272240281105041504e-01,1.009941935539245605e+00,-2.479304820299148560e-01,8.443400859832763672e-01,4.534264802932739258e-01,-6.344925165176391602e-01,-1.595773577690124512e+00,-3.780009448528289795e-01,-5.011503696441650391e-01,7.056691050529479980e-01,-1.433716535568237305e+00,-1.225548386573791504e+00,-5.352603793144226074e-01,1.213289022445678711e+00,-2.797240614891052246e-01,1.249438822269439697e-01,-2.435249090194702148e+00,-6.727799177169799805e-01,-5.099912285804748535e-01,-3.342441320419311523e-01,-4.461562335491180420e-01,-1.205111384391784668e+00,1.837695688009262085e-01,4.357325732707977295e-01,7.953440546989440918e-01,-1.623695194721221924e-01,4.348147511482238770e-01,1.637355804443359375e+00,9.498172998428344727e-01,1.403415679931640625e+00,-1.483061432838439941e+00,2.072668075561523438e+00,-1.304907351732254028e-01,5.185000300407409668e-01
9.941251277923583984e-01,-9.177761077880859375e-01,8.384245038032531738e-01,1.427053332328796387e+00,1.733969092369079590e+00,5.585464835166931152e-01,-1.156198263168334961e+00,1.071636319160461426e+00,-8.580234050750732422e-01,-5.829689502716064453e-01,6.463536620140075684e-01,-8.111776411533355713e-02,-1.957528233528137207e+00,-3.188446462154388428e-01,1.006872057914733887e-01,6.733371019363403320e-01,1.109430670738220215e+00,1.046973943710327148e+00,5.636096596717834473e-01,2.134906053543090820e+00,9.723967313766479492e-01,1.200113534927368164e+00,-2.824646886438131332e-03,-6.779830157756805420e-02,-1.007491350173950195e+00,1.788915842771530151e-01,-7.029553055763244629e-01,-6.873584985733032227e-01,-2.335646152496337891e+00,5.456197261810302734e-01,4.529672861099243164e-01,1.209489822387695312e+00,-2.689913511276245117e-01,8.701203465461730957e-01,6.001638174057006836e-01,-2.735711336135864258e-01,-1.498983860015869141e+00,-5.961746573448181152e-01,-1.771819889545440674e-01,6.154242157936096191e-01,-1.712065935134887695e+00,-5.404251813888549805e-01,-9.685047864913940430e-01,1.360423564910888672e+00,8.011493831872940063e-02,-1.541234701871871948e-01,-1.947219014167785645e+00,-6.262593865394592285e-01,-7.684803009033203125e-01,-6.202080249786376953e-01,-4.045901894569396973e-01,-1.315202474594116211e+00,4.826200306415557861e-01,1.059919118881225586e+00,7.480305433273315430e-01,2.392969429492950439e-01,4.137013554573059082e-01,1.692169189453125000e+00,4.761599004268646240e-01,1.281450748443603516e+00,-1.375811934471130371e+00,1.645773291587829590e+00,-3.651169240474700928e-01,1.940983533859252930e-01
1.087131857872009277e+00,-1.770841032266616821e-01,1.057304620742797852e+00,1.350270867347717285e+00,1.259775876998901367e+00,4.667849838733673096e-01,-1.500381112098693848e+00,9.504769444465637207e-01,-1.285069346427917480e+00,-2.295910716056823730e-01,4.749862849712371826e-01,2.359176576137542725e-01,-2.179606437683105469e+00,-1.383863389492034912e-01,6.079509854316711426e-01,7.265018820762634277e-01,7.249333262443542480e-01,1.720076084136962891e+00,8.799201846122741699e-01,1.891352057456970215e+00,7.759302854537963867e-01,8.982243537902832031e-01,4.547512829303741455e-01,4.715308547019958496e-02,-6.802201271057128906e-01,6.621859669685363770e-01,-6.096742153167724609e-01,-6.423903107643127441e-01,-2.326324462890625000e+00,3.500969111919403076e-01,2.879413068294525146e-01,1.277490019798278809e+00,-2.797807753086090088e-01,3.465541601181030273e-01,2.198673933744430542e-01,-4.107289612293243408e-01,-1.448042511940002441e+00,-3.702634274959564209e-01,-1.844422817230224609e-01,3.718529641628265381e-01,-1.317407727241516113e+00,-8.129175305366516113e-01,-6.081842780113220215e-01,1.007860302925109863e+00,2.527486085891723633e-01,1.655322015285491943e-01,-2.408295154571533203e+00,-7.495208382606506348e-01,-1.578449010848999023e-01,-3.276236951351165771e-01,-5.148208141326904297e-01,-1.384613037109375000e+00,4.852427244186401367e-01,7.045934200286865234e-01,1.003979206085205078e+00,-1.416003704071044922e-01,4.295026659965515137e-01,1.249511599540710449e+00,7.849575281143188477e-01,1.332200407981872559e+00,-1.215601801872253418e+00,1.680771231651306152e+00,-4.484680891036987305e-01,4.332306087017059326e-01
9.520593285560607910e-01,-6.467189192771911621e-01,1.024607300758361816e+00,1.242454886436462402e+00,1.493035197257995605e+00,5.234640240669250488e-01,-1.640034079551696777e+00,8.991486430168151855e-01,-1.024245977401733398e+00,-3.591107726097106934e-01,9.522597789764404297e-01,1.917392909526824951e-01,-2.087304353713989258e+00,3.548128157854080200e-02,4.416685104370117188e-01,1.139948725700378418e+00,1.018046021461486816e+00,9.894450902938842773e-01,6.395300626754760742e-01,2.141635179519653320e+00,8.967965245246887207e-01,9.622407555580139160e-01,-4.673632606863975525e-02,3.488854467868804932e-01,-1.150698065757751465e+00,1.753174513578414917e-01,-4.931687116622924805e-01,-2.627372741699218750e-01,-1.780020356178283691e+00,7.494588494300842285e-01,6.308917403221130371e-01,1.264640450477600098e+00,6.874340772628784180e-02,4.850006699562072754e-01,4.516671001911163330e-01,-1.621568500995635986e-01,-1.357524037361145020e+00,-5.427029132843017578e-01,6.347572058439254761e-02,8.522580862045288086e-01,-1.577804446220397949e+00,-4.766929447650909424e-01,-7.606867551803588867e-01,1.225221157073974609e+00,-2.377610206604003906e-01,-1.657383888959884644e-01,-1.865393638610839844e+00,-7.374837398529052734e-01,-8.114397525787353516e-01,-4.167648255825042725e-01,-3.243347704410552979e-01,-1.326673150062561035e+00,5.352336764335632324e-01,1.038285851478576660e+00,8.353489041328430176e-01,-2.536168321967124939e-02,9.200025796890258789e-01,1.581527709960937500e+00,7.064752578735351562e-01,1.380385160446166992e+00,-1.284886598587036133e+00,1.986154198646545410e+00,-3.138173371553421021e-02,3.345219194889068604e-01
1.223004102706909180e+00,-5.853428840637207031e-01,8.458580374717712402e-01,1.527654290199279785e+00,1.300515294075012207e+00,5.319268107414245605e-01,-1.358186602592468262e+00,1.340312123298645020e+00,-1.121573925018310547e+00,-4.534117877483367920e-01,-5.847510322928428650e-02,3.802406787872314453e-01,-2.316212892532348633e+00,-2.616379261016845703e-01,7.415168881416320801e-01,8.699890971183776855e-01,1.338399291038513184e+00,1.417009115219116211e+00,4.921128749847412109e-01,1.852724075317382812e+00,7.801249027252197266e-01,8.168191313743591309e-01,3.293715715408325195e-01,-1.815229505300521851e-01,-3.226280808448791504e-01,7.883826494216918945e-01,-9.919559210538864136e-02,-4.947713017463684082e-01,-2.126442909240722656e+00,6.722200512886047363e-01,4.798964262008666992e-01,1.144249558448791504e+00,5.262354016304016113e-02,6.588968634605407715e-01,5.453796386718750000e-01,-5.405358672142028809e-01,-1.195228695869445801e+00,-3.753137886524200439e-01,-4.528725147247314453e-01,6.428737044334411621e-01,-1.363865494728088379e+00,-1.293413192033767700e-01,-1.034610509872436523e+00,1.114973902702331543e+00,2.960565388202667236e-01,-2.579845190048217773e-01,-2.423781871795654297e+00,-9.301310777664184570e-01,-5.496205687522888184e-01,-2.270314842462539673e-02,-4.425239562988281250e-01,-1.794945120811462402e+00,1.597050428390502930e-01,8.169860839843750000e-01,5.456831455230712891e-01,1.191588714718818665e-01,6.141850948333740234e-01,1.484428524971008301e+00,6.193903088569641113e-01,1.161615252494812012e+00,-1.307152986526489258e+00,1.656220555305480957e+00,5.616590753197669983e-02,6.193056702613830566e-01
1.086964011192321777e+00,-3.292974829673767090e-01,1.004542708396911621e+00,1.254054784774780273e+00,1.706782221794128418e+00,4.234967529773712158e-01,-1.465822458267211914e+00,1.276225447654724121e+00,-8.728004097938537598e-01,-9.177913516759872437e-02,4.061782360076904297e-01,2.927422225475311279e-01,-2.229498386383056641e+00,-5.291602015495300293e-02,5.478956699371337891e-01,1.095891594886779785e+00,9.318093657493591309e-01,1.339896798133850098e+00,9.984999895095825195e-01,2.175283670425415039e+00,7.023423910140991211e-01,7.914280891418457031e-01,6.716277599334716797e-01,-4.447925090789794922e-01,-7.384748458862304688e-01,5.300806760787963867e-01,-4.169578552246093750e-01,-4.436616003513336182e-01,-2.007646322250366211e+00,6.341902613639831543e-01,6.512371897697448730e-01,1.247789025306701660e+00,-2.432645410299301147e-01,6.992716789245605469e-01,4.952021241188049316e-01,-2.595917284488677979e-01,-1.174956798553466797e+00,-7.268848419189453125e-01,-2.369998544454574585e-01,4.356210231781005859e-01,-1.222206234931945801e+00,-8.660381436347961426e-01,-6.567586064338684082e-01,1.487270355224609375e+00,-2.085241675376892090e-02,2.453677207231521606e-01,-2.708319425582885742e+00,-9.477914571762084961e-01,-6.242241263389587402e-01,-1.799292266368865967e-01,-1.821003258228302002e-01,-1.351857900619506836e+00,2.726402580738067627e-01,7.703946828842163086e-01,8.716861605644226074e-01,1.130426377058029175e-01,3.418424725532531738e-01,1.552668452262878418e+00,8.069866299629211426e-01,1.240148782730102539e+00,-1.131269216537475586e+00,1.984806537628173828e+00,6.651680171489715576e-02,5.711514949798583984e-01
9.132646322250366211e-01,-7.263476848602294922e-01,9.490158557891845703e-01,8.227285146713256836e-01,1.742694735527038574e+00,4.431331753730773926e-01,-1.575256109237670898e+00,1.010285377502441406e+00,-6.479261517524719238e-01,-1.494028866291046143e-01,6.253377795219421387e-01,2.257122546434402466e-01,-2.270677566528320312e+00,-3.706678450107574463e-01,3.421991765499114990e-01,9.319407343864440918e-01,1.124640345573425293e+00,1.212735891342163086e+00,5.819534063339233398e-01,2.216580390930175781e+00,6.520689725875854492e-01,1.103603243827819824e+00,3.894289731979370117e-01,-2.486126869916915894e-01,-5.766273140907287598e-01,9.269440770149230957e-01,-1.259053945541381836e-01,-1.097466647624969482e-01,-1.870523214340209961e+00,1.296419382095336914e+00,3.851908743381500244e-01,1.201005697250366211e+00,7.658124715089797974e-02,1.173930525779724121e+00,4.403095245361328125e-01,-5.055643320083618164e-01,-1.293647289276123047e+00,-6.394720077514648438e-01,1.302274763584136963e-01,3.339304924011230469e-01,-9.394611716270446777e-01,-8.534650802612304688e-01,-5.903456211090087891e-01,1.679340958595275879e+00,3.411967158317565918e-01,2.852421998977661133e-01,-2.473502635955810547e+00,-6.397947072982788086e-01,-7.939709424972534180e-01,-2.955019474029541016e-01,-5.585787296295166016e-01,-1.427631139755249023e+00,2.806018888950347900e-01,8.822249770164489746e-01,5.561112761497497559e-01,2.328311204910278320e-01,3.028347790241241455e-01,1.678323984146118164e+00,4.018534123897552490e-01,1.397181510925292969e+00,-1.295569539070129395e+00,2.158114194869995117e+00,-5.965027213096618652e-01,4.576806724071502686e-01
8.921914696693420410e-01,-7.557009458541870117e-01,1.031832456588745117e+00,1.506934523582458496e+00,1.713039398193359375e+00,6.812278628349304199e-01,-1.403067231178283691e+00,9.926936030387878418e-01,-2.894787192344665527e-01,-3.266500532627105713e-01,6.706409454345703125e-01,1.016046330332756042e-01,-2.320618152618408203e+00,-2.377821952104568481e-01,2.524975240230560303e-01,4.611333310604095459e-01,9.650934338569641113e-01,1.496860623359680176e+00,7.965423464775085449e-01,2.208952903747558594e+00,5.616961121559143066e-01,1.468090653419494629e+00,3.518132865428924561e-01,3.818951845169067383e-01,-4.308800399303436279e-01,9.193155765533447266e-01,-5.807938575744628906e-01,-5.959246754646301270e-01,-1.665987372398376465e+00,4.782577157020568848e-01,8.034499287605285645e-01,1.375646591186523438e+00,3.861168771982192993e-02,6.939455866813659668e-01,8.211154341697692871e-01,-2.000403851270675659e-01,-1.257859110832214355e+00,-5.043079257011413574e-01,-1.563888639211654663e-01,3.211759030818939209e-01,-1.404798746109008789e+00,-6.224282979965209961e-01,-4.578337371349334717e-01,1.254110693931579590e+00,4.340806305408477783e-01,7.116741966456174850e-03,-2.330447912216186523e+00,-7.624756693840026855e-01,-6.862170100212097168e-01,-3.041617274284362793e-01,-4.876471757888793945e-01,-1.515074491500854492e+00,-1.260907500982284546e-01,1.309106111526489258e+00,7.297479510307312012e-01,1.253890395164489746e-01,3.880612254142761230e-01,1.807371258735656738e+00,4.808738231658935547e-01,7.569415569305419922e-01,-1.276288986206054688e+00,1.939421653747558594e+00,8.692523092031478882e-02,5.000921487808227539e-01
1.027026772499084473e+00,-8.620080947875976562e-01,1.105411887168884277e+00,1.517384052276611328e+00,2.043246746063232422e+00,7.831375598907470703e-01,-1.130285501480102539e+00,1.102938055992126465e+00,-5.816072821617126465e-01,-2.211707085371017456e-01,4.478027820587158203e-01,1.105373129248619080e-01,-2.197720766067504883e+00,-2.836520373821258545e-01,3.403083086013793945e-01,9.529303908348083496e-01,8.485591411590576172e-01,1.550675511360168457e+00,7.391598820686340332e-01,2.415502309799194336e+00,5.958645343780517578e-01,9.682024717330932617e-01,1.840106844902038574e-01,3.753084838390350342e-01,-6.420727968215942383e-01,7.268573045730590820e-01,-1.487958133220672607e-01,-6.726402640342712402e-01,-2.164840936660766602e+00,8.804689049720764160e-01,4.779462218284606934e-01,1.467502951622009277e+00,-1.313238590955734253e-01,5.805766582489013672e-01,3.578388690948486328e-01,-4.813804477453231812e-02,-1.395538091659545898e+00,-5.911493897438049316e-01,-2.340311408042907715e-01,7.919447422027587891e-01,-1.294190526008605957e+00,-6.317803859710693359e-01,-9.018465876579284668e-01,1.078257083892822266e+00,-3.696756660938262939e-01,-4.099382460117340088e-01,-2.326836585998535156e+00,-9.195628762245178223e-01,-6.998279690742492676e-01,-2.249981909990310669e-01,-1.801393181085586548e-01,-1.625266075134277344e+00,4.097979664802551270e-01,6.561015844345092773e-01,9.020833969116210938e-01,3.099036812782287598e-01,7.158849835395812988e-01,1.740733742713928223e+00,4.134379029273986816e-01,1.107102274894714355e+00,-1.401065826416015625e+00,1.847408056259155273e+00,3.038249537348747253e-02,1.692550778388977051e-01
1.349061250686645508e+00,-7.477299571037292480e-01,1.344939708709716797e+00,1.364013433456420898e+00,1.356059312820434570e+00,4.201875925064086914e-01,-1.157591819763183594e+00,1.116418361663818359e+00,-9.453743696212768555e-01,7.797173410654067993e-02,5.414421558380126953e-01,1.180169638246297836e-02,-2.389963626861572266e+00,5.502312630414962769e-02,4.814296960830688477e-01,7.582207918167114258e-01,8.014547824859619141e-01,1.655181765556335449e+00,3.365239202976226807e-01,2.238540649414062500e+00,5.018754005432128906e-01,9.560051560401916504e-01,6.783667802810668945e-01,-1.354486197233200073e-01,-7.567415833473205566e-01,2.926125228404998779e-01,-4.901457726955413818e-01,-3.565938174724578857e-01,-1.881057977676391602e+00,8.036556839942932129e-01,9.288681745529174805e-01,1.698529601097106934e+00,-5.627320706844329834e-02,6.871273517608642578e-01,5.638327598571777344e-01,-6.572746038436889648e-01,-1.289942979812622070e+00,-4.577114582061767578e-01,-9.693870320916175842e-03,1.404717564582824707e-01,-1.421039223670959473e+00,-7.285929322242736816e-01,-7.048181295394897461e-01,1.387462854385375977e+00,3.446727991104125977e-01,3.362537175416946411e-02,-2.750134229660034180e+00,-6.394959688186645508e-01,-6.253799796104431152e-01,-1.926598846912384033e-01,-3.468141555786132812e-01,-1.441871881484985352e+00,4.501836895942687988e-01,1.185845375061035156e+00,5.048944950103759766e-01,5.659209936857223511e-02,7.156642079353332520e-01,1.855511903762817383e+00,2.835834324359893799e-01,1.055223822593688965e+00,-1.385922431945800781e+00,1.767051339149475098e+00,-1.267134100198745728e-01,7.340043187141418457e-01
1.238246083259582520e+00,-7.487138509750366211e-01,8.747034072875976562e-01,1.362362027168273926e+00,1.764989256858825684e+00,4.041347503662109375e-01,-1.357453346252441406e+00,8.020858168601989746e-01,-6.941502094268798828e-01,-1.631215959787368774e-01,2.877725660800933838e-01,4.442227631807327271e-02,-2.008621692657470703e+00,-2.768089175224304199e-01,2.599526047706604004e-01,9.616824984550476074e-01,1.002820253372192383e+00,1.456348776817321777e+00,6.903591156005859375e-01,2.203860282897949219e+00,8.782824277877807617e-01,9.567159414291381836e-01,3.879508674144744873e-01,6.543312221765518188e-03,-7.234317064285278320e-01,3.442280888557434082e-01,-5.447477102279663086e-01,-3.331798911094665527e-01,-2.044483661651611328e+00,6.094608306884765625e-01,-6.228576973080635071e-02,1.085981011390686035e+00,5.392867699265480042e-02,1.151123523712158203e+00,4.497787356376647949e-01,-3.542890250682830811e-01,-1.388636708259582520e+00,-3.252182602882385254e-01,-3.073305189609527588e-01,5.876995921134948730e-01,-1.255714654922485352e+00,-3.884155750274658203e-01,-5.835376381874084473e-01,1.286419391632080078e+00,-2.390569895505905151e-01,1.980759650468826294e-01,-2.501259088516235352e+00,-8.397110700607299805e-01,-6.940577030181884766e-01,-3.428207039833068848e-01,-3.613607585430145264e-01,-1.646185755729675293e+00,3.997904360294342041e-01,8.104867339134216309e-01,5.431256890296936035e-01,3.164991736412048340e-01,3.795494735240936279e-01,1.669780015945434570e+00,6.450282335281372070e-01,1.372105956077575684e+00,-1.446881294250488281e+00,1.493862867355346680e+00,-1.692011505365371704e-01,1.837952733039855957e-01
1.194232225418090820e+00,-5.457283258438110352e-01,5.191311836242675781e-01,1.416692972183227539e+00,1.124749422073364258e+00,6.782844662666320801e-01,-1.517837047576904297e+00,1.225811362266540527e+00,-1.360358834266662598e+00,-2.823869325220584869e-02,7.967717200517654419e-02,6.120674610137939453e-01,-2.135998725891113281e+00,-3.071069717407226562e-01,7.800959795713424683e-02,8.853178024291992188e-01,1.097292542457580566e+00,1.247853398323059082e+00,8.499181270599365234e-01,1.786019563674926758e+00,5.570418834686279297e-01,6.927863359451293945e-01,5.968884825706481934e-01,-2.170356214046478271e-01,-5.258882045745849609e-01,2.857207953929901123e-01,-5.446972250938415527e-01,-3.828675746917724609e-01,-2.235221147537231445e+00,6.973540186882019043e-01,3.843589425086975098e-01,1.164818525314331055e+00,-2.630353569984436035e-01,2.848014235496520996e-01,3.789559006690979004e-01,-4.622597694396972656e-01,-2.159954071044921875e+00,-9.513689279556274414e-01,-2.522325217723846436e-01,5.114772915840148926e-01,-1.298502087593078613e+00,-3.118864297866821289e-01,-9.935830235481262207e-01,9.556729197502136230e-01,3.046008348464965820e-01,-2.152777016162872314e-01,-2.721632719039916992e+00,-1.043911695480346680e+00,-5.744993686676025391e-01,-4.869572445750236511e-02,-4.986776709556579590e-01,-1.743207216262817383e+00,4.670537710189819336e-01,8.579480648040771484e-01,7.661002278327941895e-01,3.982769250869750977e-01,5.844708085060119629e-01,1.091560840606689453e+00,8.237158656120300293e-01,1.206559181213378906e+00,-1.767156481742858887e+00,1.830419540405273438e+00,-3.223379552364349365e-01,4.609759747982025146e-01
9.936875104904174805e-01,-8.668338060379028320e-01,9.551656246185302734e-01,1.393104314804077148e+00,1.551595211029052734e+00,4.598431587219238281e-01,-1.592060327529907227e+00,9.881936311721801758e-01,-8.104591965675354004e-01,-1.032338105142116547e-02,3.778516948223114014e-01,4.666149318218231201e-01,-2.055124044418334961e+00,-6.543936580419540405e-02,1.157120168209075928e-01,1.024393796920776367e+00,1.363061547279357910e+00,1.340298414230346680e+00,9.770945310592651367e-01,2.231450319290161133e+00,4.771496355533599854e-01,8.153029084205627441e-01,2.384610176086425781e-01,-7.212058454751968384e-02,-8.974417448043823242e-01,2.167498916387557983e-01,-4.299771785736083984e-01,-2.592889964580535889e-01,-2.029314994812011719e+00,5.535770058631896973e-01,8.356097340583801270e-01,1.258727669715881348e+00,-1.013579815626144409e-01,1.987709552049636841e-01,8.626050949096679688e-01,-1.416707932949066162e-01,-1.401000499725341797e+00,-5.782696008682250977e-01,-4.857568442821502686e-01,4.030131399631500244e-01,-1.529355525970458984e+00,-5.140383243560791016e-01,-7.455568909645080566e-01,9.696989655494689941e-01,-4.167722910642623901e-02,-1.196622252464294434e-01,-2.500068902969360352e+00,-7.803809046745300293e-01,-6.417388319969177246e-01,-2.663739025592803955e-01,-4.120388329029083252e-01,-1.587879657745361328e+00,2.088215202093124390e-01,1.221582055091857910e+00,9.077086448669433594e-01,1.273643076419830322e-01,9.980483651161193848e-01,1.243497371673583984e+00,8.065649867057800293e-01,1.177761673927307129e+00,-1.510683774948120117e+00,1.728701353073120117e+00,2.280110120773315430e-01,4.344648718833923340e-01
1.099591970443725586e+00,-8.348345756530761719e-01,1.347414851188659668e+00,1.441925168037414551e+00,1.662541151046752930e+00,9.140995740890502930e-01,-1.694998621940612793e+00,1.122471094131469727e+00,-5.115357041358947754e-01,-3.283790051937103271e-01,3.064537942409515381e-01,2.881361544132232666e-01,-2.175956010818481445e+00,-2.334971278905868530e-01,7.948792576789855957e-01,4.740037918090820312e-01,9.456233978271484375e-01,1.745580673217773438e+00,4.858899116516113281e-01,2.398993253707885742e+00,9.223073720932006836e-01,1.178125858306884766e+00,-3.975842520594596863e-02,7.792437821626663208e-02,-9.238550662994384766e-01,4.378986358642578125e-01,-5.433112978935241699e-01,-5.494266152381896973e-01,-2.034794092178344727e+00,5.479707121849060059e-01,5.384767651557922363e-01,1.543310642242431641e+00,4.828306660056114197e-02,9.811677932739257812e-01,6.325896978378295898e-01,-3.927872478961944580e-01,-1.132225275039672852e+00,-5.781849622726440430e-01,-8.630491048097610474e-02,5.109066367149353027e-01,-1.212863445281982422e+00,-7.083230614662170410e-01,-9.486871361732482910e-01,1.475296735763549805e+00,-1.947520971298217773e-01,-4.929631948471069336e-02,-2.277193069458007812e+00,-5.235382914543151855e-01,-4.821197986602783203e-01,-2.482701390981674194e-01,-4.806120991706848145e-01,-1.314430475234985352e+00,3.996744155883789062e-01,1.294153451919555664e+00,5.806199312210083008e-01,-3.214271962642669678e-01,9.975547790527343750e-01,1.602575182914733887e+00,2.698999643325805664e-01,1.145527362823486328e+00,-1.322547316551208496e+00,1.559545755386352539e+00,-1.320893764495849609e-01,3.908804357051849365e-01
9.577381014823913574e-01,-6.574343442916870117e-01,1.076480150222778320e+00,1.396737337112426758e+00,1.617827415466308594e+00,5.342878699302673340e-01,-1.722666025161743164e+00,8.075213432312011719e-01,-8.722696900367736816e-01,-2.316783517599105835e-01,5.896800160408020020e-01,3.105568289756774902e-01,-2.486742496490478516e+00,-1.974369734525680542e-01,6.919457912445068359e-01,1.141971826553344727e+00,1.272553920745849609e+00,1.427297949790954590e+00,6.741112470626831055e-01,1.824349880218505859e+00,5.861215591430664062e-01,1.044880509376525879e+00,6.255989074707031250e-01,-1.490678936243057251e-01,-5.726339817047119141e-01,7.311986684799194336e-01,-3.337652981281280518e-01,-7.723802328109741211e-01,-2.093729257583618164e+00,6.217640638351440430e-01,8.678306937217712402e-01,1.488401889801025391e+00,4.508330300450325012e-02,9.007493257522583008e-01,3.593414425849914551e-01,-7.383245825767517090e-01,-1.363029718399047852e+00,-7.284944057464599609e-01,-1.541580706834793091e-01,6.160070300102233887e-01,-1.564832448959350586e+00,-7.744524478912353516e-01,-8.261673450469970703e-01,1.003128051757812500e+00,2.242471277713775635e-01,3.092825412750244141e-01,-2.304478406906127930e+00,-5.569551587104797363e-01,-4.423689544200897217e-01,-3.429094851016998291e-01,-4.496060013771057129e-01,-1.611271977424621582e+00,-1.246464103460311890e-01,9.649044275283813477e-01,9.891778230667114258e-01,-1.731179207563400269e-01,4.772775471210479736e-01,1.675999164581298828e+00,6.236382722854614258e-01,1.355404734611511230e+00,-1.057651519775390625e+00,1.803120732307434082e+00,-4.924155771732330322e-02,5.120326280593872070e-01
1.214963912963867188e+00,-9.110835790634155273e-01,1.014097809791564941e+00,1.598043322563171387e+00,1.954994916915893555e+00,4.628265798091888428e-01,-1.760297775268554688e+00,9.494972825050354004e-01,-7.164261341094970703e-01,-3.035385608673095703e-01,3.594172298908233643e-01,2.272222936153411865e-01,-2.141602516174316406e+00,-3.506655246019363403e-02,3.541158735752105713e-01,8.862543702125549316e-01,1.292667031288146973e+00,1.279773592948913574e+00,5.623518228530883789e-01,2.334114551544189453e+00,8.137096166610717773e-01,1.119685292243957520e+00,1.406793892383575439e-01,1.340082436800003052e-01,-8.125923275947570801e-01,5.893956422805786133e-01,-9.699097871780395508e-01,-1.465070992708206177e-01,-1.994127273559570312e+00,4.489603042602539062e-01,5.321756005287170410e-01,1.114698767662048340e+00,-2.006237022578716278e-02,1.180505752563476562e+00,4.619127810001373291e-01,-2.171638607978820801e-02,-1.619410753250122070e+00,-7.563120722770690918e-01,6.950612366199493408e-02,5.713621377944946289e-01,-1.712751388549804688e+00,-9.412001371383666992e-01,-4.584618508815765381e-01,1.310006618499755859e+00,1.317900270223617554e-01,2.333002686500549316e-01,-2.134178638458251953e+00,-4.087280035018920898e-01,-3.800229728221893311e-01,-6.596313118934631348e-01,-8.316150307655334473e-01,-1.354562759399414062e+00,2.688104473054409027e-02,1.106043934822082520e+00,8.072975277900695801e-01,3.112300038337707520e-01,8.532613515853881836e-01,1.587179183959960938e+00,6.339592933654785156e-01,9.615377187728881836e-01,-1.252905011177062988e+00,1.851292729377746582e+00,-9.823288023471832275e-02,5.194945931434631348e-01
5.510762929916381836e-01,-8.596133589744567871e-01,1.256838679313659668e+00,1.243658185005187988e+00,1.577940344810485840e+00,3.384250104427337646e-01,-1.358635187149047852e+00,1.174319028854370117e+00,-1.422838211059570312e+00,-3.280990719795227051e-01,4.236062765121459961e-01,-3.645228222012519836e-02,-1.667820930480957031e+00,-1.563099324703216553e-01,-2.138965763151645660e-02,8.104867935180664062e-01,9.949322342872619629e-01,1.220843434333801270e+00,7.191133499145507812e-01,2.070124626159667969e+00,7.820661664009094238e-01,1.029017567634582520e+00,5.043777823448181152e-01,-2.860396802425384521e-01,-1.324000716209411621e+00,3.297173678874969482e-01,-8.039736747741699219e-01,-3.379891812801361084e-01,-1.854940533638000488e+00,8.954281806945800781e-01,6.602382063865661621e-01,1.128738760948181152e+00,1.345015466213226318e-01,5.866075754165649414e-01,6.129259467124938965e-01,-5.838872194290161133e-01,-1.695621371269226074e+00,-2.104961127042770386e-01,-2.545678019523620605e-01,5.199899673461914062e-01,-1.343546390533447266e+00,-3.296426236629486084e-01,-7.293927073478698730e-01,1.367919445037841797e+00,6.353214383125305176e-02,8.039465546607971191e-02,-2.314751148223876953e+00,-5.320868492126464844e-01,-7.453274726867675781e-01,-3.926749229431152344e-01,-4.081968963146209717e-01,-1.395086884498596191e+00,3.744325935840606689e-01,1.083779692649841309e+00,8.645979166030883789e-01,-1.783881634473800659e-01,2.463670223951339722e-01,1.646490573883056641e+00,6.813185214996337891e-01,1.288066744804382324e+00,-1.573573827743530273e+00,1.691761255264282227e+00,-2.269871085882186890e-01,5.587358474731445312e-01
9.655176401138305664e-01,-9.259439706802368164e-01,1.014595508575439453e+00,1.863390803337097168e+00,1.567521929740905762e+00,6.854237914085388184e-01,-1.220439434051513672e+00,9.948896169662475586e-01,-6.389440298080444336e-01,-6.462578177452087402e-01,5.780420303344726562e-01,6.534982919692993164e-01,-1.819745540618896484e+00,5.430436134338378906e-02,3.635668009519577026e-02,1.015896797180175781e+00,6.436678767204284668e-01,1.238827943801879883e+00,1.159423470497131348e+00,2.310106754302978516e+00,8.191906213760375977e-01,1.119469165802001953e+00,2.478419691324234009e-01,8.160132169723510742e-02,-8.548622131347656250e-01,9.108469486236572266e-01,-5.830482840538024902e-01,-6.170556545257568359e-01,-2.432314634323120117e+00,4.155855774879455566e-01,5.991026759147644043e-01,1.353320240974426270e+00,-4.151264578104019165e-02,6.548462510108947754e-01,5.217511653900146484e-01,-1.615264862775802612e-01,-1.471823215484619141e+00,-8.374198079109191895e-01,-6.087692826986312866e-02,5.333783030509948730e-01,-1.572691082954406738e+00,-4.386032223701477051e-01,-6.349350214004516602e-01,1.460061669349670410e+00,-5.144047737121582031e-02,2.795173525810241699e-01,-2.196758270263671875e+00,-6.015697717666625977e-01,-5.648194551467895508e-01,1.368599086999893188e-01,-8.679980635643005371e-01,-1.431507945060729980e+00,4.490934610366821289e-01,8.175075054168701172e-01,7.343717217445373535e-01,-9.801538288593292236e-02,2.133356481790542603e-01,1.266063451766967773e+00,6.059520244598388672e-01,1.440528035163879395e+00,-1.389640092849731445e+00,1.975538134574890137e+00,-4.451434314250946045e-02,3.892917335033416748e-01
1.071132183074951172e+00,-3.002299070358276367e-01,1.066697478294372559e+00,1.458007812500000000e+00,1.495934963226318359e+00,6.600095629692077637e-01,-1.453917264938354492e+00,1.301168203353881836e+00,-9.611723423004150391e-01,-3.815033659338951111e-02,2.177564501762390137e-01,3.230947852134704590e-01,-2.110351085662841797e+00,-3.981463313102722168e-01,3.622251451015472412e-01,7.261734008789062500e-01,9.399580955505371094e-01,1.580094695091247559e+00,7.136465311050415039e-01,2.254995584487915039e+00,4.071801900863647461e-01,1.093670606613159180e+00,4.003908932209014893e-01,-2.479194551706314087e-01,-3.767508268356323242e-01,5.865050554275512695e-01,-4.070938825607299805e-01,-3.123583197593688965e-01,-1.960161566734313965e+00,8.808637857437133789e-01,7.931342720985412598e-01,1.185333132743835449e+00,-4.206607341766357422e-01,6.535122394561767578e-01,5.243765711784362793e-01,-5.590794682502746582e-01,-1.518058896064758301e+00,-5.371327400207519531e-01,8.521734271198511124e-04,4.820576608180999756e-01,-1.171556830406188965e+00,-6.966786980628967285e-01,-5.506474971771240234e-01,1.556105852127075195e+00,1.195643022656440735e-01,-2.969419956207275391e-01,-2.406968116760253906e+00,-6.943304538726806641e-01,-5.027570128440856934e-01,-2.614224851131439209e-01,-3.249908089637756348e-01,-1.743321895599365234e+00,-3.250921070575714111e-01,7.388451695442199707e-01,3.726267814636230469e-01,-1.878688856959342957e-02,3.538914620876312256e-01,1.511423468589782715e+00,4.252873361110687256e-01,1.427529692649841309e+00,-1.509806871414184570e+00,2.105385303497314453e+00,-1.552357971668243408e-01,7.697377204895019531e-01
8.099356293678283691e-01,-8.041704297065734863e-01,1.014027237892150879e+00,1.694843769073486328e+00,1.719856500625610352e+00,3.999897837638854980e-01,-1.524540662765502930e+00,9.884422421455383301e-01,-1.265317440032958984e+00,-5.739712342619895935e-02,-1.144300028681755066e-01,2.825471460819244385e-01,-2.046781301498413086e+00,-4.107945859432220459e-01,4.619835019111633301e-01,8.217077255249023438e-01,9.550333023071289062e-01,1.367352366447448730e+00,9.444054961204528809e-01,2.350194215774536133e+00,9.336551427841186523e-01,1.102498888969421387e+00,4.556615054607391357e-01,-3.871944248676300049e-01,-8.122646808624267578e-01,5.764604806900024414e-01,-8.050112724304199219e-01,-3.289484977722167969e-01,-1.814301252365112305e+00,7.143582105636596680e-01,6.940802931785583496e-01,1.360639452934265137e+00,1.852449178695678711e-01,1.019296884536743164e+00,1.555280387401580811e-01,-6.143798232078552246e-01,-1.547239780426025391e+00,-2.804031670093536377e-01,-4.099200665950775146e-02,9.991849064826965332e-01,-1.463630914688110352e+00,-3.678036630153656006e-01,-6.565129160881042480e-01,1.385777592658996582e+00,-1.809009611606597900e-01,1.342145651578903198e-01,-2.411793708801269531e+00,-7.646354436874389648e-01,-6.469567418098449707e-01,-5.057234168052673340e-01,-1.141121983528137207e-01,-1.729807972908020020e+00,5.642815828323364258e-01,6.141120791435241699e-01,4.390519857406616211e-01,1.454187631607055664e-01,2.573661506175994873e-01,1.829838752746582031e+00,3.902350664138793945e-01,1.502548813819885254e+00,-1.318380951881408691e+00,1.682246446609497070e+00,-5.809500217437744141e-01,2.741101384162902832e-01
7.741279602050781250e-01,-1.104584336280822754e+00,6.699817776679992676e-01,1.620176434516906738e+00,1.375666618347167969e+00,7.375326752662658691e-01,-1.549181699752807617e+00,1.114728927612304688e+00,-9.392505884170532227e-01,-3.208997845649719238e-01,9.614332765340805054e-02,5.556558370590209961e-01,-1.823424100875854492e+00,-2.687570452690124512e-01,1.606711447238922119e-01,7.545472979545593262e-01,1.046710252761840820e+00,1.219414710998535156e+00,1.008535742759704590e+00,2.165904045104980469e+00,5.816457867622375488e-01,1.225554704666137695e+00,3.804964423179626465e-01,2.499614655971527100e-01,-7.512810826301574707e-01,7.349593043327331543e-01,-6.038177013397216797e-01,-7.410787940025329590e-01,-1.965898394584655762e+00,7.997404932975769043e-01,6.035132408142089844e-01,1.470672845840454102e+00,-2.132051624357700348e-02,6.951113343238830566e-01,4.286314249038696289e-01,-1.839271485805511475e-01,-1.275466680526733398e+00,-7.276515364646911621e-01,-1.731007993221282959e-01,9.469351172447204590e-01,-9.594575762748718262e-01,-3.453564345836639404e-01,-5.779920220375061035e-01,1.434248685836791992e+00,-2.833598852157592773e-01,-6.173370406031608582e-02,-2.075235128402709961e+00,-5.638652443885803223e-01,-1.034763097763061523e+00,-6.267237067222595215e-01,-4.090401530265808105e-01,-1.525691151618957520e+00,1.947958022356033325e-01,9.310724735260009766e-01,6.350610256195068359e-01,-2.379865944385528564e-01,3.552047908306121826e-01,1.635214090347290039e+00,4.427899718284606934e-01,1.202185273170471191e+00,-1.448768138885498047e+00,1.891753911972045898e+00,-2.400998324155807495e-01,5.501460433006286621e-01
1.191773056983947754e+00,-7.156121134757995605e-01,9.298574924468994141e-01,1.087350487709045410e+00,1.573258280754089355e+00,6.661711335182189941e-01,-1.361803650856018066e+00,1.323508620262145996e+00,-9.374820590019226074e-01,-6.696277260780334473e-01,6.729941368103027344e-01,1.734334081411361694e-01,-2.059814691543579102e+00,2.041484564542770386e-01,3.069615960121154785e-01,7.401721477508544922e-01,1.234825849533081055e+00,9.785890579223632812e-01,8.033481240272521973e-01,2.672006845474243164e+00,6.579364538192749023e-01,1.119166612625122070e+00,6.104699894785881042e-02,-5.782794952392578125e-02,-7.728356122970581055e-01,2.978685796260833740e-01,-3.329936563968658447e-01,-6.475994586944580078e-01,-1.856620907783508301e+00,6.847674846649169922e-01,9.471049904823303223e-01,1.182746887207031250e+00,-4.339015185832977295e-01,1.991395503282546997e-01,4.644783437252044678e-01,-2.638766169548034668e-01,-8.885293006896972656e-01,-6.219629049301147461e-01,-2.611378729343414307e-01,4.147653579711914062e-01,-1.650584936141967773e+00,-1.064926147460937500e+00,-8.662716746330261230e-01,1.115612506866455078e+00,3.834933340549468994e-01,-5.483172535896301270e-01,-2.216471910476684570e+00,-8.217505812644958496e-01,-7.211458683013916016e-01,-1.408625692129135132e-01,-2.371517121791839600e-01,-1.767839789390563965e+00,5.673955082893371582e-01,1.093890786170959473e+00,7.384187579154968262e-01,1.752562373876571655e-01,6.613013744354248047e-01,1.967352390289306641e+00,9.246749877929687500e-01,1.035673618316650391e+00,-1.567653775215148926e+00,1.914769411087036133e+00,6.936060637235641479e-02,8.946344256401062012e-01
6.891331672668457031e-01,-3.587118089199066162e-01,7.769558429718017578e-01,1.012996077537536621e+00,1.255433678627014160e+00,6.333509087562561035e-01,-1.386482477188110352e+00,1.127955317497253418e+00,-1.114994168281555176e+00,-4.362443685531616211e-01,3.094342648983001709e-01,1.561174690723419189e-01,-2.358932256698608398e+00,-2.610419392585754395e-01,7.231374979019165039e-01,8.496332168579101562e-01,8.923481106758117676e-01,1.304408550262451172e+00,9.215533733367919922e-01,2.194535255432128906e+00,5.032373666763305664e-01,9.891194701194763184e-01,5.085434317588806152e-01,-8.365961909294128418e-02,-4.963470697402954102e-01,5.508764386177062988e-01,-7.513744831085205078e-01,-5.434279441833496094e-01,-1.871163249015808105e+00,7.569319605827331543e-01,6.896547675132751465e-01,1.295142769813537598e+00,1.964739859104156494e-01,5.403084158897399902e-01,6.309682726860046387e-01,-5.676439404487609863e-01,-1.315983772277832031e+00,-5.301864743232727051e-01,-1.866097003221511841e-01,2.519769072532653809e-01,-1.311576604843139648e+00,-7.399880290031433105e-01,-6.454273462295532227e-01,1.167141795158386230e+00,4.178518354892730713e-01,3.648153841495513916e-01,-2.298752546310424805e+00,-9.364775419235229492e-01,-7.013223767280578613e-01,-3.303753137588500977e-01,-3.428652584552764893e-01,-1.366523504257202148e+00,3.003050088882446289e-01,9.243654012680053711e-01,8.103114962577819824e-01,2.025753259658813477e-02,1.065847873687744141e-01,1.712705492973327637e+00,9.801903963088989258e-01,1.244711995124816895e+00,-1.330372095108032227e+00,2.050292253494262695e+00,-3.567592799663543701e-01,3.123920857906341553e-01
1.209790110588073730e+00,-1.202001571655273438e+00,8.327628374099731445e-01,1.563733696937561035e+00,1.596528410911560059e+00,5.899872183799743652e-01,-1.555290341377258301e+00,1.146110296249389648e+00,-6.827182173728942871e-01,-4.098687171936035156e-01,8.072609305381774902e-01,2.927426695823669434e-01,-2.114850759506225586e+00,-2.143133580684661865e-01,4.154337048530578613e-01,1.081889033317565918e+00,9.859946370124816895e-01,9.191167354583740234e-01,6.724620461463928223e-01,2.103265285491943359e+00,9.287393689155578613e-01,1.017380118370056152e+00,3.648559451103210449e-01,5.452021360397338867e-01,-2.337800562381744385e-01,7.351393699645996094e-01,-4.810624122619628906e-01,-3.430806398391723633e-01,-1.746430277824401855e+00,5.900000333786010742e-01,4.719608128070831299e-01,1.222059965133666992e+00,-1.277847215533256531e-02,5.291569828987121582e-01,5.890045762062072754e-01,-3.191394805908203125e-01,-1.576155781745910645e+00,-9.440454244613647461e-01,-3.850908577442169189e-01,7.116730809211730957e-01,-1.388137102127075195e+00,-6.389669775962829590e-01,-6.063593626022338867e-01,9.357537627220153809e-01,-1.977575272321701050e-01,-7.446974515914916992e-02,-2.068011760711669922e+00,-8.457884788513183594e-01,-7.838561534881591797e-01,-1.789040863513946533e-01,-5.507448315620422363e-01,-1.522883415222167969e+00,2.422612905502319336e-01,8.464453220367431641e-01,8.154295086860656738e-01,1.358496397733688354e-01,5.613235831260681152e-01,1.661501288414001465e+00,7.650656700134277344e-01,1.710302233695983887e+00,-1.414251089096069336e+00,2.211848735809326172e+00,2.243716865777969360e-01,2.043038904666900635e-01
1.100742340087890625e+00,-9.711611270904541016e-01,7.451172471046447754e-01,1.257545471191406250e+00,1.623993873596191406e+00,4.653564393520355225e-01,-1.743762969970703125e+00,7.718244194984436035e-01,-8.175473213195800781e-01,-3.643945455551147461e-01,5.464009046554565430e-01,5.985131263732910156e-01,-2.174967527389526367e+00,-3.304084539413452148e-01,4.177378416061401367e-01,8.735408782958984375e-01,1.080225706100463867e+00,8.410647511482238770e-01,9.099186062812805176e-01,2.226347684860229492e+00,7.078893780708312988e-01,1.275315284729003906e+00,4.999909400939941406e-01,-2.758806347846984863e-01,-6.686862707138061523e-01,4.043257236480712891e-01,-5.304117798805236816e-01,-7.792166620492935181e-02,-1.839606285095214844e+00,6.306643486022949219e-01,7.623143792152404785e-01,1.096107721328735352e+00,-3.655737936496734619e-01,7.436981797218322754e-01,7.885796427726745605e-01,-5.122488364577293396e-02,-1.381217241287231445e+00,-9.256965517997741699e-01,2.087014317512512207e-01,8.749138116836547852e-01,-1.514995098114013672e+00,-7.422528266906738281e-01,-4.503219425678253174e-01,1.541174769401550293e+00,4.357342049479484558e-02,1.643863320350646973e-01,-2.468458890914916992e+00,-2.370036542415618896e-01,-6.319258809089660645e-01,-2.961198389530181885e-01,-2.732144594192504883e-01,-1.383612990379333496e+00,2.873364090919494629e-01,5.093117952346801758e-01,5.660399198532104492e-01,-1.863887012004852295e-01,3.789480924606323242e-01,1.372481107711791992e+00,6.474499702453613281e-01,1.904979348182678223e+00,-1.649146080017089844e+00,1.820088863372802734e+00,2.017789036035537720e-01,6.095734238624572754e-01
7.902621626853942871e-01,-9.987252950668334961e-01,9.424763321876525879e-01,1.005092620849609375e+00,1.393428206443786621e+00,6.001203060150146484e-01,-1.475866317749023438e+00,1.396262407302856445e+00,-1.039507508277893066e+00,-3.140779435634613037e-01,4.048776924610137939e-01,2.226321399211883545e-01,-2.054989099502563477e+00,3.646225333213806152e-01,4.746575057506561279e-01,8.918330669403076172e-01,9.448635578155517578e-01,1.593467116355895996e+00,9.955173134803771973e-01,2.629711389541625977e+00,9.361496567726135254e-01,7.528097033500671387e-01,3.056930899620056152e-01,2.112327516078948975e-02,-1.162386775016784668e+00,4.243337512016296387e-01,-4.275965094566345215e-01,-5.954566001892089844e-01,-1.848396062850952148e+00,9.552577137947082520e-01,8.621803522109985352e-01,1.264637231826782227e+00,-9.691588580608367920e-02,3.507785797119140625e-01,2.916007339954376221e-01,-5.871539115905761719e-01,-1.551848649978637695e+00,-6.398185491561889648e-01,-1.837656497955322266e-01,2.944080531597137451e-01,-1.005273938179016113e+00,-8.015003800392150879e-01,-1.698805093765258789e-01,1.486116290092468262e+00,-4.039631411433219910e-02,1.768626645207405090e-02,-2.332344770431518555e+00,-5.397373437881469727e-01,-6.976627707481384277e-01,-2.387350648641586304e-01,-6.061321496963500977e-01,-1.036770343780517578e+00,6.003341674804687500e-01,8.734542131423950195e-01,8.983841538429260254e-01,-1.789541393518447876e-01,6.441102623939514160e-01,1.856799006462097168e+00,9.919121861457824707e-01,1.424283146858215332e+00,-8.192318081855773926e-01,2.193479061126708984e+00,-1.349948048591613770e-01,1.108295679092407227e+00
7.808120846748352051e-01,-5.320811867713928223e-01,1.101413249969482422e+00,1.611264705657958984e+00,1.645356893539428711e+00,3.805090188980102539e-01,-1.158040642738342285e+00,8.220232129096984863e-01,-7.443186044692993164e-01,-3.239459097385406494e-01,1.152490735054016113e+00,4.835053384304046631e-01,-2.147700786590576172e+00,-5.412561893463134766e-01,6.572383642196655273e-02,9.880890846252441406e-01,1.283805131912231445e+00,7.620914578437805176e-01,1.010332584381103516e+00,2.032992124557495117e+00,6.897630095481872559e-01,1.207025766372680664e+00,1.060489565134048462e-01,3.073479533195495605e-01,-3.785727620124816895e-01,5.989601612091064453e-01,-5.033036470413208008e-01,-4.859328269958496094e-01,-2.124075174331665039e+00,5.727068185806274414e-01,6.137725114822387695e-01,1.465914845466613770e+00,-4.136283323168754578e-02,5.584055185317993164e-01,5.466449856758117676e-01,1.927657984197139740e-02,-1.212508082389831543e+00,-8.033804893493652344e-01,-2.183982916176319122e-02,7.751580476760864258e-01,-1.622604608535766602e+00,-8.798459768295288086e-01,-9.158685803413391113e-01,1.031807422637939453e+00,-3.342800773680210114e-04,1.598657965660095215e-01,-1.894441604614257812e+00,-6.086644530296325684e-01,-5.855038762092590332e-01,-3.113717734813690186e-01,-2.729989290237426758e-01,-1.443427562713623047e+00,2.021351456642150879e-01,9.672233462333679199e-01,8.158323764801025391e-01,1.350677907466888428e-01,5.175443291664123535e-01,1.496347069740295410e+00,2.674987316131591797e-01,1.417975544929504395e+00,-1.449882864952087402e+00,2.125723361968994141e+00,4.032833501696586609e-02,4.784329980611801147e-02
1.039147615432739258e+00,-3.796313703060150146e-01,6.687660813331604004e-01,1.338018178939819336e+00,1.479605436325073242e+00,4.990496039390563965e-01,-1.290524482727050781e+00,1.076149106025695801e+00,-9.407902956008911133e-01,-1.312403380870819092e-01,5.668331384658813477e-01,1.885018199682235718e-01,-2.209260225296020508e+00,-1.778571633622050285e-03,-1.529200971126556396e-01,7.054870128631591797e-01,8.176739215850830078e-01,1.270874619483947754e+00,4.216706156730651855e-01,2.090483188629150391e+00,7.671205997467041016e-01,8.472397923469543457e-01,1.492346078157424927e-01,-1.178293079137802124e-01,-4.817515611648559570e-01,4.544150531291961670e-01,-6.541001200675964355e-01,-5.203576087951660156e-01,-1.919151663780212402e+00,4.844117462635040283e-01,3.931320011615753174e-01,1.248290061950683594e+00,-6.477087736129760742e-02,1.424883008003234863e-01,5.296892523765563965e-01,-5.557784438133239746e-01,-1.665948748588562012e+00,-7.976168394088745117e-01,-2.519066929817199707e-01,4.157993793487548828e-01,-1.949616312980651855e+00,-7.747331261634826660e-01,-2.815597653388977051e-01,1.208669543266296387e+00,3.424638807773590088e-01,-3.066240549087524414e-01,-2.286462306976318359e+00,-7.643118500709533691e-01,-7.649026513099670410e-01,-3.569778800010681152e-01,-9.138389825820922852e-01,-1.481149196624755859e+00,4.074378609657287598e-01,7.469890713691711426e-01,9.134176373481750488e-01,1.366732567548751831e-01,2.014230936765670776e-01,1.644474744796752930e+00,2.359561622142791748e-01,8.671471476554870605e-01,-1.322809576988220215e+00,2.191460371017456055e+00,-3.909521400928497314e-01,3.369775116443634033e-01
8.862656950950622559e-01,-6.552552580833435059e-01,9.883574843406677246e-01,1.080148816108703613e+00,1.555225729942321777e+00,4.243711233139038086e-01,-1.392915725708007812e+00,9.919626116752624512e-01,-6.444450616836547852e-01,-4.278059303760528564e-01,2.481032162904739380e-01,4.233261048793792725e-01,-2.042935848236083984e+00,-4.741773009300231934e-02,3.438585698604583740e-01,6.968708634376525879e-01,6.474026441574096680e-01,1.785977482795715332e+00,6.708789467811584473e-01,2.239943027496337891e+00,1.220394849777221680e+00,9.587568640708923340e-01,-7.073496282100677490e-02,2.563064545392990112e-02,-7.968078851699829102e-01,4.674482643604278564e-01,-4.724158644676208496e-01,-2.326588183641433716e-01,-2.082889795303344727e+00,3.577284812927246094e-01,2.921989262104034424e-01,1.034425258636474609e+00,-1.091644763946533203e-01,6.954527497291564941e-01,2.980249524116516113e-01,-2.094565331935882568e-01,-1.432916641235351562e+00,-8.667808175086975098e-01,-1.448103487491607666e-01,7.664712667465209961e-01,-1.298396706581115723e+00,-7.946739792823791504e-01,-7.042003870010375977e-01,1.389033198356628418e+00,-5.928203836083412170e-02,-3.406138718128204346e-01,-2.390592575073242188e+00,-8.603689074516296387e-01,-6.183193325996398926e-01,-2.965416908264160156e-01,-3.583432435989379883e-01,-1.163179159164428711e+00,4.725202023983001709e-01,6.505317091941833496e-01,8.338819146156311035e-01,-1.189674213528633118e-01,8.718253374099731445e-01,1.686936378479003906e+00,5.709871053695678711e-01,1.178348302841186523e+00,-1.879695415496826172e+00,1.565860271453857422e+00,-1.978214979171752930e-01,4.559862017631530762e-01
1.051932811737060547e+00,-5.064672231674194336e-01,1.008067250251770020e+00,1.239608526229858398e+00,1.649826765060424805e+00,8.159401416778564453e-01,-1.068978071212768555e+00,8.530734181404113770e-01,-1.243843078613281250e+00,-1.522181630134582520e-01,5.457554459571838379e-01,2.398670166730880737e-01,-2.138765335083007812e+00,-6.712766289710998535e-01,4.767545461654663086e-01,1.058485388755798340e+00,9.309228658676147461e-01,1.570868134498596191e+00,5.328524708747863770e-01,2.260492563247680664e+00,6.926376819610595703e-01,9.918887019157409668e-01,3.211990296840667725e-01,-1.732355654239654541e-01,-9.634211063385009766e-01,4.134431183338165283e-01,-4.570425152778625488e-01,-3.375355899333953857e-01,-1.984197378158569336e+00,6.657960414886474609e-01,5.200688242912292480e-01,1.425273418426513672e+00,-3.174896240234375000e-01,7.386431097984313965e-01,9.645329117774963379e-01,-2.309692651033401489e-01,-1.349005222320556641e+00,-5.510430335998535156e-01,1.766187846660614014e-01,3.112832307815551758e-01,-1.504415154457092285e+00,-8.019049167633056641e-01,-7.998700737953186035e-01,1.509460926055908203e+00,-1.793762445449829102e-01,4.385277163237333298e-03,-2.190168380737304688e+00,-5.627601742744445801e-01,-6.822724938392639160e-01,-2.950814962387084961e-01,-1.832358390092849731e-01,-1.305725336074829102e+00,-4.187130555510520935e-02,8.738192915916442871e-01,6.847311854362487793e-01,-3.088368177413940430e-01,2.747237682342529297e-01,1.480476856231689453e+00,4.231183528900146484e-01,1.342481493949890137e+00,-1.429996132850646973e+00,1.831270694732666016e+00,-2.648926973342895508e-01,5.286637544631958008e-01
9.304192662239074707e-01,-1.049958705902099609e+00,7.991149425506591797e-01,1.472726702690124512e+00,1.600203037261962891e+00,4.276777803897857666e-01,-1.543115735054016113e+00,9.115423560142517090e-01,-9.985954165458679199e-01,-2.301867455244064331e-01,5.706580877304077148e-01,2.423096895217895508e-01,-1.927849292755126953e+00,-5.913515388965606689e-02,4.378120899200439453e-01,7.071090936660766602e-01,8.611931800842285156e-01,1.106648325920104980e+00,6.832571029663085938e-01,2.007582426071166992e+00,6.344045400619506836e-01,1.096684575080871582e+00,2.989822030067443848e-01,-8.439491502940654755e-03,-7.492365837097167969e-01,7.758290767669677734e-01,-5.195796489715576172e-01,-1.575398817658424377e-02,-1.797658801078796387e+00,9.818176031112670898e-01,6.208081245422363281e-01,1.137257218360900879e+00,7.768426835536956787e-02,1.099223017692565918e+00,6.265046596527099609e-01,-4.545263350009918213e-01,-1.538115262985229492e+00,-4.138904809951782227e-01,-1.851174682378768921e-01,5.564046502113342285e-01,-1.267735600471496582e+00,-7.737756371498107910e-01,-7.372376322746276855e-01,1.280775785446166992e+00,-7.750356942415237427e-02,1.896451413631439209e-01,-2.536913156509399414e+00,-6.598498821258544922e-01,-8.792212009429931641e-01,-3.584616780281066895e-01,-8.655169010162353516e-01,-1.315794467926025391e+00,5.313933491706848145e-01,8.668513894081115723e-01,8.644661307334899902e-01,1.056584641337394714e-01,5.677280426025390625e-01,1.331422209739685059e+00,4.992260336875915527e-01,1.487158656120300293e+00,-1.604465126991271973e+00,2.019607067108154297e+00,-2.909157574176788330e-01,3.542006760835647583e-02
1.434954047203063965e+00,-6.704614758491516113e-01,9.576523900032043457e-01,1.120432257652282715e+00,1.500325441360473633e+00,5.702444314956665039e-01,-1.284833908081054688e+00,9.717099070549011230e-01,-8.518286347389221191e-01,-2.644588351249694824e-01,3.868370354175567627e-01,2.618618309497833252e-01,-1.899359822273254395e+00,-5.946410894393920898e-01,2.115551084280014038e-01,1.115250825881958008e+00,1.173226118087768555e+00,1.216454148292541504e+00,4.470005929470062256e-01,2.058458566665649414e+00,6.320195198059082031e-01,1.253699183464050293e+00,3.230608999729156494e-01,-2.611651718616485596e-01,-9.598529338836669922e-01,3.260932564735412598e-01,-6.555466055870056152e-01,-5.602723360061645508e-01,-1.744312286376953125e+00,4.993959665298461914e-01,3.528288304805755615e-01,1.355084776878356934e+00,-6.157458946108818054e-02,6.189376711845397949e-01,7.614018321037292480e-01,-6.090928912162780762e-01,-1.190892815589904785e+00,-6.981307268142700195e-01,9.515276551246643066e-02,4.058896899223327637e-01,-1.596958518028259277e+00,-5.490332245826721191e-01,-7.583006024360656738e-01,9.335157275199890137e-01,2.112122923135757446e-01,-1.472510546445846558e-01,-2.174557924270629883e+00,-6.614972949028015137e-01,-4.240610301494598389e-01,-4.468166828155517578e-01,-3.431240320205688477e-01,-1.695320129394531250e+00,2.843037843704223633e-01,8.424157500267028809e-01,3.719776272773742676e-01,-2.336176298558712006e-02,4.075216352939605713e-01,1.880175352096557617e+00,3.252024352550506592e-01,1.016760110855102539e+00,-1.828187704086303711e+00,1.863807916641235352e+00,-1.382676810026168823e-01,8.415911793708801270e-01
1.089215278625488281e+00,-6.600551009178161621e-01,8.626045584678649902e-01,1.566315174102783203e+00,1.800693988800048828e+00,5.442071557044982910e-01,-1.656610131263732910e+00,7.952746748924255371e-01,-1.060294747352600098e+00,3.106620013713836670e-01,3.284539282321929932e-01,1.544215530157089233e-01,-1.862529397010803223e+00,-7.047997713088989258e-01,6.198293566703796387e-01,3.369579017162322998e-01,7.675087451934814453e-01,1.151929020881652832e+00,7.760825157165527344e-01,2.223309993743896484e+00,6.804466843605041504e-01,1.230972170829772949e+00,4.516290426254272461e-01,1.664974242448806763e-01,-4.091779589653015137e-01,2.218151986598968506e-01,-9.188938736915588379e-01,-3.819411993026733398e-01,-1.729090452194213867e+00,3.347354829311370850e-01,3.362413644790649414e-01,1.572913169860839844e+00,1.269854009151458740e-01,6.863694190979003906e-01,4.393948018550872803e-01,-6.470753550529479980e-01,-1.430334091186523438e+00,-2.180439978837966919e-01,-5.608918666839599609e-01,5.141941308975219727e-01,-1.596611261367797852e+00,-9.560595750808715820e-01,-5.842902660369873047e-01,8.815884590148925781e-01,-1.128241717815399170e-01,-6.778022646903991699e-02,-2.282166957855224609e+00,-7.718799710273742676e-01,-5.935488939285278320e-01,-4.498112201690673828e-01,-1.414517164230346680e-01,-1.240816354751586914e+00,3.668152093887329102e-01,9.692609906196594238e-01,6.050170063972473145e-01,8.531577140092849731e-02,7.283630967140197754e-01,1.958638906478881836e+00,4.591016173362731934e-01,1.010113120079040527e+00,-1.494091749191284180e+00,1.842626929283142090e+00,2.579255104064941406e-01,2.325579226016998291e-01
9.503945708274841309e-01,-7.739537954330444336e-01,1.055991172790527344e+00,1.250374794006347656e+00,1.722233057022094727e+00,4.098623991012573242e-01,-1.324383854866027832e+00,9.954421520233154297e-01,-8.334106206893920898e-01,-3.065016567707061768e-01,4.770600199699401855e-01,1.868413835763931274e-01,-1.867738723754882812e+00,2.561453878879547119e-01,3.158861696720123291e-01,8.543528318405151367e-01,1.046779036521911621e+00,1.454183340072631836e+00,9.865611791610717773e-01,1.864847421646118164e+00,7.640352845191955566e-01,1.100201964378356934e+00,3.138000667095184326e-01,-9.919299930334091187e-02,-8.777768015861511230e-01,5.064076781272888184e-01,-3.357772231101989746e-01,-6.514400839805603027e-01,-1.636902451515197754e+00,7.536372542381286621e-01,7.082878351211547852e-01,1.262367010116577148e+00,-7.698509842157363892e-02,4.363922178745269775e-01,2.418469786643981934e-01,-4.676475822925567627e-01,-1.699687361717224121e+00,-8.174091577529907227e-01,-2.926995456218719482e-01,4.151969552040100098e-01,-1.595761418342590332e+00,-5.903367400169372559e-01,-4.923996031284332275e-01,1.296309351921081543e+00,2.927705943584442139e-01,2.455070763826370239e-01,-2.585560560226440430e+00,-6.910589337348937988e-01,-8.329734206199645996e-01,-1.483871638774871826e-01,-1.560989916324615479e-01,-1.511851191520690918e+00,3.819406032562255859e-01,7.603688240051269531e-01,7.826122641563415527e-01,1.696225851774215698e-01,4.870496094226837158e-01,1.696038603782653809e+00,9.388276338577270508e-01,7.363566756248474121e-01,-1.292153716087341309e+00,1.874823808670043945e+00,6.897947750985622406e-04,4.125981926918029785e-01
7.461423277854919434e-01,-6.739125847816467285e-01,8.612318038940429688e-01,1.390315771102905273e+00,1.592920184135437012e+00,3.999294936656951904e-01,-1.196472167968750000e+00,1.137937664985656738e+00,-9.500674605369567871e-01,-1.615986377000808716e-01,4.638421833515167236e-01,8.276041150093078613e-01,-2.106469392776489258e+00,1.727670133113861084e-01,1.492298841476440430e-01,8.683169484138488770e-01,8.987873792648315430e-01,1.252201914787292480e+00,1.063083529472351074e+00,2.306218862533569336e+00,7.589768767356872559e-01,1.173890709877014160e+00,2.169432044029235840e-01,3.056928515434265137e-01,-6.699324250221252441e-01,5.290566086769104004e-01,-6.322432756423950195e-01,-2.790954709053039551e-01,-1.816752910614013672e+00,5.385882258415222168e-01,9.710253477096557617e-01,1.714011549949645996e+00,4.693689942359924316e-02,6.026720404624938965e-01,5.503136515617370605e-01,-3.151486515998840332e-01,-1.480574488639831543e+00,-6.773055791854858398e-01,-2.598950862884521484e-01,5.645634531974792480e-01,-1.717664361000061035e+00,-7.133616805076599121e-01,-5.277549624443054199e-01,1.322456598281860352e+00,1.067495420575141907e-01,1.012379974126815796e-01,-2.350971698760986328e+00,-7.436860203742980957e-01,-6.382694244384765625e-01,-3.848933577537536621e-01,-3.640914261341094971e-01,-1.206509470939636230e+00,3.014363944530487061e-01,8.727902770042419434e-01,8.678014278411865234e-01,7.105594128370285034e-02,6.542704701423645020e-01,1.578694820404052734e+00,5.782766938209533691e-01,1.416678071022033691e+00,-1.313693761825561523e+00,2.113166809082031250e+00,1.019616574048995972e-01,-4.737102240324020386e-02
1.000177621841430664e+00,-6.313905119895935059e-01,1.082461833953857422e+00,1.655697703361511230e+00,1.670072793960571289e+00,6.107175350189208984e-01,-1.731312513351440430e+00,9.930658340454101562e-01,-8.169958591461181641e-01,-5.786857008934020996e-01,6.936275959014892578e-01,1.488087773323059082e-01,-1.934232950210571289e+00,-2.866811752319335938e-01,4.286998212337493896e-01,7.357632517814636230e-01,1.114020228385925293e+00,8.901477456092834473e-01,5.364761948585510254e-01,2.022523164749145508e+00,8.686754107475280762e-01,1.446273922920227051e+00,3.100139200687408447e-01,-2.595700323581695557e-01,-3.734155297279357910e-01,5.815548896789550781e-01,-3.055816292762756348e-01,-3.017015159130096436e-01,-1.909906029701232910e+00,8.196117281913757324e-01,4.099915027618408203e-01,1.130780935287475586e+00,1.160500012338161469e-02,9.419347643852233887e-01,6.663303971290588379e-01,-2.651067376136779785e-01,-1.461988806724548340e+00,-8.672202825546264648e-01,5.490347370505332947e-02,7.386286854743957520e-01,-1.573198676109313965e+00,-8.536323308944702148e-01,-8.052685856819152832e-01,1.575318336486816406e+00,5.592027679085731506e-02,-1.849367097020149231e-02,-2.294405460357666016e+00,-4.497512876987457275e-01,-6.874421834945678711e-01,-4.519818723201751709e-02,-5.473144650459289551e-01,-1.471712827682495117e+00,4.116564691066741943e-01,7.032592892646789551e-01,5.558338165283203125e-01,-3.275493159890174866e-02,1.959301531314849854e-01,1.383237719535827637e+00,3.653340041637420654e-01,1.521322846412658691e+00,-1.401078701019287109e+00,2.131998062133789062e+00,-3.416347876191139221e-02,2.969464361667633057e-01
8.406416773796081543e-01,-7.274700403213500977e-01,7.701997160911560059e-01,1.185597300529479980e+00,1.760475635528564453e+00,4.697137176990509033e-01,-1.908531308174133301e+00,8.796354532241821289e-01,-1.122272253036499023e+00,-2.771937847137451172e-01,-1.784718632698059082e-01,2.744256556034088135e-01,-2.050677061080932617e+00,-1.408701390027999878e-01,2.461608648300170898e-01,8.039411306381225586e-01,1.239328861236572266e+00,1.170129179954528809e+00,7.376002669334411621e-01,2.249544620513916016e+00,6.445304751396179199e-01,1.192951679229736328e+00,5.886390209197998047e-01,-6.697318702936172485e-02,-7.312281727790832520e-01,4.394240081310272217e-01,-6.036612987518310547e-01,-1.656576842069625854e-01,-2.126492261886596680e+00,7.547755837440490723e-01,4.865534007549285889e-01,9.710952043533325195e-01,1.085921674966812134e-01,9.331919550895690918e-01,7.759444713592529297e-01,-1.840432286262512207e-01,-1.971174120903015137e+00,-6.751140952110290527e-01,-1.758399903774261475e-01,3.044943213462829590e-01,-1.507508277893066406e+00,-4.846127927303314209e-01,-8.703746199607849121e-01,1.272235274314880371e+00,4.934001863002777100e-01,-8.937206864356994629e-02,-2.623516082763671875e+00,-7.000886201858520508e-01,-5.018833875656127930e-01,-6.206601262092590332e-01,-5.615850687026977539e-01,-1.631857037544250488e+00,1.277559846639633179e-01,8.760761618614196777e-01,1.023497462272644043e+00,2.718425095081329346e-01,8.100140094757080078e-01,1.304074406623840332e+00,1.040093183517456055e+00,1.349506855010986328e+00,-1.494516253471374512e+00,1.690924882888793945e+00,-1.087818220257759094e-01,-2.583888471126556396e-01
9.980697631835937500e-01,-9.056655168533325195e-01,5.517053008079528809e-01,1.302306413650512695e+00,1.663842439651489258e+00,6.885513067245483398e-01,-1.770806908607482910e+00,7.704963684082031250e-01,-1.222635388374328613e+00,2.917360141873359680e-02,9.718850255012512207e-02,1.082014963030815125e-01,-2.005195617675781250e+00,-4.578133225440979004e-01,6.908553838729858398e-01,7.856115102767944336e-01,9.041175842285156250e-01,1.309394121170043945e+00,9.096899628639221191e-01,1.969735026359558105e+00,7.638863921165466309e-01,1.431200265884399414e+00,3.860741257667541504e-01,1.094192638993263245e-01,-8.891767263412475586e-01,3.603315353393554688e-01,-7.399823665618896484e-01,-7.539769411087036133e-01,-1.641929388046264648e+00,5.797630548477172852e-01,7.233610749244689941e-01,1.341135144233703613e+00,-1.015084907412528992e-01,7.373749613761901855e-01,6.161543726921081543e-01,-3.182912170886993408e-01,-1.588860034942626953e+00,-7.352204918861389160e-01,-7.058987766504287720e-02,6.950640678405761719e-01,-1.253679752349853516e+00,-3.892806470394134521e-01,-5.689592957496643066e-01,1.102737188339233398e+00,-1.365955173969268799e-01,-1.081039756536483765e-01,-2.277228116989135742e+00,-4.413191676139831543e-01,-8.209739327430725098e-01,-8.256570696830749512e-01,-5.339580774307250977e-01,-1.169215679168701172e+00,4.218869209289550781e-01,7.335423231124877930e-01,8.713358044624328613e-01,-5.272616818547248840e-02,6.814662218093872070e-01,1.948121547698974609e+00,5.723053216934204102e-01,1.061019897460937500e+00,-1.003927111625671387e+00,1.893419146537780762e+00,2.338501065969467163e-02,2.024573385715484619e-01
1.026867866516113281e+00,-5.997211337089538574e-01,1.130967617034912109e+00,1.503054857254028320e+00,1.532001256942749023e+00,6.298585534095764160e-01,-1.347677707672119141e+00,1.196890950202941895e+00,-1.164745688438415527e+00,-6.780707836151123047e-02,4.906446635723114014e-01,-1.192831918597221375e-01,-2.052446842193603516e+00,-2.016236335039138794e-01,2.949908673763275146e-01,8.852749466896057129e-01,9.419825673103332520e-01,1.096713304519653320e+00,6.979981064796447754e-01,1.911386728286743164e+00,6.417847275733947754e-01,1.080583930015563965e+00,5.072765946388244629e-01,-2.933392114937305450e-02,-1.021350502967834473e+00,3.834843337535858154e-01,-6.974867582321166992e-01,-3.999872803688049316e-01,-2.060486555099487305e+00,7.824882268905639648e-01,7.706770896911621094e-01,1.533843398094177246e+00,3.915055096149444580e-02,6.305993795394897461e-01,6.030527949333190918e-01,-4.133886396884918213e-01,-1.480931639671325684e+00,-4.008551836013793945e-01,-2.133729606866836548e-01,5.027125477790832520e-01,-1.778638005256652832e+00,-5.169038176536560059e-01,-9.465101957321166992e-01,1.233166813850402832e+00,2.634804695844650269e-02,-8.348698914051055908e-02,-2.042280912399291992e+00,-2.978401482105255127e-01,-9.198971986770629883e-01,-4.378113448619842529e-01,-4.685637354850769043e-01,-1.700333118438720703e+00,4.428195357322692871e-01,1.182597398757934570e+00,8.547616600990295410e-01,-1.979337930679321289e-01,6.658177375793457031e-01,1.420006394386291504e+00,3.134256005287170410e-01,1.198584318161010742e+00,-1.298326849937438965e+00,1.771089196205139160e+00,-6.056857705116271973e-01,5.844931602478027344e-01
9.500003457069396973e-01,-8.779301643371582031e-01,8.765411972999572754e-01,1.378366231918334961e+00,1.659228563308715820e+00,5.845816731452941895e-01,-1.164455652236938477e+00,1.108726263046264648e+00,-1.284484386444091797e+00,-3.865132927894592285e-01,2.217123955488204956e-01,-2.131369262933731079e-01,-1.826513171195983887e+00,-2.744693756103515625e-01,2.819761633872985840e-01,7.771920561790466309e-01,9.939864277839660645e-01,1.346218824386596680e+00,3.597393333911895752e-01,2.166465997695922852e+00,7.259159684181213379e-01,8.276318311691284180e-01,4.383914172649383545e-01,-2.005531191825866699e-01,-9.882211685180664062e-01,4.875085055828094482e-01,-6.445459723472595215e-01,-5.068708658218383789e-01,-2.248362541198730469e+00,8.201400041580200195e-01,6.950927972793579102e-01,1.163316488265991211e+00,-3.201121091842651367e-01,5.328918099403381348e-01,6.911274790763854980e-01,-2.690102458000183105e-01,-1.535757064819335938e+00,-5.052176713943481445e-01,-2.327063828706741333e-01,2.239511609077453613e-01,-1.479563355445861816e+00,-7.301448583602905273e-01,-9.081473350524902344e-01,1.496963739395141602e+00,3.155744373798370361e-01,-2.984002530574798584e-01,-2.367327213287353516e+00,-6.950318813323974609e-01,-5.784209370613098145e-01,-5.649365186691284180e-01,-5.966132879257202148e-01,-1.413921236991882324e+00,1.922308057546615601e-01,9.518396854400634766e-01,8.211151361465454102e-01,2.675528526306152344e-01,7.554233670234680176e-01,1.608112573623657227e+00,4.706615209579467773e-01,1.161233901977539062e+00,-1.597392082214355469e+00,1.836088538169860840e+00,-2.880639731884002686e-01,6.192839741706848145e-01
9.529529213905334473e-01,-7.449788451194763184e-01,7.204799652099609375e-01,1.243542194366455078e+00,1.737564682960510254e+00,4.139619767665863037e-01,-1.715553522109985352e+00,8.852846026420593262e-01,-8.191697597503662109e-01,-2.787198424339294434e-01,5.279680490493774414e-01,8.177997171878814697e-02,-1.962929725646972656e+00,-2.761969566345214844e-01,5.304431319236755371e-01,7.717410326004028320e-01,1.063492894172668457e+00,1.165909647941589355e+00,9.400091767311096191e-01,2.162875175476074219e+00,9.502800703048706055e-01,1.389326095581054688e+00,3.018257617950439453e-01,-1.767004728317260742e-01,-7.996758818626403809e-01,5.447611808776855469e-01,-2.740971148014068604e-01,-3.270646184682846069e-02,-2.216189622879028320e+00,4.970821142196655273e-01,7.819194793701171875e-01,1.173288702964782715e+00,-3.284469246864318848e-01,7.145380973815917969e-01,7.492084503173828125e-01,1.607188284397125244e-01,-1.136595845222473145e+00,-6.276619434356689453e-01,9.776969999074935913e-02,8.297505974769592285e-01,-1.438594579696655273e+00,-6.607938408851623535e-01,-8.776495456695556641e-01,1.579876303672790527e+00,9.512007981538772583e-02,-1.200948357582092285e-01,-2.423864126205444336e+00,-4.176292717456817627e-01,-4.722574949264526367e-01,-2.921212911605834961e-01,-6.201584339141845703e-01,-1.528790116310119629e+00,7.399851083755493164e-01,1.055642127990722656e+00,9.493150711059570312e-01,-4.884535446763038635e-02,5.427361130714416504e-01,1.419659733772277832e+00,9.737359881401062012e-01,1.472005605697631836e+00,-1.423599362373352051e+00,1.923759579658508301e+00,8.735693991184234619e-02,5.942332744598388672e-01
6.973850727081298828e-01,-3.442468643188476562e-01,9.522954225540161133e-01,1.219701528549194336e+00,1.454325199127197266e+00,7.376848459243774414e-01,-1.050662875175476074e+00,1.232247352600097656e+00,-3.893795013427734375e-01,-4.894243180751800537e-01,7.322117090225219727e-01,5.188714861869812012e-01,-2.142979383468627930e+00,-7.177244871854782104e-02,8.649836480617523193e-02,9.599818587303161621e-01,9.715458154678344727e-01,1.167675495147705078e+00,6.629726886749267578e-01,2.382933139801025391e+00,9.988235831260681152e-01,4.034842252731323242e-01,-2.670152485370635986e-01,2.489953935146331787e-01,-4.799969792366027832e-01,7.383509278297424316e-01,-3.996542692184448242e-01,-6.429705619812011719e-01,-2.217804431915283203e+00,6.019538044929504395e-01,5.356468558311462402e-01,9.375264644622802734e-01,-1.911957710981369019e-01,5.899928212165832520e-01,4.589379727840423584e-01,-2.265034168958663940e-01,-1.383323669433593750e+00,-8.358444571495056152e-01,-4.180602431297302246e-01,4.100650250911712646e-01,-1.172300457954406738e+00,-1.042454004287719727e+00,-6.958884000778198242e-01,1.060044407844543457e+00,1.626972109079360962e-01,-1.486288458108901978e-01,-2.564770698547363281e+00,-1.375966310501098633e+00,-4.523631930351257324e-01,-3.136195838451385498e-01,-5.124270915985107422e-01,-1.487937808036804199e+00,1.864843666553497314e-01,1.112304687500000000e+00,7.017345428466796875e-01,4.952290654182434082e-01,5.862728357315063477e-01,1.544430255889892578e+00,3.662106394767761230e-01,1.275416851043701172e+00,-1.453685283660888672e+00,2.322314739227294922e+00,-1.888618618249893188e-01,5.241224169731140137e-01
1.325791120529174805e+00,-5.725443363189697266e-01,1.100016236305236816e+00,1.425250172615051270e+00,1.549204707145690918e+00,8.222185969352722168e-01,-1.147084951400756836e+00,8.503748774528503418e-01,-9.293992519378662109e-01,-5.132030248641967773e-01,3.082184493541717529e-01,3.840065002441406250e-01,-2.004528760910034180e+00,-1.499628722667694092e-01,3.660754533484578133e-03,8.535785079002380371e-01,1.146183967590332031e+00,1.419072866439819336e+00,7.199873328208923340e-01,2.149605512619018555e+00,4.654978811740875244e-01,9.879924654960632324e-01,4.128172397613525391e-01,7.480216771364212036e-02,-9.796669483184814453e-01,4.717949926853179932e-01,-7.105401158332824707e-01,-7.933669090270996094e-01,-2.183238267898559570e+00,4.867253005504608154e-01,5.813378691673278809e-01,1.202079772949218750e+00,-4.049743413925170898e-01,5.401732921600341797e-01,6.060612797737121582e-01,4.551162943243980408e-02,-1.198017001152038574e+00,-4.748489260673522949e-01,1.939732134342193604e-01,2.329187244176864624e-01,-1.581702589988708496e+00,-8.567855954170227051e-01,-5.996607542037963867e-01,1.536254763603210449e+00,4.064435362815856934e-01,3.587129414081573486e-01,-2.434267520904541016e+00,-6.148559451103210449e-01,-2.854226827621459961e-01,-2.232211828231811523e-01,-9.757862091064453125e-01,-1.541963100433349609e+00,2.064258903264999390e-01,1.131503820419311523e+00,8.247148394584655762e-01,2.172787301242351532e-02,5.226012468338012695e-01,1.245140910148620605e+00,7.435830235481262207e-01,9.656563401222229004e-01,-1.525730967521667480e+00,1.834074497222900391e+00,6.613750010728836060e-03,5.648039579391479492e-01
1.011590242385864258e+00,-7.483626604080200195e-01,8.538632988929748535e-01,1.364395737648010254e+00,1.350942015647888184e+00,5.774578079581260681e-02,-1.156451582908630371e+00,1.007363915443420410e+00,-9.679759740829467773e-01,-1.406374126672744751e-01,5.023492574691772461e-01,1.764905452728271484e-01,-2.087223291397094727e+00,6.988115608692169189e-02,3.926023542881011963e-01,1.087739706039428711e+00,1.180406093597412109e+00,1.236253976821899414e+00,3.268094062805175781e-01,2.044425964355468750e+00,7.959200143814086914e-01,7.687245607376098633e-01,4.309482872486114502e-01,2.341057360172271729e-01,-1.031151890754699707e+00,3.790899515151977539e-01,-7.790560722351074219e-01,-4.710992574691772461e-01,-2.071344137191772461e+00,4.994820952415466309e-01,6.758708357810974121e-01,1.232136368751525879e+00,-1.019626334309577942e-01,8.439512252807617188e-01,6.733096837997436523e-01,-3.998916745185852051e-01,-1.506576895713806152e+00,-7.868328094482421875e-01,-3.046921491622924805e-01,5.398325920104980469e-01,-1.482810497283935547e+00,-5.219625234603881836e-01,-7.635305523872375488e-01,1.385090231895446777e+00,4.909054562449455261e-02,6.836974620819091797e-02,-2.326536655426025391e+00,-8.432456851005554199e-01,-5.984037518501281738e-01,-5.489735603332519531e-01,-2.864680588245391846e-01,-1.413878321647644043e+00,2.727041244506835938e-01,1.302238106727600098e+00,8.119803071022033691e-01,-9.245139360427856445e-02,1.082144379615783691e+00,1.653654098510742188e+00,4.720865190029144287e-01,1.192725896835327148e+00,-1.372458457946777344e+00,1.693757176399230957e+00,-1.653419435024261475e-01,5.513711571693420410e-01
7.940172553062438965e-01,-3.133214712142944336e-01,7.604399919509887695e-01,1.407551646232604980e+00,1.854269504547119141e+00,5.182088017463684082e-01,-1.598345398902893066e+00,9.632475376129150391e-01,-1.146014332771301270e+00,2.303217798471450806e-01,7.393687367439270020e-01,1.470406055450439453e-01,-2.316231012344360352e+00,-2.356735020875930786e-01,4.076096415519714355e-01,1.006204128265380859e+00,9.272798895835876465e-01,1.246130228042602539e+00,5.308117270469665527e-01,1.958613514900207520e+00,8.968541026115417480e-01,1.176441192626953125e+00,1.514753103256225586e-01,1.438550930470228195e-02,-6.403446793556213379e-01,1.189921721816062927e-01,-8.657057285308837891e-01,1.650584191083908081e-01,-2.002224922180175781e+00,8.674483299255371094e-01,9.467020630836486816e-01,1.571244835853576660e+00,1.738501489162445068e-01,6.099185943603515625e-01,3.328587412834167480e-01,-3.390854299068450928e-01,-1.545106649398803711e+00,-6.813717484474182129e-01,-8.687906712293624878e-02,6.128327250480651855e-01,-1.571916699409484863e+00,-8.329283595085144043e-01,-7.925636172294616699e-01,1.249374866485595703e+00,4.863648861646652222e-02,-8.164223283529281616e-03,-2.622665882110595703e+00,-3.423622846603393555e-01,-7.704783082008361816e-01,-8.451867103576660156e-01,-5.359994173049926758e-01,-1.200063943862915039e+00,2.053316980600357056e-01,1.096849083900451660e+00,1.070711493492126465e+00,1.350876092910766602e-01,6.762372851371765137e-01,1.617360949516296387e+00,4.086689651012420654e-01,1.124148368835449219e+00,-1.176438927650451660e+00,1.986624479293823242e+00,4.286915436387062073e-02,3.590308129787445068e-01
9.817235469818115234e-01,-4.935810267925262451e-01,1.340346217155456543e+00,1.187872409820556641e+00,1.136240482330322266e+00,8.828423023223876953e-01,-1.110285997390747070e+00,1.270604014396667480e+00,-7.866731286048889160e-01,-1.886719278991222382e-02,2.970715463161468506e-01,-8.964260108768939972e-03,-2.124994993209838867e+00,-2.009499222040176392e-01,2.385081648826599121e-01,5.653057098388671875e-01,1.177594304084777832e+00,1.730053305625915527e+00,6.218880414962768555e-01,2.043916702270507812e+00,2.677091658115386963e-01,6.434789896011352539e-01,5.831298232078552246e-01,-5.568513646721839905e-02,-6.103677749633789062e-01,5.729347467422485352e-01,9.467810392379760742e-02,-3.394994735717773438e-01,-1.862180709838867188e+00,1.149514198303222656e+00,5.599179267883300781e-01,1.519275665283203125e+00,-1.393948346376419067e-01,2.691527009010314941e-01,6.404397487640380859e-01,-1.476198583841323853e-01,-1.528688907623291016e+00,-5.857831239700317383e-01,-3.231299519538879395e-01,6.909982860088348389e-02,-1.522216200828552246e+00,-4.306367635726928711e-01,-5.390089750289916992e-01,1.028416991233825684e+00,2.891395092010498047e-01,1.336507797241210938e-01,-2.327590703964233398e+00,-5.690550208091735840e-01,-4.735803604125976562e-01,-2.445167861878871918e-02,-2.589025497436523438e-01,-1.560947537422180176e+00,3.380097150802612305e-01,9.137632250785827637e-01,8.117772340774536133e-01,-1.549900472164154053e-01,7.552102804183959961e-01,1.193045377731323242e+00,6.190625429153442383e-01,1.235876083374023438e+00,-1.708750486373901367e+00,1.676787376403808594e+00,-9.375599771738052368e-02,7.103360891342163086e-01
1.189116835594177246e+00,-8.627530932426452637e-01,1.021128535270690918e+00,1.677864789962768555e+00,1.394690990447998047e+00,6.841406226158142090e-01,-1.164361476898193359e+00,1.066936254501342773e+00,-1.216111302375793457e+00,-2.774753272533416748e-01,7.192465942353010178e-03,3.492210209369659424e-01,-1.900609135627746582e+00,-3.699395060539245605e-01,5.112414956092834473e-01,7.767426371574401855e-01,1.069986462593078613e+00,1.386321544647216797e+00,7.357748746871948242e-01,2.012177705764770508e+00,6.876198053359985352e-01,1.159823536872863770e+00,3.729105591773986816e-01,2.143424600362777710e-01,-7.271292209625244141e-01,4.537717700004577637e-01,-5.474617481231689453e-01,-7.727726697921752930e-01,-2.025869369506835938e+00,5.211892724037170410e-01,2.492453753948211670e-01,1.165380358695983887e+00,-3.065871000289916992e-01,8.537122607231140137e-01,6.470305323600769043e-01,-4.261200428009033203e-01,-1.973748207092285156e+00,-3.981392681598663330e-01,-4.779658913612365723e-01,5.963265299797058105e-01,-1.280333876609802246e+00,-3.021153509616851807e-01,-6.122854948043823242e-01,1.075270652770996094e+00,-2.688171267509460449e-01,-2.345346063375473022e-01,-2.491001129150390625e+00,-8.689538836479187012e-01,-4.693978428840637207e-01,-2.151326090097427368e-01,-7.243415713310241699e-02,-1.413082957267761230e+00,1.762569546699523926e-01,6.554591059684753418e-01,4.172887802124023438e-01,-1.752920299768447876e-01,4.529102444648742676e-01,1.595414876937866211e+00,6.123171448707580566e-01,1.341196060180664062e+00,-1.385727405548095703e+00,1.934374928474426270e+00,-1.630552411079406738e-01,7.670772075653076172e-01
8.429068326950073242e-01,-6.310012936592102051e-01,1.428645610809326172e+00,1.430501699447631836e+00,1.765661716461181641e+00,7.606578469276428223e-01,-1.082066893577575684e+00,9.175612330436706543e-01,-7.210490107536315918e-01,-4.076507091522216797e-01,4.369389712810516357e-01,1.738754101097583771e-03,-2.179970026016235352e+00,-4.771341979503631592e-01,5.070130228996276855e-01,1.047317385673522949e+00,9.925262331962585449e-01,1.436510801315307617e+00,1.007778763771057129e+00,2.041518449783325195e+00,4.545063078403472900e-01,9.925218820571899414e-01,5.142303109169006348e-01,3.444015681743621826e-01,-8.219094872474670410e-01,5.773369073867797852e-01,-5.656116604804992676e-01,-6.593190431594848633e-01,-2.000940561294555664e+00,7.133469581604003906e-01,3.866586387157440186e-01,1.276678323745727539e+00,-7.568942755460739136e-02,5.684915781021118164e-01,3.913914859294891357e-01,-1.129364371299743652e-01,-1.588981986045837402e+00,-8.908409476280212402e-01,7.606999576091766357e-02,4.687867462635040283e-01,-1.403252363204956055e+00,-4.403046965599060059e-01,-6.742379665374755859e-01,1.042231202125549316e+00,-1.037903055548667908e-01,4.547608792781829834e-01,-2.058312416076660156e+00,-4.586156606674194336e-01,-7.153106927871704102e-01,-1.454409062862396240e-01,-3.175982236862182617e-01,-1.688376426696777344e+00,3.761153817176818848e-01,1.021975636482238770e+00,6.391134858131408691e-01,-1.967442929744720459e-01,4.388756752014160156e-01,1.732610464096069336e+00,7.077233791351318359e-01,1.219298720359802246e+00,-1.714271664619445801e+00,1.976478934288024902e+00,-4.523404240608215332e-01,6.341882348060607910e-01
1.226595282554626465e+00,-7.229591012001037598e-01,9.947779774665832520e-01,1.104846835136413574e+00,1.581090450286865234e+00,3.153425157070159912e-01,-2.026192188262939453e+00,8.138440251350402832e-01,-9.207636713981628418e-01,-4.132501184940338135e-01,6.297001838684082031e-01,1.195876151323318481e-01,-2.070062637329101562e+00,9.170028567314147949e-02,4.065500795841217041e-01,1.034350395202636719e+00,9.972739815711975098e-01,1.364981532096862793e+00,5.882905721664428711e-01,2.352614164352416992e+00,8.433511853218078613e-01,1.263438105583190918e+00,-8.351994305849075317e-02,-3.132655918598175049e-01,-9.808476567268371582e-01,6.239070296287536621e-01,-4.795959591865539551e-01,-1.864622086286544800e-01,-2.194369792938232422e+00,4.328056275844573975e-01,4.724268615245819092e-01,1.088356375694274902e+00,-4.460380598902702332e-02,9.424081444740295410e-01,6.252787113189697266e-01,-3.207972049713134766e-01,-1.408250689506530762e+00,-6.374819874763488770e-01,-1.253546476364135742e-01,3.172782361507415771e-01,-1.274685025215148926e+00,-5.312138795852661133e-01,-7.586074471473693848e-01,1.477341055870056152e+00,2.838472127914428711e-01,-2.020694017410278320e-01,-2.388179540634155273e+00,-6.875104308128356934e-01,-6.349993348121643066e-01,-2.131471037864685059e-01,-5.512270331382751465e-01,-1.525422930717468262e+00,2.979672551155090332e-01,1.142221093177795410e+00,8.208642005920410156e-01,-1.970797963440418243e-02,7.308939695358276367e-01,1.652031183242797852e+00,1.085280895233154297e+00,1.049742341041564941e+00,-1.473491311073303223e+00,1.770049691200256348e+00,-1.513779163360595703e-01,4.052309691905975342e-01
6.829550862312316895e-01,-7.640732526779174805e-01,4.087488353252410889e-01,1.280868530273437500e+00,1.387219667434692383e+00,2.939600944519042969e-01,-1.797174572944641113e+00,1.440245151519775391e+00,-7.386947870254516602e-01,-7.996917963027954102e-01,5.041252374649047852e-01,2.343513518571853638e-01,-2.247667074203491211e+00,2.246397435665130615e-01,3.360125422477722168e-01,6.596580147743225098e-01,9.438620805740356445e-01,7.138327360153198242e-01,9.657392501831054688e-01,1.797614097595214844e+00,6.022740602493286133e-01,1.388750195503234863e+00,4.379685521125793457e-01,-1.400111019611358643e-01,-6.436989307403564453e-01,6.706948876380920410e-01,-7.726200222969055176e-01,-4.326802492141723633e-01,-1.983250856399536133e+00,8.085446357727050781e-01,7.969696521759033203e-01,8.537697196006774902e-01,1.129326373338699341e-01,8.734811544418334961e-01,5.637249350547790527e-01,-3.322004079818725586e-01,-1.546651124954223633e+00,-9.922217130661010742e-01,-3.911338448524475098e-01,9.016521573066711426e-01,-1.348780632019042969e+00,-6.779669523239135742e-01,-8.176015615463256836e-01,1.293898463249206543e+00,6.994577646255493164e-01,-1.240379959344863892e-01,-2.149545431137084961e+00,-5.837422609329223633e-01,-9.693269729614257812e-01,-5.374342799186706543e-01,-6.182789206504821777e-01,-1.409356355667114258e+00,2.157423496246337891e-01,1.132912158966064453e+00,8.984621167182922363e-01,3.284254372119903564e-01,1.546196937561035156e-01,1.673225641250610352e+00,6.957025527954101562e-01,1.224893450736999512e+00,-1.076173663139343262e+00,1.771183848381042480e+00,-4.434421062469482422e-01,1.278877407312393188e-01
9.450242519378662109e-01,-1.384681090712547302e-02,1.038427591323852539e+00,1.424170494079589844e+00,1.890901565551757812e+00,2.268516570329666138e-01,-8.074229359626770020e-01,1.202610611915588379e+00,-1.201755881309509277e+00,-4.543298482894897461e-01,3.686711490154266357e-01,-1.862885355949401855e-01,-2.009419918060302734e+00,-4.041048288345336914e-01,9.133273363113403320e-02,1.295117259025573730e+00,1.016453742980957031e+00,1.487258434295654297e+00,4.940720796585083008e-01,1.972485423088073730e+00,7.158208489418029785e-01,9.078649282455444336e-01,2.868373990058898926e-01,1.473383419215679169e-02,-7.442607879638671875e-01,2.665840983390808105e-01,-5.556384325027465820e-01,-6.078390479087829590e-01,-2.710811614990234375e+00,6.233080625534057617e-01,3.479653000831604004e-01,1.296448349952697754e+00,-2.978413105010986328e-01,7.510224580764770508e-01,3.214583694934844971e-01,-2.910629510879516602e-01,-1.433080077171325684e+00,-6.680663228034973145e-01,5.980965495109558105e-02,4.097961187362670898e-01,-1.476875782012939453e+00,-6.787303686141967773e-01,-1.138609647750854492e+00,1.354856252670288086e+00,4.151306152343750000e-01,-2.446842342615127563e-01,-2.294698715209960938e+00,-8.188288211822509766e-01,-3.287465274333953857e-01,-6.296064257621765137e-01,-5.425068140029907227e-01,-1.492608308792114258e+00,3.989295661449432373e-01,6.640545725822448730e-01,7.655096054077148438e-01,4.688083529472351074e-01,7.424544692039489746e-01,1.545037150382995605e+00,3.999479413032531738e-01,1.495296835899353027e+00,-1.876171112060546875e+00,1.793389558792114258e+00,-3.099071979522705078e-01,1.179261058568954468e-01
6.782631874084472656e-01,-7.992597818374633789e-01,8.164234757423400879e-01,1.339446425437927246e+00,1.389485716819763184e+00,3.901429474353790283e-01,-1.222015857696533203e+00,8.884808421134948730e-01,-1.201554298400878906e+00,3.914829716086387634e-02,2.269470244646072388e-01,6.432705521583557129e-01,-2.089752674102783203e+00,-2.816413938999176025e-01,2.171062827110290527e-01,9.982291460037231445e-01,9.967512488365173340e-01,1.316100239753723145e+00,5.440388917922973633e-01,2.311512708663940430e+00,5.576718449592590332e-01,8.971596360206604004e-01,2.836760580539703369e-01,-2.703050971031188965e-01,-1.064373373985290527e+00,3.603302240371704102e-01,-6.579037308692932129e-01,-3.000298738479614258e-01,-1.685223698616027832e+00,7.490592002868652344e-01,7.130603790283203125e-01,1.040570974349975586e+00,2.346038520336151123e-01,8.691285848617553711e-01,8.782700896263122559e-01,-6.042848229408264160e-01,-1.549817562103271484e+00,-7.350240349769592285e-01,2.404155209660530090e-02,3.492300808429718018e-01,-1.369286417961120605e+00,-4.955312013626098633e-01,-8.874479532241821289e-01,1.357004523277282715e+00,1.340063214302062988e-01,-6.035271659493446350e-02,-2.485190868377685547e+00,-5.463039278984069824e-01,-8.218729496002197266e-01,-6.263171434402465820e-01,-5.754241347312927246e-01,-1.535043835639953613e+00,8.601879328489303589e-02,1.049234747886657715e+00,8.507148027420043945e-01,2.849051356315612793e-01,5.273125767707824707e-01,1.757402896881103516e+00,4.729864597320556641e-01,8.124886751174926758e-01,-1.473610281944274902e+00,1.941076636314392090e+00,-3.181578218936920166e-01,3.238099217414855957e-01
8.756979107856750488e-01,-5.176498889923095703e-01,1.145942330360412598e+00,1.469803094863891602e+00,1.708278775215148926e+00,4.171524643898010254e-01,-1.415734291076660156e+00,1.230658292770385742e+00,-6.065464019775390625e-01,-4.151569008827209473e-01,3.842222392559051514e-01,2.260722815990447998e-01,-1.960602879524230957e+00,-3.743058145046234131e-01,7.390538454055786133e-01,7.066839337348937988e-01,6.970321536064147949e-01,1.185247659683227539e+00,8.607575893402099609e-01,2.323366403579711914e+00,1.096932888031005859e+00,9.837853908538818359e-01,1.724595427513122559e-01,-1.628763079643249512e-01,-1.022559762001037598e+00,6.889797449111938477e-01,-6.313821673393249512e-01,-3.161157965660095215e-01,-2.077013015747070312e+00,5.554039478302001953e-01,1.870156377553939819e-01,5.892089605331420898e-01,-1.134084835648536682e-01,1.146402835845947266e+00,6.265014410018920898e-01,-4.676230251789093018e-01,-1.259961009025573730e+00,-5.699883699417114258e-01,-1.070802509784698486e-01,8.679637908935546875e-01,-1.116072535514831543e+00,-5.413458943367004395e-01,-6.400613784790039062e-01,1.355634331703186035e+00,-1.226073279976844788e-01,3.588470518589019775e-01,-2.271698236465454102e+00,-7.856355905532836914e-01,-2.330301553010940552e-01,-2.315884977579116821e-01,-6.717544198036193848e-01,-1.007203578948974609e+00,4.823099374771118164e-01,6.628462672233581543e-01,5.258527398109436035e-01,2.160671912133693695e-02,4.585071206092834473e-01,1.568258523941040039e+00,7.703973054885864258e-01,1.736768484115600586e+00,-1.417509317398071289e+00,1.990049481391906738e+00,-5.320831015706062317e-02,4.507912993431091309e-01
1.288219213485717773e+00,-6.148203611373901367e-01,8.312052488327026367e-01,1.315362095832824707e+00,1.812063336372375488e+00,5.598732233047485352e-01,-1.478250741958618164e+00,1.206675887107849121e+00,-6.999431252479553223e-01,-2.857062220573425293e-01,5.117215514183044434e-01,3.414316475391387939e-01,-2.123660802841186523e+00,-8.097034692764282227e-02,3.348360061645507812e-01,9.575093388557434082e-01,1.368444800376892090e+00,1.115191817283630371e+00,1.105813860893249512e+00,2.216315507888793945e+00,8.219678401947021484e-01,1.028448581695556641e+00,3.159770369529724121e-01,-4.281329810619354248e-01,-7.409786581993103027e-01,2.623159289360046387e-01,-6.048283576965332031e-01,-3.923000991344451904e-01,-1.996698975563049316e+00,6.492375731468200684e-01,5.557712912559509277e-01,1.153943061828613281e+00,-1.476529836654663086e-01,8.246619701385498047e-01,2.253706157207489014e-01,-5.222402811050415039e-01,-1.505644798278808594e+00,-3.509349822998046875e-01,-3.352528810501098633e-01,5.273137092590332031e-01,-1.362413406372070312e+00,-1.060877799987792969e+00,-5.412855744361877441e-01,1.179250717163085938e+00,1.104785501956939697e-01,2.099018394947052002e-01,-3.021574258804321289e+00,-7.274347543716430664e-01,-4.737882912158966064e-01,-2.122996188700199127e-02,-3.266479372978210449e-01,-1.641602993011474609e+00,2.286873310804367065e-01,7.804743051528930664e-01,4.112496078014373779e-01,8.532606810331344604e-02,2.807539701461791992e-01,1.342321515083312988e+00,8.202139735221862793e-01,1.402375221252441406e+00,-1.415735721588134766e+00,2.007468938827514648e+00,-1.057509034872055054e-01,8.118302226066589355e-01
1.130105733871459961e+00,-5.474228262901306152e-01,9.838795661926269531e-01,1.445845007896423340e+00,1.557868957519531250e+00,3.169845938682556152e-01,-1.121263265609741211e+00,9.843137264251708984e-01,-7.758409976959228516e-01,-2.628746628761291504e-01,5.474389195442199707e-01,-1.030430272221565247e-01,-2.057485342025756836e+00,2.542498335242271423e-02,3.630171120166778564e-01,9.102074503898620605e-01,1.201842665672302246e+00,1.118798732757568359e+00,3.959886431694030762e-01,2.281016588211059570e+00,6.949046254158020020e-01,8.558681607246398926e-01,-1.570804044604301453e-02,2.810985147953033447e-01,-5.511026978492736816e-01,3.401509523391723633e-01,-6.228648424148559570e-01,-6.446699500083923340e-01,-2.122639656066894531e+00,7.157316803932189941e-01,3.446146249771118164e-01,1.306818962097167969e+00,1.640011928975582123e-02,1.088584780693054199e+00,5.346661806106567383e-01,-3.351665139198303223e-01,-1.518769025802612305e+00,-5.015566349029541016e-01,-4.975070059299468994e-01,4.957340657711029053e-01,-1.323560953140258789e+00,-6.257860064506530762e-01,-8.291430473327636719e-01,1.178403496742248535e+00,-6.705531477928161621e-02,-2.016970366239547729e-01,-2.340458393096923828e+00,-9.416079521179199219e-01,-2.566645443439483643e-01,-4.340476989746093750e-01,-3.829316794872283936e-01,-1.293968439102172852e+00,3.490216732025146484e-01,8.204470872879028320e-01,7.498000264167785645e-01,4.976733401417732239e-02,8.590760231018066406e-01,1.769686579704284668e+00,3.797231912612915039e-01,1.267895221710205078e+00,-1.366329908370971680e+00,1.982327461242675781e+00,2.846914157271385193e-02,3.551433980464935303e-01
6.744595766067504883e-01,-7.226837277412414551e-01,7.456681728363037109e-01,9.650214910507202148e-01,1.831738352775573730e+00,6.941939592361450195e-01,-1.389890432357788086e+00,1.111631393432617188e+00,-1.247388720512390137e+00,-3.327048718929290771e-01,3.909358680248260498e-01,-1.490981280803680420e-01,-2.220637321472167969e+00,-3.141790628433227539e-01,4.744949340820312500e-01,1.170609593391418457e+00,7.037708163261413574e-01,1.465934395790100098e+00,8.839216232299804688e-01,2.495823383331298828e+00,9.499046802520751953e-01,9.679935574531555176e-01,4.507476687431335449e-01,2.048604339361190796e-01,-1.315394520759582520e+00,6.546942591667175293e-01,-5.194849371910095215e-01,-4.435518980026245117e-01,-1.764216661453247070e+00,1.077854275703430176e+00,5.458337068557739258e-01,1.281973242759704590e+00,8.457691222429275513e-02,9.830637574195861816e-01,4.935483336448669434e-01,-3.892421424388885498e-01,-1.594438791275024414e+00,-3.688170909881591797e-01,3.381725549697875977e-01,7.949942350387573242e-01,-1.162572145462036133e+00,-4.155872762203216553e-01,-5.590627789497375488e-01,1.453471779823303223e+00,-4.486107230186462402e-01,7.212226092815399170e-02,-1.895574927330017090e+00,-6.833299398422241211e-01,-6.649743318557739258e-01,-5.151173472404479980e-01,-2.456496804952621460e-01,-1.507824182510375977e+00,3.344708085060119629e-01,6.510050892829895020e-01,7.690498828887939453e-01,-3.791503980755805969e-02,1.003736183047294617e-01,1.751232624053955078e+00,5.963327884674072266e-01,1.745585203170776367e+00,-9.790556430816650391e-01,1.708607912063598633e+00,-6.148117780685424805e-01,4.213403165340423584e-01
