4.215085506439208984e-01,2.096007108688354492e+00,-1.237816333770751953e+00,4.331126809120178223e-01,2.967005074024200439e-01,-4.262457787990570068e-01,3.066324234008789062e+00,1.674289703369140625e+00,3.213880062103271484e-01,7.599935680627822876e-02,-1.710379242897033691e+00,1.533055067062377930e+00,-3.357439935207366943e-01,1.102202892303466797e+00,-1.819293737411499023e+00,-2.075425535440444946e-01,-1.176815479993820190e-01,1.887089967727661133e+00,5.993268489837646484e-01,3.278899490833282471e-01,-3.814285039901733398e+00,-9.559329152107238770e-01,9.552561640739440918e-01,1.515328288078308105e+00,-1.051683306694030762e+00,-1.073896408081054688e+00,4.391021251678466797e+00,-7.920376062393188477e-01,9.593973755836486816e-01,1.887993097305297852e+00,8.938471674919128418e-01,-1.854796767234802246e+00,-7.384513020515441895e-01,-9.323232173919677734e-01,-4.467716813087463379e-01,5.476036295294761658e-02,3.354535698890686035e-01,-1.743339300155639648e+00,-2.843224048614501953e+00,2.900969266891479492e+00,-9.689455032348632812e-01,-4.056057631969451904e-01,-1.218173027038574219e+00,1.195228695869445801e+00,7.129566669464111328e-01,-1.053014993667602539e+00,1.174500942230224609e+00,1.011076197028160095e-01,5.359661579132080078e-02,9.972166419029235840e-01,-1.995709300041198730e+00,-8.884269595146179199e-01,3.311831712722778320e+00,-4.950430393218994141e-01,-3.004023551940917969e+00,6.461594104766845703e-01,-5.321007966995239258e-01,5.776670575141906738e-02,1.750394821166992188e+00,-1.088352918624877930e+00,-1.511256694793701172e+00,-9.718472361564636230e-01,-2.701390743255615234e+00,2.617106676101684570e+00
-5.734717249870300293e-01,9.721809029579162598e-01,-2.638672828674316406e+00,-4.744336009025573730e-03,5.043411850929260254e-01,-3.607223927974700928e-01,3.405474901199340820e+00,1.417856454849243164e+00,-9.574934244155883789e-01,5.734741091728210449e-01,-4.779534339904785156e-01,1.493892192840576172e+00,1.245081573724746704e-01,2.113091468811035156e+00,-1.547700524330139160e+00,1.232173085212707520e+00,-2.365826666355133057e-01,2.268265485763549805e+00,1.505154371261596680e+00,1.594875574111938477e+00,-2.478905200958251953e+00,-1.125702381134033203e+00,2.080789089202880859e+00,1.380203127861022949e+00,-7.603510618209838867e-01,-1.405205607414245605e+00,3.016300916671752930e+00,-8.405052423477172852e-01,2.691411495208740234e+00,1.800577163696289062e+00,2.531790971755981445e+00,-1.392422437667846680e+00,-6.719677448272705078e-01,-1.587805747985839844e+00,-8.016092181205749512e-01,-7.305181026458740234e-02,6.732774376869201660e-01,-2.031106472015380859e+00,-2.481351613998413086e+00,2.504065990447998047e+00,-1.349604725837707520e+00,-1.951751112937927246e-01,-1.604588031768798828e+00,1.855216503143310547e+00,1.136665344238281250e-01,-1.306622028350830078e+00,1.686917901039123535e+00,6.912339925765991211e-01,-8.309776782989501953e-01,3.101364850997924805e+00,-2.164082765579223633e+00,-3.469885289669036865e-01,1.803546905517578125e+00,-2.629510760307312012e-01,-2.253018856048583984e+00,3.374289870262145996e-01,-2.453951537609100342e-01,8.491143584251403809e-02,2.441516399383544922e+00,-1.075061321258544922e+00,-1.802996635437011719e+00,-9.681478142738342285e-01,-1.629992246627807617e+00,2.389272689819335938e+00
-5.270553827285766602e-01,1.116109967231750488e+00,-2.411000728607177734e+00,1.709359735250473022e-01,5.903145074844360352e-01,-3.136576712131500244e-01,3.231675863265991211e+00,1.756613016128540039e+00,-1.055999875068664551e+00,6.849232316017150879e-01,-4.695856571197509766e-02,1.356937170028686523e+00,-1.024478524923324585e-01,2.336477994918823242e+00,-1.399821519851684570e+00,1.056710958480834961e+00,-1.067909896373748779e-01,2.213624238967895508e+00,1.446941852569580078e+00,1.591721773147583008e+00,-2.508684396743774414e+00,-1.005328297615051270e+00,2.015455007553100586e+00,1.442551851272583008e+00,-5.265339612960815430e-01,-1.699257731437683105e+00,3.259785652160644531e+00,-1.001958489418029785e+00,2.950545549392700195e+00,1.871806025505065918e+00,2.636800050735473633e+00,-1.461669564247131348e+00,-5.720570683479309082e-01,-1.500222444534301758e+00,-1.139001607894897461e+00,1.827979087829589844e-02,8.471300601959228516e-01,-2.208284616470336914e+00,-2.555020570755004883e+00,2.622041940689086914e+00,-1.222538113594055176e+00,-3.136077523231506348e-01,-1.574724316596984863e+00,1.877090454101562500e+00,3.377552032470703125e-01,-1.219560146331787109e+00,1.768838167190551758e+00,2.890032231807708740e-01,-1.142123460769653320e+00,3.135462522506713867e+00,-1.787992835044860840e+00,-7.550817131996154785e-01,1.621449232101440430e+00,-2.995669245719909668e-01,-2.155860662460327148e+00,2.862354815006256104e-01,-2.583525180816650391e-01,-4.725229740142822266e-02,2.622087478637695312e+00,-1.187928199768066406e+00,-2.219961166381835938e+00,-7.360455989837646484e-01,-1.599220871925354004e+00,2.052113771438598633e+00
-5.601854324340820312e-01,1.124868869781494141e+00,-2.467340469360351562e+00,9.420116990804672241e-02,5.204334855079650879e-01,-1.292235851287841797e-01,3.689858913421630859e+00,1.585209131240844727e+00,-1.122546434402465820e+00,8.153715729713439941e-01,-3.020941019058227539e-01,1.173674702644348145e+00,-1.362483501434326172e-01,2.216608762741088867e+00,-1.380940437316894531e+00,1.233656644821166992e+00,-2.002200186252593994e-01,2.334112644195556641e+00,1.387286901473999023e+00,1.403835058212280273e+00,-2.677367687225341797e+00,-1.285431027412414551e+00,2.302162647247314453e+00,1.606353998184204102e+00,-7.921715974807739258e-01,-1.453110218048095703e+00,3.151232242584228516e+00,-1.047209143638610840e+00,2.931601524353027344e+00,1.799903988838195801e+00,2.201128005981445312e+00,-1.373998641967773438e+00,-8.034529089927673340e-01,-1.524804353713989258e+00,-8.254383802413940430e-01,-3.075333237648010254e-01,9.079638123512268066e-01,-2.268871784210205078e+00,-2.562695026397705078e+00,2.555909156799316406e+00,-1.022691607475280762e+00,-9.582835435867309570e-02,-1.607231140136718750e+00,1.809123158454895020e+00,3.901557326316833496e-01,-1.221460819244384766e+00,1.644367575645446777e+00,5.241634845733642578e-01,-1.019933938980102539e+00,3.027240276336669922e+00,-1.882150173187255859e+00,-6.153256893157958984e-01,1.863316774368286133e+00,-3.112459182739257812e-02,-2.279803991317749023e+00,5.635172724723815918e-01,-2.729315459728240967e-01,1.400128602981567383e-01,2.487009525299072266e+00,-1.175246953964233398e+00,-1.893449068069458008e+00,-7.666957378387451172e-01,-1.705396652221679688e+00,2.274760961532592773e+00
-5.056877136230468750e-01,1.007061123847961426e+00,-2.671486854553222656e+00,2.097998261451721191e-01,2.633677721023559570e-01,-2.193209528923034668e-01,3.475372791290283203e+00,1.467923760414123535e+00,-9.976335167884826660e-01,5.624461770057678223e-01,-1.053999662399291992e-01,1.290706157684326172e+00,-1.752517670392990112e-01,2.225424528121948242e+00,-1.490455031394958496e+00,1.106495976448059082e+00,-4.019280076026916504e-01,2.432505130767822266e+00,1.273564934730529785e+00,1.446056127548217773e+00,-2.486792802810668945e+00,-1.033562421798706055e+00,1.949719667434692383e+00,1.319862365722656250e+00,-6.657523512840270996e-01,-1.522183418273925781e+00,3.214984178543090820e+00,-1.043492436408996582e+00,2.797925472259521484e+00,1.984680294990539551e+00,2.469277381896972656e+00,-1.602455854415893555e+00,-5.363550782203674316e-01,-1.654680728912353516e+00,-8.371624350547790527e-01,1.807063817977905273e-02,8.291754722595214844e-01,-1.932442188262939453e+00,-2.372674226760864258e+00,2.569982528686523438e+00,-1.060981512069702148e+00,-3.932355046272277832e-01,-1.786199331283569336e+00,1.957005500793457031e+00,1.756744980812072754e-01,-1.611828327178955078e+00,1.993314743041992188e+00,5.031447410583496094e-01,-7.831450104713439941e-01,3.283753395080566406e+00,-2.213985681533813477e+00,-4.976863861083984375e-01,1.851881742477416992e+00,-4.090307652950286865e-01,-2.216840267181396484e+00,5.487476587295532227e-01,-3.338557779788970947e-01,2.841029763221740723e-01,2.501875400543212891e+00,-1.137503862380981445e+00,-2.084645271301269531e+00,-9.267919659614562988e-01,-1.840446472167968750e+00,2.394227266311645508e+00
-6.368461251258850098e-01,1.068930387496948242e+00,-2.606516838073730469e+00,1.246168240904808044e-01,4.679213464260101318e-01,-4.019748866558074951e-01,3.606680393218994141e+00,1.511630654335021973e+00,-1.008744120597839355e+00,7.748169302940368652e-01,-2.909768819808959961e-01,1.312937974929809570e+00,-1.725585013628005981e-01,2.261534690856933594e+00,-1.375143289566040039e+00,1.120268106460571289e+00,-3.513473570346832275e-01,2.043602228164672852e+00,1.095000267028808594e+00,1.464023113250732422e+00,-2.548361063003540039e+00,-9.028847217559814453e-01,1.959557294845581055e+00,1.387024641036987305e+00,-6.396025419235229492e-01,-1.577723741531372070e+00,3.079920291900634766e+00,-7.812362313270568848e-01,3.100396156311035156e+00,1.731348276138305664e+00,2.245554447174072266e+00,-1.785881400108337402e+00,-6.049451231956481934e-01,-1.406984567642211914e+00,-1.052507400512695312e+00,-3.158896565437316895e-01,7.382376790046691895e-01,-2.061648845672607422e+00,-2.674736499786376953e+00,2.386718750000000000e+00,-1.035084128379821777e+00,-1.424560546875000000e-01,-1.576984524726867676e+00,1.836395502090454102e+00,4.739694893360137939e-01,-1.271935462951660156e+00,1.938524961471557617e+00,5.992006659507751465e-01,-1.068279862403869629e+00,3.258470058441162109e+00,-2.135727643966674805e+00,-7.680892348289489746e-01,1.548985123634338379e+00,-2.441034913063049316e-01,-2.073775291442871094e+00,5.263977050781250000e-01,-3.536438643932342529e-01,1.037151813507080078e-01,2.855837106704711914e+00,-1.064635038375854492e+00,-2.219480752944946289e+00,-8.784936666488647461e-01,-1.670094490051269531e+00,2.371144533157348633e+00
-7.289430499076843262e-01,1.236227273941040039e+00,-2.619320869445800781e+00,3.361344337463378906e-03,5.468373298645019531e-01,-4.824630022048950195e-01,3.470469236373901367e+00,1.773015737533569336e+00,-8.419246673583984375e-01,5.469355583190917969e-01,-3.468588590621948242e-01,1.389511585235595703e+00,-1.730192601680755615e-01,2.414372205734252930e+00,-1.569627761840820312e+00,1.071723699569702148e+00,-3.887272179126739502e-01,2.113426685333251953e+00,1.171817779541015625e+00,1.552042126655578613e+00,-2.572118282318115234e+00,-1.049212932586669922e+00,2.210065841674804688e+00,1.554737687110900879e+00,-8.059877157211303711e-01,-1.635939359664916992e+00,3.333317518234252930e+00,-9.105874300003051758e-01,2.666519165039062500e+00,1.957514047622680664e+00,2.272317647933959961e+00,-1.807548761367797852e+00,-7.627608180046081543e-01,-1.497214674949645996e+00,-1.096488118171691895e+00,-2.971028685569763184e-01,5.115789175033569336e-01,-1.914152503013610840e+00,-2.291241407394409180e+00,2.767066240310668945e+00,-1.108482837677001953e+00,-4.082720875740051270e-01,-1.720727920532226562e+00,1.792393445968627930e+00,1.616657376289367676e-01,-1.584513068199157715e+00,1.957256555557250977e+00,7.902306318283081055e-01,-7.291031479835510254e-01,3.055169582366943359e+00,-1.912227869033813477e+00,-4.955492317676544189e-01,1.888847827911376953e+00,-4.104970097541809082e-01,-2.129479408264160156e+00,3.769810497760772705e-01,-3.401353955268859863e-01,1.976806521415710449e-01,2.682200908660888672e+00,-9.862333536148071289e-01,-2.128817558288574219e+00,-1.048135876655578613e+00,-1.697960138320922852e+00,2.058468103408813477e+00
-5.488151907920837402e-01,1.117714762687683105e+00,-2.472072124481201172e+00,2.600213289260864258e-01,3.949151039123535156e-01,-1.722970902919769287e-01,3.399246692657470703e+00,1.729506731033325195e+00,-1.058752655982971191e+00,8.699386119842529297e-01,-2.423279285430908203e-01,1.304313063621520996e+00,-1.839225143194198608e-01,2.136066198348999023e+00,-1.261404275894165039e+00,8.514142632484436035e-01,-4.436665773391723633e-02,2.449136495590209961e+00,1.286998748779296875e+00,1.624823689460754395e+00,-2.675577163696289062e+00,-9.970670938491821289e-01,1.897038936614990234e+00,1.251349806785583496e+00,-4.358912706375122070e-01,-1.732013344764709473e+00,3.178067445755004883e+00,-1.012005925178527832e+00,2.722795248031616211e+00,1.692780256271362305e+00,2.244538545608520508e+00,-1.564144015312194824e+00,-5.517339706420898438e-01,-1.672241210937500000e+00,-1.044499039649963379e+00,-2.229782938957214355e-01,6.008001565933227539e-01,-2.156054973602294922e+00,-2.270153045654296875e+00,2.473412513732910156e+00,-1.335795044898986816e+00,-3.473316431045532227e-01,-1.743855476379394531e+00,1.640804767608642578e+00,2.294579148292541504e-01,-1.464600443840026855e+00,1.814079642295837402e+00,5.908881425857543945e-01,-1.010671257972717285e+00,3.330314636230468750e+00,-2.038677453994750977e+00,-7.503697872161865234e-01,1.572961688041687012e+00,-2.901530265808105469e-02,-2.094017982482910156e+00,4.063749909400939941e-01,-1.522783935070037842e-01,3.404927253723144531e-02,2.784964084625244141e+00,-9.179769158363342285e-01,-2.208764076232910156e+00,-9.239027500152587891e-01,-1.933284282684326172e+00,2.387067794799804688e+00
-7.694780826568603516e-01,1.054612636566162109e+00,-2.520492553710937500e+00,-1.781015992164611816e-01,3.940870165824890137e-01,-4.874427318572998047e-01,3.477016210556030273e+00,1.430721044540405273e+00,-1.044530630111694336e+00,5.973533391952514648e-01,-2.006170749664306641e-01,1.440632343292236328e+00,-1.265351474285125732e-01,2.407392740249633789e+00,-1.622566699981689453e+00,9.481101632118225098e-01,-2.970184981822967529e-01,2.119815826416015625e+00,1.524212598800659180e+00,1.389469623565673828e+00,-2.695847749710083008e+00,-1.231324672698974609e+00,2.212682008743286133e+00,1.553918957710266113e+00,-6.282870769500732422e-01,-1.571298837661743164e+00,3.250540018081665039e+00,-7.975258827209472656e-01,2.673575639724731445e+00,1.790595531463623047e+00,2.576763629913330078e+00,-1.331695914268493652e+00,-8.015496134757995605e-01,-1.828085184097290039e+00,-9.662395715713500977e-01,-1.248477101325988770e-01,5.535183548927307129e-01,-2.147033929824829102e+00,-2.526253223419189453e+00,2.639617919921875000e+00,-1.107264995574951172e+00,-2.487185597419738770e-01,-1.697744131088256836e+00,1.801053047180175781e+00,4.895546436309814453e-01,-1.411634206771850586e+00,1.949640154838562012e+00,5.689072608947753906e-01,-7.625437378883361816e-01,3.279690265655517578e+00,-1.772992372512817383e+00,-5.274580717086791992e-01,1.574444651603698730e+00,-1.895286440849304199e-01,-2.183980941772460938e+00,6.396821141242980957e-01,-9.113635122776031494e-02,3.635765314102172852e-01,2.736307144165039062e+00,-1.113535046577453613e+00,-2.068728446960449219e+00,-9.101118445396423340e-01,-1.950173377990722656e+00,2.168765068054199219e+00
-8.046673536300659180e-01,1.136836528778076172e+00,-2.322635173797607422e+00,-8.269131183624267578e-02,2.488567531108856201e-01,-2.915436625480651855e-01,3.303236007690429688e+00,1.510185956954956055e+00,-1.122673034667968750e+00,5.420345664024353027e-01,-1.808927059173583984e-01,1.403753757476806641e+00,4.555903375148773193e-02,2.257186651229858398e+00,-1.324446916580200195e+00,1.250269174575805664e+00,-2.921147346496582031e-01,2.082489013671875000e+00,1.495491027832031250e+00,1.746064424514770508e+00,-2.636281728744506836e+00,-8.989379405975341797e-01,2.129288196563720703e+00,1.455295324325561523e+00,-5.408623218536376953e-01,-1.565413594245910645e+00,3.098206043243408203e+00,-1.020882487297058105e+00,3.079622030258178711e+00,1.786796212196350098e+00,2.269104003906250000e+00,-1.534105539321899414e+00,-7.843098640441894531e-01,-1.459704995155334473e+00,-8.723227381706237793e-01,-3.634608387947082520e-01,8.179541230201721191e-01,-2.172365188598632812e+00,-2.647572994232177734e+00,2.619404077529907227e+00,-1.063176870346069336e+00,1.541072130203247070e-02,-1.827306747436523438e+00,1.728994131088256836e+00,3.478164672851562500e-01,-1.305874586105346680e+00,1.821532249450683594e+00,3.758964240550994873e-01,-8.175127506256103516e-01,3.078991889953613281e+00,-1.839098811149597168e+00,-7.516886591911315918e-01,1.622890710830688477e+00,-4.252735972404479980e-01,-2.194229602813720703e+00,2.526449263095855713e-01,-4.192147403955459595e-02,2.461439371109008789e-01,2.862578630447387695e+00,-8.601316213607788086e-01,-1.874384284019470215e+00,-7.663272619247436523e-01,-1.890259504318237305e+00,2.288643836975097656e+00
-5.696523189544677734e-01,1.072975397109985352e+00,-2.319755315780639648e+00,1.142720878124237061e-02,3.636197745800018311e-01,-2.757034301757812500e-01,3.662910699844360352e+00,1.431696534156799316e+00,-8.609506487846374512e-01,4.263827800750732422e-01,-1.291370391845703125e-01,1.210041284561157227e+00,-2.018289417028427124e-01,2.365571737289428711e+00,-1.347204446792602539e+00,8.905923962593078613e-01,-3.029389679431915283e-01,2.330346107482910156e+00,1.314468145370483398e+00,1.353894710540771484e+00,-2.629426479339599609e+00,-1.151328086853027344e+00,2.224452972412109375e+00,1.510483860969543457e+00,-7.443840503692626953e-01,-1.485364675521850586e+00,3.269483566284179688e+00,-6.623325943946838379e-01,2.859672307968139648e+00,1.919505119323730469e+00,2.402541160583496094e+00,-1.336936593055725098e+00,-6.307321786880493164e-01,-1.858801126480102539e+00,-8.063108325004577637e-01,-3.642670512199401855e-01,7.403073310852050781e-01,-2.019328355789184570e+00,-2.622523069381713867e+00,2.829002857208251953e+00,-9.433739185333251953e-01,-7.186907529830932617e-02,-1.735723495483398438e+00,2.004956245422363281e+00,1.329543590545654297e-01,-1.217813372611999512e+00,1.812569260597229004e+00,7.996333837509155273e-01,-1.096025705337524414e+00,3.205066680908203125e+00,-2.134282350540161133e+00,-7.240255475044250488e-01,1.627838373184204102e+00,-4.106503725051879883e-01,-2.019259214401245117e+00,6.275555491447448730e-01,-4.080391675233840942e-02,3.336168229579925537e-01,2.745887756347656250e+00,-1.167297482490539551e+00,-1.937336325645446777e+00,-9.564173221588134766e-01,-1.717034339904785156e+00,2.331409692764282227e+00
-6.140291690826416016e-01,1.210969090461730957e+00,-2.490998744964599609e+00,-2.042576074600219727e-01,4.972876608371734619e-01,-5.574412345886230469e-01,3.436974287033081055e+00,1.536752462387084961e+00,-9.095227718353271484e-01,5.513904690742492676e-01,-2.312506437301635742e-01,1.540606975555419922e+00,5.397102609276771545e-02,2.250343084335327148e+00,-1.446791648864746094e+00,8.583478927612304688e-01,-3.903180956840515137e-01,2.179678678512573242e+00,1.073914647102355957e+00,1.576551198959350586e+00,-2.717731952667236328e+00,-1.093994617462158203e+00,2.105209112167358398e+00,1.318470239639282227e+00,-7.694137096405029297e-01,-1.444259881973266602e+00,3.289702653884887695e+00,-9.910384416580200195e-01,3.015653133392333984e+00,1.716956019401550293e+00,2.282964944839477539e+00,-1.365917682647705078e+00,-6.907185912132263184e-01,-1.631550908088684082e+00,-9.153651595115661621e-01,3.384029865264892578e-02,5.843687057495117188e-01,-1.988286614418029785e+00,-2.250833272933959961e+00,2.794605731964111328e+00,-1.229557991027832031e+00,-3.848401904106140137e-01,-1.694310784339904785e+00,1.645838737487792969e+00,1.029031276702880859e-01,-1.583507061004638672e+00,1.795599102973937988e+00,4.632602930068969727e-01,-1.134230375289916992e+00,3.049162864685058594e+00,-1.956062197685241699e+00,-7.652388215065002441e-01,1.537222623825073242e+00,-5.585688352584838867e-02,-2.096595764160156250e+00,5.787525177001953125e-01,-4.109358191490173340e-01,3.166053593158721924e-01,2.676208496093750000e+00,-8.445270061492919922e-01,-1.830883979797363281e+00,-1.004806876182556152e+00,-1.923426866531372070e+00,2.341780424118041992e+00
-7.710171341896057129e-01,1.124528050422668457e+00,-2.393504381179809570e+00,1.574480533599853516e-02,3.646525442600250244e-01,-3.748147189617156982e-01,3.640301704406738281e+00,1.502785801887512207e+00,-1.104889273643493652e+00,8.449057936668395996e-01,-2.590757608413696289e-01,1.237800717353820801e+00,-1.326195001602172852e-01,2.205784797668457031e+00,-1.278949022293090820e+00,8.714631795883178711e-01,-3.524522483348846436e-01,2.387327909469604492e+00,1.475001573562622070e+00,1.716870307922363281e+00,-2.846309661865234375e+00,-1.026246547698974609e+00,2.160715103149414062e+00,1.569118022918701172e+00,-4.757566452026367188e-01,-1.728470921516418457e+00,3.230580091476440430e+00,-6.797354221343994141e-01,2.784875392913818359e+00,1.690020084381103516e+00,2.430844068527221680e+00,-1.395022988319396973e+00,-7.361667156219482422e-01,-1.545063018798828125e+00,-7.861636877059936523e-01,-2.993659973144531250e-01,8.477714061737060547e-01,-1.996938109397888184e+00,-2.286638021469116211e+00,2.648378372192382812e+00,-1.246699571609497070e+00,-3.159765005111694336e-01,-1.518356442451477051e+00,1.666025638580322266e+00,1.851108074188232422e-01,-1.390271902084350586e+00,1.741558670997619629e+00,7.293184399604797363e-01,-1.131040930747985840e+00,3.077924251556396484e+00,-2.196729183197021484e+00,-5.550913810729980469e-01,1.556157350540161133e+00,-1.895875930786132812e-01,-2.129282712936401367e+00,3.721153438091278076e-01,-3.951246738433837891e-01,1.415818929672241211e-02,2.667330980300903320e+00,-1.038808822631835938e+00,-1.905251741409301758e+00,-9.680944085121154785e-01,-1.570031881332397461e+00,2.037089586257934570e+00
-3.802291750907897949e-01,9.692825078964233398e-01,-2.272153139114379883e+00,-2.307976484298706055e-01,2.713254690170288086e-01,-2.122362107038497925e-01,3.494166612625122070e+00,1.541847944259643555e+00,-9.093569517135620117e-01,7.590768337249755859e-01,-6.552243232727050781e-02,1.263716459274291992e+00,5.259170755743980408e-02,2.298613548278808594e+00,-1.295150995254516602e+00,1.056463956832885742e+00,-4.813357815146446228e-02,2.139567375183105469e+00,1.236537218093872070e+00,1.359001517295837402e+00,-2.736076593399047852e+00,-1.182370901107788086e+00,2.038465023040771484e+00,1.365494489669799805e+00,-7.791409492492675781e-01,-1.690341472625732422e+00,3.152249097824096680e+00,-1.012026786804199219e+00,2.629734039306640625e+00,1.756566286087036133e+00,2.490588188171386719e+00,-1.556919455528259277e+00,-5.383644104003906250e-01,-1.819140553474426270e+00,-9.788212776184082031e-01,-9.738135337829589844e-02,8.063686490058898926e-01,-1.993088722229003906e+00,-2.597496032714843750e+00,2.750590085983276367e+00,-1.027716398239135742e+00,-1.932433843612670898e-01,-1.586765766143798828e+00,1.850808739662170410e+00,1.001065969467163086e-01,-1.475099802017211914e+00,1.961323976516723633e+00,4.178538024425506592e-01,-8.367800712585449219e-01,3.240905761718750000e+00,-2.048021078109741211e+00,-6.365222334861755371e-01,1.658286690711975098e+00,-1.422978043556213379e-01,-2.034919023513793945e+00,4.323029816150665283e-01,-1.288061439990997314e-01,5.889704823493957520e-02,2.680058240890502930e+00,-1.140428543090820312e+00,-2.039528131484985352e+00,-7.022979259490966797e-01,-1.596149802207946777e+00,2.125099658966064453e+00
-5.695356726646423340e-01,9.382820129394531250e-01,-2.503012657165527344e+00,-3.503452241420745850e-02,6.889796257019042969e-01,-2.937783598899841309e-01,3.553279876708984375e+00,1.609169244766235352e+00,-7.834467887878417969e-01,9.634522199630737305e-01,-2.130131721496582031e-01,1.192835688591003418e+00,-6.428059935569763184e-02,2.122924327850341797e+00,-1.620901465415954590e+00,1.108231067657470703e+00,-2.642526924610137939e-01,2.210292339324951172e+00,1.450731039047241211e+00,1.820629119873046875e+00,-2.785433769226074219e+00,-9.129080772399902344e-01,1.877007961273193359e+00,1.271767735481262207e+00,-7.176502346992492676e-01,-1.432938098907470703e+00,3.349618911743164062e+00,-8.739199638366699219e-01,2.910335063934326172e+00,1.884261012077331543e+00,2.594067096710205078e+00,-1.807647705078125000e+00,-8.600973486900329590e-01,-1.704568505287170410e+00,-1.215002298355102539e+00,-2.960078716278076172e-01,6.332178711891174316e-01,-2.114936828613281250e+00,-2.463850259780883789e+00,2.402194976806640625e+00,-9.724925756454467773e-01,-2.654933631420135498e-01,-1.769510030746459961e+00,1.893187761306762695e+00,1.738106608390808105e-01,-1.244712352752685547e+00,1.943349719047546387e+00,3.935678899288177490e-01,-9.824256896972656250e-01,3.413938999176025391e+00,-2.139148235321044922e+00,-7.122579813003540039e-01,1.547072172164916992e+00,-2.065943479537963867e-01,-2.291485309600830078e+00,3.344943225383758545e-01,-1.121706292033195496e-01,-9.991824626922607422e-02,2.748970985412597656e+00,-1.000800371170043945e+00,-1.838828563690185547e+00,-7.900284528732299805e-01,-1.798076987266540527e+00,2.189408063888549805e+00
-6.341020464897155762e-01,1.275213360786437988e+00,-2.512701034545898438e+00,-1.843318492174148560e-01,5.367875099182128906e-01,-4.518312215805053711e-01,3.360790967941284180e+00,1.688939571380615234e+00,-1.049194097518920898e+00,7.679606676101684570e-01,-4.284259080886840820e-01,1.221385121345520020e+00,-7.311707735061645508e-02,2.287835597991943359e+00,-1.273854017257690430e+00,1.167917490005493164e+00,-1.685133278369903564e-01,2.320438623428344727e+00,1.446444988250732422e+00,1.353912353515625000e+00,-2.598873138427734375e+00,-9.772297143936157227e-01,2.074425458908081055e+00,1.550625324249267578e+00,-7.356771826744079590e-01,-1.764076352119445801e+00,3.134304761886596680e+00,-8.021610975265502930e-01,2.694409370422363281e+00,2.053144931793212891e+00,2.206618785858154297e+00,-1.368736863136291504e+00,-6.252704262733459473e-01,-1.724373340606689453e+00,-1.079726457595825195e+00,-4.195134639739990234e-01,9.291088581085205078e-01,-2.011387348175048828e+00,-2.485523700714111328e+00,2.898793220520019531e+00,-1.140764832496643066e+00,-3.221414387226104736e-01,-1.539104700088500977e+00,1.826625823974609375e+00,1.476487517356872559e-01,-1.515849471092224121e+00,1.758088350296020508e+00,6.657946109771728516e-01,-1.115550756454467773e+00,2.993961095809936523e+00,-2.140695095062255859e+00,-4.779701530933380127e-01,1.848978161811828613e+00,-2.303395867347717285e-01,-2.298326730728149414e+00,4.304464757442474365e-01,-6.643231213092803955e-02,3.884244859218597412e-01,2.810047864913940430e+00,-8.925962448120117188e-01,-1.835645437240600586e+00,-9.433180689811706543e-01,-1.619284749031066895e+00,2.259341478347778320e+00
-8.578637242317199707e-01,1.279321551322937012e+00,-2.316080570220947266e+00,2.042867541313171387e-01,5.270604491233825684e-01,-1.941409558057785034e-01,3.447514533996582031e+00,1.472455501556396484e+00,-1.121763944625854492e+00,6.360084414482116699e-01,-2.032285928726196289e-01,1.412325739860534668e+00,-4.000749066472053528e-02,1.999374389648437500e+00,-1.296481728553771973e+00,8.995550274848937988e-01,-3.709220290184020996e-01,2.313942909240722656e+00,1.233507752418518066e+00,1.407540917396545410e+00,-2.774022102355957031e+00,-1.103037714958190918e+00,2.012979507446289062e+00,1.393704414367675781e+00,-8.281441926956176758e-01,-1.337045192718505859e+00,3.244379520416259766e+00,-1.039373397827148438e+00,2.954480648040771484e+00,1.804378509521484375e+00,2.410125732421875000e+00,-1.585886597633361816e+00,-8.726104497909545898e-01,-1.636297225952148438e+00,-8.222014904022216797e-01,-1.391078233718872070e-01,8.027212619781494141e-01,-1.882200360298156738e+00,-2.402878284454345703e+00,2.579680919647216797e+00,-1.311472177505493164e+00,-2.674442529678344727e-01,-1.455240726470947266e+00,1.940366029739379883e+00,3.338776826858520508e-01,-1.470839858055114746e+00,1.824866890907287598e+00,7.072977423667907715e-01,-1.027853131294250488e+00,3.137820482254028320e+00,-1.922235608100891113e+00,-7.401576638221740723e-01,1.652792096138000488e+00,-3.404680788516998291e-01,-2.011460304260253906e+00,2.040467709302902222e-01,-8.920554071664810181e-02,8.762377500534057617e-02,2.581128597259521484e+00,-1.037261247634887695e+00,-2.009726524353027344e+00,-8.249911069869995117e-01,-1.762702703475952148e+00,2.068447351455688477e+00
-4.725843369960784912e-01,1.130725264549255371e+00,-2.293525695800781250e+00,1.447116583585739136e-01,5.372307300567626953e-01,-4.441696107387542725e-01,3.671340465545654297e+00,1.656895875930786133e+00,-9.275330901145935059e-01,6.629103422164916992e-01,-1.705400943756103516e-01,1.238392591476440430e+00,9.452899545431137085e-02,2.129629373550415039e+00,-1.340471506118774414e+00,1.108058452606201172e+00,-1.116882264614105225e-01,2.164896249771118164e+00,1.220174312591552734e+00,1.554797410964965820e+00,-2.605154514312744141e+00,-1.095571279525756836e+00,2.043977737426757812e+00,1.504885911941528320e+00,-7.373212575912475586e-01,-1.468903064727783203e+00,3.131055355072021484e+00,-8.855516910552978516e-01,2.639091491699218750e+00,1.900983572006225586e+00,2.241014242172241211e+00,-1.365028500556945801e+00,-8.163210749626159668e-01,-1.709038376808166504e+00,-1.106058359146118164e+00,-2.989157438278198242e-01,8.887449502944946289e-01,-2.156870841979980469e+00,-2.515690326690673828e+00,2.729108810424804688e+00,-9.757729768753051758e-01,2.321124076843261719e-03,-1.897283315658569336e+00,1.702721357345581055e+00,2.330130338668823242e-01,-1.225701332092285156e+00,2.002815246582031250e+00,6.266210675239562988e-01,-7.163287997245788574e-01,3.171136379241943359e+00,-1.889573097229003906e+00,-4.497013390064239502e-01,1.790100812911987305e+00,-4.271544814109802246e-01,-2.098268032073974609e+00,4.591876864433288574e-01,-3.093754649162292480e-01,2.391565442085266113e-01,2.482931613922119141e+00,-9.712056517601013184e-01,-1.810475468635559082e+00,-8.740446567535400391e-01,-1.823158860206604004e+00,2.362166166305541992e+00
-7.019826173782348633e-01,1.121524691581726074e+00,-2.635320186614990234e+00,1.611861884593963623e-01,2.594017684459686279e-01,-4.192920625209808350e-01,3.370212554931640625e+00,1.661644697189331055e+00,-1.126808762550354004e+00,6.416358351707458496e-01,-1.572085618972778320e-01,1.394122719764709473e+00,-1.154331117868423462e-02,2.205145835876464844e+00,-1.365253925323486328e+00,9.500136375427246094e-01,-4.419492781162261963e-01,2.409182071685791016e+00,1.055948495864868164e+00,1.479304552078247070e+00,-2.767545700073242188e+00,-9.392154216766357422e-01,2.324444532394409180e+00,1.508523344993591309e+00,-8.201383352279663086e-01,-1.508711576461791992e+00,3.345120429992675781e+00,-7.113230228424072266e-01,2.582577228546142578e+00,1.774374127388000488e+00,2.157210111618041992e+00,-1.454596042633056641e+00,-5.930930376052856445e-01,-1.527353763580322266e+00,-1.018630504608154297e+00,-2.565226554870605469e-01,5.283858776092529297e-01,-1.995743751525878906e+00,-2.673948287963867188e+00,2.569277048110961914e+00,-1.288947105407714844e+00,-5.058079957962036133e-02,-1.615439414978027344e+00,1.602996349334716797e+00,1.559616327285766602e-01,-1.227707743644714355e+00,1.919203758239746094e+00,6.484018564224243164e-01,-8.650707602500915527e-01,2.851929426193237305e+00,-2.204010486602783203e+00,-4.284317195415496826e-01,1.856008172035217285e+00,-3.918499946594238281e-01,-2.052296400070190430e+00,6.228362917900085449e-01,-3.206417560577392578e-01,8.231878280639648438e-03,2.831917285919189453e+00,-9.862218499183654785e-01,-2.041026830673217773e+00,-8.482017517089843750e-01,-1.699782133102416992e+00,2.324715614318847656e+00
-7.803668975830078125e-01,1.237776160240173340e+00,-2.379628181457519531e+00,6.868588179349899292e-02,2.721834778785705566e-01,-4.830260872840881348e-01,3.540112257003784180e+00,1.651765346527099609e+00,-1.017560958862304688e+00,6.496670246124267578e-01,-4.487520456314086914e-01,1.278404474258422852e+00,2.073889076709747314e-01,2.185909271240234375e+00,-1.610022306442260742e+00,1.001048564910888672e+00,-1.336793750524520874e-01,2.154025077819824219e+00,1.134751558303833008e+00,1.736598253250122070e+00,-2.715342521667480469e+00,-1.274514317512512207e+00,2.183455467224121094e+00,1.647114157676696777e+00,-7.361587285995483398e-01,-1.368778944015502930e+00,3.264543056488037109e+00,-7.846260070800781250e-01,2.824148178100585938e+00,2.045684337615966797e+00,2.467188596725463867e+00,-1.442137837409973145e+00,-8.302874565124511719e-01,-1.770038127899169922e+00,-1.095952749252319336e+00,-3.441081643104553223e-01,5.487930774688720703e-01,-2.213652849197387695e+00,-2.228905916213989258e+00,2.655659198760986328e+00,-1.355090379714965820e+00,-3.763682842254638672e-01,-1.857984304428100586e+00,1.967170000076293945e+00,1.026489138603210449e-01,-1.429402589797973633e+00,1.743908405303955078e+00,5.871360301971435547e-01,-7.417200803756713867e-01,3.197004079818725586e+00,-2.135274171829223633e+00,-7.107136249542236328e-01,1.547732591629028320e+00,-3.002414703369140625e-01,-1.961453795433044434e+00,5.056214928627014160e-01,-2.110506594181060791e-01,3.951486647129058838e-01,2.557246685028076172e+00,-1.204867959022521973e+00,-1.811840057373046875e+00,-9.358807802200317383e-01,-1.574480056762695312e+00,2.106493473052978516e+00
-5.626875758171081543e-01,1.211732387542724609e+00,-2.635209321975708008e+00,-2.372150123119354248e-02,2.762885987758636475e-01,-4.679759442806243896e-01,3.595047473907470703e+00,1.484016418457031250e+00,-1.071542024612426758e+00,7.604633569717407227e-01,-2.575064897537231445e-01,1.495830655097961426e+00,-1.552803218364715576e-01,2.356054782867431641e+00,-1.303128004074096680e+00,1.041121006011962891e+00,-4.221872985363006592e-01,2.414710044860839844e+00,1.207313299179077148e+00,1.541722297668457031e+00,-2.565618991851806641e+00,-9.199389815330505371e-01,2.158975601196289062e+00,1.245400428771972656e+00,-5.440382957458496094e-01,-1.690809845924377441e+00,3.295028686523437500e+00,-8.117321729660034180e-01,2.902898550033569336e+00,1.771203994750976562e+00,2.249614715576171875e+00,-1.469783782958984375e+00,-4.863987267017364502e-01,-1.868192911148071289e+00,-1.128006339073181152e+00,-1.997838616371154785e-01,6.923102140426635742e-01,-2.088289737701416016e+00,-2.428534507751464844e+00,2.712627410888671875e+00,-1.212652206420898438e+00,-3.194910287857055664e-02,-1.706187129020690918e+00,1.919147372245788574e+00,3.048370480537414551e-01,-1.584918379783630371e+00,1.871590614318847656e+00,7.865870594978332520e-01,-8.010212182998657227e-01,2.983134984970092773e+00,-2.102362155914306641e+00,-3.932490050792694092e-01,1.811329007148742676e+00,-2.545767724514007568e-01,-2.199491739273071289e+00,3.238443732261657715e-01,-1.438180208206176758e-01,-1.592043042182922363e-02,2.753975391387939453e+00,-8.171712160110473633e-01,-2.053354501724243164e+00,-6.639470458030700684e-01,-1.552766919136047363e+00,2.199848651885986328e+00
-7.993624210357666016e-01,1.111733913421630859e+00,-2.558684587478637695e+00,-2.176283299922943115e-02,2.865921258926391602e-01,-3.992979228496551514e-01,3.634395837783813477e+00,1.404636859893798828e+00,-9.628061056137084961e-01,7.418763637542724609e-01,-4.415956735610961914e-01,1.210306644439697266e+00,4.522861912846565247e-02,2.103247165679931641e+00,-1.613574981689453125e+00,1.226995706558227539e+00,-3.848768770694732666e-01,2.170216321945190430e+00,1.347811698913574219e+00,1.757961273193359375e+00,-2.432561397552490234e+00,-1.198073983192443848e+00,2.038514375686645508e+00,1.228976488113403320e+00,-6.646705865859985352e-01,-1.633251309394836426e+00,3.341103792190551758e+00,-7.579039335250854492e-01,2.792210340499877930e+00,1.808517694473266602e+00,2.336643218994140625e+00,-1.628226637840270996e+00,-7.068054080009460449e-01,-1.572095394134521484e+00,-9.274793863296508789e-01,-1.467314958572387695e-01,5.366302728652954102e-01,-2.010796546936035156e+00,-2.642950057983398438e+00,2.808059930801391602e+00,-1.319453358650207520e+00,-6.996929645538330078e-03,-1.790117502212524414e+00,1.998918771743774414e+00,1.528228521347045898e-01,-1.515347957611083984e+00,1.873415470123291016e+00,5.641920566558837891e-01,-7.463925480842590332e-01,3.232411861419677734e+00,-2.173769235610961914e+00,-5.995778441429138184e-01,1.851852416992187500e+00,-2.157543301582336426e-01,-2.221229314804077148e+00,2.598634660243988037e-01,-3.183163106441497803e-01,6.835812330245971680e-02,2.637338638305664062e+00,-1.037322878837585449e+00,-2.072291612625122070e+00,-7.136497497558593750e-01,-1.601433873176574707e+00,2.064152717590332031e+00
-7.441867589950561523e-01,1.084955096244812012e+00,-2.273844957351684570e+00,-1.495040357112884521e-01,4.411559104919433594e-01,-4.929270744323730469e-01,3.362947225570678711e+00,1.618212461471557617e+00,-8.893021941184997559e-01,4.481143951416015625e-01,-6.059014797210693359e-02,1.285508632659912109e+00,1.532048881053924561e-01,2.276477575302124023e+00,-1.218878269195556641e+00,1.168107390403747559e+00,-4.377826154232025146e-01,2.428748130798339844e+00,1.329274654388427734e+00,1.361969709396362305e+00,-2.745149850845336914e+00,-9.841803312301635742e-01,2.236395120620727539e+00,1.490586519241333008e+00,-7.599289417266845703e-01,-1.525172948837280273e+00,3.103936672210693359e+00,-1.005843520164489746e+00,2.652440071105957031e+00,1.739244699478149414e+00,2.545925617218017578e+00,-1.472185850143432617e+00,-7.520269751548767090e-01,-1.627197146415710449e+00,-1.018708348274230957e+00,-1.562719941139221191e-01,8.056682348251342773e-01,-2.031058073043823242e+00,-2.460876941680908203e+00,2.606078624725341797e+00,-1.030508041381835938e+00,-2.036664783954620361e-01,-1.948527574539184570e+00,1.723978996276855469e+00,4.673805236816406250e-01,-1.279385328292846680e+00,1.898559927940368652e+00,6.006976962089538574e-01,-9.229261875152587891e-01,3.222569704055786133e+00,-1.869380950927734375e+00,-4.883481562137603760e-01,1.753774404525756836e+00,-2.634646296501159668e-01,-2.274293899536132812e+00,4.929620027542114258e-01,-1.841861903667449951e-01,4.170608818531036377e-01,2.738143920898437500e+00,-9.860501885414123535e-01,-2.010759353637695312e+00,-8.160632252693176270e-01,-1.632356166839599609e+00,2.397363901138305664e+00
-6.150036454200744629e-01,1.264092326164245605e+00,-2.454396009445190430e+00,5.573794245719909668e-03,2.430434226989746094e-01,-2.708761096000671387e-01,3.327721118927001953e+00,1.790746688842773438e+00,-9.743199944496154785e-01,7.839900851249694824e-01,-4.396414756774902344e-02,1.360977649688720703e+00,-1.273921728134155273e-01,2.296828269958496094e+00,-1.450142383575439453e+00,1.152202248573303223e+00,-3.305650353431701660e-01,2.084805965423583984e+00,1.158695936203002930e+00,1.351079344749450684e+00,-2.607064723968505859e+00,-1.235152363777160645e+00,2.194619178771972656e+00,1.342733025550842285e+00,-5.159451365470886230e-01,-1.701300382614135742e+00,3.393627405166625977e+00,-9.059939384460449219e-01,2.872672796249389648e+00,1.995997309684753418e+00,2.504137992858886719e+00,-1.655238389968872070e+00,-6.590860486030578613e-01,-1.766046404838562012e+00,-8.486517667770385742e-01,-3.032802343368530273e-01,4.632626771926879883e-01,-1.963563919067382812e+00,-2.392432689666748047e+00,2.594122171401977539e+00,-1.186839103698730469e+00,-3.253618478775024414e-01,-1.649213194847106934e+00,1.914764881134033203e+00,1.572245359420776367e-01,-1.492194890975952148e+00,2.017131567001342773e+00,6.332173347473144531e-01,-1.116505742073059082e+00,3.226108312606811523e+00,-1.988899469375610352e+00,-7.069643735885620117e-01,1.858905196189880371e+00,-1.028315424919128418e-01,-1.986197113990783691e+00,3.971613347530364990e-01,-8.854306489229202271e-02,2.760834693908691406e-01,2.666432619094848633e+00,-8.580274581909179688e-01,-2.211106300354003906e+00,-8.232098817825317383e-01,-1.745465755462646484e+00,2.063178062438964844e+00
-6.240862607955932617e-01,1.281530022621154785e+00,-2.621029853820800781e+00,-1.237654387950897217e-01,3.603112101554870605e-01,-3.511422872543334961e-01,3.618566751480102539e+00,1.639660716056823730e+00,-1.167726039886474609e+00,8.324364423751831055e-01,-3.880393505096435547e-01,1.177513360977172852e+00,2.779191732406616211e-02,2.100367069244384766e+00,-1.607275485992431641e+00,1.049194574356079102e+00,-1.350522637367248535e-01,2.248656511306762695e+00,1.344582319259643555e+00,1.461223125457763672e+00,-2.833399295806884766e+00,-9.068963527679443359e-01,2.302916526794433594e+00,1.260821580886840820e+00,-5.313252806663513184e-01,-1.503004789352416992e+00,3.074328422546386719e+00,-6.666513085365295410e-01,2.900416374206542969e+00,1.985838294029235840e+00,2.454018592834472656e+00,-1.631153464317321777e+00,-5.151749849319458008e-01,-1.509378790855407715e+00,-9.531927704811096191e-01,-2.262043952941894531e-01,8.094741106033325195e-01,-1.978005170822143555e+00,-2.377693653106689453e+00,2.569570302963256836e+00,-1.192847967147827148e+00,-4.163138866424560547e-01,-1.681799530982971191e+00,1.827700018882751465e+00,4.697135984897613525e-01,-1.209151148796081543e+00,1.903589248657226562e+00,5.746689438819885254e-01,-8.128257393836975098e-01,3.155550956726074219e+00,-1.966601371765136719e+00,-7.044636011123657227e-01,1.898167371749877930e+00,-3.306901454925537109e-02,-1.972917795181274414e+00,4.291195273399353027e-01,-2.999801039695739746e-01,-3.220206499099731445e-02,2.800953865051269531e+00,-1.116751670837402344e+00,-2.104356765747070312e+00,-1.091584205627441406e+00,-1.610114574432373047e+00,2.308693647384643555e+00
-4.792415499687194824e-01,1.080640554428100586e+00,-2.481345176696777344e+00,1.078320667147636414e-01,3.563067018985748291e-01,-3.568938374519348145e-01,3.662186145782470703e+00,1.402586221694946289e+00,-8.507137894630432129e-01,8.052869439125061035e-01,-1.580069065093994141e-01,1.201974868774414062e+00,1.278752535581588745e-01,2.404166698455810547e+00,-1.501880407333374023e+00,9.243808984756469727e-01,-3.990040421485900879e-01,2.210061073303222656e+00,1.484624624252319336e+00,1.530618786811828613e+00,-2.849356412887573242e+00,-1.019364118576049805e+00,2.150804519653320312e+00,1.406192064285278320e+00,-6.524157524108886719e-01,-1.638991832733154297e+00,3.425915241241455078e+00,-1.010053634643554688e+00,2.793808221817016602e+00,1.965174317359924316e+00,2.562464237213134766e+00,-1.372972249984741211e+00,-4.682038426399230957e-01,-1.608793497085571289e+00,-9.921930432319641113e-01,-2.789970040321350098e-01,8.316438198089599609e-01,-2.315619945526123047e+00,-2.491693973541259766e+00,2.812453269958496094e+00,-9.754897356033325195e-01,-2.786937952041625977e-01,-1.731905221939086914e+00,1.746540665626525879e+00,2.288187146186828613e-01,-1.390719294548034668e+00,2.000312805175781250e+00,6.286919116973876953e-01,-8.682603836059570312e-01,3.217318296432495117e+00,-2.196328163146972656e+00,-5.736094713211059570e-01,1.503490209579467773e+00,-6.569826602935791016e-02,-2.306916952133178711e+00,3.154838979244232178e-01,-3.219909071922302246e-01,1.438964307308197021e-01,2.839562416076660156e+00,-9.365809559822082520e-01,-1.888606905937194824e+00,-7.323105335235595703e-01,-1.596101999282836914e+00,2.300611495971679688e+00
-6.602101922035217285e-01,1.101814389228820801e+00,-2.410161972045898438e+00,1.981348842382431030e-01,5.293198227882385254e-01,-1.572801172733306885e-01,3.327641963958740234e+00,1.366248607635498047e+00,-1.134081125259399414e+00,6.599367260932922363e-01,-2.083830833435058594e-01,1.285624265670776367e+00,1.951505988836288452e-02,2.416549205780029297e+00,-1.651504516601562500e+00,9.241206645965576172e-01,-3.225175738334655762e-01,2.438709259033203125e+00,1.069567680358886719e+00,1.582475900650024414e+00,-2.838239192962646484e+00,-1.172694206237792969e+00,2.045761108398437500e+00,1.509603023529052734e+00,-6.937158107757568359e-01,-1.321614503860473633e+00,3.186656236648559570e+00,-9.257233142852783203e-01,2.750563621520996094e+00,1.836594700813293457e+00,2.482531547546386719e+00,-1.730679035186767578e+00,-5.918439030647277832e-01,-1.495538949966430664e+00,-1.108780622482299805e+00,-2.763772606849670410e-01,6.105703115463256836e-01,-2.276885509490966797e+00,-2.597593784332275391e+00,2.394707918167114258e+00,-9.961425662040710449e-01,-2.275782823562622070e-01,-1.732029914855957031e+00,1.730181813240051270e+00,8.798170089721679688e-02,-1.245931744575500488e+00,2.014700889587402344e+00,5.046655535697937012e-01,-9.595272541046142578e-01,3.119774818420410156e+00,-2.113701581954956055e+00,-7.054935097694396973e-01,1.923093795776367188e+00,-1.935434341430664062e-01,-2.135767936706542969e+00,2.827811241149902344e-01,-2.158389538526535034e-01,2.711275815963745117e-01,2.623692750930786133e+00,-1.222691297531127930e+00,-2.106184005737304688e+00,-9.648076295852661133e-01,-1.555390596389770508e+00,2.059669017791748047e+00
-5.875148773193359375e-01,1.310047864913940430e+00,-2.640591859817504883e+00,-3.488466143608093262e-02,3.807031810283660889e-01,-4.486524462699890137e-01,3.245302915573120117e+00,1.755022287368774414e+00,-9.023848772048950195e-01,5.366891026496887207e-01,-6.108319759368896484e-02,1.463253736495971680e+00,7.388716936111450195e-02,2.066018104553222656e+00,-1.481215476989746094e+00,9.871838688850402832e-01,-3.207729756832122803e-01,2.255694866180419922e+00,1.237581849098205566e+00,1.384518384933471680e+00,-2.737296104431152344e+00,-1.135826349258422852e+00,1.903253912925720215e+00,1.249034643173217773e+00,-6.098581552505493164e-01,-1.470165967941284180e+00,3.132668256759643555e+00,-8.394032716751098633e-01,3.042153120040893555e+00,1.638888716697692871e+00,2.626076221466064453e+00,-1.640706777572631836e+00,-8.752613067626953125e-01,-1.604925036430358887e+00,-8.430032134056091309e-01,7.860779762268066406e-02,4.865620434284210205e-01,-1.850862503051757812e+00,-2.403999090194702148e+00,2.363002777099609375e+00,-1.334158897399902344e+00,-2.096148431301116943e-01,-1.478365182876586914e+00,1.837050676345825195e+00,3.762035965919494629e-01,-1.463283181190490723e+00,2.026505470275878906e+00,4.232304096221923828e-01,-7.291359305381774902e-01,2.964168548583984375e+00,-1.984904050827026367e+00,-6.549825668334960938e-01,1.551506638526916504e+00,-1.215586066246032715e-01,-2.182006359100341797e+00,3.211475014686584473e-01,-2.761194109916687012e-01,2.100191712379455566e-01,2.591648340225219727e+00,-7.780077457427978516e-01,-2.034461736679077148e+00,-8.854197859764099121e-01,-1.746953129768371582e+00,2.276922225952148438e+00
-5.260685682296752930e-01,1.222240686416625977e+00,-2.726467847824096680e+00,3.794893622398376465e-02,4.860360622406005859e-01,-8.940693736076354980e-02,3.407154560089111328e+00,1.504081964492797852e+00,-8.792130947113037109e-01,6.540900468826293945e-01,-1.095718145370483398e-01,1.228350996971130371e+00,2.094132453203201294e-02,2.104188442230224609e+00,-1.288879275321960449e+00,1.147274017333984375e+00,-1.642619371414184570e-01,2.150544881820678711e+00,1.291366338729858398e+00,1.788450717926025391e+00,-2.758388996124267578e+00,-8.345863819122314453e-01,1.907952547073364258e+00,1.618059754371643066e+00,-4.570034742355346680e-01,-1.303712725639343262e+00,3.453262329101562500e+00,-1.046282887458801270e+00,3.074596881866455078e+00,1.671514034271240234e+00,2.217256546020507812e+00,-1.757938385009765625e+00,-8.704150319099426270e-01,-1.735120296478271484e+00,-9.775921106338500977e-01,-1.968258619308471680e-02,5.832636356353759766e-01,-2.244615554809570312e+00,-2.573151111602783203e+00,2.732982158660888672e+00,-1.055291414260864258e+00,-4.679417610168457031e-02,-1.476825952529907227e+00,1.699412822723388672e+00,9.393173456192016602e-02,-1.241360187530517578e+00,1.569853544235229492e+00,6.210333108901977539e-01,-1.077180385589599609e+00,3.285578727722167969e+00,-2.220637083053588867e+00,-7.397149205207824707e-01,1.905677437782287598e+00,-3.341703712940216064e-01,-1.934116125106811523e+00,2.340747416019439697e-01,-2.969833016395568848e-01,-1.332217454910278320e-02,2.822564601898193359e+00,-9.769214987754821777e-01,-2.249351263046264648e+00,-8.470973372459411621e-01,-1.833994150161743164e+00,2.022534847259521484e+00
-7.634710669517517090e-01,1.251139402389526367e+00,-2.540668487548828125e+00,-2.221533656120300293e-02,2.662020325660705566e-01,-1.238448619842529297e-01,3.587111949920654297e+00,1.677087664604187012e+00,-9.822688698768615723e-01,6.706236600875854492e-01,-3.779478073120117188e-01,1.223756313323974609e+00,1.742042228579521179e-02,2.139353990554809570e+00,-1.572583913803100586e+00,1.130505919456481934e+00,-3.554397225379943848e-01,2.301633358001708984e+00,1.154880523681640625e+00,1.522140979766845703e+00,-2.543145179748535156e+00,-1.094538927078247070e+00,2.187380313873291016e+00,1.306385517120361328e+00,-6.421883106231689453e-01,-1.580443739891052246e+00,3.233622550964355469e+00,-1.040770769119262695e+00,3.089525699615478516e+00,1.630443334579467773e+00,2.200145721435546875e+00,-1.644244909286499023e+00,-8.545716404914855957e-01,-1.597940206527709961e+00,-8.442212939262390137e-01,-3.692333102226257324e-01,4.590021967887878418e-01,-2.032399415969848633e+00,-2.393531084060668945e+00,2.633454322814941406e+00,-1.377906560897827148e+00,-1.168342232704162598e-01,-1.696840763092041016e+00,1.752732753753662109e+00,3.801746964454650879e-01,-1.212306380271911621e+00,1.588762640953063965e+00,6.112368702888488770e-01,-8.428362607955932617e-01,2.979639530181884766e+00,-1.931982874870300293e+00,-6.539989113807678223e-01,1.776007771492004395e+00,-3.652721643447875977e-01,-1.954419970512390137e+00,5.607698559761047363e-01,-1.530089527368545532e-01,6.683230400085449219e-03,2.673348665237426758e+00,-1.199061632156372070e+00,-2.000264883041381836e+00,-7.039202451705932617e-01,-1.788653969764709473e+00,2.139420509338378906e+00
-6.651328802108764648e-01,1.098533391952514648e+00,-2.554259300231933594e+00,-3.575599193572998047e-02,2.596223950386047363e-01,-3.823804259300231934e-01,3.489953994750976562e+00,1.671959400177001953e+00,-8.821059465408325195e-01,6.215112805366516113e-01,-9.270095825195312500e-02,1.574733257293701172e+00,-9.957346320152282715e-02,2.090596675872802734e+00,-1.343849420547485352e+00,8.952068090438842773e-01,-1.932522803544998169e-01,2.107136964797973633e+00,1.232041001319885254e+00,1.409750819206237793e+00,-2.742911338806152344e+00,-1.129235386848449707e+00,2.325412034988403320e+00,1.307612061500549316e+00,-8.135390281677246094e-01,-1.336072683334350586e+00,3.013843059539794922e+00,-9.744219779968261719e-01,3.050790786743164062e+00,1.783262729644775391e+00,2.608120441436767578e+00,-1.604974627494812012e+00,-8.758996725082397461e-01,-1.844327211380004883e+00,-7.688164710998535156e-01,-4.051190614700317383e-02,4.854860305786132812e-01,-2.190951108932495117e+00,-2.552120685577392578e+00,2.591418504714965820e+00,-1.390433788299560547e+00,-2.651155292987823486e-01,-1.858242630958557129e+00,1.697317600250244141e+00,4.857316017150878906e-01,-1.361104607582092285e+00,1.994458675384521484e+00,5.659434199333190918e-01,-1.086693763732910156e+00,3.179487943649291992e+00,-1.981327056884765625e+00,-6.797471642494201660e-01,1.748009681701660156e+00,-1.981738805770874023e-01,-1.935310721397399902e+00,4.502689242362976074e-01,-1.359765529632568359e-01,2.609481811523437500e-01,2.741641759872436523e+00,-8.181517124176025391e-01,-2.117861270904541016e+00,-6.880397200584411621e-01,-1.695765018463134766e+00,2.077912807464599609e+00
-7.766895294189453125e-01,1.031978249549865723e+00,-2.652953147888183594e+00,-3.591027855873107910e-02,4.125931560993194580e-01,-4.983047842979431152e-01,3.528052806854248047e+00,1.618220210075378418e+00,-1.108042120933532715e+00,7.044813036918640137e-01,-2.052365541458129883e-01,1.477672100067138672e+00,-4.862380400300025940e-02,2.406025886535644531e+00,-1.631715297698974609e+00,8.887996673583984375e-01,-3.271708190441131592e-01,2.272294521331787109e+00,1.146746397018432617e+00,1.469655990600585938e+00,-2.617602348327636719e+00,-1.231599092483520508e+00,2.024754524230957031e+00,1.631404399871826172e+00,-7.084795236587524414e-01,-1.696392178535461426e+00,3.122873306274414062e+00,-7.091118097305297852e-01,3.050719261169433594e+00,1.840132832527160645e+00,2.347442150115966797e+00,-1.754068255424499512e+00,-4.928587079048156738e-01,-1.496146440505981445e+00,-7.496887445449829102e-01,-2.355210185050964355e-01,6.107386350631713867e-01,-2.114055633544921875e+00,-2.638766765594482422e+00,2.738119602203369141e+00,-1.117857933044433594e+00,-7.990872859954833984e-02,-1.567567467689514160e+00,1.772020936012268066e+00,4.140208959579467773e-01,-1.323084115982055664e+00,1.998126268386840820e+00,7.790166139602661133e-01,-1.029996752738952637e+00,3.097971439361572266e+00,-2.082644462585449219e+00,-3.860735893249511719e-01,1.881086349487304688e+00,-4.211034178733825684e-01,-2.259274482727050781e+00,5.742046833038330078e-01,-3.629698753356933594e-01,3.276435732841491699e-01,2.534050941467285156e+00,-8.959829211235046387e-01,-2.203610897064208984e+00,-8.892406225204467773e-01,-1.835677266120910645e+00,2.245095491409301758e+00
-7.788958549499511719e-01,1.325308799743652344e+00,-2.587418079376220703e+00,1.555047929286956787e-01,4.204871952533721924e-01,-3.687100112438201904e-01,3.623177289962768555e+00,1.477018356323242188e+00,-1.218661904335021973e+00,5.570883750915527344e-01,-4.132146835327148438e-01,1.328837037086486816e+00,-1.897106170654296875e-01,2.205477476119995117e+00,-1.408077239990234375e+00,1.256543993949890137e+00,-8.095423877239227295e-02,2.257138729095458984e+00,1.324499130249023438e+00,1.540582180023193359e+00,-2.688261985778808594e+00,-1.252879858016967773e+00,2.267254352569580078e+00,1.467482209205627441e+00,-5.541803836822509766e-01,-1.610166072845458984e+00,3.005574464797973633e+00,-6.659470796585083008e-01,3.091282367706298828e+00,1.881940841674804688e+00,2.610057353973388672e+00,-1.442419171333312988e+00,-8.541793823242187500e-01,-1.712095737457275391e+00,-1.126377820968627930e+00,2.362024784088134766e-02,5.822603702545166016e-01,-2.080385684967041016e+00,-2.604638338088989258e+00,2.767897844314575195e+00,-1.289561986923217773e+00,-3.881372213363647461e-01,-1.648755550384521484e+00,1.977517008781433105e+00,2.255775332450866699e-01,-1.636361956596374512e+00,1.999803423881530762e+00,4.182820320129394531e-01,-8.811303973197937012e-01,3.308248043060302734e+00,-2.148025512695312500e+00,-6.192148327827453613e-01,1.622132539749145508e+00,-1.738802194595336914e-01,-2.241277456283569336e+00,3.997107446193695068e-01,-2.870138883590698242e-01,3.610045611858367920e-01,2.550977706909179688e+00,-1.056369900703430176e+00,-2.190689086914062500e+00,-9.779201149940490723e-01,-1.833317041397094727e+00,2.118977308273315430e+00
-4.939579069614410400e-01,1.220414519309997559e+00,-2.335949420928955078e+00,-8.845710754394531250e-02,5.876609086990356445e-01,-3.799608945846557617e-01,3.406145095825195312e+00,1.674444437026977539e+00,-9.287925362586975098e-01,8.062292337417602539e-01,-3.692281246185302734e-01,1.560776472091674805e+00,3.648551180958747864e-02,2.266939163208007812e+00,-1.222998976707458496e+00,1.091927289962768555e+00,-8.183448016643524170e-02,2.186896324157714844e+00,1.318612813949584961e+00,1.747200012207031250e+00,-2.758082866668701172e+00,-9.423143863677978516e-01,2.192787885665893555e+00,1.420269131660461426e+00,-8.032230138778686523e-01,-1.629776954650878906e+00,3.042531490325927734e+00,-9.335423707962036133e-01,2.723983287811279297e+00,1.939148783683776855e+00,2.558718442916870117e+00,-1.433092117309570312e+00,-5.438374876976013184e-01,-1.764733076095581055e+00,-1.123248219490051270e+00,-1.827478408813476562e-02,7.593688964843750000e-01,-2.072922229766845703e+00,-2.461961269378662109e+00,2.749624252319335938e+00,-1.326907873153686523e+00,-4.030434787273406982e-01,-1.729125022888183594e+00,1.835921168327331543e+00,4.744400978088378906e-01,-1.437305688858032227e+00,1.657859206199645996e+00,7.038064002990722656e-01,-8.617320060729980469e-01,3.288330554962158203e+00,-2.095494508743286133e+00,-4.944246411323547363e-01,1.590294837951660156e+00,-3.459995090961456299e-01,-1.893953919410705566e+00,1.756763160228729248e-01,-1.056373268365859985e-01,2.575860619544982910e-01,2.624560832977294922e+00,-7.767201662063598633e-01,-2.092806339263916016e+00,-6.720606088638305664e-01,-1.677021741867065430e+00,2.416770696640014648e+00
-7.063283920288085938e-01,1.079747676849365234e+00,-2.374165773391723633e+00,5.133205652236938477e-02,4.936772584915161133e-01,-3.890883922576904297e-01,3.592454910278320312e+00,1.523188710212707520e+00,-8.657253980636596680e-01,8.818503022193908691e-01,-3.399100303649902344e-01,1.576221227645874023e+00,4.504301398992538452e-02,2.089601755142211914e+00,-1.622822165489196777e+00,1.234024643898010254e+00,-3.691822588443756104e-01,2.294980049133300781e+00,1.223861098289489746e+00,1.745238780975341797e+00,-2.809792280197143555e+00,-1.168850898742675781e+00,1.934418678283691406e+00,1.261457681655883789e+00,-7.591494321823120117e-01,-1.518866300582885742e+00,3.442468404769897461e+00,-1.053784608840942383e+00,2.828312635421752930e+00,1.979025125503540039e+00,2.401445150375366211e+00,-1.472612977027893066e+00,-6.506408452987670898e-01,-1.886136174201965332e+00,-9.317398071289062500e-01,2.022683620452880859e-02,7.378739118576049805e-01,-1.907803535461425781e+00,-2.392184019088745117e+00,2.738571643829345703e+00,-9.760802984237670898e-01,-2.581050097942352295e-01,-1.578457355499267578e+00,2.010214805603027344e+00,3.066564798355102539e-01,-1.615322589874267578e+00,1.831670761108398438e+00,3.486849367618560791e-01,-1.129640460014343262e+00,3.076601266860961914e+00,-1.793347835540771484e+00,-7.436543703079223633e-01,1.936673283576965332e+00,1.190507411956787109e-02,-2.109292984008789062e+00,2.834903299808502197e-01,-1.204963549971580505e-01,3.636789321899414062e-02,2.521619319915771484e+00,-8.928881287574768066e-01,-2.114192008972167969e+00,-9.814476370811462402e-01,-1.594079732894897461e+00,2.059848070144653320e+00
-6.851934194564819336e-01,1.015954017639160156e+00,-2.392557621002197266e+00,2.096214592456817627e-01,1.821512281894683838e-01,-4.407173395156860352e-01,3.385060548782348633e+00,1.376952648162841797e+00,-1.024792671203613281e+00,7.572144269943237305e-01,-2.039361000061035156e-01,1.525057077407836914e+00,-6.828802078962326050e-02,2.126023292541503906e+00,-1.622422933578491211e+00,9.931071996688842773e-01,-2.036022692918777466e-01,2.046368122100830078e+00,1.206232786178588867e+00,1.393188595771789551e+00,-2.481197595596313477e+00,-1.223922491073608398e+00,2.122287511825561523e+00,1.302050590515136719e+00,-4.952565431594848633e-01,-1.305278182029724121e+00,3.413090705871582031e+00,-9.244801402091979980e-01,2.994618415832519531e+00,1.830253720283508301e+00,2.406216144561767578e+00,-1.732814908027648926e+00,-5.999045372009277344e-01,-1.648335456848144531e+00,-9.593635201454162598e-01,-1.348586678504943848e-01,6.867088079452514648e-01,-2.093521595001220703e+00,-2.403175592422485352e+00,2.518851280212402344e+00,-1.038417816162109375e+00,-4.034330248832702637e-01,-1.539557456970214844e+00,1.725220084190368652e+00,3.032875657081604004e-01,-1.326505422592163086e+00,1.698023557662963867e+00,4.197127223014831543e-01,-1.091717600822448730e+00,3.291057825088500977e+00,-2.040631294250488281e+00,-4.530236721038818359e-01,1.830573081970214844e+00,-8.079159259796142578e-02,-2.190517902374267578e+00,5.767995715141296387e-01,-3.496437072753906250e-01,2.400792241096496582e-01,2.540058135986328125e+00,-1.201366662979125977e+00,-2.156745195388793945e+00,-8.266246318817138672e-01,-1.848832249641418457e+00,2.225713968276977539e+00
-4.608957171440124512e-01,1.123567342758178711e+00,-2.560710430145263672e+00,7.360805571079254150e-02,2.246650755405426025e-01,-1.699176728725433350e-01,3.397785186767578125e+00,1.766692638397216797e+00,-8.226217627525329590e-01,7.414741516113281250e-01,-2.013822793960571289e-01,1.116076707839965820e+00,6.264625489711761475e-02,2.358128309249877930e+00,-1.226347923278808594e+00,1.124061346054077148e+00,-2.770859561860561371e-02,2.017664432525634766e+00,1.275671482086181641e+00,1.713102817535400391e+00,-2.832693815231323242e+00,-9.595885276794433594e-01,1.903581738471984863e+00,1.579377889633178711e+00,-6.815145611763000488e-01,-1.701996088027954102e+00,3.224925756454467773e+00,-8.203880786895751953e-01,2.939032793045043945e+00,1.732236742973327637e+00,2.362444400787353516e+00,-1.533498883247375488e+00,-6.603351235389709473e-01,-1.844217538833618164e+00,-8.610155582427978516e-01,-3.240464329719543457e-01,6.948660612106323242e-01,-1.989379525184631348e+00,-2.406996488571166992e+00,2.786627292633056641e+00,-1.187229156494140625e+00,-2.954084873199462891e-01,-1.464075088500976562e+00,1.863896369934082031e+00,1.510146260261535645e-01,-1.271385550498962402e+00,1.652338624000549316e+00,3.723022043704986572e-01,-8.241009712219238281e-01,2.990372180938720703e+00,-2.003420829772949219e+00,-7.871785163879394531e-01,1.513379812240600586e+00,-1.978510916233062744e-01,-1.966608881950378418e+00,3.224959969520568848e-01,-3.304104804992675781e-01,2.155540585517883301e-01,2.546727418899536133e+00,-1.153174638748168945e+00,-1.828798890113830566e+00,-8.382813334465026855e-01,-1.692088603973388672e+00,2.113840103149414062e+00
-6.689637899398803711e-01,9.238059520721435547e-01,-2.421994686126708984e+00,-3.553530573844909668e-02,4.818575084209442139e-01,-2.687118649482727051e-01,3.364300251007080078e+00,1.631014585494995117e+00,-1.117206335067749023e+00,9.412306547164916992e-01,-1.737127304077148438e-01,1.162835121154785156e+00,1.350273042917251587e-01,2.012519836425781250e+00,-1.689232945442199707e+00,1.134008049964904785e+00,-3.091851770877838135e-01,2.230089902877807617e+00,1.125697612762451172e+00,1.662591099739074707e+00,-2.625233650207519531e+00,-1.066048741340637207e+00,1.964677810668945312e+00,1.585149526596069336e+00,-5.126021504402160645e-01,-1.396703958511352539e+00,3.333047628402709961e+00,-6.541462540626525879e-01,2.843424797058105469e+00,1.973736405372619629e+00,2.284266948699951172e+00,-1.603135943412780762e+00,-6.063182950019836426e-01,-1.577433109283447266e+00,-1.182811498641967773e+00,-7.667124271392822266e-03,8.537150621414184570e-01,-2.140360355377197266e+00,-2.482694864273071289e+00,2.475246667861938477e+00,-1.176081657409667969e+00,-1.272521615028381348e-01,-1.506006360054016113e+00,1.849490523338317871e+00,2.975672483444213867e-01,-1.409048557281494141e+00,1.701003909111022949e+00,4.678117632865905762e-01,-1.104695558547973633e+00,3.207924365997314453e+00,-2.031376123428344727e+00,-5.239585638046264648e-01,1.667442321777343750e+00,-2.811165750026702881e-01,-2.207120418548583984e+00,2.682798504829406738e-01,-6.877258419990539551e-04,-7.865393161773681641e-02,2.627491235733032227e+00,-7.989801764488220215e-01,-2.201678037643432617e+00,-7.500720024108886719e-01,-1.911390662193298340e+00,2.032288551330566406e+00
-6.308563947677612305e-01,1.001670002937316895e+00,-2.488811016082763672e+00,2.017649710178375244e-01,5.956375598907470703e-01,-1.981706917285919189e-01,3.615950584411621094e+00,1.384484887123107910e+00,-9.462404251098632812e-01,5.356445312500000000e-01,-3.484454154968261719e-01,1.202936172485351562e+00,1.139203011989593506e-01,2.375566959381103516e+00,-1.364411950111389160e+00,9.253723621368408203e-01,-1.141086667776107788e-01,2.111873388290405273e+00,1.186095714569091797e+00,1.444387197494506836e+00,-2.634122133255004883e+00,-9.956151843070983887e-01,1.973174095153808594e+00,1.537366032600402832e+00,-4.691237211227416992e-01,-1.637407302856445312e+00,3.203186035156250000e+00,-8.385043144226074219e-01,2.803239107131958008e+00,1.689795136451721191e+00,2.442084550857543945e+00,-1.789814710617065430e+00,-7.755705118179321289e-01,-1.459097146987915039e+00,-8.334286212921142578e-01,9.654134511947631836e-02,5.148433446884155273e-01,-2.166205167770385742e+00,-2.288888216018676758e+00,2.538816452026367188e+00,-1.342038035392761230e+00,-3.526094853878021240e-01,-1.843544006347656250e+00,1.764815926551818848e+00,3.491036891937255859e-01,-1.400081992149353027e+00,1.771121501922607422e+00,6.078078150749206543e-01,-9.108485579490661621e-01,3.277115821838378906e+00,-1.850472688674926758e+00,-8.350871205329895020e-01,1.943727731704711914e+00,-3.724714219570159912e-01,-2.161844968795776367e+00,1.761395484209060669e-01,-2.551251649856567383e-01,3.403350710868835449e-01,2.790317535400390625e+00,-1.111017227172851562e+00,-2.115628242492675781e+00,-7.004123926162719727e-01,-1.938397526741027832e+00,2.241539716720581055e+00
-5.757799148559570312e-01,1.342319488525390625e+00,-2.514510154724121094e+00,1.336594820022583008e-01,4.904580414295196533e-01,-4.090110659599304199e-01,3.604453086853027344e+00,1.421453475952148438e+00,-8.788487315177917480e-01,7.849394679069519043e-01,-1.015589237213134766e-01,1.178137540817260742e+00,8.624875545501708984e-02,2.166734218597412109e+00,-1.597427129745483398e+00,9.113024473190307617e-01,-2.409813404083251953e-01,2.402456760406494141e+00,1.454210996627807617e+00,1.794522881507873535e+00,-2.714704036712646484e+00,-9.891360998153686523e-01,2.178672313690185547e+00,1.591277718544006348e+00,-6.126216650009155273e-01,-1.499181985855102539e+00,3.513476371765136719e+00,-1.049001336097717285e+00,2.876005172729492188e+00,1.706466436386108398e+00,2.405113220214843750e+00,-1.563055038452148438e+00,-8.923181295394897461e-01,-1.674749135971069336e+00,-1.122854232788085938e+00,6.232750415802001953e-02,8.383132219314575195e-01,-2.135069370269775391e+00,-2.390768766403198242e+00,2.393836975097656250e+00,-1.355916500091552734e+00,-1.372151374816894531e-01,-1.645383834838867188e+00,1.744118809700012207e+00,2.383355498313903809e-01,-1.522863864898681641e+00,1.999563336372375488e+00,3.979344069957733154e-01,-8.206239342689514160e-01,3.060940742492675781e+00,-2.039581537246704102e+00,-8.448597788810729980e-01,1.917252063751220703e+00,-1.894795894622802734e-02,-2.240701436996459961e+00,1.574390232563018799e-01,-6.568243354558944702e-02,5.768257379531860352e-02,2.509435176849365234e+00,-1.200298070907592773e+00,-1.886178374290466309e+00,-1.069434642791748047e+00,-1.649180769920349121e+00,2.042821407318115234e+00
-6.628018021583557129e-01,1.287415981292724609e+00,-2.700371503829956055e+00,-8.342936635017395020e-02,5.250338315963745117e-01,-1.522551178932189941e-01,3.513600826263427734e+00,1.717155456542968750e+00,-1.094401717185974121e+00,9.320143461227416992e-01,-1.628303527832031250e-01,1.320056080818176270e+00,-1.064898669719696045e-01,2.321591854095458984e+00,-1.369702816009521484e+00,9.852805733680725098e-01,-1.394186019897460938e-01,2.362677097320556641e+00,1.268267035484313965e+00,1.573125720024108887e+00,-2.739646434783935547e+00,-7.928830385208129883e-01,2.104169368743896484e+00,1.256252884864807129e+00,-4.542087316513061523e-01,-1.303886651992797852e+00,3.120052337646484375e+00,-8.866127133369445801e-01,2.976745128631591797e+00,1.981980800628662109e+00,2.366677999496459961e+00,-1.817268967628479004e+00,-7.880021929740905762e-01,-1.599673748016357422e+00,-9.429333209991455078e-01,-1.358829140663146973e-01,4.021240174770355225e-01,-2.127346992492675781e+00,-2.251316070556640625e+00,2.758805513381958008e+00,-1.132998466491699219e+00,-3.678582310676574707e-01,-1.583146333694458008e+00,1.889629364013671875e+00,4.039476513862609863e-01,-1.218866467475891113e+00,1.685113191604614258e+00,3.300042152404785156e-01,-9.528682827949523926e-01,3.288550853729248047e+00,-1.828552961349487305e+00,-5.900127887725830078e-01,1.626350402832031250e+00,-3.932744264602661133e-02,-1.954520344734191895e+00,3.183744251728057861e-01,-2.634105086326599121e-01,1.792914271354675293e-01,2.604210376739501953e+00,-9.935245513916015625e-01,-2.004229545593261719e+00,-1.056204915046691895e+00,-1.830977916717529297e+00,2.316849708557128906e+00
-7.246951460838317871e-01,9.337509870529174805e-01,-2.418885231018066406e+00,-1.093518882989883423e-01,3.715498447418212891e-01,-4.749936163425445557e-01,3.332749605178833008e+00,1.655594110488891602e+00,-1.112997293472290039e+00,6.664983034133911133e-01,-7.609319686889648438e-02,1.437776088714599609e+00,1.699065864086151123e-01,2.002995729446411133e+00,-1.642930507659912109e+00,8.814665079116821289e-01,-1.383193582296371460e-01,2.279441595077514648e+00,1.142355084419250488e+00,1.717225790023803711e+00,-2.712601900100708008e+00,-9.419003725051879883e-01,2.054496288299560547e+00,1.382172346115112305e+00,-6.952247619628906250e-01,-1.519870281219482422e+00,3.050806283950805664e+00,-6.812651157379150391e-01,2.694362878799438477e+00,1.904669404029846191e+00,2.256240367889404297e+00,-1.388034105300903320e+00,-7.201781272888183594e-01,-1.849868535995483398e+00,-1.061313390731811523e+00,-2.166185975074768066e-01,6.182363629341125488e-01,-2.042466640472412109e+00,-2.418159484863281250e+00,2.805711269378662109e+00,-1.291793704032897949e+00,-2.885234057903289795e-01,-1.514960765838623047e+00,1.832274794578552246e+00,2.503052949905395508e-01,-1.606590390205383301e+00,1.952619910240173340e+00,3.520392179489135742e-01,-1.059047698974609375e+00,3.168786525726318359e+00,-1.971986770629882812e+00,-4.636468291282653809e-01,1.516464948654174805e+00,-3.470242619514465332e-01,-1.994782686233520508e+00,3.304144144058227539e-01,-2.646776437759399414e-01,8.115458488464355469e-02,2.634944438934326172e+00,-1.045037627220153809e+00,-2.143784046173095703e+00,-7.882228493690490723e-01,-1.757598161697387695e+00,2.352972507476806641e+00
-4.746638834476470947e-01,1.297549843788146973e+00,-2.367953062057495117e+00,1.691634654998779297e-01,4.812984168529510498e-01,-3.365492820739746094e-01,3.284762382507324219e+00,1.685184121131896973e+00,-7.790204286575317383e-01,8.516603708267211914e-01,-1.188280582427978516e-01,1.490370273590087891e+00,2.338182181119918823e-03,1.987332701683044434e+00,-1.531412124633789062e+00,1.023183584213256836e+00,-2.133195996284484863e-01,2.317665100097656250e+00,1.288221359252929688e+00,1.789114952087402344e+00,-2.757667303085327148e+00,-8.154001235961914062e-01,2.071082115173339844e+00,1.368914723396301270e+00,-5.228576660156250000e-01,-1.695902228355407715e+00,3.332265615463256836e+00,-7.543970346450805664e-01,2.911640167236328125e+00,1.837290883064270020e+00,2.288092851638793945e+00,-1.763424038887023926e+00,-6.257249116897583008e-01,-1.749163627624511719e+00,-9.910728335380554199e-01,-2.435757517814636230e-01,6.348698139190673828e-01,-2.247093200683593750e+00,-2.340924501419067383e+00,2.479664564132690430e+00,-1.074414491653442383e+00,-1.850163936614990234e-01,-1.693413853645324707e+00,1.600282788276672363e+00,4.832736253738403320e-01,-1.323606133460998535e+00,1.911228656768798828e+00,3.756374716758728027e-01,-7.220714092254638672e-01,3.196449756622314453e+00,-2.013256311416625977e+00,-6.765643954277038574e-01,1.816760420799255371e+00,2.116727828979492188e-02,-1.923478722572326660e+00,1.714242994785308838e-01,-2.993100881576538086e-01,6.501501798629760742e-02,2.885150909423828125e+00,-1.031302690505981445e+00,-2.243787288665771484e+00,-1.006504893302917480e+00,-1.850021481513977051e+00,2.156121015548706055e+00
-6.479611396789550781e-01,1.156399965286254883e+00,-2.329070091247558594e+00,-4.419444501399993896e-02,5.432548522949218750e-01,-4.403742551803588867e-01,3.252238273620605469e+00,1.617465019226074219e+00,-1.020341873168945312e+00,8.901721835136413574e-01,-4.040312767028808594e-01,1.535167574882507324e+00,8.489898592233657837e-02,2.352429151535034180e+00,-1.658879756927490234e+00,1.171586990356445312e+00,-2.271731644868850708e-01,2.189084053039550781e+00,1.339229822158813477e+00,1.836494684219360352e+00,-2.828433275222778320e+00,-1.043031215667724609e+00,2.060293197631835938e+00,1.405845761299133301e+00,-6.453467607498168945e-01,-1.617334604263305664e+00,3.346578836441040039e+00,-8.447159528732299805e-01,2.886641740798950195e+00,2.005381584167480469e+00,2.585341691970825195e+00,-1.814833760261535645e+00,-9.110015034675598145e-01,-1.861929178237915039e+00,-8.850571513175964355e-01,1.403856277465820312e-02,7.668774127960205078e-01,-2.086733579635620117e+00,-2.457979202270507812e+00,2.768422603607177734e+00,-1.260056495666503906e+00,-1.208035945892333984e-01,-1.884396314620971680e+00,1.892118811607360840e+00,1.555920839309692383e-01,-1.261347055435180664e+00,1.859439492225646973e+00,3.596222102642059326e-01,-9.547137618064880371e-01,3.161449193954467773e+00,-1.875001430511474609e+00,-7.782841920852661133e-01,1.592000365257263184e+00,-2.169372737407684326e-01,-2.202839612960815430e+00,1.810820847749710083e-01,-1.546549201011657715e-01,1.227843761444091797e-01,2.605747222900390625e+00,-8.368086814880371094e-01,-1.978138685226440430e+00,-8.686239123344421387e-01,-1.625814437866210938e+00,2.280611276626586914e+00
-6.018996238708496094e-01,1.225273609161376953e+00,-2.679590225219726562e+00,1.895546168088912964e-01,3.685613870620727539e-01,-2.649923264980316162e-01,3.456771135330200195e+00,1.526462078094482422e+00,-1.117886185646057129e+00,6.677096486091613770e-01,-4.580297470092773438e-01,1.234827756881713867e+00,-4.348611086606979370e-02,2.384399414062500000e+00,-1.341119050979614258e+00,1.045610070228576660e+00,-3.410591185092926025e-01,2.123595237731933594e+00,1.460886478424072266e+00,1.691684484481811523e+00,-2.701555013656616211e+00,-9.768112897872924805e-01,1.990387678146362305e+00,1.355443596839904785e+00,-4.420261383056640625e-01,-1.592066287994384766e+00,3.337371587753295898e+00,-7.517260909080505371e-01,2.895901441574096680e+00,1.950495123863220215e+00,2.511896133422851562e+00,-1.677297353744506836e+00,-7.896242141723632812e-01,-1.813694715499877930e+00,-9.456325173377990723e-01,-3.196787834167480469e-01,8.617641925811767578e-01,-2.038768529891967773e+00,-2.590072154998779297e+00,2.795091629028320312e+00,-1.364314556121826172e+00,-2.677397131919860840e-01,-1.702718734741210938e+00,1.632951498031616211e+00,1.451566815376281738e-01,-1.614645957946777344e+00,1.709822058677673340e+00,3.898802995681762695e-01,-1.131851434707641602e+00,3.314849615097045898e+00,-1.866633534431457520e+00,-7.567886710166931152e-01,1.586911916732788086e+00,-4.822778701782226562e-02,-1.964105010032653809e+00,5.004931688308715820e-01,-1.310496032238006592e-01,3.463012576103210449e-01,2.788508892059326172e+00,-8.403802514076232910e-01,-1.931643486022949219e+00,-7.310708165168762207e-01,-1.795029640197753906e+00,2.152929782867431641e+00
-6.281322240829467773e-01,1.055206179618835449e+00,-2.284851312637329102e+00,-1.606963574886322021e-01,3.374679386615753174e-01,-3.791814446449279785e-01,3.360036134719848633e+00,1.586659550666809082e+00,-7.983233332633972168e-01,9.083694815635681152e-01,-4.532290697097778320e-01,1.388452649116516113e+00,4.071111232042312622e-02,2.186948299407958984e+00,-1.570203065872192383e+00,1.034905195236206055e+00,-9.257711470127105713e-02,2.186192512512207031e+00,1.336326479911804199e+00,1.620717525482177734e+00,-2.723500728607177734e+00,-1.139166831970214844e+00,2.241364955902099609e+00,1.462958216667175293e+00,-6.553018689155578613e-01,-1.413556814193725586e+00,3.114556789398193359e+00,-9.506684541702270508e-01,2.888775825500488281e+00,1.657140016555786133e+00,2.187061309814453125e+00,-1.359678983688354492e+00,-6.376990675926208496e-01,-1.763995766639709473e+00,-1.086319088935852051e+00,-2.465091943740844727e-01,5.218043327331542969e-01,-2.134235858917236328e+00,-2.341312170028686523e+00,2.583457231521606445e+00,-1.075267076492309570e+00,-3.788648545742034912e-01,-1.670472264289855957e+00,1.739419579505920410e+00,4.202603101730346680e-01,-1.358251333236694336e+00,1.987234950065612793e+00,3.295424282550811768e-01,-7.183294296264648438e-01,3.271118402481079102e+00,-1.842496871948242188e+00,-7.325147986412048340e-01,1.802241444587707520e+00,-2.500977218151092529e-01,-2.161693811416625977e+00,2.521641552448272705e-01,-2.548097074031829834e-01,3.093329668045043945e-01,2.500634670257568359e+00,-9.784754514694213867e-01,-2.127189159393310547e+00,-9.489174485206604004e-01,-1.621918916702270508e+00,2.372378110885620117e+00
-6.902424097061157227e-01,1.058812141418457031e+00,-2.485381126403808594e+00,1.431107521057128906e-03,2.089064717292785645e-01,-2.152143716812133789e-01,3.488142967224121094e+00,1.505838155746459961e+00,-8.266742229461669922e-01,6.095675230026245117e-01,-3.195730447769165039e-01,1.276741266250610352e+00,1.027972623705863953e-01,2.061249971389770508e+00,-1.626693010330200195e+00,9.044438600540161133e-01,-4.466909468173980713e-01,2.069217205047607422e+00,1.237618088722229004e+00,1.749245166778564453e+00,-2.669661760330200195e+00,-1.280175089836120605e+00,2.211390018463134766e+00,1.398394942283630371e+00,-6.706029772758483887e-01,-1.596057534217834473e+00,3.075190544128417969e+00,-8.666950464248657227e-01,2.855455398559570312e+00,2.086070537567138672e+00,2.174996137619018555e+00,-1.516131401062011719e+00,-5.328203439712524414e-01,-1.852785348892211914e+00,-9.452562928199768066e-01,-1.631230115890502930e-01,7.774290442466735840e-01,-2.295711517333984375e+00,-2.272096872329711914e+00,2.729590177536010742e+00,-1.140543699264526367e+00,-2.787227034568786621e-01,-1.530684351921081543e+00,1.905503511428833008e+00,4.262409508228302002e-01,-1.385699033737182617e+00,1.955732226371765137e+00,7.741574048995971680e-01,-7.909087538719177246e-01,3.266453504562377930e+00,-2.112190246582031250e+00,-6.975782513618469238e-01,1.816261649131774902e+00,-8.347916603088378906e-02,-2.195858240127563477e+00,5.991328358650207520e-01,-1.083420366048812866e-01,2.336249649524688721e-01,2.758873701095581055e+00,-9.828957319259643555e-01,-2.078262805938720703e+00,-6.494200229644775391e-01,-1.792606830596923828e+00,2.428722620010375977e+00
-7.524162530899047852e-01,1.331020951271057129e+00,-2.498323678970336914e+00,-2.070280909538269043e-02,5.795558691024780273e-01,-1.931442171335220337e-01,3.359927654266357422e+00,1.438746094703674316e+00,-1.041013956069946289e+00,4.998182356357574463e-01,-1.361602544784545898e-01,1.183993339538574219e+00,1.072468012571334839e-01,2.156915903091430664e+00,-1.331749677658081055e+00,9.452123641967773438e-01,-3.572487831115722656e-01,2.200553894042968750e+00,1.397388696670532227e+00,1.647099733352661133e+00,-2.806052446365356445e+00,-1.060093164443969727e+00,2.247599601745605469e+00,1.319829940795898438e+00,-5.856577157974243164e-01,-1.626342296600341797e+00,3.381099700927734375e+00,-9.373242855072021484e-01,2.720729827880859375e+00,1.977449893951416016e+00,2.411548852920532227e+00,-1.522153973579406738e+00,-5.535119175910949707e-01,-1.552570223808288574e+00,-1.082138538360595703e+00,-2.724862694740295410e-01,8.703764081001281738e-01,-2.150541067123413086e+00,-2.412989377975463867e+00,2.653078556060791016e+00,-1.263004660606384277e+00,-1.376212835311889648e-01,-1.568466782569885254e+00,1.708933472633361816e+00,4.186168015003204346e-01,-1.528200268745422363e+00,1.988390445709228516e+00,4.242351651191711426e-01,-9.103145599365234375e-01,2.964663028717041016e+00,-2.183104038238525391e+00,-7.637396454811096191e-01,1.638240337371826172e+00,-1.953665018081665039e-01,-2.117566585540771484e+00,4.752534329891204834e-01,-3.129625916481018066e-01,2.061172127723693848e-01,2.785385131835937500e+00,-8.572072982788085938e-01,-1.915051937103271484e+00,-8.425495028495788574e-01,-1.677797079086303711e+00,2.082113027572631836e+00
-7.231214046478271484e-01,1.040015935897827148e+00,-2.555380821228027344e+00,2.321898639202117920e-01,2.003856599330902100e-01,-2.014305889606475830e-01,3.364367008209228516e+00,1.726301908493041992e+00,-1.194830894470214844e+00,7.070457935333251953e-01,-4.163820743560791016e-01,1.308048009872436523e+00,-8.511720597743988037e-02,2.446403980255126953e+00,-1.347268104553222656e+00,1.243911266326904297e+00,-6.709913909435272217e-02,2.106528520584106445e+00,1.114467501640319824e+00,1.577712059020996094e+00,-2.784716129302978516e+00,-1.343966364860534668e+00,2.312357187271118164e+00,1.569239139556884766e+00,-6.288978457450866699e-01,-1.342460036277770996e+00,3.177143335342407227e+00,-9.846521615982055664e-01,3.032737970352172852e+00,1.847869992256164551e+00,2.581404447555541992e+00,-1.360881090164184570e+00,-6.421557664871215820e-01,-1.818868160247802734e+00,-9.293215870857238770e-01,-3.164345622062683105e-01,6.969670653343200684e-01,-2.142082214355468750e+00,-2.280360698699951172e+00,2.633270978927612305e+00,-1.249912381172180176e+00,-1.465817391872406006e-01,-1.690783262252807617e+00,1.761317968368530273e+00,2.550332546234130859e-01,-1.598853707313537598e+00,2.019880771636962891e+00,5.626085400581359863e-01,-1.070388436317443848e+00,2.928895950317382812e+00,-2.020787239074707031e+00,-4.487885832786560059e-01,1.800732254981994629e+00,-6.338590383529663086e-02,-2.284133672714233398e+00,5.742241144180297852e-01,-6.015890091657638550e-02,2.205913662910461426e-01,2.736018657684326172e+00,-9.742259979248046875e-01,-1.859143376350402832e+00,-9.019297957420349121e-01,-1.892505288124084473e+00,2.177500486373901367e+00
-7.794045209884643555e-01,1.151466369628906250e+00,-2.555523395538330078e+00,-9.364107251167297363e-02,4.512466788291931152e-01,-2.199483513832092285e-01,3.609288215637207031e+00,1.368589758872985840e+00,-1.161212325096130371e+00,7.388985157012939453e-01,-1.346635818481445312e-01,1.451116561889648438e+00,-2.016563117504119873e-01,2.351492404937744141e+00,-1.584670186042785645e+00,1.253608465194702148e+00,-8.005098253488540649e-02,2.204490184783935547e+00,1.240971565246582031e+00,1.676459074020385742e+00,-2.583159446716308594e+00,-9.892671704292297363e-01,2.039083003997802734e+00,1.565820217132568359e+00,-5.409014225006103516e-01,-1.538974523544311523e+00,3.258141517639160156e+00,-8.263900876045227051e-01,2.868525981903076172e+00,2.041007518768310547e+00,2.510842323303222656e+00,-1.780366659164428711e+00,-5.460143089294433594e-01,-1.684134244918823242e+00,-9.243006706237792969e-01,-2.228730916976928711e-01,7.959514260292053223e-01,-1.870140910148620605e+00,-2.447053432464599609e+00,2.638207912445068359e+00,-1.289332628250122070e+00,-3.768547773361206055e-01,-1.734335064888000488e+00,1.664994835853576660e+00,9.376525878906250000e-02,-1.526489973068237305e+00,1.935146331787109375e+00,5.930072665214538574e-01,-1.154240369796752930e+00,3.144803285598754883e+00,-1.881168484687805176e+00,-5.308272242546081543e-01,1.738504886627197266e+00,-1.206551194190979004e-01,-1.910290241241455078e+00,2.645466923713684082e-01,-2.771947383880615234e-01,1.906411647796630859e-01,2.488653182983398438e+00,-1.014670372009277344e+00,-2.072586774826049805e+00,-1.029989838600158691e+00,-1.600474834442138672e+00,2.152861595153808594e+00
-5.401217341423034668e-01,1.318617224693298340e+00,-2.238027095794677734e+00,4.221937060356140137e-02,4.528238177299499512e-01,-3.199024796485900879e-01,3.288401126861572266e+00,1.796002864837646484e+00,-8.707015514373779297e-01,5.052517652511596680e-01,-2.244939804077148438e-01,1.499535202980041504e+00,-5.802882090210914612e-02,2.230242967605590820e+00,-1.335257887840270996e+00,9.694260358810424805e-01,-3.273602426052093506e-01,2.087086439132690430e+00,1.344956278800964355e+00,1.640946865081787109e+00,-2.487160682678222656e+00,-8.260097503662109375e-01,2.155537366867065430e+00,1.612866640090942383e+00,-5.996925830841064453e-01,-1.481779694557189941e+00,3.088496446609497070e+00,-8.876847028732299805e-01,2.696979045867919922e+00,1.899349093437194824e+00,2.590829849243164062e+00,-1.524593591690063477e+00,-7.233920097351074219e-01,-1.467777967453002930e+00,-7.734372615814208984e-01,-3.638392686843872070e-02,7.730670571327209473e-01,-1.900919437408447266e+00,-2.360766172409057617e+00,2.665773153305053711e+00,-1.046595573425292969e+00,-8.646625280380249023e-02,-1.831008195877075195e+00,1.572182893753051758e+00,2.776926755905151367e-01,-1.575223088264465332e+00,2.013096809387207031e+00,6.195241212844848633e-01,-6.533114910125732422e-01,2.959199428558349609e+00,-2.003961563110351562e+00,-7.089983820915222168e-01,1.566214561462402344e+00,-4.084748625755310059e-01,-2.235530614852905273e+00,1.494405567646026611e-01,-1.944515407085418701e-01,2.271910309791564941e-01,2.665415048599243164e+00,-1.090538740158081055e+00,-1.822320222854614258e+00,-9.941519498825073242e-01,-1.676451444625854492e+00,2.227988958358764648e+00
-5.900979042053222656e-01,1.129695415496826172e+00,-2.518769741058349609e+00,6.712475419044494629e-02,3.860996365547180176e-01,-4.271117448806762695e-01,3.353334426879882812e+00,1.469632625579833984e+00,-1.003536224365234375e+00,8.865881562232971191e-01,-4.616332054138183594e-02,1.507500648498535156e+00,1.369249448180198669e-02,2.036111354827880859e+00,-1.415637493133544922e+00,1.104753255844116211e+00,-1.859216690063476562e-01,2.200893878936767578e+00,1.331417560577392578e+00,1.552235484123229980e+00,-2.750944852828979492e+00,-1.075632810592651367e+00,1.998187780380249023e+00,1.269529581069946289e+00,-5.389662384986877441e-01,-1.394734501838684082e+00,3.175960779190063477e+00,-9.159574508666992188e-01,3.133008003234863281e+00,1.963100433349609375e+00,2.627368927001953125e+00,-1.779576182365417480e+00,-5.839999914169311523e-01,-1.703602671623229980e+00,-1.133079051971435547e+00,-1.233605146408081055e-01,5.743119120597839355e-01,-1.918116807937622070e+00,-2.583598375320434570e+00,2.655072450637817383e+00,-1.229366302490234375e+00,-2.008567750453948975e-01,-1.538440942764282227e+00,1.750815629959106445e+00,1.247843503952026367e-01,-1.316402792930603027e+00,1.673583149909973145e+00,5.865232944488525391e-01,-8.286011219024658203e-01,3.225534439086914062e+00,-1.856318473815917969e+00,-4.672583937644958496e-01,1.503637075424194336e+00,-1.061509847640991211e-01,-1.871855854988098145e+00,4.473491907119750977e-01,-1.954771280288696289e-01,5.576145648956298828e-02,2.579975366592407227e+00,-1.051464200019836426e+00,-2.172850370407104492e+00,-9.277881979942321777e-01,-1.808347821235656738e+00,2.282023906707763672e+00
-7.270463109016418457e-01,9.383530020713806152e-01,-2.728241920471191406e+00,-5.884009599685668945e-02,3.569917082786560059e-01,-3.301798105239868164e-01,3.635863304138183594e+00,1.730519890785217285e+00,-8.820947408676147461e-01,6.691398024559020996e-01,-3.355244398117065430e-01,1.457746028900146484e+00,-2.069963514804840088e-01,2.074628114700317383e+00,-1.295470714569091797e+00,9.047120809555053711e-01,-4.303428530693054199e-02,2.279812335968017578e+00,1.341471195220947266e+00,1.544067144393920898e+00,-2.750777721405029297e+00,-1.276570320129394531e+00,2.017873525619506836e+00,1.275652289390563965e+00,-6.577895879745483398e-01,-1.364063024520874023e+00,3.190625190734863281e+00,-9.145075082778930664e-01,2.898869514465332031e+00,1.808108448982238770e+00,2.364780426025390625e+00,-1.663554191589355469e+00,-6.117984056472778320e-01,-1.848656058311462402e+00,-1.061509370803833008e+00,-9.924834966659545898e-02,4.816503822803497314e-01,-2.115734100341796875e+00,-2.411450147628784180e+00,2.750103235244750977e+00,-1.101802349090576172e+00,-3.480868935585021973e-01,-1.834362626075744629e+00,1.768210411071777344e+00,2.134715318679809570e-01,-1.219437360763549805e+00,1.954859733581542969e+00,6.732300519943237305e-01,-1.002326011657714844e+00,3.195250511169433594e+00,-2.224099874496459961e+00,-5.304688215255737305e-01,1.843482732772827148e+00,-2.408323287963867188e-01,-1.926652789115905762e+00,2.854780554771423340e-01,-2.324187755584716797e-01,-1.422584056854248047e-03,2.612630844116210938e+00,-1.177575945854187012e+00,-2.125204086303710938e+00,-7.653264403343200684e-01,-1.500215411186218262e+00,2.259575128555297852e+00
-6.659792065620422363e-01,8.985828161239624023e-01,-2.280156612396240234e+00,1.620531380176544189e-01,3.069026470184326172e-01,-2.490163147449493408e-01,3.713024854660034180e+00,1.757137060165405273e+00,-8.339045643806457520e-01,7.821167111396789551e-01,-2.002716064453125000e-01,1.226492881774902344e+00,1.824906319379806519e-01,2.056695938110351562e+00,-1.371989846229553223e+00,1.186298251152038574e+00,-4.432324767112731934e-01,2.370935916900634766e+00,1.258851766586303711e+00,1.731544017791748047e+00,-2.737599134445190430e+00,-1.324805855751037598e+00,2.383116960525512695e+00,1.642922520637512207e+00,-4.942870736122131348e-01,-1.446662306785583496e+00,3.180058002471923828e+00,-1.007621288299560547e+00,2.705600023269653320e+00,2.052030563354492188e+00,2.593942165374755859e+00,-1.472069025039672852e+00,-8.777943253517150879e-01,-1.734123587608337402e+00,-1.031977653503417969e+00,-1.076452732086181641e-01,8.745815157890319824e-01,-2.289205312728881836e+00,-2.456851720809936523e+00,2.720645427703857422e+00,-1.311478137969970703e+00,-5.794405937194824219e-02,-1.552316665649414062e+00,1.668534278869628906e+00,4.950106143951416016e-02,-1.296444416046142578e+00,1.808582663536071777e+00,7.246062159538269043e-01,-8.521975874900817871e-01,3.320583343505859375e+00,-2.051868677139282227e+00,-4.051294922828674316e-01,1.764624357223510742e+00,-3.898955583572387695e-01,-2.257153511047363281e+00,3.571342229843139648e-01,-4.738122224807739258e-04,3.292856514453887939e-01,2.851477622985839844e+00,-1.114596605300903320e+00,-2.066738605499267578e+00,-7.159462571144104004e-01,-1.570898771286010742e+00,2.061652660369873047e+00
-6.532133817672729492e-01,1.038969993591308594e+00,-2.575262546539306641e+00,1.407112777233123779e-01,4.423273801803588867e-01,-3.071084618568420410e-01,3.349583625793457031e+00,1.458078622817993164e+00,-1.095894336700439453e+00,8.036223053932189941e-01,-5.696094036102294922e-02,1.333504080772399902e+00,2.824943140149116516e-02,2.218101501464843750e+00,-1.574714422225952148e+00,1.017218351364135742e+00,-3.361501917243003845e-02,2.204408168792724609e+00,1.173969388008117676e+00,1.386418104171752930e+00,-2.521169185638427734e+00,-1.088614940643310547e+00,2.272356033325195312e+00,1.378065228462219238e+00,-5.656672716140747070e-01,-1.642970681190490723e+00,3.231160163879394531e+00,-7.801119089126586914e-01,3.132398128509521484e+00,2.026281833648681641e+00,2.342439651489257812e+00,-1.721940994262695312e+00,-8.151587247848510742e-01,-1.816317915916442871e+00,-9.085264205932617188e-01,7.934349775314331055e-02,5.580157041549682617e-01,-2.200201034545898438e+00,-2.340292215347290039e+00,2.487168312072753906e+00,-1.195745587348937988e+00,-3.316589295864105225e-01,-1.815750718116760254e+00,1.785930275917053223e+00,2.594330906867980957e-01,-1.334593057632446289e+00,1.871364355087280273e+00,6.155393719673156738e-01,-7.405180931091308594e-01,3.130656480789184570e+00,-1.960224270820617676e+00,-7.349779605865478516e-01,1.500977396965026855e+00,-1.446710228919982910e-01,-2.237863302230834961e+00,2.657627165317535400e-01,-3.593734800815582275e-01,2.228744626045227051e-01,2.649762153625488281e+00,-8.243916630744934082e-01,-2.057106733322143555e+00,-6.917471885681152344e-01,-1.695654153823852539e+00,2.422987222671508789e+00
-5.858732461929321289e-01,1.049012660980224609e+00,-2.572183132171630859e+00,-1.969560533761978149e-01,5.677039623260498047e-01,-3.900843262672424316e-01,3.210058689117431641e+00,1.700713634490966797e+00,-1.066648006439208984e+00,7.770575881004333496e-01,-4.374296665191650391e-01,1.533832788467407227e+00,6.877774000167846680e-02,1.976121664047241211e+00,-1.306151986122131348e+00,8.244992494583129883e-01,-2.098082900047302246e-01,2.246791601181030273e+00,1.341754674911499023e+00,1.695175409317016602e+00,-2.458807945251464844e+00,-1.138026356697082520e+00,1.854453444480895996e+00,1.419196367263793945e+00,-7.102828621864318848e-01,-1.354814529418945312e+00,3.458599805831909180e+00,-8.171078562736511230e-01,2.895785331726074219e+00,1.745678782463073730e+00,2.426295757293701172e+00,-1.819041490554809570e+00,-8.629573583602905273e-01,-1.455488562583923340e+00,-9.573164582252502441e-01,7.267153263092041016e-02,7.360616922378540039e-01,-1.956327915191650391e+00,-2.485839843750000000e+00,2.309125423431396484e+00,-1.070211291313171387e+00,-3.317727148532867432e-01,-1.729964494705200195e+00,1.772210836410522461e+00,2.008062005043029785e-01,-1.277750968933105469e+00,1.824515938758850098e+00,2.275467514991760254e-01,-8.502727746963500977e-01,3.055109024047851562e+00,-2.061494350433349609e+00,-8.852071762084960938e-01,1.592547178268432617e+00,6.639200448989868164e-02,-2.251042127609252930e+00,3.024849593639373779e-01,-8.065392076969146729e-02,1.065288186073303223e-01,2.651439189910888672e+00,-1.037782549858093262e+00,-1.904284238815307617e+00,-8.198055028915405273e-01,-1.853296756744384766e+00,2.006802082061767578e+00
-4.725671410560607910e-01,1.351080894470214844e+00,-2.301803588867187500e+00,1.709506511688232422e-01,2.971858084201812744e-01,-1.517336666584014893e-01,3.293546676635742188e+00,1.487035751342773438e+00,-9.143596291542053223e-01,6.603101491928100586e-01,-4.015789031982421875e-01,1.459668874740600586e+00,-1.272797435522079468e-01,2.290096282958984375e+00,-1.363990187644958496e+00,1.006140589714050293e+00,-1.526964828372001648e-02,2.382680892944335938e+00,1.408029794692993164e+00,1.694234967231750488e+00,-2.485980510711669922e+00,-8.361315727233886719e-01,2.009118795394897461e+00,1.279680967330932617e+00,-4.782234430313110352e-01,-1.474033594131469727e+00,3.320572376251220703e+00,-9.090563058853149414e-01,2.813543558120727539e+00,1.898845434188842773e+00,2.269500970840454102e+00,-1.424706339836120605e+00,-4.570465683937072754e-01,-1.776746034622192383e+00,-9.154181480407714844e-01,-6.149882078170776367e-02,8.211035132408142090e-01,-1.982484817504882812e+00,-2.328531503677368164e+00,2.453873157501220703e+00,-1.345586061477661133e+00,-4.646441042423248291e-01,-1.684124469757080078e+00,1.855013370513916016e+00,2.218098044395446777e-01,-1.204964637756347656e+00,1.837974190711975098e+00,5.109913945198059082e-01,-6.655741333961486816e-01,3.160884141921997070e+00,-1.961754441261291504e+00,-7.665136456489562988e-01,1.800503492355346680e+00,-3.491746783256530762e-01,-2.236351251602172852e+00,4.205101430416107178e-01,-3.305875957012176514e-01,1.992709636688232422e-01,2.865287065505981445e+00,-1.219467401504516602e+00,-2.150277137756347656e+00,-7.876098155975341797e-01,-1.610775232315063477e+00,2.180650949478149414e+00
-6.957013607025146484e-01,1.282265543937683105e+00,-2.193596124649047852e+00,-2.638828754425048828e-02,5.645537376403808594e-01,-4.186438620090484619e-01,3.746736049652099609e+00,1.652038574218750000e+00,-9.981253147125244141e-01,5.700573325157165527e-01,-3.275645971298217773e-01,1.200339317321777344e+00,1.937002986669540405e-01,2.053893566131591797e+00,-1.688761711120605469e+00,1.067056894302368164e+00,-1.253736019134521484e-01,2.314957618713378906e+00,1.262705326080322266e+00,1.342948675155639648e+00,-2.687826395034790039e+00,-1.145498394966125488e+00,1.985075712203979492e+00,1.337696552276611328e+00,-7.207889556884765625e-01,-1.459082126617431641e+00,3.099375486373901367e+00,-9.717772006988525391e-01,2.738637924194335938e+00,2.082821369171142578e+00,2.461734294891357422e+00,-1.410791397094726562e+00,-5.326987504959106445e-01,-1.607784986495971680e+00,-7.196996212005615234e-01,-2.402817606925964355e-01,9.375113248825073242e-01,-2.221282005310058594e+00,-2.248530387878417969e+00,2.706968545913696289e+00,-1.148665428161621094e+00,-7.935315370559692383e-02,-1.663859128952026367e+00,1.953828454017639160e+00,2.834951877593994141e-01,-1.370990991592407227e+00,1.706582784652709961e+00,4.639378190040588379e-01,-1.026226282119750977e+00,3.044231653213500977e+00,-2.187966585159301758e+00,-6.026617884635925293e-01,1.490903973579406738e+00,-4.203335046768188477e-01,-2.345541238784790039e+00,4.601833820343017578e-01,-1.283658295869827271e-02,3.765378594398498535e-01,2.679033279418945312e+00,-8.726654052734375000e-01,-1.926951885223388672e+00,-1.058630347251892090e+00,-1.657953977584838867e+00,2.350760698318481445e+00
-8.127443194389343262e-01,1.177667140960693359e+00,-2.623464107513427734e+00,1.006149649620056152e-01,6.444803476333618164e-01,-5.126676559448242188e-01,3.337752580642700195e+00,1.406252145767211914e+00,-9.024280309677124023e-01,5.432361960411071777e-01,-4.700449705123901367e-01,1.293065905570983887e+00,-7.335989177227020264e-02,1.965195417404174805e+00,-1.623798608779907227e+00,1.175792217254638672e+00,-3.973861038684844971e-01,2.302965164184570312e+00,1.092041492462158203e+00,1.622263312339782715e+00,-2.836613893508911133e+00,-1.098530411720275879e+00,1.999790906906127930e+00,1.228027701377868652e+00,-4.793388843536376953e-01,-1.385417461395263672e+00,3.399301528930664062e+00,-1.004464626312255859e+00,2.950827121734619141e+00,1.972912192344665527e+00,2.232083559036254883e+00,-1.484943747520446777e+00,-5.485397577285766602e-01,-1.746199131011962891e+00,-1.176364302635192871e+00,1.292574405670166016e-01,6.744699478149414062e-01,-1.857127904891967773e+00,-2.392333984375000000e+00,2.606737613677978516e+00,-9.612239003181457520e-01,-3.281557559967041016e-01,-1.742582798004150391e+00,1.938537836074829102e+00,2.826206088066101074e-01,-1.269783735275268555e+00,1.981735587120056152e+00,6.121324300765991211e-01,-9.667959213256835938e-01,3.144023180007934570e+00,-1.782405734062194824e+00,-7.742296457290649414e-01,1.823394298553466797e+00,-6.181555986404418945e-02,-2.293000698089599609e+00,2.873808443546295166e-01,-1.530561745166778564e-01,2.083468437194824219e-02,2.754674911499023438e+00,-8.115153908729553223e-01,-2.004152774810791016e+00,-8.524581789970397949e-01,-1.918712377548217773e+00,2.311044454574584961e+00
-6.934922337532043457e-01,1.183171153068542480e+00,-2.341008663177490234e+00,2.618327736854553223e-02,5.785592198371887207e-01,-1.987773776054382324e-01,3.271519184112548828e+00,1.695715546607971191e+00,-8.760911226272583008e-01,6.061658263206481934e-01,-2.489089965820312500e-01,1.602104187011718750e+00,2.050108462572097778e-02,2.442372083663940430e+00,-1.347669243812561035e+00,1.143038153648376465e+00,-5.189479514956474304e-02,2.347099542617797852e+00,1.388935208320617676e+00,1.597035408020019531e+00,-2.496694326400756836e+00,-9.027767181396484375e-01,2.121370792388916016e+00,1.428739070892333984e+00,-7.475423812866210938e-01,-1.268873572349548340e+00,3.178992271423339844e+00,-9.656764864921569824e-01,2.805645942687988281e+00,2.026715517044067383e+00,2.481065034866333008e+00,-1.378888368606567383e+00,-5.610359907150268555e-01,-1.572817325592041016e+00,-9.351719021797180176e-01,1.876252889633178711e-02,5.337707996368408203e-01,-2.140119075775146484e+00,-2.305583715438842773e+00,2.545183420181274414e+00,-1.363388776779174805e+00,-7.776761054992675781e-02,-1.829692006111145020e+00,1.634341597557067871e+00,2.241259217262268066e-01,-1.183935046195983887e+00,1.665554165840148926e+00,6.214948892593383789e-01,-6.843268275260925293e-01,3.077420711517333984e+00,-2.053245067596435547e+00,-6.754962801933288574e-01,1.504655957221984863e+00,-3.763962090015411377e-01,-2.023218393325805664e+00,5.022478103637695312e-01,-4.027159810066223145e-01,7.055157423019409180e-02,2.899600982666015625e+00,-9.768664836883544922e-01,-2.016663312911987305e+00,-9.160692095756530762e-01,-1.646304368972778320e+00,2.125646114349365234e+00
-7.624484300613403320e-01,9.988273978233337402e-01,-2.435590028762817383e+00,1.037677973508834839e-01,1.492218077182769775e-01,-4.723128676414489746e-01,3.634226560592651367e+00,1.388750553131103516e+00,-1.186272978782653809e+00,7.292080521583557129e-01,-4.625406265258789062e-01,1.241869807243347168e+00,-6.344800442457199097e-02,2.150554180145263672e+00,-1.242939472198486328e+00,9.717064499855041504e-01,-1.923207640647888184e-01,2.260049819946289062e+00,1.416668891906738281e+00,1.777634382247924805e+00,-2.755954504013061523e+00,-1.299444556236267090e+00,2.068382501602172852e+00,1.320359349250793457e+00,-7.581033706665039062e-01,-1.696275472640991211e+00,3.329560279846191406e+00,-1.003560066223144531e+00,2.893678665161132812e+00,1.902458667755126953e+00,2.359546422958374023e+00,-1.730798721313476562e+00,-8.588366508483886719e-01,-1.830092906951904297e+00,-7.434248924255371094e-01,-3.913891315460205078e-02,9.408324956893920898e-01,-2.158563137054443359e+00,-2.564212560653686523e+00,2.752912998199462891e+00,-9.725330471992492676e-01,2.646082639694213867e-02,-1.569859981536865234e+00,1.755858778953552246e+00,1.062658429145812988e-01,-1.406746387481689453e+00,1.702708363533020020e+00,8.253301978111267090e-01,-7.937020063400268555e-01,3.136818170547485352e+00,-1.885662317276000977e+00,-5.080334544181823730e-01,1.785274624824523926e+00,-7.948917150497436523e-02,-2.243388175964355469e+00,4.798491001129150391e-01,-2.427057623863220215e-01,1.538704931735992432e-01,2.458323240280151367e+00,-8.827009201049804688e-01,-2.196248769760131836e+00,-8.873925209045410156e-01,-1.725956439971923828e+00,2.417464733123779297e+00
