-3.137190937995910645e-01,6.165649890899658203e-01,-1.039827018976211548e-01,-1.065807193517684937e-01,8.171205222606658936e-02,4.129602015018463135e-02,-5.742060765624046326e-02,2.368068099021911621e-01,-4.165287129580974579e-03,-3.198893666267395020e-01,5.761437416076660156e-01,-4.435272142291069031e-02,-3.549746870994567871e-01,-1.080649793148040771e-01,2.379098981618881226e-01,3.597368001937866211e-01,4.644579291343688965e-01,3.215182945132255554e-02,-3.763066828250885010e-01,-9.383487701416015625e-02,4.250373840332031250e-01,1.699744611978530884e-01,-1.161950230598449707e-01,1.640044897794723511e-01,-1.045711711049079895e-01,1.549046039581298828e-01,1.781195774674415588e-02,-3.287873566150665283e-01,-8.181575685739517212e-02,-5.925085023045539856e-02,1.639578193426132202e-01,1.020549163222312927e-01,1.254732906818389893e-01,-2.772392630577087402e-01,-1.740103363990783691e-01,-1.974996924400329590e-01,1.164908707141876221e-01,-3.353994786739349365e-01,-3.772346079349517822e-01,1.168145388364791870e-01,-7.185649871826171875e-02,-1.745508611202239990e-01,-1.960004568099975586e-01,6.355726122856140137e-01,4.225569069385528564e-01,-1.852946542203426361e-02,2.830765768885612488e-02,-1.089778989553451538e-01,2.327189780771732330e-02,2.699243128299713135e-01,8.127070218324661255e-02,-1.509938389062881470e-03,-2.613996863365173340e-01,-8.965653181076049805e-02,-2.564109563827514648e-01,5.294406414031982422e-01,-1.910164952278137207e-01,1.413674354553222656e-01,-1.422368586063385010e-01,-4.066030383110046387e-01,5.258766412734985352e-01,-1.970610320568084717e-01,-1.148084700107574463e-01,5.495861172676086426e-02
-1.935720890760421753e-01,6.336438655853271484e-01,-3.605993092060089111e-01,-1.401856392621994019e-01,2.545349001884460449e-01,1.693957895040512085e-01,-9.634888917207717896e-02,2.436502724885940552e-01,2.476678788661956787e-01,-5.446754097938537598e-01,6.116084456443786621e-01,5.908522009849548340e-02,-3.956657648086547852e-01,-1.225741878151893616e-01,4.443863332271575928e-01,5.839281678199768066e-01,6.179510951042175293e-01,-5.116343870759010315e-02,-2.357980608940124512e-01,-4.457106813788414001e-02,4.972276687622070312e-01,1.895975917577743530e-01,-4.722896218299865723e-01,2.148160487413406372e-01,-8.908559381961822510e-02,9.084194898605346680e-02,1.695788204669952393e-01,-2.115059345960617065e-01,-8.400400727987289429e-02,-5.074438452720642090e-02,-1.262831985950469971e-01,2.149160951375961304e-01,4.561775550246238708e-02,-1.459121704101562500e-01,5.071581527590751648e-02,-2.276574820280075073e-01,1.437549591064453125e-01,-2.271330058574676514e-01,-5.550699234008789062e-01,1.484834849834442139e-01,-3.095519496127963066e-03,-1.591009646654129028e-01,-1.922383606433868408e-01,8.118497133255004883e-01,4.765022099018096924e-01,8.636876940727233887e-02,-1.427465975284576416e-01,4.002327471971511841e-02,-1.249369457364082336e-01,2.129929810762405396e-01,4.442583024501800537e-01,-2.375853806734085083e-02,-1.427693963050842285e-01,-5.059791728854179382e-03,-5.520209670066833496e-01,6.397259831428527832e-01,-3.110863566398620605e-01,3.406224250793457031e-01,-1.962938606739044189e-01,-4.543364942073822021e-01,5.369041562080383301e-01,-7.933508604764938354e-04,-9.131730347871780396e-02,4.277513921260833740e-02
-2.311922907829284668e-01,6.214024424552917480e-01,-3.291347026824951172e-01,-1.308261007070541382e-01,1.808041185140609741e-01,2.684771418571472168e-01,-9.811409562826156616e-02,2.251635044813156128e-01,1.644747406244277954e-01,-5.384144783020019531e-01,5.827016234397888184e-01,-2.264624461531639099e-03,-3.829659223556518555e-01,-1.777233034372329712e-01,4.631578624248504639e-01,5.827100872993469238e-01,5.738749504089355469e-01,-1.057287156581878662e-01,-2.703421115875244141e-01,-1.372449938207864761e-02,4.546910822391510010e-01,2.324270606040954590e-01,-4.571499526500701904e-01,2.416087090969085693e-01,-1.368687003850936890e-01,1.209606304764747620e-01,1.349550336599349976e-01,-1.826663762331008911e-01,-9.495563060045242310e-02,-6.707058101892471313e-02,-9.399107843637466431e-02,1.970612406730651855e-01,8.946507424116134644e-02,-1.650128364562988281e-01,-1.775673008523881435e-03,-2.725330889225006104e-01,9.929696470499038696e-02,-2.787241637706756592e-01,-4.668345749378204346e-01,1.522655189037322998e-01,5.414734780788421631e-02,-1.221676766872406006e-01,-1.966125816106796265e-01,8.578595519065856934e-01,4.563573896884918213e-01,9.372562170028686523e-03,-7.238386571407318115e-02,1.926078274846076965e-02,-6.978388875722885132e-02,1.469323337078094482e-01,3.990633189678192139e-01,-4.244015552103519440e-03,-1.770865470170974731e-01,-8.030964434146881104e-02,-5.403846502304077148e-01,7.019873261451721191e-01,-2.587527334690093994e-01,3.699761927127838135e-01,-2.803395390510559082e-01,-4.789424240589141846e-01,5.690945386886596680e-01,-4.996303468942642212e-02,-6.880972534418106079e-02,7.065594941377639771e-02
-2.127950042486190796e-01,6.336926221847534180e-01,-3.479394614696502686e-01,-1.550793349742889404e-01,1.677836179733276367e-01,2.863510549068450928e-01,-7.456014305353164673e-02,2.404581755399703979e-01,1.866500824689865112e-01,-4.879603087902069092e-01,5.949368476867675781e-01,-2.802439965307712555e-03,-3.722822368144989014e-01,-1.304204761981964111e-01,4.762697219848632812e-01,5.146799087524414062e-01,5.726721286773681641e-01,-7.092645019292831421e-02,-2.700100243091583252e-01,2.848695218563079834e-02,4.241155982017517090e-01,2.068536281585693359e-01,-5.044716596603393555e-01,1.130276024341583252e-01,-1.459870189428329468e-01,1.221437975764274597e-01,2.203808128833770752e-01,-2.082395106554031372e-01,-1.439956426620483398e-01,-6.578153371810913086e-02,-9.173271059989929199e-02,2.479173243045806885e-01,2.988685294985771179e-02,-1.495701074600219727e-01,1.382713089697062969e-03,-2.520286440849304199e-01,1.123449504375457764e-01,-2.816628813743591309e-01,-4.702220559120178223e-01,2.022803872823715210e-01,-6.627884693443775177e-03,-1.796981394290924072e-01,-1.533757448196411133e-01,8.293809294700622559e-01,4.370586574077606201e-01,-1.677417941391468048e-02,-6.810750812292098999e-02,1.083548739552497864e-02,-8.229147642850875854e-02,1.415564417839050293e-01,4.395071566104888916e-01,-4.291782155632972717e-02,-1.944966316223144531e-01,-7.825822383165359497e-02,-5.705848932266235352e-01,6.024774909019470215e-01,-3.473684191703796387e-01,4.326323568820953369e-01,-2.006098777055740356e-01,-4.605970084667205811e-01,5.113980770111083984e-01,3.250430151820182800e-02,-2.334502153098583221e-02,4.110713303089141846e-02
-1.790735870599746704e-01,6.238531470298767090e-01,-3.635722100734710693e-01,-1.648777425289154053e-01,2.143655568361282349e-01,1.470300704240798950e-01,-7.977667450904846191e-02,2.580941319465637207e-01,1.977144032716751099e-01,-5.144697427749633789e-01,6.458037495613098145e-01,8.656220138072967529e-02,-3.819151520729064941e-01,-1.550028324127197266e-01,4.548187255859375000e-01,5.480551719665527344e-01,5.997130870819091797e-01,5.387271195650100708e-02,-2.705712914466857910e-01,-4.358823969960212708e-02,4.949361085891723633e-01,1.934554278850555420e-01,-4.236335754394531250e-01,1.296603232622146606e-01,-7.704360783100128174e-02,6.408809870481491089e-02,2.258358895778656006e-01,-2.437034398317337036e-01,-1.197610646486282349e-01,-6.472718715667724609e-02,-1.105229631066322327e-01,2.110696434974670410e-01,9.837237186729907990e-03,-1.751212775707244873e-01,5.589253827929496765e-02,-2.577053606510162354e-01,1.783420592546463013e-01,-2.524648308753967285e-01,-5.167979598045349121e-01,1.644654721021652222e-01,-6.702633202075958252e-02,-1.885398626327514648e-01,-1.809134930372238159e-01,7.517869472503662109e-01,4.491471946239471436e-01,2.610347792506217957e-02,-1.188707202672958374e-01,2.775209769606590271e-02,-1.050563007593154907e-01,2.561269700527191162e-01,4.159995019435882568e-01,-5.406199395656585693e-02,-1.811779737472534180e-01,2.548334561288356781e-02,-5.485605001449584961e-01,6.041610836982727051e-01,-3.626687526702880859e-01,3.472457230091094971e-01,-1.574718654155731201e-01,-4.341850280761718750e-01,4.775765240192413330e-01,-7.802791893482208252e-03,-8.961082994937896729e-02,6.191357970237731934e-02
-2.134129554033279419e-01,5.900954008102416992e-01,-2.821237444877624512e-01,-1.543609052896499634e-01,2.579805850982666016e-01,2.254890352487564087e-01,-7.880962640047073364e-02,2.596291005611419678e-01,1.838017553091049194e-01,-5.026730298995971680e-01,6.020318269729614258e-01,3.696909919381141663e-02,-3.692178726196289062e-01,-1.493500471115112305e-01,4.697571992874145508e-01,5.270909667015075684e-01,5.788503885269165039e-01,-5.612492095679044724e-03,-2.864696085453033447e-01,4.685430787503719330e-03,4.574938416481018066e-01,2.100469470024108887e-01,-4.027215540409088135e-01,1.641680896282196045e-01,-1.224890053272247314e-01,1.181344017386436462e-01,1.664066612720489502e-01,-1.836094260215759277e-01,-1.214612126350402832e-01,-8.158440887928009033e-02,-7.540757954120635986e-02,2.091341614723205566e-01,5.582790449261665344e-02,-1.420201957225799561e-01,1.469942182302474976e-02,-2.798252105712890625e-01,1.237669289112091064e-01,-3.235802054405212402e-01,-5.043285489082336426e-01,1.671089828014373779e-01,-7.877337746322154999e-03,-2.022814303636550903e-01,-1.394393593072891235e-01,8.011420965194702148e-01,4.562865793704986572e-01,1.677278988063335419e-02,-7.989121973514556885e-02,6.245007272809743881e-03,-9.117784351110458374e-02,1.951223462820053101e-01,4.251930415630340576e-01,-3.127830103039741516e-02,-1.788223683834075928e-01,-4.261890053749084473e-02,-5.073435902595520020e-01,6.510182619094848633e-01,-3.123363554477691650e-01,3.964390158653259277e-01,-1.862220913171768188e-01,-4.074665606021881104e-01,5.070847272872924805e-01,-2.712078578770160675e-02,-8.162326365709304810e-02,6.391908973455429077e-02
-2.396529763936996460e-01,6.782357692718505859e-01,-2.982689142227172852e-01,-1.306095719337463379e-01,1.417229324579238892e-01,2.654051184654235840e-01,-8.333860337734222412e-02,2.545726299285888672e-01,1.228509768843650818e-01,-4.562346935272216797e-01,5.911739468574523926e-01,4.373250901699066162e-02,-4.571770429611206055e-01,-1.864750236272811890e-01,4.232485592365264893e-01,5.662950873374938965e-01,5.558873414993286133e-01,-2.238968014717102051e-02,-2.610988616943359375e-01,-2.411276102066040039e-02,4.467487633228302002e-01,1.425830721855163574e-01,-4.119115769863128662e-01,2.040816098451614380e-01,-1.318597197532653809e-01,1.096784397959709167e-01,1.702276915311813354e-01,-2.417917996644973755e-01,-9.319885075092315674e-02,-1.320275962352752686e-01,-1.230591982603073120e-01,2.077197730541229248e-01,8.441701531410217285e-02,-1.809085905551910400e-01,3.461622074246406555e-02,-2.631526887416839600e-01,8.040281385183334351e-02,-2.172967195510864258e-01,-4.556240141391754150e-01,9.513114392757415771e-02,-1.571605913341045380e-03,-1.219505816698074341e-01,-1.701133400201797485e-01,7.894205451011657715e-01,4.789593219757080078e-01,-1.052994467318058014e-02,-1.018478497862815857e-01,-1.997077837586402893e-02,-1.005579680204391479e-01,1.661424487829208374e-01,3.973983228206634521e-01,-2.235492318868637085e-02,-2.387646734714508057e-01,-7.107082754373550415e-02,-5.363768339157104492e-01,6.290100216865539551e-01,-2.762892544269561768e-01,3.555440008640289307e-01,-2.635120451450347900e-01,-4.718213081359863281e-01,5.209736227989196777e-01,-6.926812976598739624e-02,-6.738772243261337280e-02,1.108270734548568726e-01
-2.189087271690368652e-01,6.160687804222106934e-01,-3.095895648002624512e-01,-1.054201275110244751e-01,1.876032203435897827e-01,2.730163931846618652e-01,-8.891707658767700195e-02,2.503887116909027100e-01,1.272761523723602295e-01,-4.554922878742218018e-01,6.299668550491333008e-01,4.033087193965911865e-02,-3.712319731712341309e-01,-1.271375715732574463e-01,4.410063028335571289e-01,4.933729469776153564e-01,5.937818288803100586e-01,-2.322221361100673676e-02,-3.011943101882934570e-01,-1.479099038988351822e-02,4.178924262523651123e-01,1.732734441757202148e-01,-3.901351690292358398e-01,1.188540011644363403e-01,-1.000620350241661072e-01,1.459277719259262085e-01,1.694402396678924561e-01,-2.149815708398818970e-01,-1.318503618240356445e-01,-9.697970002889633179e-02,-9.748758375644683838e-02,2.450425922870635986e-01,4.360448196530342102e-02,-1.749036312103271484e-01,2.568932063877582550e-02,-2.966029047966003418e-01,1.053632497787475586e-01,-2.578985691070556641e-01,-5.249063968658447266e-01,1.150592267513275146e-01,1.396855432540178299e-02,-1.594686210155487061e-01,-1.302857697010040283e-01,8.030793070793151855e-01,4.511018097400665283e-01,-6.999166216701269150e-03,-1.287059038877487183e-01,-3.335712850093841553e-02,-8.344835042953491211e-02,1.584091782569885254e-01,3.957019746303558350e-01,-6.442356109619140625e-02,-1.985703110694885254e-01,-5.990986898541450500e-02,-5.418986082077026367e-01,6.217064857482910156e-01,-3.225248157978057861e-01,3.600791692733764648e-01,-1.883555650711059570e-01,-4.107748568058013916e-01,4.670244455337524414e-01,-2.318428456783294678e-02,-5.435537919402122498e-02,4.982509464025497437e-02
-1.765279918909072876e-01,6.064664125442504883e-01,-3.222075700759887695e-01,-1.610510647296905518e-01,2.061054706573486328e-01,2.104817479848861694e-01,-7.866770774126052856e-02,2.379280030727386475e-01,1.948654949665069580e-01,-4.887141883373260498e-01,6.104764342308044434e-01,5.688265711069107056e-02,-3.761451244354248047e-01,-1.398790627717971802e-01,4.911689758300781250e-01,5.303876996040344238e-01,5.849567055702209473e-01,3.106382209807634354e-03,-2.563358247280120850e-01,-5.639569833874702454e-03,4.383182227611541748e-01,2.162940055131912231e-01,-4.320774674415588379e-01,1.411070674657821655e-01,-1.178315058350563049e-01,1.065676137804985046e-01,1.924710571765899658e-01,-2.169597297906875610e-01,-1.413553357124328613e-01,-9.314196556806564331e-02,-8.786328881978988647e-02,1.990020126104354858e-01,4.572998359799385071e-02,-1.427822560071945190e-01,3.742248192429542542e-02,-2.579467892646789551e-01,1.332108974456787109e-01,-2.863795757293701172e-01,-4.846217036247253418e-01,1.533653438091278076e-01,-1.045851316303014755e-02,-1.838242262601852417e-01,-1.385853290557861328e-01,8.068030476570129395e-01,4.539437592029571533e-01,1.100299507379531860e-02,-7.303518056869506836e-02,4.083710908889770508e-02,-1.041798666119575500e-01,1.707876771688461304e-01,4.301145076751708984e-01,-2.980048581957817078e-02,-1.955437213182449341e-01,5.609064362943172455e-03,-5.193004012107849121e-01,6.018120646476745605e-01,-3.398553133010864258e-01,3.944283127784729004e-01,-1.815716624259948730e-01,-4.324710071086883545e-01,4.734024405479431152e-01,4.345491528511047363e-03,-7.613516598939895630e-02,6.467214971780776978e-02
-2.414691001176834106e-01,6.241700053215026855e-01,-2.834534943103790283e-01,-1.494045704603195190e-01,1.299111247062683105e-01,2.594701349735260010e-01,-5.847781524062156677e-02,2.633028924465179443e-01,1.479536294937133789e-01,-4.530050158500671387e-01,6.775441765785217285e-01,1.235170289874076843e-02,-3.874487876892089844e-01,-1.539929956197738647e-01,4.796509742736816406e-01,4.545174241065979004e-01,5.375807881355285645e-01,-2.621092647314071655e-02,-3.253228664398193359e-01,8.796135894954204559e-03,4.487152397632598877e-01,2.191143184900283813e-01,-4.089626967906951904e-01,1.382587552070617676e-01,-1.190537363290786743e-01,9.818027913570404053e-02,1.743509471416473389e-01,-2.735401988029479980e-01,-1.778929531574249268e-01,-9.365204721689224243e-02,-4.945567250251770020e-02,1.999669671058654785e-01,1.036665067076683044e-01,-2.219322919845581055e-01,7.845653221011161804e-03,-2.488708645105361938e-01,1.312318444252014160e-01,-2.425596714019775391e-01,-4.555681943893432617e-01,1.363229304552078247e-01,-6.272055208683013916e-02,-1.476417630910873413e-01,-1.752782911062240601e-01,7.885774374008178711e-01,4.034606516361236572e-01,-5.579304695129394531e-02,-4.091602936387062073e-02,-2.640804648399353027e-02,-6.537220627069473267e-02,1.897882670164108276e-01,3.546988666057586670e-01,-4.523066803812980652e-02,-2.250417321920394897e-01,-1.554734259843826294e-02,-5.277274847030639648e-01,6.361982822418212891e-01,-3.235139250755310059e-01,3.694352507591247559e-01,-2.398564070463180542e-01,-4.100317656993865967e-01,4.487988054752349854e-01,-3.896148502826690674e-02,-7.951790094375610352e-02,4.224894940853118896e-02
-2.222235053777694702e-01,6.353622674942016602e-01,-3.362720608711242676e-01,-1.804962307214736938e-01,2.347733825445175171e-01,1.909377276897430420e-01,-7.683425396680831909e-02,2.896708548069000244e-01,2.190401256084442139e-01,-4.926993846893310547e-01,6.602568626403808594e-01,4.072874411940574646e-02,-3.976190090179443359e-01,-1.618795990943908691e-01,4.920270740985870361e-01,5.341363549232482910e-01,5.800074338912963867e-01,4.422772675752639771e-02,-2.967633605003356934e-01,-3.105997666716575623e-02,5.202344655990600586e-01,2.210482060909271240e-01,-3.889456093311309814e-01,1.620918363332748413e-01,-1.002449169754981995e-01,9.819711744785308838e-02,1.789981275796890259e-01,-2.823444306850433350e-01,-1.483882963657379150e-01,-8.231572806835174561e-02,-1.000968962907791138e-01,2.081597000360488892e-01,6.818525493144989014e-02,-1.532047986984252930e-01,2.212521806359291077e-02,-2.518466711044311523e-01,1.521828472614288330e-01,-2.329572439193725586e-01,-5.481113195419311523e-01,1.647830605506896973e-01,-8.605652302503585815e-02,-1.827411353588104248e-01,-2.027564197778701782e-01,7.950298190116882324e-01,4.646238088607788086e-01,2.786700427532196045e-02,-1.031766086816787720e-01,7.267444394528865814e-03,-1.024354547262191772e-01,2.556754946708679199e-01,4.004838764667510986e-01,-3.646108135581016541e-02,-1.736023426055908203e-01,1.688196510076522827e-02,-5.369060635566711426e-01,6.748280525207519531e-01,-3.346213698387145996e-01,3.510660231113433838e-01,-1.683092266321182251e-01,-4.439388513565063477e-01,5.035238862037658691e-01,-4.227722436189651489e-02,-9.477169811725616455e-02,6.348031759262084961e-02
-2.141179293394088745e-01,6.302320361137390137e-01,-3.185435831546783447e-01,-1.641179770231246948e-01,1.713814735412597656e-01,2.756237089633941650e-01,-5.173835158348083496e-02,2.642439603805541992e-01,2.079818099737167358e-01,-4.559344053268432617e-01,5.639929771423339844e-01,2.673474140465259552e-02,-4.277789592742919922e-01,-2.101359963417053223e-01,4.546729326248168945e-01,5.281358361244201660e-01,5.444732904434204102e-01,-3.142236173152923584e-02,-2.571893930435180664e-01,3.602055460214614868e-02,4.760001897811889648e-01,1.786322593688964844e-01,-4.941971302032470703e-01,1.516704708337783813e-01,-1.433705836534500122e-01,9.982474148273468018e-02,2.381335049867630005e-01,-2.379439324140548706e-01,-1.074029058218002319e-01,-7.124449312686920166e-02,-1.151233166456222534e-01,2.752179801464080811e-01,1.835017278790473938e-02,-1.348019540309906006e-01,-2.713075093924999237e-02,-2.429469525814056396e-01,6.835340708494186401e-02,-2.221734523773193359e-01,-4.271313548088073730e-01,1.522288918495178223e-01,-7.373072952032089233e-02,-1.567530035972595215e-01,-1.408899128437042236e-01,8.027027249336242676e-01,4.469033777713775635e-01,2.383543923497200012e-02,-9.841275960206985474e-02,-7.114698179066181183e-03,-9.746569395065307617e-02,1.754490882158279419e-01,4.490351974964141846e-01,-6.827755272388458252e-02,-2.192331701517105103e-01,-8.372671157121658325e-02,-5.440273880958557129e-01,5.809998512268066406e-01,-3.311226963996887207e-01,4.192883670330047607e-01,-1.770931631326675415e-01,-4.285906255245208740e-01,4.827384054660797119e-01,2.401311695575714111e-02,-2.031610161066055298e-02,7.394827157258987427e-02
-1.955341547727584839e-01,6.005714535713195801e-01,-3.319199085235595703e-01,-1.437647789716720581e-01,2.412416487932205200e-01,1.504263579845428467e-01,-7.514160126447677612e-02,2.216645479202270508e-01,2.157690525054931641e-01,-5.319772958755493164e-01,5.983963012695312500e-01,7.681663334369659424e-02,-3.779069185256958008e-01,-1.864376813173294067e-01,4.326364696025848389e-01,5.655093789100646973e-01,5.684501528739929199e-01,9.215828031301498413e-03,-2.706929147243499756e-01,-5.534290522336959839e-02,5.179816484451293945e-01,2.030882984399795532e-01,-4.431494176387786865e-01,1.778111308813095093e-01,-5.300194770097732544e-02,6.956133246421813965e-02,1.821101158857345581e-01,-2.204457074403762817e-01,-1.106428056955337524e-01,-7.930736988782882690e-02,-1.347732990980148315e-01,1.878797858953475952e-01,2.455760166049003601e-02,-1.520906984806060791e-01,2.817247994244098663e-02,-2.668523788452148438e-01,1.502747833728790283e-01,-2.169555276632308960e-01,-4.803943037986755371e-01,1.173027902841567993e-01,-5.027418211102485657e-02,-1.592613011598587036e-01,-1.525393873453140259e-01,7.770896553993225098e-01,4.516196548938751221e-01,4.839412122964859009e-02,-1.249855607748031616e-01,2.605766430497169495e-02,-1.134213879704475403e-01,2.191053032875061035e-01,4.086897075176239014e-01,-2.272419631481170654e-02,-1.597007811069488525e-01,4.178446158766746521e-02,-5.004342198371887207e-01,6.290751099586486816e-01,-3.202605843544006348e-01,3.523577749729156494e-01,-1.861314326524734497e-01,-4.048146307468414307e-01,4.672987163066864014e-01,-1.620070450007915497e-02,-1.178367882966995239e-01,3.621816262602806091e-02
-2.288865149021148682e-01,6.732575893402099609e-01,-3.319981396198272705e-01,-1.781322211027145386e-01,1.795562654733657837e-01,2.632063627243041992e-01,-7.673332095146179199e-02,2.553341984748840332e-01,1.717266589403152466e-01,-4.811576604843139648e-01,6.121690273284912109e-01,2.344533987343311310e-02,-4.432671368122100830e-01,-1.645284891128540039e-01,4.771083593368530273e-01,5.635064244270324707e-01,5.634904503822326660e-01,-4.171830415725708008e-02,-2.685917913913726807e-01,1.720648631453514099e-02,4.716315269470214844e-01,1.700240075588226318e-01,-5.246303081512451172e-01,1.447889655828475952e-01,-1.327792257070541382e-01,9.205058217048645020e-02,2.397765815258026123e-01,-2.376606166362762451e-01,-1.278689056634902954e-01,-7.842080295085906982e-02,-1.160447001457214355e-01,2.441366314888000488e-01,4.390309751033782959e-02,-1.411975622177124023e-01,-5.059211980551481247e-03,-2.327954173088073730e-01,1.249202340841293335e-01,-2.583056986331939697e-01,-4.327674210071563721e-01,2.156975567340850830e-01,-4.659733921289443970e-02,-1.846815496683120728e-01,-1.686268299818038940e-01,8.139804601669311523e-01,4.731977283954620361e-01,-2.329573407769203186e-02,-1.007120013236999512e-01,1.764337345957756042e-02,-1.077615693211555481e-01,1.676536649465560913e-01,4.577519893646240234e-01,-3.567522764205932617e-02,-2.202905863523483276e-01,-7.518272846937179565e-02,-5.726304054260253906e-01,6.187635660171508789e-01,-3.344184756278991699e-01,4.478949010372161865e-01,-2.233507782220840454e-01,-4.892084598541259766e-01,5.266464948654174805e-01,2.374654263257980347e-02,-2.538699656724929810e-02,8.056553453207015991e-02
-2.822367250919342041e-01,6.697540879249572754e-01,-2.909088730812072754e-01,-2.095749974250793457e-01,2.331486642360687256e-01,2.181691527366638184e-01,-5.738032981753349304e-02,2.854125797748565674e-01,2.173168659210205078e-01,-4.898410141468048096e-01,6.139451861381530762e-01,-5.735316779464483261e-03,-4.229492843151092529e-01,-1.770343333482742310e-01,4.698974788188934326e-01,5.391265749931335449e-01,5.433655381202697754e-01,1.370425149798393250e-02,-3.109633326530456543e-01,8.783560246229171753e-03,5.413453578948974609e-01,1.892782002687454224e-01,-4.564871788024902344e-01,1.593902856111526489e-01,-1.281593590974807739e-01,9.796731919050216675e-02,2.072143703699111938e-01,-2.682591378688812256e-01,-1.407132893800735474e-01,-9.418290108442306519e-02,-8.309565484523773193e-02,2.103413790464401245e-01,6.544926762580871582e-02,-1.395671814680099487e-01,-3.750453889369964600e-02,-2.395609617233276367e-01,1.428408175706863403e-01,-2.589084208011627197e-01,-4.860789775848388672e-01,2.074764519929885864e-01,-1.091119572520256042e-01,-1.988876909017562866e-01,-1.917353570461273193e-01,7.963718175888061523e-01,4.642853736877441406e-01,1.054726913571357727e-02,-7.960053533315658569e-02,-1.258798409253358841e-02,-9.561301767826080322e-02,2.326176315546035767e-01,4.083991944789886475e-01,-2.037580311298370361e-02,-2.081263810396194458e-01,-5.019985139369964600e-02,-5.287057161331176758e-01,6.776294708251953125e-01,-3.142159581184387207e-01,4.201916754245758057e-01,-1.827151626348495483e-01,-4.570263624191284180e-01,5.505325198173522949e-01,-3.697310388088226318e-02,-7.074827700853347778e-02,5.362942069768905640e-02
-2.365158051252365112e-01,6.591977477073669434e-01,-3.101806044578552246e-01,-2.049426734447479248e-01,1.763453185558319092e-01,2.197487950325012207e-01,-4.436514154076576233e-02,2.642412185668945312e-01,1.945992410182952881e-01,-4.757784307003021240e-01,5.927371978759765625e-01,-2.801186405122280121e-03,-4.054269194602966309e-01,-1.611863076686859131e-01,4.735155105590820312e-01,5.212236642837524414e-01,5.755531191825866699e-01,-7.060047239065170288e-03,-2.772170603275299072e-01,8.714625611901283264e-03,5.013797283172607422e-01,1.974731385707855225e-01,-4.626733064651489258e-01,1.298742592334747314e-01,-1.428825408220291138e-01,1.129545196890830994e-01,2.162228375673294067e-01,-2.436929792165756226e-01,-1.351786702871322632e-01,-9.468621015548706055e-02,-4.544756188988685608e-02,2.082561254501342773e-01,5.670914426445960999e-02,-1.549326181411743164e-01,-3.828067332506179810e-02,-2.375634759664535522e-01,1.505002677440643311e-01,-2.990155518054962158e-01,-4.824901223182678223e-01,1.884379535913467407e-01,-5.894093960523605347e-02,-1.637538224458694458e-01,-1.884805560111999512e-01,8.102108240127563477e-01,4.507358968257904053e-01,1.843838952481746674e-02,-6.737512350082397461e-02,1.733892410993576050e-02,-7.688937336206436157e-02,1.961195319890975952e-01,4.005950689315795898e-01,-4.429798945784568787e-02,-2.370960861444473267e-01,-5.371012166142463684e-02,-5.372373461723327637e-01,6.337462663650512695e-01,-3.008989393711090088e-01,4.081591367721557617e-01,-1.827728003263473511e-01,-4.673306047916412354e-01,5.498158931732177734e-01,-2.743533998727798462e-02,-4.337187483906745911e-02,5.069892853498458862e-02
-1.816058456897735596e-01,5.660308003425598145e-01,-3.665288686752319336e-01,-1.616278737783432007e-01,2.514365613460540771e-01,2.186401486396789551e-01,-6.744538247585296631e-02,2.654350399971008301e-01,2.205756753683090210e-01,-4.916909635066986084e-01,6.555598974227905273e-01,6.069840490818023682e-02,-3.705480396747589111e-01,-1.666470319032669067e-01,4.930216073989868164e-01,5.211290717124938965e-01,5.821509957313537598e-01,9.424593299627304077e-03,-2.787108719348907471e-01,-9.885749779641628265e-03,4.940181672573089600e-01,2.201614379882812500e-01,-4.671979248523712158e-01,1.341110616922378540e-01,-8.904444426298141479e-02,6.421586126089096069e-02,2.175593525171279907e-01,-2.297953218221664429e-01,-1.722126007080078125e-01,-5.470390617847442627e-02,-1.183991581201553345e-01,2.232984155416488647e-01,3.866851329803466797e-02,-1.539461016654968262e-01,4.411910846829414368e-02,-2.494214028120040894e-01,1.691785007715225220e-01,-2.334325313568115234e-01,-5.017113089561462402e-01,1.795686781406402588e-01,-5.808117985725402832e-02,-1.704644411802291870e-01,-1.632282733917236328e-01,7.934036850929260254e-01,4.277055263519287109e-01,2.379995211958885193e-02,-9.336747974157333374e-02,3.387206420302391052e-02,-1.096488535404205322e-01,2.292238175868988037e-01,4.294324815273284912e-01,-7.454036176204681396e-02,-1.535839736461639404e-01,3.507597371935844421e-02,-5.445997118949890137e-01,6.324199438095092773e-01,-3.549326658248901367e-01,4.092069566249847412e-01,-1.868626177310943604e-01,-3.867458999156951904e-01,4.570589959621429443e-01,1.601305231451988220e-02,-8.168419450521469116e-02,3.724595159292221069e-02
-1.756347268819808960e-01,6.192885637283325195e-01,-2.811323404312133789e-01,-2.363364249467849731e-01,2.058160156011581421e-01,1.853897571563720703e-01,-2.507835812866687775e-02,2.448486834764480591e-01,2.303361147642135620e-01,-4.886273741722106934e-01,5.747108459472656250e-01,5.188700929284095764e-02,-4.248641431331634521e-01,-1.637587696313858032e-01,4.693062007427215576e-01,4.998811781406402588e-01,5.506621599197387695e-01,2.856652997434139252e-02,-2.343328446149826050e-01,3.370567783713340759e-02,4.801605343818664551e-01,1.926289647817611694e-01,-4.157373309135437012e-01,1.642616242170333862e-01,-1.744069755077362061e-01,1.185288727283477783e-01,1.748563051223754883e-01,-2.225479185581207275e-01,-1.038047522306442261e-01,-1.110186949372291565e-01,-6.791938841342926025e-02,1.943609267473220825e-01,8.697642385959625244e-02,-1.390743851661682129e-01,1.862437091767787933e-02,-2.228165268898010254e-01,1.120425164699554443e-01,-3.133543729782104492e-01,-4.754182696342468262e-01,1.409752368927001953e-01,-3.866755589842796326e-02,-1.574881672859191895e-01,-1.778716892004013062e-01,7.707934975624084473e-01,4.694873988628387451e-01,3.433147445321083069e-02,-3.319711983203887939e-02,6.342521309852600098e-02,-1.190746128559112549e-01,2.072068899869918823e-01,4.222742915153503418e-01,-2.901558205485343933e-02,-2.350870370864868164e-01,1.681199483573436737e-02,-4.733935594558715820e-01,5.542409420013427734e-01,-2.891518473625183105e-01,3.670783042907714844e-01,-1.664289832115173340e-01,-4.095329940319061279e-01,5.032505989074707031e-01,6.860993802547454834e-03,-7.282520085573196411e-02,1.012249737977981567e-01
-2.366960793733596802e-01,6.244574785232543945e-01,-3.192108273506164551e-01,-1.741645187139511108e-01,2.447041720151901245e-01,1.887952089309692383e-01,-7.650149613618850708e-02,2.722253203392028809e-01,1.977775990962982178e-01,-4.884306788444519043e-01,6.513321995735168457e-01,7.296858727931976318e-02,-3.733194768428802490e-01,-1.994630694389343262e-01,4.920935034751892090e-01,5.761586427688598633e-01,5.639467835426330566e-01,5.672428756952285767e-02,-2.889406085014343262e-01,-5.958869308233261108e-02,5.197105407714843750e-01,2.216002047061920166e-01,-3.723443448543548584e-01,1.611831635236740112e-01,-9.841667860746383667e-02,1.078819483518600464e-01,2.003090083599090576e-01,-2.833737730979919434e-01,-1.465400606393814087e-01,-1.324919462203979492e-01,-1.345202475786209106e-01,2.157540917396545410e-01,6.313451379537582397e-02,-1.577271521091461182e-01,-2.501750364899635315e-03,-2.977164983749389648e-01,1.440909802913665771e-01,-2.553130090236663818e-01,-4.931594729423522949e-01,1.395003050565719604e-01,-6.966771185398101807e-02,-1.888690739870071411e-01,-1.794836521148681641e-01,8.085762262344360352e-01,4.717726707458496094e-01,2.054272219538688660e-02,-9.351058304309844971e-02,-3.273432143032550812e-03,-1.231319606304168701e-01,2.368379533290863037e-01,3.912727534770965576e-01,-9.255300275981426239e-03,-2.128964066505432129e-01,1.794240809977054596e-02,-5.345951318740844727e-01,6.585316061973571777e-01,-3.211659193038940430e-01,3.906067907810211182e-01,-1.681690365076065063e-01,-4.222420752048492432e-01,4.699668288230895996e-01,-5.420576035976409912e-02,-1.130055114626884460e-01,6.475220620632171631e-02
-2.069040089845657349e-01,6.548639535903930664e-01,-3.055636286735534668e-01,-1.841758042573928833e-01,1.802193224430084229e-01,2.898119688034057617e-01,-4.851809889078140259e-02,2.221783548593521118e-01,1.507571637630462646e-01,-4.687685668468475342e-01,6.098660230636596680e-01,2.421906404197216034e-02,-4.336654543876647949e-01,-1.495844721794128418e-01,4.638409316539764404e-01,5.276352167129516602e-01,5.555198192596435547e-01,-4.309298843145370483e-02,-2.723690867424011230e-01,2.298990637063980103e-02,4.507121443748474121e-01,1.865519434213638306e-01,-4.552500247955322266e-01,1.447496861219406128e-01,-1.645897477865219116e-01,1.496551781892776489e-01,1.833928078413009644e-01,-2.059072405099868774e-01,-1.156110391020774841e-01,-1.148840039968490601e-01,-1.068785712122917175e-01,2.188488543033599854e-01,8.231191337108612061e-02,-1.598328053951263428e-01,2.211429551243782043e-02,-2.530053853988647461e-01,9.385411441326141357e-02,-2.900524139404296875e-01,-4.809166789054870605e-01,1.598481982946395874e-01,5.923477001488208771e-03,-1.629415601491928101e-01,-1.807226091623306274e-01,8.200590610504150391e-01,4.967142045497894287e-01,-1.984806545078754425e-02,-4.871377348899841309e-02,3.465595468878746033e-02,-1.111979410052299500e-01,1.543959230184555054e-01,4.355084002017974854e-01,-3.629174828529357910e-02,-2.448437064886093140e-01,-4.901149123907089233e-02,-5.475863218307495117e-01,6.065955162048339844e-01,-2.863249778747558594e-01,3.962691128253936768e-01,-2.316602766513824463e-01,-4.526048004627227783e-01,5.285368561744689941e-01,-9.981079027056694031e-03,-3.763724863529205322e-02,8.744699507951736450e-02
-2.076814174652099609e-01,6.037122011184692383e-01,-3.426505029201507568e-01,-1.460231393575668335e-01,1.955797076225280762e-01,2.861269116401672363e-01,-4.198035970330238342e-02,1.866156607866287231e-01,1.714663058519363403e-01,-4.867278933525085449e-01,5.822612047195434570e-01,2.055442705750465393e-02,-3.512371480464935303e-01,-1.992313861846923828e-01,4.723283052444458008e-01,5.577849745750427246e-01,5.393444895744323730e-01,-5.312261357903480530e-02,-2.738348543643951416e-01,-1.754830405116081238e-02,4.896913766860961914e-01,2.205399125814437866e-01,-4.848146736621856689e-01,1.263603270053863525e-01,-1.079968512058258057e-01,1.295118629932403564e-01,2.038767039775848389e-01,-2.093003094196319580e-01,-1.697493940591812134e-01,-1.463287025690078735e-01,-1.373788714408874512e-01,1.972287595272064209e-01,5.643050745129585266e-02,-1.401257216930389404e-01,1.386525807902216911e-03,-2.965503633022308350e-01,1.302401274442672729e-01,-2.539506554603576660e-01,-4.522711932659149170e-01,1.172032207250595093e-01,-2.482967451214790344e-02,-1.312486231327056885e-01,-1.451925933361053467e-01,8.250358700752258301e-01,4.585277736186981201e-01,1.865278929471969604e-03,-5.842389911413192749e-02,1.315528340637683868e-02,-1.091936230659484863e-01,1.437496244907379150e-01,4.160097241401672363e-01,1.249926630407571793e-02,-2.157912999391555786e-01,-2.578843943774700165e-02,-5.436707735061645508e-01,6.559517979621887207e-01,-2.922948002815246582e-01,4.532399773597717285e-01,-2.561575174331665039e-01,-4.106334745883941650e-01,4.626578688621520996e-01,-7.554630748927593231e-03,-9.443888068199157715e-02,7.633047178387641907e-03
-1.409179121255874634e-01,5.723344683647155762e-01,-3.409962654113769531e-01,-1.235995516180992126e-01,2.092288285493850708e-01,2.446690201759338379e-01,-6.146339699625968933e-02,2.435030043125152588e-01,1.770352125167846680e-01,-4.682787060737609863e-01,6.553080677986145020e-01,8.393271267414093018e-02,-3.462815880775451660e-01,-1.436546146869659424e-01,4.766054749488830566e-01,4.950989484786987305e-01,6.041974425315856934e-01,1.796034537255764008e-02,-2.658827602863311768e-01,-1.802752912044525146e-02,4.308514893054962158e-01,2.187986075878143311e-01,-3.577126562595367432e-01,1.370388418436050415e-01,-9.953138232231140137e-02,1.295066624879837036e-01,1.780437678098678589e-01,-2.171122580766677856e-01,-1.375613361597061157e-01,-1.081081032752990723e-01,-9.699955582618713379e-02,2.218960970640182495e-01,4.495803266763687134e-02,-1.662082374095916748e-01,8.536271750926971436e-02,-2.905157506465911865e-01,1.231080740690231323e-01,-2.605459988117218018e-01,-5.702441930770874023e-01,7.778210937976837158e-02,-2.671261085197329521e-03,-1.475310623645782471e-01,-1.424778848886489868e-01,7.901615500450134277e-01,4.570501148700714111e-01,4.383775591850280762e-02,-9.476424753665924072e-02,7.686460390686988831e-03,-1.051915511488914490e-01,1.947904229164123535e-01,4.139734506607055664e-01,-6.612545251846313477e-02,-1.865913718938827515e-01,1.419243589043617249e-02,-5.389415621757507324e-01,6.242036223411560059e-01,-3.236968219280242920e-01,3.388172686100006104e-01,-1.764771789312362671e-01,-3.695401549339294434e-01,4.151395261287689209e-01,-2.458619698882102966e-02,-9.622190147638320923e-02,6.338350474834442139e-02
-2.139588594436645508e-01,6.056016087532043457e-01,-3.438860476016998291e-01,-1.522213965654373169e-01,2.046521902084350586e-01,2.078402936458587646e-01,-8.382879942655563354e-02,2.441756576299667358e-01,2.306190133094787598e-01,-4.964774847030639648e-01,6.538632512092590332e-01,1.499402150511741638e-02,-3.724136054515838623e-01,-1.606891900300979614e-01,5.154279470443725586e-01,5.327372550964355469e-01,5.679482221603393555e-01,-3.665438666939735413e-02,-2.903952002525329590e-01,-2.745375037193298340e-02,5.124743580818176270e-01,2.512651681900024414e-01,-4.539418816566467285e-01,1.744128614664077759e-01,-9.100078791379928589e-02,9.332970529794692993e-02,1.670387089252471924e-01,-2.732104361057281494e-01,-1.755217313766479492e-01,-5.651279911398887634e-02,-8.553551137447357178e-02,2.077893316745758057e-01,7.784568518400192261e-02,-1.665265858173370361e-01,-1.414239592850208282e-02,-2.346224188804626465e-01,1.518167108297348022e-01,-2.214479893445968628e-01,-4.776161909103393555e-01,1.666708439588546753e-01,-6.582106649875640869e-02,-1.596612930297851562e-01,-1.900534927845001221e-01,8.348759412765502930e-01,4.341821670532226562e-01,1.490015536546707153e-02,-8.869294822216033936e-02,2.384947240352630615e-02,-8.743763715028762817e-02,2.074089646339416504e-01,3.959046602249145508e-01,-1.872220635414123535e-02,-1.765847951173782349e-01,1.465679798275232315e-02,-5.391224026679992676e-01,6.686471700668334961e-01,-3.361113667488098145e-01,3.879467546939849854e-01,-2.044228613376617432e-01,-4.396440982818603516e-01,4.831131398677825928e-01,-2.947998233139514923e-03,-9.058987349271774292e-02,1.086545269936323166e-02
-2.265242636203765869e-01,6.237426400184631348e-01,-2.911595404148101807e-01,-2.132832705974578857e-01,2.597060799598693848e-01,1.875772923231124878e-01,-5.140189826488494873e-02,2.686182260513305664e-01,1.963917613029479980e-01,-4.918085336685180664e-01,6.800547242164611816e-01,5.137757211923599243e-02,-3.818431496620178223e-01,-1.566742360591888428e-01,5.099866390228271484e-01,5.351116657257080078e-01,5.756916999816894531e-01,7.104814052581787109e-02,-2.915216088294982910e-01,-3.700960427522659302e-02,5.095326900482177734e-01,2.332176864147186279e-01,-3.119896650314331055e-01,1.742564588785171509e-01,-1.321778595447540283e-01,1.428445726633071899e-01,1.490013003349304199e-01,-2.624583244323730469e-01,-1.525453925132751465e-01,-1.539995819330215454e-01,-8.497931063175201416e-02,1.756054311990737915e-01,1.206728443503379822e-01,-1.706996560096740723e-01,2.458553016185760498e-02,-2.908114790916442871e-01,1.619956940412521362e-01,-3.078048229217529297e-01,-5.546385049819946289e-01,1.318040788173675537e-01,-3.358572348952293396e-02,-1.784960478544235229e-01,-2.102237641811370850e-01,8.153063654899597168e-01,4.896571636199951172e-01,1.729800179600715637e-02,-4.552305117249488831e-02,1.736129447817802429e-02,-1.076859608292579651e-01,2.448845803737640381e-01,3.671921789646148682e-01,-1.104878168553113937e-02,-2.238932847976684570e-01,4.841859266161918640e-02,-5.103685259819030762e-01,6.829449534416198730e-01,-2.831835448741912842e-01,3.612398505210876465e-01,-1.712905764579772949e-01,-4.050054550170898438e-01,4.997284412384033203e-01,-8.798903971910476685e-02,-1.221190616488456726e-01,8.204506337642669678e-02
-2.178538888692855835e-01,6.360529065132141113e-01,-3.143309950828552246e-01,-2.209467738866806030e-01,2.615358531475067139e-01,2.989520728588104248e-01,-4.545874521136283875e-02,2.677887976169586182e-01,1.435666531324386597e-01,-4.984718561172485352e-01,6.786952018737792969e-01,3.089084662497043610e-02,-4.328018128871917725e-01,-1.604543775320053101e-01,5.244402885437011719e-01,5.535101294517517090e-01,6.032634377479553223e-01,7.566605228930711746e-03,-3.046955466270446777e-01,2.070805057883262634e-02,4.896109998226165771e-01,2.254867106676101685e-01,-4.115687012672424316e-01,1.717074364423751831e-01,-1.575950980186462402e-01,1.549786031246185303e-01,1.783285439014434814e-01,-2.081792801618576050e-01,-1.379927396774291992e-01,-1.259891539812088013e-01,-9.586796164512634277e-02,2.197949737310409546e-01,1.070377677679061890e-01,-1.283125877380371094e-01,1.985729299485683441e-02,-2.950587868690490723e-01,1.552339941263198853e-01,-3.370934426784515381e-01,-5.535361170768737793e-01,1.971541941165924072e-01,-4.360382910817861557e-03,-1.786876469850540161e-01,-2.014533281326293945e-01,8.508518338203430176e-01,5.291081070899963379e-01,-1.948191225528717041e-02,-6.925933808088302612e-02,1.609222963452339172e-02,-9.757057577371597290e-02,2.055001258850097656e-01,4.450229704380035400e-01,-4.499160125851631165e-02,-2.075999826192855835e-01,-3.903277963399887085e-02,-5.681713223457336426e-01,7.288473844528198242e-01,-2.729716598987579346e-01,4.171664714813232422e-01,-2.406325936317443848e-01,-4.543570876121520996e-01,5.453671216964721680e-01,-4.930427670478820801e-02,-5.958525836467742920e-02,1.365311592817306519e-01
-1.973109841346740723e-01,5.872818827629089355e-01,-3.024461865425109863e-01,-1.667884588241577148e-01,2.166668623685836792e-01,2.004179209470748901e-01,-7.430260628461837769e-02,2.392874360084533691e-01,1.381532698869705200e-01,-5.139598250389099121e-01,6.094486117362976074e-01,8.992594480514526367e-02,-3.915722072124481201e-01,-2.027147859334945679e-01,4.657464027404785156e-01,5.634374618530273438e-01,5.827804207801818848e-01,5.311128869652748108e-02,-2.963548302650451660e-01,-2.364974468946456909e-02,4.650399982929229736e-01,2.313948273658752441e-01,-3.804405331611633301e-01,1.748749017715454102e-01,-1.046744808554649353e-01,8.617455512285232544e-02,1.968959569931030273e-01,-1.892449855804443359e-01,-1.043056026101112366e-01,-9.467288106679916382e-02,-1.000152677297592163e-01,1.813416630029678345e-01,3.211952000856399536e-02,-1.731400191783905029e-01,3.320198878645896912e-02,-3.198104202747344971e-01,1.485412418842315674e-01,-2.923717796802520752e-01,-4.545052051544189453e-01,1.254770010709762573e-01,-1.665860414505004883e-02,-1.877367347478866577e-01,-1.400623321533203125e-01,7.849509716033935547e-01,4.557409584522247314e-01,-1.488330867141485214e-02,-6.623155623674392700e-02,5.136272870004177094e-03,-7.374332100152969360e-02,2.211599797010421753e-01,4.096600413322448730e-01,-4.976329952478408813e-02,-1.963261067867279053e-01,4.834552761167287827e-03,-5.112301707267761230e-01,6.473245024681091309e-01,-3.247329294681549072e-01,3.642349243164062500e-01,-2.058462500572204590e-01,-4.128388166427612305e-01,4.684872627258300781e-01,-6.636068224906921387e-02,-1.028616055846214294e-01,1.140484213829040527e-01
-2.604503929615020752e-01,6.470611095428466797e-01,-2.545073628425598145e-01,-1.855863481760025024e-01,2.272912561893463135e-01,1.946079283952713013e-01,-8.790715783834457397e-02,3.163408637046813965e-01,1.276724487543106079e-01,-4.316391348838806152e-01,6.429358124732971191e-01,6.273243576288223267e-02,-4.215356111526489258e-01,-1.631342321634292603e-01,5.110145211219787598e-01,5.531300306320190430e-01,6.051070690155029297e-01,9.710697829723358154e-02,-3.286621570587158203e-01,-3.247482329607009888e-02,4.710191786289215088e-01,2.309204190969467163e-01,-3.165506720542907715e-01,1.494496017694473267e-01,-1.172193959355354309e-01,1.151736751198768616e-01,2.145471125841140747e-01,-2.779836058616638184e-01,-1.219778954982757568e-01,-1.050515025854110718e-01,-4.242404177784919739e-02,1.909307092428207397e-01,4.743712767958641052e-02,-1.399024426937103271e-01,-4.927749186754226685e-02,-2.921785116195678711e-01,1.584233939647674561e-01,-3.063730299472808838e-01,-5.023667812347412109e-01,1.728686094284057617e-01,-8.352549374103546143e-02,-2.459883540868759155e-01,-1.518132984638214111e-01,8.041437268257141113e-01,4.879741966724395752e-01,-2.598387189209461212e-03,-8.191686868667602539e-02,-3.193147853016853333e-02,-5.766168981790542603e-02,2.382086962461471558e-01,3.923586308956146240e-01,-5.521997064352035522e-02,-2.192918062210083008e-01,-4.896159470081329346e-02,-5.233271121978759766e-01,6.939938664436340332e-01,-3.307854533195495605e-01,3.705314099788665771e-01,-1.460376828908920288e-01,-4.798284769058227539e-01,5.074898600578308105e-01,-1.091312393546104431e-01,-6.685212254524230957e-02,1.306719630956649780e-01
-1.957405060529708862e-01,6.249091625213623047e-01,-3.848592936992645264e-01,-6.352555006742477417e-02,1.672815978527069092e-01,3.194947838783264160e-01,-8.868812024593353271e-02,2.084301114082336426e-01,1.726393550634384155e-01,-4.775277078151702881e-01,5.779634118080139160e-01,2.020165324211120605e-02,-3.208352625370025635e-01,-1.451570093631744385e-01,4.538478553295135498e-01,5.684673190116882324e-01,5.801288485527038574e-01,-1.067124158143997192e-01,-2.183854877948760986e-01,-3.973083943128585815e-02,4.087558686733245850e-01,1.615089476108551025e-01,-5.080956816673278809e-01,1.298441141843795776e-01,-8.972232788801193237e-02,1.225712671875953674e-01,2.108856439590454102e-01,-1.962192356586456299e-01,-1.722832918167114258e-01,-1.491287648677825928e-01,-1.588836312294006348e-01,2.392587363719940186e-01,3.212037310004234314e-02,-1.461011767387390137e-01,6.995732337236404419e-02,-2.912151813507080078e-01,1.104269102215766907e-01,-2.207943201065063477e-01,-4.995527863502502441e-01,9.560842067003250122e-02,5.401686951518058777e-02,-1.072888523340225220e-01,-1.095920279622077942e-01,8.375151753425598145e-01,4.368641376495361328e-01,2.610220760107040405e-02,-1.288174390792846680e-01,-1.281586382538080215e-02,-1.222598478198051453e-01,7.960877567529678345e-02,4.325988292694091797e-01,4.478243179619312286e-03,-1.899769604206085205e-01,-7.654026895761489868e-02,-5.920468568801879883e-01,6.376789808273315430e-01,-3.113326728343963623e-01,4.660507142543792725e-01,-2.599070668220520020e-01,-4.301736354827880859e-01,4.587742686271667480e-01,5.742873996496200562e-03,-7.557276636362075806e-02,-1.270574703812599182e-02
-2.699187397956848145e-01,6.372230052947998047e-01,-2.633979022502899170e-01,-1.499307304620742798e-01,1.685916334390640259e-01,2.033837139606475830e-01,-8.416368067264556885e-02,2.838867902755737305e-01,1.328617483377456665e-01,-4.902308881282806396e-01,6.489412784576416016e-01,3.251114115118980408e-02,-3.820162415504455566e-01,-1.327946186065673828e-01,4.387989938259124756e-01,4.964958131313323975e-01,5.497767329216003418e-01,1.713295932859182358e-03,-3.209356665611267090e-01,-2.531949803233146667e-02,4.361253380775451660e-01,2.066080123186111450e-01,-3.793497383594512939e-01,1.585108786821365356e-01,-1.119067966938018799e-01,7.887250185012817383e-02,1.766327768564224243e-01,-2.430831342935562134e-01,-1.298934966325759888e-01,-8.031668514013290405e-02,-5.022886767983436584e-02,1.882164627313613892e-01,7.110875844955444336e-02,-2.193634808063507080e-01,5.696589592844247818e-03,-2.674953043460845947e-01,1.494414955377578735e-01,-2.920266389846801758e-01,-4.602381289005279541e-01,1.622931659221649170e-01,-3.179900348186492920e-02,-1.978792548179626465e-01,-1.586864143610000610e-01,7.747617959976196289e-01,4.188364148139953613e-01,-4.072451964020729065e-02,-5.068344250321388245e-02,-3.322193771600723267e-02,-5.298310518264770508e-02,2.043943256139755249e-01,3.472965955734252930e-01,-4.010539874434471130e-02,-2.002874165773391724e-01,-3.138769045472145081e-02,-5.092321634292602539e-01,6.380152106285095215e-01,-3.231563568115234375e-01,3.612798452377319336e-01,-2.113692164421081543e-01,-4.283480346202850342e-01,4.968117475509643555e-01,-7.491078972816467285e-02,-8.416737616062164307e-02,7.411471754312515259e-02
-1.901217401027679443e-01,6.036033034324645996e-01,-3.376166224479675293e-01,-1.576459854841232300e-01,1.674869954586029053e-01,3.567115366458892822e-01,-7.210191804915666580e-03,1.859381943941116333e-01,1.509356051683425903e-01,-5.041674375534057617e-01,6.475358009338378906e-01,1.575798355042934418e-02,-3.776993751525878906e-01,-1.936899423599243164e-01,4.739015102386474609e-01,5.004070401191711426e-01,5.321705341339111328e-01,-8.209837973117828369e-02,-2.888149023056030273e-01,2.324860915541648865e-02,4.662501811981201172e-01,2.212541699409484863e-01,-4.912549853324890137e-01,1.431116461753845215e-01,-1.228609383106231689e-01,1.415472030639648438e-01,1.760292649269104004e-01,-1.881396472454071045e-01,-1.729954928159713745e-01,-1.492983996868133545e-01,-1.449315696954727173e-01,2.177098095417022705e-01,9.757307916879653931e-02,-1.665926873683929443e-01,5.477735400199890137e-02,-3.010528087615966797e-01,1.135923266410827637e-01,-2.438254058361053467e-01,-4.877807199954986572e-01,9.197251498699188232e-02,1.295306626707315445e-02,-8.177901804447174072e-02,-1.579945087432861328e-01,8.433262109756469727e-01,4.578501582145690918e-01,-3.384862840175628662e-02,-5.467997118830680847e-02,1.487616542726755142e-02,-9.993994235992431641e-02,1.181551143527030945e-01,4.109450876712799072e-01,-2.844641357660293579e-02,-2.083709985017776489e-01,5.603185854852199554e-06,-5.489184856414794922e-01,6.679133772850036621e-01,-2.659106254577636719e-01,4.329871833324432373e-01,-2.929940223693847656e-01,-3.732674121856689453e-01,4.417973160743713379e-01,-3.628733567893505096e-03,-7.418339699506759644e-02,3.989616036415100098e-02
-2.264173030853271484e-01,6.053478121757507324e-01,-3.029907643795013428e-01,-1.519599705934524536e-01,1.487261950969696045e-01,3.006421625614166260e-01,-4.781974107027053833e-02,2.446659058332443237e-01,1.148535162210464478e-01,-4.364353418350219727e-01,5.808373093605041504e-01,1.473622955381870270e-02,-4.097765088081359863e-01,-2.273473590612411499e-01,4.819247126579284668e-01,5.363684296607971191e-01,5.503470897674560547e-01,-9.320129640400409698e-03,-3.041667044162750244e-01,3.933525178581476212e-03,4.667281806468963623e-01,2.278918027877807617e-01,-4.376056492328643799e-01,1.441301554441452026e-01,-1.292057484388351440e-01,9.833344817161560059e-02,2.179629355669021606e-01,-2.068903893232345581e-01,-1.441363394260406494e-01,-9.590357542037963867e-02,-7.595983147621154785e-02,1.965851187705993652e-01,4.592259600758552551e-02,-1.712994575500488281e-01,-2.656826935708522797e-02,-2.909540534019470215e-01,1.208275854587554932e-01,-2.566772103309631348e-01,-4.204359650611877441e-01,1.351602971553802490e-01,-3.713830560445785522e-02,-1.439464986324310303e-01,-1.446500271558761597e-01,8.169804811477661133e-01,4.342855513095855713e-01,-2.942696958780288696e-02,-4.622133076190948486e-02,-6.021034903824329376e-03,-4.037537798285484314e-02,1.680892407894134521e-01,3.945290446281433105e-01,-7.622813433408737183e-02,-2.300988882780075073e-01,-6.697998195886611938e-02,-5.387226939201354980e-01,6.729465723037719727e-01,-2.970143556594848633e-01,4.172560870647430420e-01,-2.422061711549758911e-01,-4.405556321144104004e-01,4.984334111213684082e-01,-7.867762446403503418e-02,-3.875786811113357544e-02,7.570367306470870972e-02
-2.066796123981475830e-01,6.213963031768798828e-01,-3.496503233909606934e-01,-1.514389067888259888e-01,1.966183185577392578e-01,2.410693615674972534e-01,-6.109518930315971375e-02,2.367789149284362793e-01,2.068949043750762939e-01,-5.263583064079284668e-01,6.649237871170043945e-01,3.687138110399246216e-02,-3.627576231956481934e-01,-1.503445208072662354e-01,4.715530872344970703e-01,5.242808461189270020e-01,5.547668337821960449e-01,-5.772695690393447876e-02,-2.686465382575988770e-01,-2.158548682928085327e-02,4.743984937667846680e-01,2.113346159458160400e-01,-4.879325926303863525e-01,1.544026881456375122e-01,-9.677191823720932007e-02,9.054528176784515381e-02,1.935679763555526733e-01,-2.356151193380355835e-01,-1.581894904375076294e-01,-8.595712482929229736e-02,-1.290600001811981201e-01,2.467146813869476318e-01,6.046435609459877014e-02,-1.844513118267059326e-01,3.980336338281631470e-02,-2.576338052749633789e-01,1.446903496980667114e-01,-2.484520077705383301e-01,-4.801823198795318604e-01,1.640416383743286133e-01,-1.934929192066192627e-02,-1.554516553878784180e-01,-1.675744354724884033e-01,8.201256990432739258e-01,4.409026503562927246e-01,-7.743197493255138397e-03,-9.265600889921188354e-02,1.070714555680751801e-02,-1.109097450971603394e-01,1.751299202442169189e-01,4.120572507381439209e-01,-2.981624752283096313e-02,-1.818086057901382446e-01,4.830189049243927002e-03,-5.613302588462829590e-01,6.230000853538513184e-01,-3.277481794357299805e-01,4.145014286041259766e-01,-2.202164679765701294e-01,-4.088252186775207520e-01,4.621092379093170166e-01,1.837484911084175110e-02,-7.947591692209243774e-02,3.554029762744903564e-02
-2.584221363067626953e-01,6.517044901847839355e-01,-3.040583133697509766e-01,-1.915334165096282959e-01,2.468615919351577759e-01,1.388646066188812256e-01,-9.742350131273269653e-02,2.760140001773834229e-01,2.010570466518402100e-01,-5.070881843566894531e-01,6.021749973297119141e-01,5.350341647863388062e-02,-4.290689826011657715e-01,-1.905380785465240479e-01,4.537678062915802002e-01,5.906386971473693848e-01,5.688566565513610840e-01,4.278664290904998779e-02,-2.974027395248413086e-01,-4.054594412446022034e-02,5.482028126716613770e-01,1.937418729066848755e-01,-4.135167300701141357e-01,1.824101507663726807e-01,-1.050274372100830078e-01,8.342605829238891602e-02,1.927835792303085327e-01,-2.658412158489227295e-01,-9.029121696949005127e-02,-6.291962414979934692e-02,-1.057694107294082642e-01,2.064726352691650391e-01,4.684299230575561523e-02,-1.532807946205139160e-01,-4.375175759196281433e-02,-2.497425228357315063e-01,1.451330035924911499e-01,-2.589522898197174072e-01,-4.630022048950195312e-01,1.961045563220977783e-01,-9.249655902385711670e-02,-2.120477110147476196e-01,-2.050198763608932495e-01,7.779020667076110840e-01,4.780735969543457031e-01,2.532843500375747681e-02,-1.148870736360549927e-01,1.311029586941003799e-02,-1.026367917656898499e-01,2.706143260002136230e-01,4.059599637985229492e-01,-1.974176615476608276e-02,-2.015067636966705322e-01,-2.425990067422389984e-02,-5.177180767059326172e-01,6.429168581962585449e-01,-3.243645131587982178e-01,3.559620678424835205e-01,-1.658231019973754883e-01,-4.751731455326080322e-01,5.520675778388977051e-01,-3.790483251214027405e-02,-8.474808186292648315e-02,7.617975771427154541e-02
-1.589030325412750244e-01,6.078714728355407715e-01,-3.495504260063171387e-01,-1.350852698087692261e-01,1.663794517517089844e-01,2.709977924823760986e-01,-6.027917936444282532e-02,2.031950354576110840e-01,1.282128244638442993e-01,-4.736486971378326416e-01,6.143408417701721191e-01,6.947821378707885742e-02,-3.975684940814971924e-01,-1.886127293109893799e-01,4.744982123374938965e-01,5.496969223022460938e-01,5.855765342712402344e-01,-3.372544050216674805e-02,-2.714918553829193115e-01,-2.317983657121658325e-02,4.572553634643554688e-01,2.236409038305282593e-01,-4.406979680061340332e-01,1.442093551158905029e-01,-1.046392545104026794e-01,1.276356279850006104e-01,1.862901300191879272e-01,-2.010424584150314331e-01,-1.142841428518295288e-01,-9.517115354537963867e-02,-1.283632963895797729e-01,2.120356261730194092e-01,5.137950181961059570e-02,-1.569291353225708008e-01,3.679319843649864197e-02,-2.826790213584899902e-01,1.152408719062805176e-01,-2.425900101661682129e-01,-4.971862137317657471e-01,1.039204746484756470e-01,1.016964390873908997e-02,-1.231777369976043701e-01,-1.659114956855773926e-01,8.168771266937255859e-01,4.804706275463104248e-01,4.515355452895164490e-03,-1.014528796076774597e-01,4.472279921174049377e-02,-9.606549143791198730e-02,1.575203090906143188e-01,4.251264631748199463e-01,-5.755467712879180908e-02,-2.031568884849548340e-01,-1.516910269856452942e-02,-5.503849983215332031e-01,6.370814442634582520e-01,-2.913381755352020264e-01,3.513544797897338867e-01,-2.421639710664749146e-01,-4.445420503616333008e-01,4.706216156482696533e-01,-1.977302506566047668e-02,-5.462132766842842102e-02,7.561068236827850342e-02
-1.916286945343017578e-01,5.999052524566650391e-01,-3.022396564483642578e-01,-1.697852909564971924e-01,1.974433809518814087e-01,2.670550644397735596e-01,-3.309454023838043213e-02,2.343628704547882080e-01,1.521426737308502197e-01,-4.865199625492095947e-01,6.450240612030029297e-01,3.836578130722045898e-02,-3.869700431823730469e-01,-1.637191772460937500e-01,4.833953082561492920e-01,5.044830441474914551e-01,5.813653469085693359e-01,-2.117130346596240997e-02,-2.897442281246185303e-01,1.519163232296705246e-02,4.472267031669616699e-01,2.356903702020645142e-01,-4.268643260002136230e-01,1.400415450334548950e-01,-1.237876564264297485e-01,1.269593387842178345e-01,1.941443681716918945e-01,-1.985033750534057617e-01,-1.358495503664016724e-01,-1.052237823605537415e-01,-7.739623636007308960e-02,2.165462076663970947e-01,6.205699220299720764e-02,-1.583807170391082764e-01,6.400842685252428055e-03,-2.898554503917694092e-01,1.363847404718399048e-01,-3.007819652557373047e-01,-4.921854138374328613e-01,1.415616869926452637e-01,-1.747702620923519135e-02,-1.549081057310104370e-01,-1.491276621818542480e-01,8.245527744293212891e-01,4.577004313468933105e-01,-1.745105348527431488e-02,-6.143415346741676331e-02,8.121619001030921936e-03,-6.751714646816253662e-02,1.709790378808975220e-01,4.115655422210693359e-01,-5.830600857734680176e-02,-2.021851688623428345e-01,-1.524963788688182831e-02,-5.326434373855590820e-01,6.418284773826599121e-01,-3.013119697570800781e-01,3.936646580696105957e-01,-2.144686728715896606e-01,-4.066449403762817383e-01,4.659273326396942139e-01,-2.200689725577831268e-02,-5.599332600831985474e-02,7.928868383169174194e-02
-1.794223934412002563e-01,5.938225388526916504e-01,-3.501564264297485352e-01,-1.313539743423461914e-01,1.634238958358764648e-01,2.295905202627182007e-01,-4.961146041750907898e-02,2.136356681585311890e-01,1.521632224321365356e-01,-4.696192741394042969e-01,5.537163019180297852e-01,4.679095000028610229e-02,-3.462511599063873291e-01,-2.479781955480575562e-01,4.354460537433624268e-01,5.322731733322143555e-01,5.501318573951721191e-01,9.475160390138626099e-03,-2.778134346008300781e-01,-4.157469049096107483e-02,5.120602250099182129e-01,1.871620714664459229e-01,-4.257401525974273682e-01,1.042461246252059937e-01,-7.484360039234161377e-02,1.119263544678688049e-01,2.055369615554809570e-01,-2.186684906482696533e-01,-1.344939023256301880e-01,-1.108851879835128784e-01,-1.209208369255065918e-01,2.191746830940246582e-01,1.629804819822311401e-02,-1.628893613815307617e-01,2.939405152574181557e-03,-3.004257380962371826e-01,1.183004677295684814e-01,-2.403990030288696289e-01,-4.619109332561492920e-01,9.396129101514816284e-02,-4.165344685316085815e-02,-1.098626405000686646e-01,-1.592974513769149780e-01,7.637615203857421875e-01,4.309345185756683350e-01,2.742081135511398315e-02,-1.204083338379859924e-01,6.774411536753177643e-03,-1.069004982709884644e-01,1.912595778703689575e-01,3.888479769229888916e-01,-4.929443821310997009e-02,-2.236248999834060669e-01,-3.338001668453216553e-02,-5.242028236389160156e-01,6.257222890853881836e-01,-2.900106012821197510e-01,3.667771220207214355e-01,-1.946200579404830933e-01,-4.047474563121795654e-01,4.558100104331970215e-01,-3.106713853776454926e-02,-8.109604567289352417e-02,2.117601037025451660e-02
-3.044362962245941162e-01,6.749572753906250000e-01,-2.552099823951721191e-01,-1.932538151741027832e-01,1.955949813127517700e-01,1.914778500795364380e-01,-8.190882205963134766e-02,2.981792390346527100e-01,1.668022274971008301e-01,-4.649643898010253906e-01,5.779007077217102051e-01,1.461295410990715027e-02,-4.333613812923431396e-01,-2.234616428613662720e-01,4.475958943367004395e-01,5.530838966369628906e-01,5.202519297599792480e-01,6.149083375930786133e-02,-3.211974501609802246e-01,-2.002754062414169312e-02,5.326538085937500000e-01,1.736692041158676147e-01,-3.707519471645355225e-01,1.705771684646606445e-01,-1.283567994832992554e-01,9.889023005962371826e-02,1.854649484157562256e-01,-2.821587622165679932e-01,-1.088739186525344849e-01,-1.085965707898139954e-01,-8.973667770624160767e-02,1.938934922218322754e-01,7.208769023418426514e-02,-1.653695106506347656e-01,-5.257612466812133789e-02,-2.666092216968536377e-01,1.050736308097839355e-01,-2.505180239677429199e-01,-4.415228068828582764e-01,1.676905304193496704e-01,-1.053915172815322876e-01,-1.927555501461029053e-01,-1.977851539850234985e-01,7.622637748718261719e-01,4.529601633548736572e-01,-1.116513647139072418e-02,-8.477479964494705200e-02,-2.924612909555435181e-02,-8.768320828676223755e-02,2.451053112745285034e-01,3.662349581718444824e-01,-1.643080636858940125e-02,-2.406318932771682739e-01,-6.483465433120727539e-02,-5.000038146972656250e-01,6.636435389518737793e-01,-2.979449033737182617e-01,3.628164231777191162e-01,-1.757263839244842529e-01,-4.704664647579193115e-01,5.526635050773620605e-01,-9.351556003093719482e-02,-7.565519958734512329e-02,8.384326100349426270e-02
-1.967729777097702026e-01,6.507378816604614258e-01,-3.552709519863128662e-01,-1.706774085760116577e-01,1.768783777952194214e-01,2.313889414072036743e-01,-8.521282672882080078e-02,2.395568341016769409e-01,1.961965858936309814e-01,-4.991157948970794678e-01,6.450530886650085449e-01,6.705802679061889648e-02,-4.444666802883148193e-01,-1.825680732727050781e-01,4.931698441505432129e-01,5.805885791778564453e-01,5.745930671691894531e-01,-6.550141144543886185e-03,-2.626866102218627930e-01,-1.565135642886161804e-02,4.919427931308746338e-01,2.007744908332824707e-01,-4.661606848239898682e-01,1.965792924165725708e-01,-1.176346763968467712e-01,9.508754312992095947e-02,1.991356462240219116e-01,-2.713942825794219971e-01,-1.241234764456748962e-01,-9.238648414611816406e-02,-1.435907334089279175e-01,2.249094992876052856e-01,6.708590686321258545e-02,-1.561284065246582031e-01,3.496925160288810730e-02,-2.492026239633560181e-01,1.174134612083435059e-01,-2.039530724287033081e-01,-4.569844603538513184e-01,1.398148834705352783e-01,-5.330788716673851013e-02,-1.484505087137222290e-01,-1.904051154851913452e-01,8.147134184837341309e-01,4.795274734497070312e-01,-3.262648358941078186e-03,-1.057172268629074097e-01,2.686582505702972412e-02,-1.236920505762100220e-01,2.019457221031188965e-01,4.430747628211975098e-01,-1.450528856366872787e-02,-2.166598737239837646e-01,-6.577144376933574677e-04,-5.672515034675598145e-01,6.245816349983215332e-01,-3.348844051361083984e-01,3.777177929878234863e-01,-2.273313552141189575e-01,-4.721531867980957031e-01,4.829668104648590088e-01,6.933866068720817566e-03,-7.763803750276565552e-02,9.582308679819107056e-02
-2.404850423336029053e-01,6.550625562667846680e-01,-2.797319293022155762e-01,-1.674087792634963989e-01,2.069862931966781616e-01,2.399086207151412964e-01,-8.687964826822280884e-02,3.072274923324584961e-01,1.144590377807617188e-01,-4.099199473857879639e-01,6.119964122772216797e-01,3.794442117214202881e-02,-4.437814056873321533e-01,-1.583268046379089355e-01,4.976350069046020508e-01,5.621082186698913574e-01,6.234925389289855957e-01,1.990705728530883789e-02,-2.995370328426361084e-01,-1.969220861792564392e-02,4.549599289894104004e-01,2.188721150159835815e-01,-3.806020617485046387e-01,1.524415314197540283e-01,-1.419083774089813232e-01,1.283411234617233276e-01,2.144379019737243652e-01,-2.453471273183822632e-01,-1.036381497979164124e-01,-7.766269892454147339e-02,-3.321757167577743530e-02,2.141389250755310059e-01,4.817029461264610291e-02,-1.416914761066436768e-01,-5.720659345388412476e-02,-2.599195837974548340e-01,1.318846344947814941e-01,-3.137867152690887451e-01,-5.018103718757629395e-01,1.979025751352310181e-01,-3.511773794889450073e-02,-2.205983996391296387e-01,-1.672630757093429565e-01,8.353356122970581055e-01,5.019674301147460938e-01,1.435332000255584717e-02,-8.048323541879653931e-02,-4.992661997675895691e-03,-6.313771009445190430e-02,2.045547366142272949e-01,4.204254150390625000e-01,-8.859261870384216309e-02,-2.302837520837783813e-01,-1.013135239481925964e-01,-5.538628101348876953e-01,6.767272949218750000e-01,-3.014117181301116943e-01,3.736851215362548828e-01,-1.841180920600891113e-01,-5.149936676025390625e-01,5.652326941490173340e-01,-9.332457184791564941e-02,-1.940071582794189453e-02,1.283538192510604858e-01
-2.230722010135650635e-01,6.127923130989074707e-01,-3.161174058914184570e-01,-1.620669662952423096e-01,2.097256183624267578e-01,2.733600735664367676e-01,-4.380018636584281921e-02,2.361934781074523926e-01,1.576454192399978638e-01,-4.985108673572540283e-01,6.615913510322570801e-01,1.611327566206455231e-02,-3.825814127922058105e-01,-1.821586638689041138e-01,4.730882346630096436e-01,5.139772295951843262e-01,5.470217466354370117e-01,-5.144030228257179260e-02,-2.958680391311645508e-01,-1.172006130218505859e-02,4.889829456806182861e-01,2.111440896987915039e-01,-4.402118325233459473e-01,1.594384610652923584e-01,-1.085117310285568237e-01,1.244872584939002991e-01,1.578177511692047119e-01,-2.201018333435058594e-01,-1.585936397314071655e-01,-1.113863289356231689e-01,-1.144207268953323364e-01,2.247410118579864502e-01,1.048841923475265503e-01,-1.788106858730316162e-01,1.158041693270206451e-02,-2.778108119964599609e-01,1.344106793403625488e-01,-2.690638005733489990e-01,-4.879505634307861328e-01,1.515470594167709351e-01,-2.971136476844549179e-03,-1.268973350524902344e-01,-1.875635236501693726e-01,8.292189240455627441e-01,4.599981904029846191e-01,-2.255873568356037140e-02,-8.117395639419555664e-02,7.862949743866920471e-03,-9.864831715822219849e-02,1.738659143447875977e-01,3.841762244701385498e-01,-3.984880819916725159e-02,-1.976703852415084839e-01,-8.994672447443008423e-03,-5.329212546348571777e-01,6.736450195312500000e-01,-2.695373892784118652e-01,4.002249538898468018e-01,-2.486148029565811157e-01,-4.003644287586212158e-01,4.881852567195892334e-01,-2.747579850256443024e-02,-7.320088148117065430e-02,5.126579850912094116e-02
-1.924336105585098267e-01,5.821452736854553223e-01,-3.343076705932617188e-01,-1.606146246194839478e-01,1.978826373815536499e-01,2.302851229906082153e-01,-6.851745396852493286e-02,2.644558846950531006e-01,1.526816189289093018e-01,-4.760479927062988281e-01,5.944835543632507324e-01,6.489230692386627197e-02,-3.824989497661590576e-01,-2.311639636754989624e-01,4.680792391300201416e-01,5.346959233283996582e-01,5.487840771675109863e-01,5.115951225161552429e-02,-2.954093515872955322e-01,-1.063584536314010620e-02,4.996933639049530029e-01,1.995455324649810791e-01,-4.219888150691986084e-01,1.226439923048019409e-01,-1.014705821871757507e-01,6.593598425388336182e-02,2.218544334173202515e-01,-2.166102975606918335e-01,-1.404660344123840332e-01,-7.450143247842788696e-02,-1.118673309683799744e-01,2.178389132022857666e-01,2.359855547547340393e-02,-1.689918935298919678e-01,3.129544854164123535e-02,-2.848926186561584473e-01,1.398932784795761108e-01,-2.622701525688171387e-01,-4.504208564758300781e-01,1.585895866155624390e-01,-6.822252273559570312e-02,-1.731924116611480713e-01,-1.571100652217864990e-01,7.444789409637451172e-01,4.268191754817962646e-01,-1.131314877420663834e-02,-9.254178404808044434e-02,9.189691394567489624e-03,-9.371925890445709229e-02,2.379726320505142212e-01,4.181560873985290527e-01,-6.943667680025100708e-02,-2.016718238592147827e-01,-2.594354562461376190e-02,-5.335710048675537109e-01,6.351247429847717285e-01,-3.361110091209411621e-01,3.920445442199707031e-01,-2.027129828929901123e-01,-4.101172089576721191e-01,4.692804515361785889e-01,-3.229223191738128662e-02,-7.807725667953491211e-02,7.429882138967514038e-02
-2.026571035385131836e-01,6.074882745742797852e-01,-3.126545548439025879e-01,-1.350678950548171997e-01,2.113291472196578979e-01,2.097244113683700562e-01,-8.256226032972335815e-02,2.557795643806457520e-01,1.207722872495651245e-01,-4.615708291530609131e-01,5.898338556289672852e-01,5.890848860144615173e-02,-3.981151878833770752e-01,-1.982675194740295410e-01,4.572463035583496094e-01,5.691899657249450684e-01,5.944296717643737793e-01,1.489605195820331573e-02,-3.004566133022308350e-01,-4.974559321999549866e-02,4.701756834983825684e-01,2.432097941637039185e-01,-3.798929750919342041e-01,1.558772772550582886e-01,-8.969572186470031738e-02,1.054049357771873474e-01,1.916954666376113892e-01,-2.158659547567367554e-01,-9.031801670789718628e-02,-6.308888643980026245e-02,-8.380156755447387695e-02,1.956976205110549927e-01,1.799070462584495544e-02,-1.444578766822814941e-01,-2.896930091083049774e-02,-2.868601679801940918e-01,1.276376396417617798e-01,-2.740392684936523438e-01,-4.876349866390228271e-01,1.579170823097229004e-01,-3.666910529136657715e-02,-1.916484534740447998e-01,-1.616689413785934448e-01,8.014425039291381836e-01,4.823247790336608887e-01,1.745468936860561371e-02,-9.322963654994964600e-02,6.915268022567033768e-03,-6.334278732538223267e-02,2.135273814201354980e-01,4.055372178554534912e-01,-7.043077051639556885e-02,-1.775773167610168457e-01,-4.689899459481239319e-02,-5.274211764335632324e-01,6.714613437652587891e-01,-3.013090789318084717e-01,3.272849917411804199e-01,-1.983156800270080566e-01,-4.750602543354034424e-01,5.176748633384704590e-01,-8.057688921689987183e-02,-5.743784084916114807e-02,1.037131696939468384e-01
-1.884874701499938965e-01,5.921948552131652832e-01,-3.179467916488647461e-01,-1.499204188585281372e-01,1.571887582540512085e-01,2.475821822881698608e-01,-5.968787893652915955e-02,2.488857805728912354e-01,1.295723766088485718e-01,-4.452457129955291748e-01,6.001670956611633301e-01,6.353263556957244873e-02,-3.587348461151123047e-01,-2.063701599836349487e-01,4.659643471240997314e-01,5.145008563995361328e-01,5.558301210403442383e-01,2.978010661900043488e-02,-2.762595713138580322e-01,-2.389745414257049561e-02,4.397235214710235596e-01,2.124203592538833618e-01,-3.726558685302734375e-01,1.087829619646072388e-01,-1.266270577907562256e-01,1.219215169548988342e-01,2.063150554895401001e-01,-2.269239723682403564e-01,-1.397808641195297241e-01,-1.176575645804405212e-01,-1.029239818453788757e-01,2.223810851573944092e-01,4.419124498963356018e-02,-1.838430166244506836e-01,1.985140144824981689e-02,-3.032876253128051758e-01,1.054754331707954407e-01,-2.829484045505523682e-01,-4.521947205066680908e-01,1.200023740530014038e-01,-1.337168086320161819e-02,-1.569294780492782593e-01,-1.541694253683090210e-01,7.840384244918823242e-01,4.334778189659118652e-01,-1.833257451653480530e-02,-5.914913862943649292e-02,3.324987366795539856e-03,-9.733913093805313110e-02,1.853679567575454712e-01,3.855553865432739258e-01,-5.833635479211807251e-02,-2.385254353284835815e-01,-2.314317785203456879e-02,-5.288699865341186523e-01,5.896564126014709473e-01,-3.134704828262329102e-01,3.710800409317016602e-01,-1.874865442514419556e-01,-4.093685448169708252e-01,4.493693113327026367e-01,-4.695045202970504761e-02,-6.677562743425369263e-02,7.727778702974319458e-02
-2.232155799865722656e-01,6.385691165924072266e-01,-3.077131807804107666e-01,-1.418199837207794189e-01,2.207434028387069702e-01,2.622328102588653564e-01,-6.434774398803710938e-02,2.418741732835769653e-01,1.857202798128128052e-01,-4.937883913516998291e-01,6.065883636474609375e-01,4.820353537797927856e-02,-4.355557262897491455e-01,-1.868324577808380127e-01,4.453559219837188721e-01,5.657922029495239258e-01,5.707730650901794434e-01,-4.239872843027114868e-02,-2.604349553585052490e-01,-2.132579311728477478e-02,4.880747199058532715e-01,1.773848831653594971e-01,-4.486698508262634277e-01,2.151482850313186646e-01,-1.038862392306327820e-01,1.198052689433097839e-01,1.570473164319992065e-01,-2.196701467037200928e-01,-1.103495806455612183e-01,-1.312134861946105957e-01,-1.491367816925048828e-01,2.168968319892883301e-01,8.503206074237823486e-02,-1.432476341724395752e-01,3.599202632904052734e-02,-2.735464572906494141e-01,9.352159500122070312e-02,-2.013991773128509521e-01,-4.988872706890106201e-01,9.065195918083190918e-02,-7.495442405343055725e-03,-1.187717914581298828e-01,-1.570737361907958984e-01,8.302217721939086914e-01,4.851501882076263428e-01,2.623957768082618713e-02,-1.245505511760711670e-01,-5.006194114685058594e-03,-1.254699379205703735e-01,1.673106253147125244e-01,4.301971495151519775e-01,-2.336779609322547913e-02,-1.937795728445053101e-01,-1.589660532772541046e-02,-5.333852171897888184e-01,6.586675047874450684e-01,-2.705181837081909180e-01,3.731638789176940918e-01,-2.495712786912918091e-01,-4.266678094863891602e-01,4.958886206150054932e-01,-4.062305390834808350e-02,-8.881788700819015503e-02,7.910665869712829590e-02
-2.482149004936218262e-01,6.242466568946838379e-01,-2.420555055141448975e-01,-1.758081763982772827e-01,2.558702230453491211e-01,1.680487692356109619e-01,-1.125166490674018860e-01,3.263202905654907227e-01,1.902607083320617676e-01,-5.054845809936523438e-01,6.811223030090332031e-01,5.874630063772201538e-02,-4.379512071609497070e-01,-1.127408891916275024e-01,4.922159016132354736e-01,5.146991014480590820e-01,6.225054264068603516e-01,4.247308522462844849e-02,-3.174656927585601807e-01,1.624234765768051147e-02,4.469598531723022461e-01,2.221058756113052368e-01,-3.370301723480224609e-01,2.312881052494049072e-01,-1.242993623018264771e-01,9.215443581342697144e-02,1.492816656827926636e-01,-2.416620999574661255e-01,-8.715227991342544556e-02,-4.038788378238677979e-02,-2.386522293090820312e-02,2.047991305589675903e-01,7.953694462776184082e-02,-1.650532782077789307e-01,3.653316991403698921e-03,-2.540359795093536377e-01,1.386387944221496582e-01,-2.941195666790008545e-01,-5.290715098381042480e-01,1.790544539690017700e-01,-4.776418954133987427e-02,-2.328162938356399536e-01,-1.629606038331985474e-01,8.033704161643981934e-01,4.601179659366607666e-01,5.333431065082550049e-03,-1.022103130817413330e-01,-2.583069354295730591e-02,-5.290900170803070068e-02,2.532032728195190430e-01,4.074113667011260986e-01,-6.538278609514236450e-02,-1.627504378557205200e-01,-2.357482723891735077e-02,-5.007208585739135742e-01,6.739719510078430176e-01,-3.444759845733642578e-01,3.181614279747009277e-01,-1.577783524990081787e-01,-4.414153993129730225e-01,5.151404738426208496e-01,-5.986481904983520508e-02,-8.103444427251815796e-02,1.366707533597946167e-01
-1.952603459358215332e-01,6.672491431236267090e-01,-3.516019880771636963e-01,-1.754400134086608887e-01,1.882991641759872437e-01,2.902881801128387451e-01,-4.673958197236061096e-02,2.234340906143188477e-01,1.407311856746673584e-01,-4.934088587760925293e-01,6.759506464004516602e-01,5.993520095944404602e-02,-4.342454075813293457e-01,-1.600060760974884033e-01,4.832458496093750000e-01,5.862185359001159668e-01,5.766609907150268555e-01,-5.312348529696464539e-02,-2.626594305038452148e-01,-2.175632491707801819e-02,4.682704210281372070e-01,2.028388381004333496e-01,-5.012438893318176270e-01,1.679032891988754272e-01,-1.253756135702133179e-01,1.131205707788467407e-01,2.280849218368530273e-01,-2.287462204694747925e-01,-1.279670447111129761e-01,-1.211859732866287231e-01,-1.450468003749847412e-01,2.288402020931243896e-01,6.969202309846878052e-02,-1.590052247047424316e-01,4.136920347809791565e-02,-2.604022324085235596e-01,1.439644098281860352e-01,-2.717137932777404785e-01,-4.812180101871490479e-01,1.712933033704757690e-01,1.339045818895101547e-03,-1.574081182479858398e-01,-1.867356151342391968e-01,8.480224609375000000e-01,5.196136832237243652e-01,-1.308360975235700607e-02,-7.357090711593627930e-02,3.903984278440475464e-02,-1.257639527320861816e-01,1.545287370681762695e-01,4.492792487144470215e-01,-3.133099526166915894e-02,-2.282711267471313477e-01,-2.425165660679340363e-02,-5.961878895759582520e-01,6.519033908843994141e-01,-2.878291010856628418e-01,4.337173700332641602e-01,-2.666209340095520020e-01,-4.706426858901977539e-01,5.063560605049133301e-01,-1.237708050757646561e-02,-4.969600960612297058e-02,1.043165177106857300e-01
-2.316978573799133301e-01,6.592597961425781250e-01,-3.297039866447448730e-01,-2.061399668455123901e-01,1.815810650587081909e-01,2.254933416843414307e-01,-4.348848387598991394e-02,3.019681572914123535e-01,2.191258221864700317e-01,-4.458611905574798584e-01,6.474841833114624023e-01,3.177743777632713318e-02,-4.448616802692413330e-01,-1.930371671915054321e-01,4.833949208259582520e-01,5.180076956748962402e-01,5.367950797080993652e-01,4.371042922139167786e-02,-2.798337638378143311e-01,-1.352998986840248108e-02,5.354121923446655273e-01,1.802272051572799683e-01,-4.267399311065673828e-01,1.557767987251281738e-01,-1.380140632390975952e-01,8.170308917760848999e-02,2.144357413053512573e-01,-3.073637485504150391e-01,-1.513928920030593872e-01,-8.707681298255920410e-02,-1.076488047838211060e-01,2.364546358585357666e-01,7.759813964366912842e-02,-1.821245253086090088e-01,1.237062178552150726e-02,-2.163201421499252319e-01,1.272918134927749634e-01,-2.114358246326446533e-01,-4.886564910411834717e-01,1.669760942459106445e-01,-1.098705232143402100e-01,-1.584394872188568115e-01,-2.209021598100662231e-01,7.767471671104431152e-01,4.508040547370910645e-01,1.482655666768550873e-02,-7.511200755834579468e-02,1.486392877995967865e-02,-1.141354888677597046e-01,2.545248866081237793e-01,3.975304365158081055e-01,-6.657580286264419556e-02,-2.358784228563308716e-01,-3.496313467621803284e-03,-5.537452697753906250e-01,6.181135773658752441e-01,-3.201023638248443604e-01,3.798997700214385986e-01,-1.688572317361831665e-01,-4.426684379577636719e-01,5.158286690711975098e-01,-4.070103913545608521e-02,-5.351543426513671875e-02,7.518641650676727295e-02
-2.443812340497970581e-01,6.290814876556396484e-01,-3.256896734237670898e-01,-1.862240284681320190e-01,2.164612561464309692e-01,2.955575287342071533e-01,-3.208196908235549927e-02,2.584246397018432617e-01,1.894564181566238403e-01,-4.690028727054595947e-01,6.962683200836181641e-01,3.225201275199651718e-03,-3.827229142189025879e-01,-1.558552235364913940e-01,5.045969486236572266e-01,4.915961623191833496e-01,5.545920133590698242e-01,-1.975235342979431152e-02,-3.208149373531341553e-01,-3.367402125149965286e-03,5.051933526992797852e-01,2.229746580123901367e-01,-4.306424856185913086e-01,1.416156738996505737e-01,-1.208522915840148926e-01,1.415596306324005127e-01,1.795692145824432373e-01,-2.746167182922363281e-01,-1.959760487079620361e-01,-1.269756853580474854e-01,-1.030677855014801025e-01,2.235267907381057739e-01,1.077068895101547241e-01,-1.616375744342803955e-01,3.742816625162959099e-03,-2.689934670925140381e-01,1.480924189090728760e-01,-2.437772452831268311e-01,-5.382630825042724609e-01,1.504285931587219238e-01,-4.834699258208274841e-02,-1.376670449972152710e-01,-1.956911683082580566e-01,8.445302844047546387e-01,4.645154774188995361e-01,-2.943880856037139893e-03,-6.286570429801940918e-02,-6.669542752206325531e-03,-1.034038662910461426e-01,1.871016174554824829e-01,3.799742460250854492e-01,-4.082170128822326660e-02,-2.056903392076492310e-01,2.798998961225152016e-03,-5.512123107910156250e-01,6.977481245994567871e-01,-2.888517081737518311e-01,4.169310033321380615e-01,-2.116397023200988770e-01,-4.019134342670440674e-01,4.810176193714141846e-01,-3.399074822664260864e-02,-7.553572952747344971e-02,3.826911747455596924e-02
-2.284508943557739258e-01,5.681326389312744141e-01,-3.275198042392730713e-01,-1.330417245626449585e-01,2.270746827125549316e-01,2.415592372417449951e-01,-7.279584556818008423e-02,2.203228026628494263e-01,1.498783230781555176e-01,-4.889580309391021729e-01,5.816233754158020020e-01,5.053768865764141083e-03,-3.390046060085296631e-01,-1.893920898437500000e-01,4.591283500194549561e-01,5.123366117477416992e-01,5.676442980766296387e-01,-2.104751393198966980e-02,-3.337742388248443604e-01,-1.954500004649162292e-02,4.970937073230743408e-01,2.207378000020980835e-01,-4.385423660278320312e-01,1.154327392578125000e-01,-7.394949346780776978e-02,1.130303442478179932e-01,1.709812730550765991e-01,-1.871200650930404663e-01,-1.564300954341888428e-01,-6.141182407736778259e-02,-8.566702902317047119e-02,1.925978809595108032e-01,3.443318977952003479e-02,-1.499018371105194092e-01,-3.073620796203613281e-02,-2.969897091388702393e-01,1.548509597778320312e-01,-2.654240131378173828e-01,-4.877674281597137451e-01,1.604846715927124023e-01,-1.908621750771999359e-02,-1.466847062110900879e-01,-1.544140428304672241e-01,7.966548204421997070e-01,4.188372492790222168e-01,-4.210751503705978394e-04,-1.019033193588256836e-01,6.193810608237981796e-03,-5.991935729980468750e-02,1.865663826465606689e-01,3.764803707599639893e-01,-6.110788881778717041e-02,-1.595200002193450928e-01,-3.578406199812889099e-02,-5.072005987167358398e-01,6.912313103675842285e-01,-2.999166846275329590e-01,3.829156458377838135e-01,-2.017852216958999634e-01,-4.107365608215332031e-01,5.045455098152160645e-01,-3.474241867661476135e-02,-6.849218159914016724e-02,3.773293690755963326e-03
-2.163105756044387817e-01,5.487225651741027832e-01,-3.059437572956085205e-01,-1.515394300222396851e-01,2.140112668275833130e-01,2.253426313400268555e-01,-5.361153930425643921e-02,2.138735949993133545e-01,1.902331411838531494e-01,-5.019029974937438965e-01,6.095538139343261719e-01,2.999412082135677338e-02,-3.181588649749755859e-01,-1.817808449268341064e-01,4.704729020595550537e-01,4.914787709712982178e-01,5.276944637298583984e-01,-8.575807325541973114e-03,-3.043933808803558350e-01,-1.446925755590200424e-02,4.785421490669250488e-01,2.493975907564163208e-01,-4.081217944622039795e-01,1.250723898410797119e-01,-1.029802635312080383e-01,1.056368947029113770e-01,1.600360274314880371e-01,-2.061961442232131958e-01,-1.814137846231460571e-01,-1.092358157038688660e-01,-9.823864698410034180e-02,1.810962706804275513e-01,7.260184735059738159e-02,-1.895290315151214600e-01,9.920503012835979462e-03,-3.002741932868957520e-01,1.432737857103347778e-01,-2.693336009979248047e-01,-4.521284699440002441e-01,1.190968751907348633e-01,-2.978091314435005188e-02,-1.549483835697174072e-01,-1.441263258457183838e-01,7.926535606384277344e-01,3.979866504669189453e-01,-2.189286053180694580e-02,-3.218113258481025696e-02,7.122793234884738922e-03,-7.992860674858093262e-02,1.936263740062713623e-01,3.652797937393188477e-01,-1.692409440875053406e-02,-1.881163716316223145e-01,3.897982463240623474e-02,-4.913839101791381836e-01,6.257897615432739258e-01,-3.208587467670440674e-01,3.980376720428466797e-01,-2.137738615274429321e-01,-3.505602478981018066e-01,4.348716139793395996e-01,-2.424318529665470123e-02,-1.209534481167793274e-01,-2.846387214958667755e-03
-2.462824285030364990e-01,6.198239326477050781e-01,-2.589758932590484619e-01,-1.771859526634216309e-01,1.975543797016143799e-01,2.225153446197509766e-01,-7.670842111110687256e-02,2.871284782886505127e-01,1.633193939924240112e-01,-4.302508533000946045e-01,6.282249689102172852e-01,3.734648600220680237e-02,-4.055606424808502197e-01,-1.664068996906280518e-01,4.960142374038696289e-01,4.698251783847808838e-01,5.623139739036560059e-01,5.172208324074745178e-02,-3.385886251926422119e-01,1.564599201083183289e-02,4.853688776493072510e-01,2.045726031064987183e-01,-3.743450045585632324e-01,1.038349568843841553e-01,-1.209593564271926880e-01,1.320884525775909424e-01,1.785472631454467773e-01,-2.783593535423278809e-01,-1.541367471218109131e-01,-8.164180070161819458e-02,-5.764157697558403015e-02,2.271489948034286499e-01,6.645136326551437378e-02,-1.504847109317779541e-01,-4.116289690136909485e-02,-2.639605700969696045e-01,1.131082028150558472e-01,-2.633187174797058105e-01,-4.865890741348266602e-01,1.541026979684829712e-01,-9.533119946718215942e-02,-1.997267752885818481e-01,-1.464307904243469238e-01,7.812356352806091309e-01,4.417655169963836670e-01,-1.823159866034984589e-02,-1.038583666086196899e-01,-1.341807935386896133e-02,-8.263183385133743286e-02,2.150550037622451782e-01,3.902561962604522705e-01,-6.033745408058166504e-02,-2.233593612909317017e-01,-3.302084654569625854e-02,-4.941294491291046143e-01,6.210723519325256348e-01,-3.459178805351257324e-01,3.636919856071472168e-01,-1.416691690683364868e-01,-4.248203039169311523e-01,4.677543342113494873e-01,-1.559519395232200623e-02,-5.446590483188629150e-02,5.862255394458770752e-02
-2.191861271858215332e-01,6.110643148422241211e-01,-3.657433092594146729e-01,-1.491905301809310913e-01,2.329879999160766602e-01,1.885978430509567261e-01,-8.571688830852508545e-02,2.288533896207809448e-01,2.168477475643157959e-01,-5.388302803039550781e-01,5.879089236259460449e-01,2.618939429521560669e-02,-3.835271000862121582e-01,-2.093113064765930176e-01,4.520320892333984375e-01,5.855413079261779785e-01,5.531337261199951172e-01,-8.682392537593841553e-03,-2.949421703815460205e-01,-4.154903441667556763e-02,5.535215735435485840e-01,2.161436378955841064e-01,-4.855901598930358887e-01,1.770164370536804199e-01,-6.455329805612564087e-02,5.313601717352867126e-02,1.909232139587402344e-01,-2.154464125633239746e-01,-1.317169219255447388e-01,-4.648758843541145325e-02,-1.350940465927124023e-01,1.782445609569549561e-01,2.689300477504730225e-02,-1.560236215591430664e-01,2.089069783687591553e-02,-2.550984323024749756e-01,1.595889031887054443e-01,-2.028093487024307251e-01,-4.767745435237884521e-01,1.724478155374526978e-01,-7.241873443126678467e-02,-1.624110192060470581e-01,-1.941488832235336304e-01,7.815598249435424805e-01,4.373598396778106689e-01,2.737263962626457214e-02,-1.103609278798103333e-01,3.215269371867179871e-02,-9.372909367084503174e-02,2.389418184757232666e-01,4.159073829650878906e-01,-2.233630418777465820e-02,-1.483236253261566162e-01,3.564950078725814819e-03,-5.367345213890075684e-01,6.918259263038635254e-01,-3.266911804676055908e-01,3.776452243328094482e-01,-2.222822308540344238e-01,-4.476659595966339111e-01,5.301029682159423828e-01,-3.235882893204689026e-02,-1.028678715229034424e-01,1.393963210284709930e-02
-2.040424644947052002e-01,5.930430889129638672e-01,-3.232943713665008545e-01,-1.524642854928970337e-01,2.126391381025314331e-01,2.223398983478546143e-01,-6.268883496522903442e-02,2.271894365549087524e-01,2.101876139640808105e-01,-5.565798878669738770e-01,6.495776772499084473e-01,4.130995273590087891e-02,-3.631428182125091553e-01,-1.549415588378906250e-01,4.555369317531585693e-01,5.227773189544677734e-01,5.633575916290283203e-01,-4.932032153010368347e-02,-2.786415517330169678e-01,-2.628319431096315384e-03,4.572280645370483398e-01,2.367023974657058716e-01,-4.478279650211334229e-01,1.982070952653884888e-01,-1.068803369998931885e-01,8.661341667175292969e-02,1.654387265443801880e-01,-1.941924095153808594e-01,-1.261497735977172852e-01,-7.915108650922775269e-02,-1.085977703332901001e-01,1.970931887626647949e-01,7.079275697469711304e-02,-1.894867420196533203e-01,5.349462851881980896e-02,-2.742830514907836914e-01,1.355914920568466187e-01,-2.583013772964477539e-01,-4.837340116500854492e-01,1.364631652832031250e-01,-1.755929319187998772e-03,-1.501457691192626953e-01,-1.702074557542800903e-01,8.156706094741821289e-01,4.258947968482971191e-01,-3.870503511279821396e-03,-5.622591078281402588e-02,1.189094968140125275e-02,-8.635910600423812866e-02,1.899745166301727295e-01,4.012844264507293701e-01,-2.304818481206893921e-02,-1.588336527347564697e-01,2.724207378923892975e-02,-5.242311358451843262e-01,6.396389603614807129e-01,-3.166249990463256836e-01,3.707763552665710449e-01,-2.337708175182342529e-01,-3.876026272773742676e-01,4.692154824733734131e-01,-1.469647698104381561e-02,-1.078300550580024719e-01,4.982389509677886963e-02
-1.459548175334930420e-01,6.459572911262512207e-01,-3.668055832386016846e-01,-1.720564812421798706e-01,2.172453254461288452e-01,1.457589268684387207e-01,-5.576165392994880676e-02,2.231032252311706543e-01,2.321798801422119141e-01,-5.345373153686523438e-01,5.731056928634643555e-01,8.502863347530364990e-02,-4.369754195213317871e-01,-1.989386230707168579e-01,3.988199830055236816e-01,5.842842459678649902e-01,5.557587146759033203e-01,3.279619663953781128e-02,-2.259756028652191162e-01,-3.621711209416389465e-02,5.349684357643127441e-01,1.596313565969467163e-01,-4.504757523536682129e-01,1.901874691247940063e-01,-8.404247462749481201e-02,6.226080656051635742e-02,2.019843757152557373e-01,-2.183272391557693481e-01,-4.639576002955436707e-02,-5.751981586217880249e-02,-1.567982882261276245e-01,2.157493978738784790e-01,-3.388004843145608902e-03,-1.426126062870025635e-01,7.116596400737762451e-02,-2.253032475709915161e-01,1.153835058212280273e-01,-2.104164063930511475e-01,-5.079774260520935059e-01,1.299520432949066162e-01,-7.246679812669754028e-02,-1.561366170644760132e-01,-1.962590813636779785e-01,7.273949384689331055e-01,4.995360374450683594e-01,8.078849315643310547e-02,-1.355815380811691284e-01,6.007234379649162292e-02,-1.301198005676269531e-01,2.545428872108459473e-01,4.489787518978118896e-01,-4.248609021306037903e-02,-1.779529005289077759e-01,1.312626898288726807e-02,-5.245020985603332520e-01,5.851232409477233887e-01,-3.133949339389801025e-01,3.110164701938629150e-01,-1.621628403663635254e-01,-4.394943714141845703e-01,5.145287513732910156e-01,3.379490226507186890e-04,-7.883339375257492065e-02,9.231323748826980591e-02
-2.266828417778015137e-01,6.374555230140686035e-01,-3.767240047454833984e-01,-1.202463209629058838e-01,1.935877501964569092e-01,2.969588041305541992e-01,-6.146748736500740051e-02,1.989806294441223145e-01,1.717347055673599243e-01,-4.854590296745300293e-01,6.214106082916259766e-01,3.816975979134440422e-03,-3.714087605476379395e-01,-1.924389302730560303e-01,4.552972614765167236e-01,5.773298740386962891e-01,5.439905524253845215e-01,-8.730757236480712891e-02,-2.725693881511688232e-01,-5.580390244722366333e-02,5.007935762405395508e-01,1.922506242990493774e-01,-4.901602864265441895e-01,1.612747460603713989e-01,-9.013350307941436768e-02,1.280364245176315308e-01,1.816474050283432007e-01,-2.342615723609924316e-01,-1.694251596927642822e-01,-1.325767785310745239e-01,-1.695741713047027588e-01,2.160497307777404785e-01,7.723867893218994141e-02,-1.679466366767883301e-01,1.530154049396514893e-02,-2.781929075717926025e-01,1.211238503456115723e-01,-2.039996981620788574e-01,-4.768286347389221191e-01,1.281048208475112915e-01,9.220748208463191986e-03,-1.020276397466659546e-01,-1.937927454710006714e-01,8.519126176834106445e-01,4.682853817939758301e-01,7.469736039638519287e-03,-8.987560123205184937e-02,1.187685318291187286e-02,-1.263885647058486938e-01,1.431088745594024658e-01,3.950344026088714600e-01,-3.836112096905708313e-03,-2.055857181549072266e-01,-2.367912232875823975e-02,-5.738679766654968262e-01,6.794252395629882812e-01,-2.692482173442840576e-01,4.273811876773834229e-01,-2.676314711570739746e-01,-4.375086128711700439e-01,5.070140957832336426e-01,-3.158142790198326111e-02,-8.106925338506698608e-02,1.490727998316287994e-03
-2.331987023353576660e-01,6.364759206771850586e-01,-3.005183041095733643e-01,-1.860499083995819092e-01,1.901233643293380737e-01,2.645761668682098389e-01,-7.676275819540023804e-02,2.810829877853393555e-01,2.158285230398178101e-01,-5.080716013908386230e-01,6.313652396202087402e-01,1.386654190719127655e-02,-4.070666432380676270e-01,-1.533512026071548462e-01,4.949980676174163818e-01,5.118725299835205078e-01,5.522586703300476074e-01,-2.137357555329799652e-02,-2.771222889423370361e-01,3.502512350678443909e-02,4.538257718086242676e-01,2.059171050786972046e-01,-4.252344965934753418e-01,1.979821175336837769e-01,-1.752471476793289185e-01,1.176023632287979126e-01,1.579765081405639648e-01,-2.366924583911895752e-01,-1.344565004110336304e-01,-9.103257954120635986e-02,-9.111057966947555542e-02,2.205551266670227051e-01,1.093871593475341797e-01,-1.687879860401153564e-01,4.554168507456779480e-02,-2.473948746919631958e-01,8.852676302194595337e-02,-2.749768197536468506e-01,-4.970575273036956787e-01,1.666079014539718628e-01,-1.936823129653930664e-02,-1.635873317718505859e-01,-1.960830241441726685e-01,8.110569119453430176e-01,4.373725652694702148e-01,-1.633441634476184845e-02,-4.815776646137237549e-02,1.041868980973958969e-02,-1.064386591315269470e-01,1.934806257486343384e-01,4.192351698875427246e-01,-1.455443445593118668e-02,-2.060551047325134277e-01,-3.701878339052200317e-02,-5.381245017051696777e-01,6.352543234825134277e-01,-3.150792717933654785e-01,3.813636302947998047e-01,-2.170600742101669312e-01,-4.432274401187896729e-01,5.259231328964233398e-01,-1.953378692269325256e-02,-7.212457060813903809e-02,8.679538220167160034e-02
-1.934027969837188721e-01,5.909110903739929199e-01,-3.084845542907714844e-01,-1.421411484479904175e-01,2.153019160032272339e-01,2.251322567462921143e-01,-8.225433528423309326e-02,2.567154169082641602e-01,1.701773852109909058e-01,-4.735690653324127197e-01,6.227201819419860840e-01,5.879217758774757385e-02,-3.869848847389221191e-01,-1.756298094987869263e-01,4.874330759048461914e-01,5.391430854797363281e-01,5.986130833625793457e-01,8.472483605146408081e-03,-2.829337120056152344e-01,-2.262927591800689697e-02,4.539197683334350586e-01,2.387839108705520630e-01,-3.795899152755737305e-01,1.745896935462951660e-01,-1.104083806276321411e-01,1.189099252223968506e-01,1.709999293088912964e-01,-2.148006856441497803e-01,-1.200131922960281372e-01,-8.355066180229187012e-02,-8.459612727165222168e-02,2.067475765943527222e-01,5.293215438723564148e-02,-1.615998744964599609e-01,1.278918981552124023e-02,-2.880059480667114258e-01,1.128856092691421509e-01,-2.664578557014465332e-01,-5.013538002967834473e-01,1.261810958385467529e-01,-5.219793878495693207e-03,-1.687453538179397583e-01,-1.539388746023178101e-01,8.303585648536682129e-01,4.547213912010192871e-01,1.856579259037971497e-02,-8.457415550947189331e-02,1.569229550659656525e-02,-8.242346346378326416e-02,1.932738423347473145e-01,4.079521596431732178e-01,-6.708864122629165649e-02,-1.945497691631317139e-01,-5.145029164850711823e-03,-5.244613885879516602e-01,6.461321711540222168e-01,-3.125028908252716064e-01,3.471475243568420410e-01,-1.827032864093780518e-01,-4.272259175777435303e-01,4.863795042037963867e-01,-5.680853500962257385e-02,-7.113990932703018188e-02,8.147917687892913818e-02
-2.373007237911224365e-01,6.138933300971984863e-01,-3.318786919116973877e-01,-1.401948630809783936e-01,1.844884306192398071e-01,2.106611579656600952e-01,-9.283702075481414795e-02,2.430011481046676636e-01,1.833385974168777466e-01,-4.924403727054595947e-01,5.487155914306640625e-01,2.968255244195461273e-02,-3.590428531169891357e-01,-2.058705985546112061e-01,4.278452098369598389e-01,5.423342585563659668e-01,5.186271667480468750e-01,3.129159566015005112e-03,-2.906405329704284668e-01,-3.641338273882865906e-02,5.075124502182006836e-01,1.748010069131851196e-01,-4.442606270313262939e-01,1.259909719228744507e-01,-9.912696480751037598e-02,8.602628111839294434e-02,1.950223147869110107e-01,-2.267146259546279907e-01,-1.263376772403717041e-01,-6.431134045124053955e-02,-1.307313144207000732e-01,2.300382107496261597e-01,1.673707365989685059e-02,-1.784546971321105957e-01,-2.596011385321617126e-03,-2.715466320514678955e-01,1.072346121072769165e-01,-2.421688586473464966e-01,-4.350869655609130859e-01,1.581570804119110107e-01,-4.456650093197822571e-02,-1.734913438558578491e-01,-1.635324805974960327e-01,7.564865350723266602e-01,4.161936044692993164e-01,6.301764398813247681e-03,-1.072538197040557861e-01,8.057265542447566986e-03,-1.039327234029769897e-01,2.056225836277008057e-01,3.909826576709747314e-01,-3.412563726305961609e-02,-2.072730660438537598e-01,-5.044400319457054138e-02,-5.234755277633666992e-01,6.029282212257385254e-01,-3.292291760444641113e-01,3.864383995532989502e-01,-1.717173159122467041e-01,-4.279607832431793213e-01,5.097118616104125977e-01,-1.889126747846603394e-02,-6.890363246202468872e-02,1.691375859081745148e-02
-1.444236636161804199e-01,5.886460542678833008e-01,-3.321504592895507812e-01,-1.755320429801940918e-01,2.182103246450424194e-01,2.206689119338989258e-01,-4.110333696007728577e-02,2.056771367788314819e-01,1.795222312211990356e-01,-4.812711477279663086e-01,5.672793388366699219e-01,6.307197362184524536e-02,-3.948301076889038086e-01,-1.893464922904968262e-01,4.617405831813812256e-01,5.317754149436950684e-01,5.802541971206665039e-01,3.508144523948431015e-03,-2.600712180137634277e-01,3.103757277131080627e-03,4.897803366184234619e-01,2.024846225976943970e-01,-4.543075561523437500e-01,1.220301985740661621e-01,-1.116919517517089844e-01,1.214866489171981812e-01,2.040513753890991211e-01,-1.797973811626434326e-01,-1.066415905952453613e-01,-7.849301397800445557e-02,-1.000111922621726990e-01,2.160936146974563599e-01,1.844283938407897949e-02,-1.288630664348602295e-01,1.365186180919408798e-02,-2.642509341239929199e-01,1.244335621595382690e-01,-2.909600138664245605e-01,-4.838742911815643311e-01,1.408034861087799072e-01,-2.169157937169075012e-02,-1.589874327182769775e-01,-1.498968005180358887e-01,7.863293290138244629e-01,4.776621758937835693e-01,3.898330032825469971e-02,-9.202086180448532104e-02,6.093111261725425720e-02,-1.105320602655410767e-01,1.894088685512542725e-01,4.497938156127929688e-01,-6.830830127000808716e-02,-2.108546793460845947e-01,-1.274222228676080704e-02,-5.160115957260131836e-01,5.948025584220886230e-01,-3.028458356857299805e-01,3.776387870311737061e-01,-1.732910871505737305e-01,-4.130472242832183838e-01,4.849788248538970947e-01,1.289323717355728149e-02,-5.251828208565711975e-02,6.517903506755828857e-02
-2.106864601373672485e-01,6.539661288261413574e-01,-3.438200056552886963e-01,-1.507412046194076538e-01,1.742053180932998657e-01,2.723581194877624512e-01,-4.969019442796707153e-02,2.283881306648254395e-01,1.511243879795074463e-01,-4.912964999675750732e-01,6.175867319107055664e-01,4.395319148898124695e-02,-3.999644517898559570e-01,-1.900128573179244995e-01,4.553226828575134277e-01,5.662426352500915527e-01,5.681449174880981445e-01,-2.125872857868671417e-02,-2.703770697116851807e-01,-3.822103515267372131e-02,4.875192642211914062e-01,1.850174963474273682e-01,-4.527581334114074707e-01,1.574816703796386719e-01,-1.035486981272697449e-01,1.223284527659416199e-01,2.013020515441894531e-01,-2.285307049751281738e-01,-1.265697777271270752e-01,-1.331451386213302612e-01,-1.428268700838088989e-01,2.208949774503707886e-01,5.438504740595817566e-02,-1.546849012374877930e-01,3.291511163115501404e-02,-2.890294194221496582e-01,1.249340921640396118e-01,-2.413613051176071167e-01,-5.040254592895507812e-01,1.113869473338127136e-01,-1.017726771533489227e-02,-1.204712688922882080e-01,-1.728235632181167603e-01,8.178182840347290039e-01,4.810846447944641113e-01,1.227173209190368652e-02,-1.117913573980331421e-01,9.695017710328102112e-03,-1.091331243515014648e-01,1.607656478881835938e-01,4.101348817348480225e-01,-2.624956518411636353e-02,-2.183540910482406616e-01,-3.403162583708763123e-02,-5.634052157402038574e-01,6.623136401176452637e-01,-2.778005599975585938e-01,3.939626514911651611e-01,-2.312393933534622192e-01,-4.505692124366760254e-01,5.005719661712646484e-01,-4.362307488918304443e-02,-6.476768851280212402e-02,6.817734241485595703e-02
-1.627977192401885986e-01,5.874083042144775391e-01,-3.521872460842132568e-01,-1.515498459339141846e-01,1.956762224435806274e-01,2.484847456216812134e-01,-7.447453588247299194e-02,2.251236587762832642e-01,1.936500221490859985e-01,-4.792698621749877930e-01,6.193341016769409180e-01,5.891988798975944519e-02,-3.603911399841308594e-01,-1.560848206281661987e-01,5.072702765464782715e-01,5.292427539825439453e-01,5.858395099639892578e-01,-8.535040542483329773e-03,-2.491740882396697998e-01,-8.631543256342411041e-03,4.435545504093170166e-01,2.176880687475204468e-01,-4.369475543498992920e-01,1.252217888832092285e-01,-1.195120513439178467e-01,1.215025931596755981e-01,1.948408931493759155e-01,-2.082766443490982056e-01,-1.610432118177413940e-01,-1.030607819557189941e-01,-1.217494755983352661e-01,2.205200791358947754e-01,5.390381440520286560e-02,-1.590559184551239014e-01,5.630695447325706482e-02,-2.763724327087402344e-01,1.264318525791168213e-01,-2.585637271404266357e-01,-4.895537197589874268e-01,1.313739567995071411e-01,1.114722434431314468e-02,-1.558055579662322998e-01,-1.509472727775573730e-01,8.232811689376831055e-01,4.410430490970611572e-01,2.173412591218948364e-03,-8.529514074325561523e-02,4.392722249031066895e-02,-1.139204278588294983e-01,1.624298691749572754e-01,4.331372380256652832e-01,-4.155308753252029419e-02,-2.047634273767471313e-01,1.618067361414432526e-02,-5.499008893966674805e-01,5.987081527709960938e-01,-3.390136659145355225e-01,4.039053618907928467e-01,-1.911060661077499390e-01,-4.117802381515502930e-01,4.509623646736145020e-01,9.315490722656250000e-03,-7.216432690620422363e-02,4.045444726943969727e-02
