-4.304187297821044922e-01,-1.616784632205963135e-01,-9.980435371398925781e-01,-1.727330833673477173e-01,9.640427678823471069e-02,9.839074313640594482e-02,3.500199317932128906e-01,5.263740420341491699e-01,-9.148019552230834961e-01,8.156180977821350098e-01,1.707812190055847168e+00,5.213780403137207031e-01,4.947989061474800110e-02,7.149609327316284180e-01,7.513449788093566895e-01,1.353710889816284180e+00,-1.864612251520156860e-01,6.879138201475143433e-02,3.684867620468139648e-01,7.674260139465332031e-01,4.528029859066009521e-01,-5.881349444389343262e-01,9.790879487991333008e-01,-1.109902709722518921e-01,5.122228860855102539e-01,-7.735308408737182617e-01,-8.805704712867736816e-01,-1.334978491067886353e-01,6.873505115509033203e-01,4.257907718420028687e-02,6.720542907714843750e-01,-4.934999346733093262e-02,-7.923361659049987793e-01,-7.893567085266113281e-01,-6.342130899429321289e-01,-1.095848321914672852e+00,-2.698509767651557922e-02,-5.310409665107727051e-01,-1.496876329183578491e-01,1.710266470909118652e-01,-3.877775669097900391e-01,4.433090090751647949e-01,-4.143441915512084961e-01,3.367737829685211182e-01,-6.286238431930541992e-01,3.686876296997070312e-01,2.115904390811920166e-01,9.256412386894226074e-01,-8.446992039680480957e-01,5.652354359626770020e-01,-2.506053447723388672e-01,1.395049989223480225e-01,-2.649315595626831055e-01,5.139623284339904785e-01,1.974540576338768005e-02,5.672572180628776550e-02,-2.634572386741638184e-01,6.848281621932983398e-01,9.604752063751220703e-01,-1.544135212898254395e-01,-6.551860570907592773e-01,1.510197669267654419e-01,2.889093160629272461e-01,-1.928750127553939819e-01
-4.281469285488128662e-01,-1.560672670602798462e-01,-1.004348397254943848e+00,-1.637093126773834229e-01,1.086239144206047058e-01,9.404609352350234985e-02,3.460919559001922607e-01,5.289371609687805176e-01,-9.314832687377929688e-01,8.252658247947692871e-01,1.728630900382995605e+00,5.395326614379882812e-01,3.805924579501152039e-02,7.324637174606323242e-01,7.689504623413085938e-01,1.373553156852722168e+00,-1.976155489683151245e-01,7.642310857772827148e-02,3.823720812797546387e-01,7.883953452110290527e-01,4.658010601997375488e-01,-5.989464521408081055e-01,9.797177910804748535e-01,-1.173229441046714783e-01,5.211151838302612305e-01,-7.902531623840332031e-01,-8.957797288894653320e-01,-1.190560311079025269e-01,6.975525617599487305e-01,4.829432815313339233e-02,6.617139577865600586e-01,-4.867831245064735413e-02,-8.122882843017578125e-01,-8.054540753364562988e-01,-6.332004666328430176e-01,-1.110951304435729980e+00,-2.316178753972053528e-02,-5.366322398185729980e-01,-1.482268273830413818e-01,1.724419742822647095e-01,-3.961924910545349121e-01,4.625588655471801758e-01,-4.267482459545135498e-01,3.519982695579528809e-01,-6.167887449264526367e-01,3.747660219669342041e-01,2.335685640573501587e-01,9.196509122848510742e-01,-8.529509902000427246e-01,5.620815753936767578e-01,-2.486449480056762695e-01,1.343959122896194458e-01,-2.709134519100189209e-01,5.086935162544250488e-01,3.513462468981742859e-02,5.104995146393775940e-02,-2.714150547981262207e-01,6.799011826515197754e-01,9.735624194145202637e-01,-1.617960035800933838e-01,-6.703889369964599609e-01,1.561699956655502319e-01,3.020725548267364502e-01,-1.920261085033416748e-01
-4.166501164436340332e-01,-1.723288297653198242e-01,-1.015658020973205566e+00,-1.723497956991195679e-01,8.867657929658889771e-02,9.816212207078933716e-02,3.501574695110321045e-01,5.166798830032348633e-01,-9.074115157127380371e-01,8.076056838035583496e-01,1.716446042060852051e+00,5.036722421646118164e-01,6.133587658405303955e-02,7.085506916046142578e-01,7.607597708702087402e-01,1.330185770988464355e+00,-1.927107125520706177e-01,7.665915787220001221e-02,3.509693145751953125e-01,7.777637243270874023e-01,4.681980013847351074e-01,-5.768754482269287109e-01,9.760426282882690430e-01,-1.179226189851760864e-01,5.029622316360473633e-01,-7.610059380531311035e-01,-8.756889104843139648e-01,-1.194872409105300903e-01,6.998614668846130371e-01,3.186801075935363770e-02,6.516147851943969727e-01,-5.910431593656539917e-02,-7.767851352691650391e-01,-7.503609061241149902e-01,-6.341224312782287598e-01,-1.113659977912902832e+00,-2.481338009238243103e-02,-5.348879098892211914e-01,-1.428537368774414062e-01,1.683315187692642212e-01,-3.742748200893402100e-01,4.333932101726531982e-01,-4.219343960285186768e-01,3.575079739093780518e-01,-6.144979596138000488e-01,3.899498879909515381e-01,2.223485410213470459e-01,9.014427065849304199e-01,-8.344761133193969727e-01,5.721980333328247070e-01,-2.380220443010330200e-01,1.288407295942306519e-01,-2.677040994167327881e-01,4.942887127399444580e-01,1.977157406508922577e-02,5.213634669780731201e-02,-2.397291362285614014e-01,6.619676351547241211e-01,9.670222401618957520e-01,-1.713532358407974243e-01,-6.386837363243103027e-01,1.410778611898422241e-01,2.846707403659820557e-01,-2.027470618486404419e-01
-4.345413148403167725e-01,-1.773607581853866577e-01,-1.017293334007263184e+00,-1.751897633075714111e-01,1.030168682336807251e-01,9.369453042745590210e-02,3.456212282180786133e-01,5.387448668479919434e-01,-9.174942970275878906e-01,8.190225958824157715e-01,1.734772324562072754e+00,5.242480635643005371e-01,4.496336355805397034e-02,7.337476015090942383e-01,7.537643313407897949e-01,1.364657044410705566e+00,-1.989413052797317505e-01,7.086057960987091064e-02,3.724795877933502197e-01,7.872351408004760742e-01,4.648761749267578125e-01,-5.981247425079345703e-01,9.899296164512634277e-01,-1.033977344632148743e-01,5.075763463973999023e-01,-7.900718450546264648e-01,-8.796902298927307129e-01,-1.155704483389854431e-01,7.095316648483276367e-01,3.938478231430053711e-02,6.543945670127868652e-01,-5.724715068936347961e-02,-7.999748587608337402e-01,-7.814546227455139160e-01,-6.388891339302062988e-01,-1.118571519851684570e+00,-3.582875430583953857e-02,-5.349993109703063965e-01,-1.594800204038619995e-01,1.515620946884155273e-01,-3.926429152488708496e-01,4.291890859603881836e-01,-4.215217530727386475e-01,3.661228418350219727e-01,-6.203348636627197266e-01,3.805127143859863281e-01,2.061013579368591309e-01,9.207908511161804199e-01,-8.655921816825866699e-01,5.622740387916564941e-01,-2.503189444541931152e-01,1.241383925080299377e-01,-2.692031562328338623e-01,5.078563094139099121e-01,7.135276682674884796e-03,5.672981217503547668e-02,-2.681893408298492432e-01,6.844716668128967285e-01,9.663814902305603027e-01,-1.655923873186111450e-01,-6.607511639595031738e-01,1.503734588623046875e-01,2.841754257678985596e-01,-1.765157282352447510e-01
-4.183629751205444336e-01,-1.679508835077285767e-01,-9.973996877670288086e-01,-1.557178944349288940e-01,8.238439261913299561e-02,1.014181971549987793e-01,3.340440392494201660e-01,5.321425795555114746e-01,-9.087091088294982910e-01,8.073198199272155762e-01,1.707369923591613770e+00,5.235768556594848633e-01,4.743666574358940125e-02,7.349320054054260254e-01,7.419240474700927734e-01,1.358717799186706543e+00,-2.123041152954101562e-01,5.693078786134719849e-02,3.760000169277191162e-01,7.756827473640441895e-01,4.590239524841308594e-01,-5.836832523345947266e-01,9.715210795402526855e-01,-1.218167245388031006e-01,5.197886824607849121e-01,-7.713930606842041016e-01,-8.784160614013671875e-01,-1.126526594161987305e-01,7.110002040863037109e-01,5.033139884471893311e-02,6.520064473152160645e-01,-6.095635890960693359e-02,-7.923781871795654297e-01,-7.618458867073059082e-01,-6.360496878623962402e-01,-1.087968230247497559e+00,-2.232220023870468140e-02,-5.335521697998046875e-01,-1.615301370620727539e-01,1.763268709182739258e-01,-3.829967081546783447e-01,4.354709982872009277e-01,-4.093481898307800293e-01,3.506602644920349121e-01,-6.287118792533874512e-01,3.801808953285217285e-01,2.054364681243896484e-01,9.029414057731628418e-01,-8.552216291427612305e-01,5.661195516586303711e-01,-2.465528696775436401e-01,1.274135261774063110e-01,-2.677633464336395264e-01,5.201071500778198242e-01,1.661159656941890717e-02,4.996895417571067810e-02,-2.762416899204254150e-01,6.748234629631042480e-01,9.673457145690917969e-01,-1.493174731731414795e-01,-6.651182174682617188e-01,1.555193662643432617e-01,2.892405390739440918e-01,-1.913707256317138672e-01
-4.175755381584167480e-01,-1.616099327802658081e-01,-1.015180110931396484e+00,-1.780430823564529419e-01,9.978829324245452881e-02,8.759835362434387207e-02,3.853983283042907715e-01,5.586515665054321289e-01,-9.048768281936645508e-01,8.247516155242919922e-01,1.733298778533935547e+00,5.148577094078063965e-01,4.944284632802009583e-02,7.159964442253112793e-01,7.411020398139953613e-01,1.348495602607727051e+00,-1.815509051084518433e-01,5.980530381202697754e-02,3.806718289852142334e-01,7.595414519309997559e-01,4.654705822467803955e-01,-5.737320780754089355e-01,9.834275245666503906e-01,-9.618141502141952515e-02,5.158509016036987305e-01,-8.030302524566650391e-01,-8.732424974441528320e-01,-1.073818802833557129e-01,6.747458577156066895e-01,4.886747896671295166e-02,6.708877086639404297e-01,-6.754744052886962891e-02,-8.088632822036743164e-01,-7.686614394187927246e-01,-6.564620733261108398e-01,-1.113297581672668457e+00,-4.407102987170219421e-02,-5.297583341598510742e-01,-1.704196333885192871e-01,1.421046406030654907e-01,-3.800669908523559570e-01,4.344144761562347412e-01,-4.409326016902923584e-01,3.570884466171264648e-01,-6.239407062530517578e-01,3.879427909851074219e-01,2.174375802278518677e-01,9.428355693817138672e-01,-8.433215618133544922e-01,5.557066798210144043e-01,-2.494555711746215820e-01,1.138954311609268188e-01,-2.822940945625305176e-01,5.083099603652954102e-01,2.473011054098606110e-02,8.325470238924026489e-02,-2.758783102035522461e-01,6.823637485504150391e-01,9.643252491950988770e-01,-1.481828987598419189e-01,-6.567479372024536133e-01,1.634670943021774292e-01,2.951942384243011475e-01,-1.879155784845352173e-01
-4.347998499870300293e-01,-1.521175354719161987e-01,-1.036239743232727051e+00,-1.421634703874588013e-01,9.468617290258407593e-02,9.082037955522537231e-02,3.398933708667755127e-01,5.202956795692443848e-01,-9.095876812934875488e-01,8.078905940055847168e-01,1.705162405967712402e+00,5.141470432281494141e-01,3.237553685903549194e-02,7.275190949440002441e-01,7.556138634681701660e-01,1.344141125679016113e+00,-1.998293399810791016e-01,8.506732434034347534e-02,3.636974692344665527e-01,7.722537517547607422e-01,4.598025381565093994e-01,-5.722514986991882324e-01,9.744299650192260742e-01,-1.231157630681991577e-01,4.946825206279754639e-01,-7.816778421401977539e-01,-8.795927762985229492e-01,-1.269473880529403687e-01,7.256812453269958496e-01,2.653139643371105194e-02,6.386187076568603516e-01,-4.942232370376586914e-02,-8.124333620071411133e-01,-7.671117782592773438e-01,-6.395469307899475098e-01,-1.094178438186645508e+00,-1.295461971312761307e-02,-5.322743058204650879e-01,-1.476280987262725830e-01,1.771977096796035767e-01,-4.023225009441375732e-01,4.447541832923889160e-01,-4.296279251575469971e-01,3.552567064762115479e-01,-6.300501823425292969e-01,3.736354708671569824e-01,2.094186842441558838e-01,9.107357263565063477e-01,-8.306538462638854980e-01,5.461649298667907715e-01,-2.492054551839828491e-01,1.243206560611724854e-01,-2.700261771678924561e-01,5.046621561050415039e-01,2.166269347071647644e-02,4.132970795035362244e-02,-2.745835781097412109e-01,6.823740005493164062e-01,9.708303809165954590e-01,-1.512909829616546631e-01,-6.797206997871398926e-01,1.547552198171615601e-01,2.915143668651580811e-01,-1.939488947391510010e-01
-4.374450445175170898e-01,-1.691543608903884888e-01,-1.014832377433776855e+00,-1.777631193399429321e-01,7.450377196073532104e-02,9.647476673126220703e-02,3.655699789524078369e-01,5.366212129592895508e-01,-9.256787896156311035e-01,8.100910186767578125e-01,1.738411545753479004e+00,5.130519270896911621e-01,4.735673964023590088e-02,7.282372117042541504e-01,7.468357682228088379e-01,1.374360561370849609e+00,-1.940016001462936401e-01,5.788779258728027344e-02,3.835495710372924805e-01,7.857307195663452148e-01,4.512091875076293945e-01,-5.940471887588500977e-01,9.727784991264343262e-01,-1.001800000667572021e-01,5.128391981124877930e-01,-7.809121012687683105e-01,-8.981634378433227539e-01,-1.128519475460052490e-01,7.087706327438354492e-01,3.583818674087524414e-02,6.768436431884765625e-01,-5.719574913382530212e-02,-8.093422055244445801e-01,-7.848594784736633301e-01,-6.394380927085876465e-01,-1.101501226425170898e+00,-4.187309741973876953e-02,-5.476484298706054688e-01,-1.591895222663879395e-01,1.460348814725875854e-01,-3.874420821666717529e-01,4.296300411224365234e-01,-4.327799379825592041e-01,3.391769230365753174e-01,-6.270681023597717285e-01,3.887976706027984619e-01,2.131025642156600952e-01,9.369578957557678223e-01,-8.549283146858215332e-01,5.665246248245239258e-01,-2.455212771892547607e-01,1.131722554564476013e-01,-2.647437155246734619e-01,5.051298737525939941e-01,-6.363865919411182404e-03,8.149291574954986572e-02,-2.855662405490875244e-01,6.853090524673461914e-01,9.675225615501403809e-01,-1.561265587806701660e-01,-6.614249348640441895e-01,1.431020945310592651e-01,2.961304187774658203e-01,-1.687916070222854614e-01
-4.289361536502838135e-01,-1.666668504476547241e-01,-1.002988100051879883e+00,-1.737812161445617676e-01,7.974842935800552368e-02,8.660502731800079346e-02,3.632476627826690674e-01,5.180258154869079590e-01,-9.039636254310607910e-01,8.113978505134582520e-01,1.718059062957763672e+00,5.047484636306762695e-01,8.143432438373565674e-02,7.005463838577270508e-01,7.587146759033203125e-01,1.344427585601806641e+00,-1.887874603271484375e-01,5.737402290105819702e-02,3.635633885860443115e-01,7.637820839881896973e-01,4.650225341320037842e-01,-5.986958146095275879e-01,1.010667204856872559e+00,-1.194831803441047668e-01,5.243275165557861328e-01,-7.818403244018554688e-01,-8.718115687370300293e-01,-1.287224888801574707e-01,6.700373291969299316e-01,5.669096857309341431e-02,6.541422605514526367e-01,-5.981214717030525208e-02,-7.854992151260375977e-01,-7.569078803062438965e-01,-6.352522373199462891e-01,-1.115517020225524902e+00,-1.849296502768993378e-02,-5.364074707031250000e-01,-1.484997421503067017e-01,1.841077655553817749e-01,-3.670212030410766602e-01,4.585237503051757812e-01,-4.263054728507995605e-01,3.505708873271942139e-01,-6.224378943443298340e-01,3.703869879245758057e-01,2.162186652421951294e-01,9.210246801376342773e-01,-8.639938831329345703e-01,5.764542222023010254e-01,-2.521586418151855469e-01,1.517497450113296509e-01,-2.719615399837493896e-01,5.084941387176513672e-01,5.494136363267898560e-03,6.331305950880050659e-02,-2.377087771892547607e-01,6.851571798324584961e-01,9.642524719238281250e-01,-1.637277454137802124e-01,-6.323990821838378906e-01,1.584856808185577393e-01,2.747614681720733643e-01,-1.991262286901473999e-01
-4.392763376235961914e-01,-1.685281097888946533e-01,-9.984980225563049316e-01,-1.701080799102783203e-01,8.873887360095977783e-02,1.052142307162284851e-01,3.422107994556427002e-01,5.297183394432067871e-01,-9.068922996520996094e-01,8.200656771659851074e-01,1.724098443984985352e+00,5.211253166198730469e-01,5.099453404545783997e-02,7.215015292167663574e-01,7.590770125389099121e-01,1.353825569152832031e+00,-2.073678821325302124e-01,7.290948182344436646e-02,3.830445110797882080e-01,7.662287950515747070e-01,4.635216593742370605e-01,-5.768046379089355469e-01,9.830827713012695312e-01,-1.048442423343658447e-01,5.024804472923278809e-01,-7.734816670417785645e-01,-8.922272920608520508e-01,-1.259241253137588501e-01,6.991600394248962402e-01,4.009340703487396240e-02,6.548481583595275879e-01,-6.546936184167861938e-02,-7.934969067573547363e-01,-7.757915854454040527e-01,-6.238183975219726562e-01,-1.098263859748840332e+00,-1.345719210803508759e-02,-5.529598593711853027e-01,-1.497470885515213013e-01,1.784264594316482544e-01,-3.921358585357666016e-01,4.417236745357513428e-01,-4.264554083347320557e-01,3.419594168663024902e-01,-6.377046704292297363e-01,3.663916587829589844e-01,2.188332080841064453e-01,9.162403345108032227e-01,-8.457521796226501465e-01,5.529562830924987793e-01,-2.353145927190780640e-01,1.450871676206588745e-01,-2.523780465126037598e-01,5.076817274093627930e-01,1.368293538689613342e-02,5.255702137947082520e-02,-2.589969933032989502e-01,6.801143288612365723e-01,9.794537425041198730e-01,-1.707951873540878296e-01,-6.512203812599182129e-01,1.524057835340499878e-01,2.875096499919891357e-01,-1.964520812034606934e-01
-4.210032820701599121e-01,-1.522766053676605225e-01,-1.002669811248779297e+00,-1.787208169698715210e-01,1.002395898103713989e-01,8.717924356460571289e-02,3.420896232128143311e-01,5.527920126914978027e-01,-9.284038543701171875e-01,8.070871829986572266e-01,1.704735517501831055e+00,5.257555246353149414e-01,3.651012480258941650e-02,7.385479211807250977e-01,7.512258887290954590e-01,1.373280525207519531e+00,-2.031162530183792114e-01,6.184324994683265686e-02,3.663766980171203613e-01,7.848796844482421875e-01,4.503184258937835693e-01,-5.830819010734558105e-01,9.704920053482055664e-01,-1.066558659076690674e-01,5.175829529762268066e-01,-7.791910171508789062e-01,-8.662064075469970703e-01,-1.182531043887138367e-01,7.089346647262573242e-01,4.142381995916366577e-02,6.516324281692504883e-01,-3.932582214474678040e-02,-8.009928464889526367e-01,-7.851932048797607422e-01,-6.394259333610534668e-01,-1.083469510078430176e+00,-3.534168750047683716e-02,-5.332710742950439453e-01,-1.559504419565200806e-01,1.789529174566268921e-01,-3.880880773067474365e-01,4.395322501659393311e-01,-4.125335514545440674e-01,3.475831449031829834e-01,-6.313204765319824219e-01,3.615632951259613037e-01,2.265804409980773926e-01,9.074333310127258301e-01,-8.677014112472534180e-01,5.696371793746948242e-01,-2.571143805980682373e-01,1.280964165925979614e-01,-2.720601856708526611e-01,5.118924379348754883e-01,2.604375407099723816e-02,7.156109809875488281e-02,-2.918563187122344971e-01,6.853021979331970215e-01,9.682972431182861328e-01,-1.622911542654037476e-01,-6.748047471046447754e-01,1.611962467432022095e-01,2.945242524147033691e-01,-1.816109716892242432e-01
-4.346784949302673340e-01,-1.448588967323303223e-01,-1.006023049354553223e+00,-1.606392711400985718e-01,9.929145872592926025e-02,8.715205639600753784e-02,3.573572933673858643e-01,5.348235964775085449e-01,-9.159473180770874023e-01,8.146684169769287109e-01,1.700580358505249023e+00,5.103073716163635254e-01,4.410330578684806824e-02,7.244392037391662598e-01,7.439743876457214355e-01,1.346623778343200684e+00,-1.720369756221771240e-01,6.591750681400299072e-02,3.668865561485290527e-01,7.675808668136596680e-01,4.494774937629699707e-01,-5.796461701393127441e-01,9.866881370544433594e-01,-1.093840226531028748e-01,5.081623792648315430e-01,-7.997806668281555176e-01,-8.789930939674377441e-01,-1.366476267576217651e-01,6.795455217361450195e-01,4.476433247327804565e-02,6.637471318244934082e-01,-5.524229630827903748e-02,-8.057582974433898926e-01,-7.886441349983215332e-01,-6.223637461662292480e-01,-1.096288442611694336e+00,-3.292190283536911011e-02,-5.285918116569519043e-01,-1.511736512184143066e-01,1.632249951362609863e-01,-3.913835883140563965e-01,4.550085961818695068e-01,-4.312502741813659668e-01,3.537382483482360840e-01,-6.287255883216857910e-01,3.734536468982696533e-01,2.087739855051040649e-01,9.304954409599304199e-01,-8.652389049530029297e-01,5.553684830665588379e-01,-2.583359777927398682e-01,1.233470290899276733e-01,-2.713574469089508057e-01,5.196531414985656738e-01,4.129629582166671753e-03,6.665632128715515137e-02,-2.698977589607238770e-01,7.020727992057800293e-01,9.631500244140625000e-01,-1.551120728254318237e-01,-6.624462604522705078e-01,1.618616580963134766e-01,2.893732786178588867e-01,-1.844139695167541504e-01
-4.336102306842803955e-01,-1.583526879549026489e-01,-1.014815211296081543e+00,-1.782615333795547485e-01,8.977719396352767944e-02,7.977241277694702148e-02,3.475163877010345459e-01,5.375415682792663574e-01,-9.173802733421325684e-01,8.086485266685485840e-01,1.719208121299743652e+00,5.106109380722045898e-01,4.636665433645248413e-02,7.284405231475830078e-01,7.461181879043579102e-01,1.349947571754455566e+00,-2.071045935153961182e-01,7.550194859504699707e-02,3.682220280170440674e-01,7.755295634269714355e-01,4.527368843555450439e-01,-5.744875073432922363e-01,9.861509799957275391e-01,-1.050654649734497070e-01,5.132170319557189941e-01,-7.653429508209228516e-01,-8.703474998474121094e-01,-1.184310987591743469e-01,7.080627679824829102e-01,3.929307311773300171e-02,6.435773372650146484e-01,-5.309681221842765808e-02,-7.944712042808532715e-01,-7.627518773078918457e-01,-6.415557265281677246e-01,-1.096257805824279785e+00,-2.560309879481792450e-02,-5.451052188873291016e-01,-1.494730859994888306e-01,1.835434287786483765e-01,-3.902798891067504883e-01,4.404377043247222900e-01,-4.265370368957519531e-01,3.512224853038787842e-01,-6.383585333824157715e-01,3.751054108142852783e-01,2.200302928686141968e-01,9.086495637893676758e-01,-8.597326874732971191e-01,5.713505744934082031e-01,-2.618962526321411133e-01,1.161906868219375610e-01,-2.657449543476104736e-01,5.074716806411743164e-01,7.431480102241039276e-03,6.876388937234878540e-02,-2.866349518299102783e-01,6.840865015983581543e-01,9.693154692649841309e-01,-1.571009606122970581e-01,-6.639726161956787109e-01,1.612756401300430298e-01,2.876076698303222656e-01,-1.794224828481674194e-01
-4.303390085697174072e-01,-1.535351574420928955e-01,-1.024527311325073242e+00,-1.629301160573959351e-01,7.814601808786392212e-02,9.640072286128997803e-02,3.425599336624145508e-01,5.354779958724975586e-01,-9.170983433723449707e-01,8.039957284927368164e-01,1.706614255905151367e+00,5.025335550308227539e-01,5.631124600768089294e-02,7.215381264686584473e-01,7.529355883598327637e-01,1.354756712913513184e+00,-1.920445114374160767e-01,6.440480798482894897e-02,3.609744012355804443e-01,7.772357463836669922e-01,4.551995694637298584e-01,-5.934602022171020508e-01,9.866195917129516602e-01,-1.214645728468894958e-01,5.117081403732299805e-01,-7.991357445716857910e-01,-8.667805194854736328e-01,-1.283764541149139404e-01,7.062770724296569824e-01,5.236501246690750122e-02,6.444464921951293945e-01,-6.194040551781654358e-02,-8.094359636306762695e-01,-7.702797651290893555e-01,-6.338919401168823242e-01,-1.099855065345764160e+00,-3.354812413454055786e-02,-5.474707484245300293e-01,-1.608252078294754028e-01,1.784716397523880005e-01,-3.767079412937164307e-01,4.463545978069305420e-01,-4.284412860870361328e-01,3.566797971725463867e-01,-6.245719194412231445e-01,3.749990463256835938e-01,1.981562823057174683e-01,9.112350940704345703e-01,-8.713743686676025391e-01,5.738596916198730469e-01,-2.564796507358551025e-01,1.328750252723693848e-01,-2.764988839626312256e-01,5.178560614585876465e-01,3.839295357465744019e-03,5.687922611832618713e-02,-2.717997431755065918e-01,6.805001497268676758e-01,9.589898586273193359e-01,-1.557503193616867065e-01,-6.562107801437377930e-01,1.542316377162933350e-01,2.867710292339324951e-01,-1.823460310697555542e-01
-4.257370233535766602e-01,-1.748749613761901855e-01,-1.017653942108154297e+00,-1.722464710474014282e-01,8.502997457981109619e-02,8.731136471033096313e-02,3.469474017620086670e-01,5.475574731826782227e-01,-9.120566844940185547e-01,8.122659921646118164e-01,1.728026151657104492e+00,5.009300112724304199e-01,6.689187884330749512e-02,7.229539752006530762e-01,7.436970472335815430e-01,1.350005269050598145e+00,-2.053128331899642944e-01,5.570625886321067810e-02,3.629975318908691406e-01,7.675436139106750488e-01,4.631160795688629150e-01,-5.743954181671142578e-01,9.956662654876708984e-01,-1.106529682874679565e-01,5.080756545066833496e-01,-7.723391652107238770e-01,-8.721995353698730469e-01,-1.236705482006072998e-01,6.949472427368164062e-01,4.944445937871932983e-02,6.526433825492858887e-01,-6.274820864200592041e-02,-7.934508919715881348e-01,-7.591547369956970215e-01,-6.415624618530273438e-01,-1.101099729537963867e+00,-2.911096997559070587e-02,-5.446669459342956543e-01,-1.623569875955581665e-01,1.744865626096725464e-01,-3.679521679878234863e-01,4.428943097591400146e-01,-4.150132834911346436e-01,3.422614336013793945e-01,-6.512498855590820312e-01,3.651645183563232422e-01,2.090205550193786621e-01,9.096491336822509766e-01,-8.598442077636718750e-01,5.802419185638427734e-01,-2.527988255023956299e-01,1.328663825988769531e-01,-2.725241184234619141e-01,5.234175920486450195e-01,6.291415542364120483e-03,6.232754886150360107e-02,-2.685922384262084961e-01,6.776450276374816895e-01,9.608802795410156250e-01,-1.598957926034927368e-01,-6.483225226402282715e-01,1.592104732990264893e-01,2.829512059688568115e-01,-1.979016065597534180e-01
-4.191232323646545410e-01,-1.556928306818008423e-01,-1.018541812896728516e+00,-1.753750443458557129e-01,9.664275497198104858e-02,8.429647237062454224e-02,3.524281382560729980e-01,5.319471359252929688e-01,-9.091910719871520996e-01,8.111385107040405273e-01,1.698057889938354492e+00,5.062445402145385742e-01,4.377520084381103516e-02,7.115854620933532715e-01,7.478383779525756836e-01,1.329622626304626465e+00,-2.029241472482681274e-01,6.038614735007286072e-02,3.545044064521789551e-01,7.690504193305969238e-01,4.540480673313140869e-01,-5.638256072998046875e-01,9.743048548698425293e-01,-1.065660715103149414e-01,5.058957338333129883e-01,-7.540494203567504883e-01,-8.680022358894348145e-01,-1.192189827561378479e-01,6.859677433967590332e-01,3.747193515300750732e-02,6.564157009124755859e-01,-4.422054067254066467e-02,-7.845291495323181152e-01,-7.614595890045166016e-01,-6.462152600288391113e-01,-1.088125586509704590e+00,-2.959384396672248840e-02,-5.224750041961669922e-01,-1.449490040540695190e-01,1.665495038032531738e-01,-3.809342384338378906e-01,4.339850246906280518e-01,-4.185352027416229248e-01,3.428584635257720947e-01,-6.275212764739990234e-01,3.773203790187835693e-01,2.162947803735733032e-01,9.105002284049987793e-01,-8.362738490104675293e-01,5.608112812042236328e-01,-2.490660697221755981e-01,1.315329521894454956e-01,-2.658186852931976318e-01,4.963406026363372803e-01,2.876805886626243591e-02,6.303438544273376465e-02,-2.686077356338500977e-01,6.754541397094726562e-01,9.556644558906555176e-01,-1.518498212099075317e-01,-6.546180844306945801e-01,1.586171835660934448e-01,2.892574071884155273e-01,-1.952942609786987305e-01
-4.335694313049316406e-01,-1.651514172554016113e-01,-1.007104992866516113e+00,-1.726470738649368286e-01,8.971738070249557495e-02,1.041033565998077393e-01,3.658592104911804199e-01,5.465663075447082520e-01,-9.044411778450012207e-01,8.128710389137268066e-01,1.720540881156921387e+00,5.127744078636169434e-01,5.743549019098281860e-02,7.165669202804565430e-01,7.500619888305664062e-01,1.357153058052062988e+00,-1.977066993713378906e-01,6.256156414747238159e-02,3.679233193397521973e-01,7.717118263244628906e-01,4.687615334987640381e-01,-5.852699279785156250e-01,9.966945648193359375e-01,-1.006952598690986633e-01,5.167049169540405273e-01,-7.813338637351989746e-01,-8.606929183006286621e-01,-1.187955066561698914e-01,6.864548325538635254e-01,5.049963295459747314e-02,6.594607234001159668e-01,-5.551302060484886169e-02,-7.815994024276733398e-01,-7.595567107200622559e-01,-6.403024196624755859e-01,-1.100172162055969238e+00,-3.442040458321571350e-02,-5.318244695663452148e-01,-1.577375978231430054e-01,1.595011949539184570e-01,-3.825356364250183105e-01,4.411005675792694092e-01,-4.222584366798400879e-01,3.437155783176422119e-01,-6.418622136116027832e-01,3.603980541229248047e-01,2.198804169893264771e-01,9.195407032966613770e-01,-8.457263112068176270e-01,5.711766481399536133e-01,-2.416251301765441895e-01,1.308425962924957275e-01,-2.624391019344329834e-01,5.099814534187316895e-01,1.395298726856708527e-02,6.619083881378173828e-02,-2.776781320571899414e-01,6.777453422546386719e-01,9.525172114372253418e-01,-1.475723683834075928e-01,-6.564830541610717773e-01,1.620420068502426147e-01,2.739049196243286133e-01,-1.981159150600433350e-01
-4.298960864543914795e-01,-1.696524769067764282e-01,-1.027936935424804688e+00,-1.736509501934051514e-01,1.024349853396415710e-01,1.103120222687721252e-01,3.448075354099273682e-01,5.298221707344055176e-01,-9.227077364921569824e-01,8.467589020729064941e-01,1.748511791229248047e+00,5.095798373222351074e-01,4.077920690178871155e-02,7.319480180740356445e-01,7.527957558631896973e-01,1.348487496376037598e+00,-2.141905575990676880e-01,4.600812122225761414e-02,3.625160157680511475e-01,7.816526889801025391e-01,4.707357585430145264e-01,-5.718851089477539062e-01,9.886838197708129883e-01,-1.225270479917526245e-01,5.001221299171447754e-01,-7.690146565437316895e-01,-8.946590423583984375e-01,-1.336467713117599487e-01,6.965669989585876465e-01,3.190089762210845947e-02,6.766741275787353516e-01,-5.026615783572196960e-02,-7.912999987602233887e-01,-7.603918313980102539e-01,-6.381348371505737305e-01,-1.109730005264282227e+00,-1.620456017553806305e-02,-5.363985896110534668e-01,-1.527006775140762329e-01,1.800270378589630127e-01,-3.827973604202270508e-01,4.439073204994201660e-01,-4.111401140689849854e-01,3.488411009311676025e-01,-6.351190209388732910e-01,3.859728872776031494e-01,2.061815261840820312e-01,9.138947129249572754e-01,-8.650167584419250488e-01,5.683290362358093262e-01,-2.389801442623138428e-01,1.471265554428100586e-01,-2.559077441692352295e-01,5.275532007217407227e-01,3.092385455965995789e-02,3.915059939026832581e-02,-2.359373718500137329e-01,6.837520599365234375e-01,9.829215407371520996e-01,-1.804331094026565552e-01,-6.592884063720703125e-01,1.539120376110076904e-01,2.847539484500885010e-01,-2.124836146831512451e-01
-4.348107874393463135e-01,-1.551323980093002319e-01,-1.022596240043640137e+00,-1.620181947946548462e-01,8.473285287618637085e-02,1.016053110361099243e-01,3.374643325805664062e-01,5.163843035697937012e-01,-9.243137240409851074e-01,8.138296008110046387e-01,1.720155954360961914e+00,5.138099789619445801e-01,4.964904859662055969e-02,7.240942716598510742e-01,7.502154707908630371e-01,1.351873040199279785e+00,-1.981991380453109741e-01,6.835954636335372925e-02,3.685832619667053223e-01,7.833330631256103516e-01,4.565508365631103516e-01,-5.768641233444213867e-01,9.844806790351867676e-01,-1.202462911605834961e-01,5.053622722625732422e-01,-7.708910107612609863e-01,-8.890781998634338379e-01,-1.315925866365432739e-01,7.074304819107055664e-01,4.011608660221099854e-02,6.589190959930419922e-01,-5.489069223403930664e-02,-8.028936982154846191e-01,-7.701551914215087891e-01,-6.341683268547058105e-01,-1.101065635681152344e+00,-2.431183122098445892e-02,-5.489674806594848633e-01,-1.409550011157989502e-01,1.797543615102767944e-01,-3.881563544273376465e-01,4.439368247985839844e-01,-4.234016835689544678e-01,3.406566977500915527e-01,-6.380650997161865234e-01,3.866917788982391357e-01,2.016554623842239380e-01,9.050723314285278320e-01,-8.525021672248840332e-01,5.693458318710327148e-01,-2.573800384998321533e-01,1.332037597894668579e-01,-2.617540061473846436e-01,5.165656805038452148e-01,1.176609471440315247e-02,5.469534918665885925e-02,-2.682565748691558838e-01,6.959722638130187988e-01,9.705359935760498047e-01,-1.629210710525512695e-01,-6.679331064224243164e-01,1.525092571973800659e-01,2.894001603126525879e-01,-1.857668012380599976e-01
-4.287312030792236328e-01,-1.581770181655883789e-01,-1.002668380737304688e+00,-1.749251186847686768e-01,9.688113629817962646e-02,9.183466434478759766e-02,3.664537668228149414e-01,5.401582717895507812e-01,-9.066079258918762207e-01,8.193579316139221191e-01,1.717383384704589844e+00,5.123390555381774902e-01,4.818416759371757507e-02,7.168595790863037109e-01,7.492464184761047363e-01,1.346171975135803223e+00,-1.854459792375564575e-01,7.016404718160629272e-02,3.722365498542785645e-01,7.606438994407653809e-01,4.635482132434844971e-01,-5.789346098899841309e-01,9.839370846748352051e-01,-1.027028113603591919e-01,5.036242604255676270e-01,-7.894770503044128418e-01,-8.795589804649353027e-01,-1.183738708496093750e-01,6.919803619384765625e-01,4.604200273752212524e-02,6.614369750022888184e-01,-6.814705580472946167e-02,-7.925325632095336914e-01,-7.775558829307556152e-01,-6.348442435264587402e-01,-1.107081294059753418e+00,-3.215768560767173767e-02,-5.371112227439880371e-01,-1.591770201921463013e-01,1.698175519704818726e-01,-3.809544444084167480e-01,4.418078362941741943e-01,-4.326170980930328369e-01,3.496958315372467041e-01,-6.237639188766479492e-01,3.726641237735748291e-01,2.154344618320465088e-01,9.287495017051696777e-01,-8.526176214218139648e-01,5.609170198440551758e-01,-2.530905306339263916e-01,1.249717548489570618e-01,-2.707887291908264160e-01,5.113191604614257812e-01,1.264769956469535828e-02,6.428901851177215576e-02,-2.587197124958038330e-01,6.790425181388854980e-01,9.635142087936401367e-01,-1.548176705837249756e-01,-6.418132781982421875e-01,1.544978767633438110e-01,2.927609384059906006e-01,-1.904756128787994385e-01
-4.311879575252532959e-01,-1.669632792472839355e-01,-1.007498264312744141e+00,-1.684382706880569458e-01,9.081549942493438721e-02,1.046270802617073059e-01,3.553628921508789062e-01,5.310935974121093750e-01,-9.194301962852478027e-01,8.234933018684387207e-01,1.731888413429260254e+00,5.055363178253173828e-01,4.378366097807884216e-02,7.269080877304077148e-01,7.408074140548706055e-01,1.345396041870117188e+00,-2.019903659820556641e-01,6.530690193176269531e-02,3.697273731231689453e-01,7.687021493911743164e-01,4.594911336898803711e-01,-5.763252973556518555e-01,9.839789867401123047e-01,-1.091772764921188354e-01,5.041826963424682617e-01,-7.791768312454223633e-01,-8.874456286430358887e-01,-1.255918145179748535e-01,7.036854028701782227e-01,4.509679973125457764e-02,6.634755730628967285e-01,-6.522956490516662598e-02,-7.959106564521789551e-01,-7.653919458389282227e-01,-6.296869516372680664e-01,-1.105724215507507324e+00,-3.361939266324043274e-02,-5.405988097190856934e-01,-1.581610441207885742e-01,1.660489439964294434e-01,-3.842229247093200684e-01,4.407327771186828613e-01,-4.215282797813415527e-01,3.414199948310852051e-01,-6.270470619201660156e-01,3.698054850101470947e-01,2.023184895515441895e-01,9.152778983116149902e-01,-8.522375822067260742e-01,5.647459030151367188e-01,-2.530719935894012451e-01,1.202119216322898865e-01,-2.648757100105285645e-01,5.143500566482543945e-01,7.850882597267627716e-03,5.213115364313125610e-02,-2.598610520362854004e-01,6.711562275886535645e-01,9.642009735107421875e-01,-1.581035405397415161e-01,-6.493592858314514160e-01,1.516562849283218384e-01,2.924858331680297852e-01,-1.913770586252212524e-01
-4.392512142658233643e-01,-1.632650047540664673e-01,-1.006738424301147461e+00,-1.669214814901351929e-01,9.479112178087234497e-02,1.031511500477790833e-01,3.521559536457061768e-01,5.412719845771789551e-01,-9.301472902297973633e-01,8.358879089355468750e-01,1.748343110084533691e+00,5.203961730003356934e-01,5.665215849876403809e-02,7.319529056549072266e-01,7.558805346488952637e-01,1.370647788047790527e+00,-2.065816372632980347e-01,6.761107593774795532e-02,3.819091022014617920e-01,7.844613194465637207e-01,4.738225638866424561e-01,-5.857723951339721680e-01,9.949890375137329102e-01,-1.141545251011848450e-01,5.118797421455383301e-01,-7.932282090187072754e-01,-8.904883265495300293e-01,-1.191232129931449890e-01,7.052004337310791016e-01,4.748738557100296021e-02,6.692394018173217773e-01,-6.527367234230041504e-02,-8.017670512199401855e-01,-7.750402688980102539e-01,-6.394693851470947266e-01,-1.125314116477966309e+00,-2.680457942187786102e-02,-5.588058233261108398e-01,-1.520801186561584473e-01,1.765472143888473511e-01,-3.975791037082672119e-01,4.546098113059997559e-01,-4.309247434139251709e-01,3.474560081958770752e-01,-6.442990303039550781e-01,3.807477951049804688e-01,2.126788198947906494e-01,9.158734083175659180e-01,-8.624139428138732910e-01,5.746697783470153809e-01,-2.654785215854644775e-01,1.268901973962783813e-01,-2.632538974285125732e-01,5.361138582229614258e-01,9.217870421707630157e-03,5.412102863192558289e-02,-2.631555199623107910e-01,6.913972496986389160e-01,9.831084609031677246e-01,-1.610716134309768677e-01,-6.627143025398254395e-01,1.572322994470596313e-01,2.847268879413604736e-01,-1.874925345182418823e-01
-4.261039495468139648e-01,-1.545545905828475952e-01,-1.004000425338745117e+00,-1.648746728897094727e-01,9.882782399654388428e-02,9.135667234659194946e-02,3.685652017593383789e-01,5.383088588714599609e-01,-9.088538885116577148e-01,8.172283172607421875e-01,1.721616744995117188e+00,5.232453942298889160e-01,4.611524567008018494e-02,7.183699607849121094e-01,7.533324956893920898e-01,1.364851474761962891e+00,-1.814287304878234863e-01,7.357015460729598999e-02,3.849427700042724609e-01,7.720957994461059570e-01,4.670459628105163574e-01,-5.994025468826293945e-01,9.921851754188537598e-01,-1.070775091648101807e-01,5.230323672294616699e-01,-8.007587790489196777e-01,-8.761710524559020996e-01,-1.166514754295349121e-01,6.904103159904479980e-01,4.704120755195617676e-02,6.625741124153137207e-01,-5.907853320240974426e-02,-8.018018007278442383e-01,-7.920689582824707031e-01,-6.380819082260131836e-01,-1.109579443931579590e+00,-3.086721710860729218e-02,-5.296171307563781738e-01,-1.521478295326232910e-01,1.639159619808197021e-01,-3.951537907123565674e-01,4.524763524532318115e-01,-4.313442707061767578e-01,3.522831797599792480e-01,-6.228021979331970215e-01,3.728182017803192139e-01,2.251149564981460571e-01,9.322055578231811523e-01,-8.537391424179077148e-01,5.577281117439270020e-01,-2.514543235301971436e-01,1.236013770103454590e-01,-2.711319923400878906e-01,5.149295330047607422e-01,1.922311261296272278e-02,6.668286025524139404e-02,-2.759960889816284180e-01,6.874591112136840820e-01,9.676756262779235840e-01,-1.489555090665817261e-01,-6.616502404212951660e-01,1.593173295259475708e-01,2.877876460552215576e-01,-1.895271241664886475e-01
-4.313086271286010742e-01,-1.618054360151290894e-01,-9.959713220596313477e-01,-1.749096363782882690e-01,9.861191362142562866e-02,1.046296134591102600e-01,3.431300222873687744e-01,5.206254720687866211e-01,-9.180360436439514160e-01,8.185939788818359375e-01,1.714212536811828613e+00,5.052250623703002930e-01,4.762255027890205383e-02,7.186821699142456055e-01,7.508518695831298828e-01,1.334048151969909668e+00,-1.928687393665313721e-01,7.134319841861724854e-02,3.736467063426971436e-01,7.686682939529418945e-01,4.584264755249023438e-01,-5.616952180862426758e-01,9.790287613868713379e-01,-1.114047169685363770e-01,5.027333498001098633e-01,-7.689063549041748047e-01,-8.809985518455505371e-01,-1.270466446876525879e-01,6.908448338508605957e-01,3.932310640811920166e-02,6.659756898880004883e-01,-5.549857020378112793e-02,-7.881166934967041016e-01,-7.694684267044067383e-01,-6.243984699249267578e-01,-1.094005465507507324e+00,-2.726351097226142883e-02,-5.421526432037353516e-01,-1.493562608957290649e-01,1.693211942911148071e-01,-3.912374973297119141e-01,4.405516982078552246e-01,-4.155232012271881104e-01,3.392483890056610107e-01,-6.262781620025634766e-01,3.716061413288116455e-01,2.099657654762268066e-01,9.099388718605041504e-01,-8.476256728172302246e-01,5.549120306968688965e-01,-2.483219504356384277e-01,1.266834139823913574e-01,-2.593590319156646729e-01,5.134904980659484863e-01,1.989112235605716705e-02,5.343465134501457214e-02,-2.586024105548858643e-01,6.811935305595397949e-01,9.700613021850585938e-01,-1.735366284847259521e-01,-6.550216674804687500e-01,1.451851278543472290e-01,2.859413921833038330e-01,-1.937426477670669556e-01
-4.191901683807373047e-01,-1.598486751317977905e-01,-9.986083507537841797e-01,-1.801115721464157104e-01,8.430513739585876465e-02,9.870456904172897339e-02,3.339866399765014648e-01,5.221843123435974121e-01,-9.168048501014709473e-01,8.098758459091186523e-01,1.700033426284790039e+00,4.949664473533630371e-01,5.147419124841690063e-02,7.077812552452087402e-01,7.576386928558349609e-01,1.343399882316589355e+00,-2.059327065944671631e-01,6.596474349498748779e-02,3.673485517501831055e-01,7.841675281524658203e-01,4.552332758903503418e-01,-5.674636363983154297e-01,9.726599454879760742e-01,-1.006115525960922241e-01,5.088712573051452637e-01,-7.715255618095397949e-01,-8.588736653327941895e-01,-1.202402189373970032e-01,7.030084729194641113e-01,4.134617745876312256e-02,6.491546630859375000e-01,-4.805324226617813110e-02,-7.901141047477722168e-01,-7.539263963699340820e-01,-6.393499374389648438e-01,-1.096638202667236328e+00,-2.961284294724464417e-02,-5.509793758392333984e-01,-1.444710791110992432e-01,1.864623278379440308e-01,-3.912799656391143799e-01,4.424456357955932617e-01,-4.125234186649322510e-01,3.393302261829376221e-01,-6.258864402770996094e-01,3.737168014049530029e-01,2.165197879076004028e-01,8.833553194999694824e-01,-8.584401607513427734e-01,5.765334963798522949e-01,-2.648168206214904785e-01,1.291001588106155396e-01,-2.641650438308715820e-01,5.126957297325134277e-01,2.871156856417655945e-02,5.246916413307189941e-02,-2.650991380214691162e-01,6.690924763679504395e-01,9.617306590080261230e-01,-1.765808165073394775e-01,-6.519852876663208008e-01,1.445980072021484375e-01,2.893441915512084961e-01,-1.819229722023010254e-01
-4.260208606719970703e-01,-1.483440697193145752e-01,-1.012935996055603027e+00,-1.635423749685287476e-01,1.009435132145881653e-01,9.693013876676559448e-02,3.479995727539062500e-01,5.334315299987792969e-01,-9.153850674629211426e-01,8.137066364288330078e-01,1.712039947509765625e+00,5.161471962928771973e-01,3.911449015140533447e-02,7.252790927886962891e-01,7.510932683944702148e-01,1.348218798637390137e+00,-1.872072964906692505e-01,7.573489844799041748e-02,3.645649552345275879e-01,7.734624147415161133e-01,4.598012566566467285e-01,-5.685669183731079102e-01,9.855390787124633789e-01,-1.105891764163970947e-01,5.146611928939819336e-01,-7.756141424179077148e-01,-8.733237981796264648e-01,-1.290270686149597168e-01,6.992067098617553711e-01,3.477436304092407227e-02,6.590161919593811035e-01,-4.449403285980224609e-02,-7.957912087440490723e-01,-7.755023241043090820e-01,-6.303456425666809082e-01,-1.092464566230773926e+00,-2.627896890044212341e-02,-5.298177003860473633e-01,-1.437278687953948975e-01,1.723266094923019409e-01,-4.005732238292694092e-01,4.439345598220825195e-01,-4.202528297901153564e-01,3.495996296405792236e-01,-6.312204003334045410e-01,3.742112219333648682e-01,2.187914550304412842e-01,9.204196333885192871e-01,-8.521741032600402832e-01,5.536578297615051270e-01,-2.524270117282867432e-01,1.281051933765411377e-01,-2.650845944881439209e-01,5.176986455917358398e-01,2.059805952012538910e-02,6.135747581720352173e-02,-2.765218615531921387e-01,6.991891264915466309e-01,9.790673851966857910e-01,-1.642747074365615845e-01,-6.802081465721130371e-01,1.641496419906616211e-01,2.857032418251037598e-01,-1.978819817304611206e-01
-4.309656322002410889e-01,-1.625243723392486572e-01,-1.014026641845703125e+00,-1.788008660078048706e-01,7.607834786176681519e-02,1.122674942016601562e-01,3.489310443401336670e-01,5.357823967933654785e-01,-9.164426326751708984e-01,8.149978518486022949e-01,1.713821768760681152e+00,5.088603496551513672e-01,6.355897337198257446e-02,7.253213524818420410e-01,7.578338980674743652e-01,1.348641037940979004e+00,-1.947225928306579590e-01,6.180975958704948425e-02,3.754788637161254883e-01,7.770263552665710449e-01,4.635460674762725830e-01,-5.670958757400512695e-01,9.795449972152709961e-01,-1.047702506184577942e-01,5.072937011718750000e-01,-7.768924832344055176e-01,-8.695660829544067383e-01,-1.205947250127792358e-01,6.916636228561401367e-01,5.727190524339675903e-02,6.576964259147644043e-01,-5.547926947474479675e-02,-7.977355122566223145e-01,-7.599684596061706543e-01,-6.350863575935363770e-01,-1.086066126823425293e+00,-3.876081854104995728e-02,-5.487478375434875488e-01,-1.656864285469055176e-01,1.636665314435958862e-01,-3.664641678333282471e-01,4.278110861778259277e-01,-4.264922738075256348e-01,3.332908749580383301e-01,-6.355163455009460449e-01,3.621163964271545410e-01,2.181282639503479004e-01,9.110602140426635742e-01,-8.496097922325134277e-01,5.723763704299926758e-01,-2.380097210407257080e-01,1.323743164539337158e-01,-2.652010917663574219e-01,5.026676058769226074e-01,2.327888645231723785e-02,6.806463003158569336e-02,-2.795927524566650391e-01,6.713563799858093262e-01,9.580137133598327637e-01,-1.689412444829940796e-01,-6.588873863220214844e-01,1.518308669328689575e-01,2.813253402709960938e-01,-1.944944411516189575e-01
-4.299837946891784668e-01,-1.641315072774887085e-01,-1.021359801292419434e+00,-1.610767990350723267e-01,7.384488731622695923e-02,1.099552661180496216e-01,3.385851979255676270e-01,5.184022784233093262e-01,-9.127182364463806152e-01,8.198364377021789551e-01,1.712861895561218262e+00,4.976042807102203369e-01,5.668714269995689392e-02,7.254486680030822754e-01,7.541332244873046875e-01,1.338899970054626465e+00,-1.973427683115005493e-01,7.112669199705123901e-02,3.562124669551849365e-01,7.762136459350585938e-01,4.573993980884552002e-01,-5.697931647300720215e-01,9.858940243721008301e-01,-1.209272220730781555e-01,5.095937848091125488e-01,-7.678906321525573730e-01,-8.744739294052124023e-01,-1.400945782661437988e-01,6.999715566635131836e-01,4.275310784578323364e-02,6.597890257835388184e-01,-5.517551675438880920e-02,-7.936702966690063477e-01,-7.611124515533447266e-01,-6.296308040618896484e-01,-1.094090938568115234e+00,-2.485250867903232574e-02,-5.378401875495910645e-01,-1.494652628898620605e-01,1.724609732627868652e-01,-3.771302103996276855e-01,4.401665627956390381e-01,-4.149971604347229004e-01,3.425126969814300537e-01,-6.364739537239074707e-01,3.736604452133178711e-01,2.150279432535171509e-01,9.123002290725708008e-01,-8.545988798141479492e-01,5.754395127296447754e-01,-2.429981529712677002e-01,1.328707337379455566e-01,-2.648450732231140137e-01,5.150976181030273438e-01,1.519734412431716919e-02,4.844043776392936707e-02,-2.599684000015258789e-01,6.729658842086791992e-01,9.682754278182983398e-01,-1.663589775562286377e-01,-6.613227128982543945e-01,1.520651876926422119e-01,2.816846072673797607e-01,-2.115495204925537109e-01
-4.348553717136383057e-01,-1.661343872547149658e-01,-1.040274024009704590e+00,-1.656503677368164062e-01,8.527824282646179199e-02,9.134972840547561646e-02,3.516919016838073730e-01,5.358549952507019043e-01,-9.235033392906188965e-01,8.225029706954956055e-01,1.735596299171447754e+00,5.220871567726135254e-01,5.135709419846534729e-02,7.366935610771179199e-01,7.711368203163146973e-01,1.381542205810546875e+00,-2.014521807432174683e-01,5.974687635898590088e-02,3.754414916038513184e-01,7.923061847686767578e-01,4.637752175331115723e-01,-5.926058888435363770e-01,1.002446532249450684e+00,-1.085129827260971069e-01,5.215463042259216309e-01,-7.899372577667236328e-01,-8.973474502563476562e-01,-1.253929883241653442e-01,7.204914689064025879e-01,3.844708949327468872e-02,6.642211079597473145e-01,-5.574741587042808533e-02,-8.151373863220214844e-01,-7.928920984268188477e-01,-6.501013636589050293e-01,-1.112846851348876953e+00,-2.444669418036937714e-02,-5.416696667671203613e-01,-1.538472920656204224e-01,1.702968180179595947e-01,-4.002605676651000977e-01,4.401632547378540039e-01,-4.311351776123046875e-01,3.629322052001953125e-01,-6.413204669952392578e-01,3.866966068744659424e-01,2.190916091203689575e-01,9.400886297225952148e-01,-8.738464117050170898e-01,5.694668292999267578e-01,-2.441744655370712280e-01,1.404318958520889282e-01,-2.753070890903472900e-01,5.123950242996215820e-01,7.367951795458793640e-03,5.874627828598022461e-02,-2.794449031352996826e-01,7.013478875160217285e-01,9.885153174400329590e-01,-1.607693135738372803e-01,-6.765686869621276855e-01,1.564534157514572144e-01,2.964933812618255615e-01,-1.913228482007980347e-01
-4.317327737808227539e-01,-1.518442332744598389e-01,-1.001693725585937500e+00,-1.720513403415679932e-01,1.060711070895195007e-01,1.020385622978210449e-01,3.594969809055328369e-01,5.341103672981262207e-01,-9.221683144569396973e-01,8.152600526809692383e-01,1.728301525115966797e+00,5.239013433456420898e-01,2.879881113767623901e-02,7.284334301948547363e-01,7.602685689926147461e-01,1.370025873184204102e+00,-1.918173283338546753e-01,8.299539983272552490e-02,3.669033348560333252e-01,7.860203385353088379e-01,4.590762555599212646e-01,-5.911357998847961426e-01,9.878054261207580566e-01,-1.112067997455596924e-01,5.265706777572631836e-01,-7.958132028579711914e-01,-8.835856914520263672e-01,-1.201100572943687439e-01,7.090166211128234863e-01,4.364586621522903442e-02,6.651232838630676270e-01,-4.532656446099281311e-02,-8.015200495719909668e-01,-7.861438989639282227e-01,-6.330759525299072266e-01,-1.115835428237915039e+00,-3.188516199588775635e-02,-5.263925194740295410e-01,-1.436812579631805420e-01,1.612596958875656128e-01,-4.034315943717956543e-01,4.489783048629760742e-01,-4.306901693344116211e-01,3.629954457283020020e-01,-6.091020107269287109e-01,3.812938034534454346e-01,2.196393907070159912e-01,9.249422550201416016e-01,-8.602786660194396973e-01,5.534414052963256836e-01,-2.607541382312774658e-01,1.169018372893333435e-01,-2.672429680824279785e-01,5.028957724571228027e-01,1.755750365555286407e-02,6.265251338481903076e-02,-2.703730165958404541e-01,6.900663971900939941e-01,9.718729257583618164e-01,-1.613454371690750122e-01,-6.680883169174194336e-01,1.540564149618148804e-01,2.968128919601440430e-01,-1.843732148408889771e-01
-4.179711043834686279e-01,-1.678297817707061768e-01,-9.973061084747314453e-01,-1.643921285867691040e-01,8.839521557092666626e-02,9.867167472839355469e-02,3.466217219829559326e-01,5.216335654258728027e-01,-8.991954922676086426e-01,8.025475144386291504e-01,1.702087998390197754e+00,5.076934695243835449e-01,4.908176511526107788e-02,7.123741507530212402e-01,7.428403496742248535e-01,1.338017463684082031e+00,-1.878379285335540771e-01,5.912961065769195557e-02,3.633519113063812256e-01,7.648733258247375488e-01,4.596218168735504150e-01,-5.787679553031921387e-01,9.822852015495300293e-01,-1.075602173805236816e-01,5.162734389305114746e-01,-7.677316665649414062e-01,-8.698946237564086914e-01,-1.175888478755950928e-01,6.963558197021484375e-01,5.280620604753494263e-02,6.565047502517700195e-01,-5.452867969870567322e-02,-7.843693494796752930e-01,-7.580383419990539551e-01,-6.316983699798583984e-01,-1.094075560569763184e+00,-3.372437134385108948e-02,-5.204509496688842773e-01,-1.531433761119842529e-01,1.645512729883193970e-01,-3.829033672809600830e-01,4.277795553207397461e-01,-4.152504503726959229e-01,3.504080772399902344e-01,-6.141644120216369629e-01,3.804749846458435059e-01,2.051875889301300049e-01,9.126051664352416992e-01,-8.446316719055175781e-01,5.633350610733032227e-01,-2.483890354633331299e-01,1.222635954618453979e-01,-2.654687166213989258e-01,5.061859488487243652e-01,1.219416037201881409e-02,5.732040852308273315e-02,-2.643591165542602539e-01,6.807392835617065430e-01,9.564787745475769043e-01,-1.605902910232543945e-01,-6.528162956237792969e-01,1.508400291204452515e-01,2.837484776973724365e-01,-1.931179016828536987e-01
-4.202993512153625488e-01,-1.498200893402099609e-01,-1.019902110099792480e+00,-1.508736014366149902e-01,9.565123170614242554e-02,1.125979572534561157e-01,3.405733406543731689e-01,5.165386199951171875e-01,-9.189397096633911133e-01,8.184230923652648926e-01,1.717526078224182129e+00,5.058700442314147949e-01,2.293211221694946289e-02,7.362175583839416504e-01,7.456705570220947266e-01,1.346056222915649414e+00,-1.977345645427703857e-01,5.544864013791084290e-02,3.671089112758636475e-01,7.862601876258850098e-01,4.647357165813446045e-01,-5.644754171371459961e-01,9.830806255340576172e-01,-1.202341541647911072e-01,5.151896476745605469e-01,-7.791319489479064941e-01,-8.886004686355590820e-01,-1.252443045377731323e-01,7.090347409248352051e-01,5.464649200439453125e-02,6.590363383293151855e-01,-4.377957805991172791e-02,-7.991456389427185059e-01,-7.690545916557312012e-01,-6.194471716880798340e-01,-1.095267772674560547e+00,-3.614874556660652161e-02,-5.155016183853149414e-01,-1.463868916034698486e-01,1.611501425504684448e-01,-3.947640657424926758e-01,4.412950575351715088e-01,-4.105087518692016602e-01,3.391429483890533447e-01,-6.123550534248352051e-01,3.749339282512664795e-01,2.077582627534866333e-01,9.049653410911560059e-01,-8.567156195640563965e-01,5.527439713478088379e-01,-2.478646039962768555e-01,1.163395717740058899e-01,-2.664048969745635986e-01,5.079371333122253418e-01,2.595024183392524719e-02,4.655545204877853394e-02,-2.690646946430206299e-01,6.870641112327575684e-01,9.682275652885437012e-01,-1.623763442039489746e-01,-6.803766489028930664e-01,1.541751623153686523e-01,2.936625778675079346e-01,-2.012204676866531372e-01
-4.386884570121765137e-01,-1.692025363445281982e-01,-1.015221476554870605e+00,-1.591361016035079956e-01,8.710354566574096680e-02,9.580004215240478516e-02,3.453609347343444824e-01,5.487524867057800293e-01,-9.066300392150878906e-01,8.139687180519104004e-01,1.704330205917358398e+00,5.132389068603515625e-01,3.956099599599838257e-02,7.186138629913330078e-01,7.478007078170776367e-01,1.345217466354370117e+00,-2.043059617280960083e-01,7.028105109930038452e-02,3.811523318290710449e-01,7.709926962852478027e-01,4.603258371353149414e-01,-5.845076441764831543e-01,9.756146669387817383e-01,-9.307512640953063965e-02,4.945620894432067871e-01,-7.813193798065185547e-01,-8.776718974113464355e-01,-1.190094426274299622e-01,7.083403468132019043e-01,3.849311918020248413e-02,6.465412974357604980e-01,-6.371105462312698364e-02,-7.893437743186950684e-01,-7.728535532951354980e-01,-6.334878802299499512e-01,-1.095203161239624023e+00,-3.025966882705688477e-02,-5.430818796157836914e-01,-1.607068181037902832e-01,1.691420972347259521e-01,-3.987390100955963135e-01,4.356315135955810547e-01,-4.218352138996124268e-01,3.388500213623046875e-01,-6.513115167617797852e-01,3.622870445251464844e-01,2.042808085680007935e-01,9.139660000801086426e-01,-8.318578600883483887e-01,5.592465996742248535e-01,-2.354071587324142456e-01,1.229792386293411255e-01,-2.595431208610534668e-01,5.149136185646057129e-01,1.166964694857597351e-02,4.891691729426383972e-02,-2.817476689815521240e-01,6.690852642059326172e-01,9.642041325569152832e-01,-1.316791027784347534e-01,-6.504238247871398926e-01,1.555720716714859009e-01,2.831856906414031982e-01,-1.897803395986557007e-01
-4.139720797538757324e-01,-1.676841676235198975e-01,-1.003801345825195312e+00,-1.428190767765045166e-01,8.542685955762863159e-02,6.370869278907775879e-02,3.524394333362579346e-01,5.295667648315429688e-01,-9.063544869422912598e-01,8.141324520111083984e-01,1.708058714866638184e+00,5.062092542648315430e-01,6.419902294874191284e-02,7.236176133155822754e-01,7.573294639587402344e-01,1.359300732612609863e+00,-1.996799856424331665e-01,4.691619053483009338e-02,3.797007501125335693e-01,7.533158063888549805e-01,4.697700738906860352e-01,-6.034632325172424316e-01,1.001211881637573242e+00,-1.202199608087539673e-01,5.168948769569396973e-01,-7.888702750205993652e-01,-8.832954764366149902e-01,-1.321861445903778076e-01,6.824379563331604004e-01,5.486892908811569214e-02,6.540657877922058105e-01,-7.520395517349243164e-02,-8.052053451538085938e-01,-7.988529205322265625e-01,-6.332909464836120605e-01,-1.093695878982543945e+00,-9.354654699563980103e-03,-5.355358719825744629e-01,-1.505031436681747437e-01,1.952780932188034058e-01,-3.815369009971618652e-01,4.797017574310302734e-01,-4.299092590808868408e-01,3.429501056671142578e-01,-6.335083842277526855e-01,3.595563769340515137e-01,2.319520264863967896e-01,9.198165535926818848e-01,-8.597137928009033203e-01,5.854756236076354980e-01,-2.538599669933319092e-01,1.338784843683242798e-01,-2.652005553245544434e-01,5.281354188919067383e-01,6.613979116082191467e-03,3.900847211480140686e-02,-2.665080130100250244e-01,6.625422239303588867e-01,9.657733440399169922e-01,-1.449604630470275879e-01,-6.495182514190673828e-01,1.567964106798171997e-01,3.028907477855682373e-01,-2.149260789155960083e-01
-4.256072044372558594e-01,-1.645118892192840576e-01,-1.006998896598815918e+00,-1.559018939733505249e-01,8.105381578207015991e-02,1.143226251006126404e-01,3.491453230381011963e-01,5.152150988578796387e-01,-9.069668650627136230e-01,8.132540583610534668e-01,1.705895781517028809e+00,5.142889618873596191e-01,4.974951595067977905e-02,7.066063284873962402e-01,7.551934719085693359e-01,1.347038030624389648e+00,-1.973339170217514038e-01,6.445240974426269531e-02,3.660638332366943359e-01,7.751610875129699707e-01,4.589734971523284912e-01,-5.824059247970581055e-01,9.878403544425964355e-01,-1.180425360798835754e-01,5.217831134796142578e-01,-7.684708833694458008e-01,-8.708609938621520996e-01,-1.289401650428771973e-01,6.874371767044067383e-01,4.842991381883621216e-02,6.597080230712890625e-01,-4.781803861260414124e-02,-7.859463095664978027e-01,-7.605125308036804199e-01,-6.350405812263488770e-01,-1.094488143920898438e+00,-2.436080202460289001e-02,-5.261051654815673828e-01,-1.374737769365310669e-01,1.686299592256546021e-01,-3.978529274463653564e-01,4.454459547996520996e-01,-4.143612384796142578e-01,3.358150124549865723e-01,-6.263033747673034668e-01,3.693463802337646484e-01,2.152887582778930664e-01,9.082492589950561523e-01,-8.313499689102172852e-01,5.664691925048828125e-01,-2.403652220964431763e-01,1.412220746278762817e-01,-2.574045062065124512e-01,5.085373520851135254e-01,2.812103182077407837e-02,4.722372069954872131e-02,-2.615891695022583008e-01,6.736674904823303223e-01,9.642200469970703125e-01,-1.488195508718490601e-01,-6.652098894119262695e-01,1.553109735250473022e-01,2.822919785976409912e-01,-2.061187624931335449e-01
-4.248408377170562744e-01,-1.661982834339141846e-01,-1.004163384437561035e+00,-1.566310971975326538e-01,8.963713049888610840e-02,1.002105772495269775e-01,3.450691103935241699e-01,5.220791101455688477e-01,-9.050223827362060547e-01,8.150902390480041504e-01,1.716197133064270020e+00,4.985906779766082764e-01,6.053618341684341431e-02,7.251740097999572754e-01,7.657051682472229004e-01,1.362119078636169434e+00,-2.072180211544036865e-01,5.386623367667198181e-02,3.706941306591033936e-01,7.824919819831848145e-01,4.741327166557312012e-01,-5.877675414085388184e-01,9.923217892646789551e-01,-1.138883978128433228e-01,5.132523775100708008e-01,-7.903988361358642578e-01,-8.883346915245056152e-01,-1.168040037155151367e-01,7.134268879890441895e-01,4.139596223831176758e-02,6.590115427970886230e-01,-6.162956357002258301e-02,-7.937823534011840820e-01,-7.780720591545104980e-01,-6.286022663116455078e-01,-1.109230637550354004e+00,-1.184995472431182861e-02,-5.506633520126342773e-01,-1.519540846347808838e-01,1.755693405866622925e-01,-4.017978608608245850e-01,4.507972300052642822e-01,-4.365548491477966309e-01,3.693594336509704590e-01,-6.188648939132690430e-01,3.845058083534240723e-01,2.188758105039596558e-01,9.155316352844238281e-01,-8.647998571395874023e-01,5.650391578674316406e-01,-2.365675717592239380e-01,1.324629336595535278e-01,-2.606682181358337402e-01,5.150333046913146973e-01,1.011412125080823898e-03,4.176422581076622009e-02,-2.556458115577697754e-01,6.835452914237976074e-01,9.726164937019348145e-01,-1.734061688184738159e-01,-6.516279578208923340e-01,1.430827826261520386e-01,2.890165448188781738e-01,-1.842687577009201050e-01
-4.299012720584869385e-01,-1.649603098630905151e-01,-1.000907540321350098e+00,-1.863100528717041016e-01,1.033999398350715637e-01,9.642677009105682373e-02,3.562214076519012451e-01,5.510853528976440430e-01,-9.091385006904602051e-01,8.363248705863952637e-01,1.737348198890686035e+00,5.227368474006652832e-01,4.708676412701606750e-02,7.405073046684265137e-01,7.505880594253540039e-01,1.362612962722778320e+00,-2.148074209690093994e-01,5.338725075125694275e-02,3.822956979274749756e-01,7.777399420738220215e-01,4.675493538379669189e-01,-5.786307454109191895e-01,9.904932975769042969e-01,-1.080366671085357666e-01,5.169134736061096191e-01,-7.813178896903991699e-01,-8.810191154479980469e-01,-1.173423454165458679e-01,6.845480799674987793e-01,4.387540370225906372e-02,6.648380756378173828e-01,-6.163084879517555237e-02,-7.825767397880554199e-01,-7.698525190353393555e-01,-6.348166465759277344e-01,-1.103319525718688965e+00,-1.890434511005878448e-02,-5.394086837768554688e-01,-1.579727381467819214e-01,1.755254268646240234e-01,-3.899757564067840576e-01,4.433953762054443359e-01,-4.229069650173187256e-01,3.570247292518615723e-01,-6.367080807685852051e-01,3.740201592445373535e-01,2.314161211252212524e-01,9.212037324905395508e-01,-8.781138658523559570e-01,5.636837482452392578e-01,-2.380289137363433838e-01,1.369746476411819458e-01,-2.560158967971801758e-01,5.178821682929992676e-01,1.865499652922153473e-02,6.224129721522331238e-02,-2.613161206245422363e-01,6.862218976020812988e-01,9.810630083084106445e-01,-1.680201739072799683e-01,-6.599472761154174805e-01,1.648576557636260986e-01,2.825315892696380615e-01,-1.978089958429336548e-01
-4.287341237068176270e-01,-1.486086547374725342e-01,-9.997156858444213867e-01,-1.608005464076995850e-01,7.924300432205200195e-02,9.708372503519058228e-02,3.605639338493347168e-01,5.322201848030090332e-01,-8.895382881164550781e-01,7.939314246177673340e-01,1.691255927085876465e+00,5.053063035011291504e-01,5.535279586911201477e-02,7.167307138442993164e-01,7.334567904472351074e-01,1.338255882263183594e+00,-1.959725320339202881e-01,7.254961878061294556e-02,3.764790892601013184e-01,7.614111304283142090e-01,4.632207453250885010e-01,-5.865886807441711426e-01,9.633889794349670410e-01,-1.112830266356468201e-01,5.015111565589904785e-01,-7.728680968284606934e-01,-8.540467619895935059e-01,-1.084082350134849548e-01,6.907416582107543945e-01,3.586982190608978271e-02,6.437007188796997070e-01,-6.951016932725906372e-02,-7.754088044166564941e-01,-7.556235790252685547e-01,-6.280184388160705566e-01,-1.072295188903808594e+00,-2.078815363347530365e-02,-5.379652380943298340e-01,-1.424226313829421997e-01,1.654379963874816895e-01,-3.853913247585296631e-01,4.301788806915283203e-01,-4.330411851406097412e-01,3.491292595863342285e-01,-6.327220201492309570e-01,3.683009147644042969e-01,2.152277976274490356e-01,9.014452099800109863e-01,-8.287515044212341309e-01,5.486863851547241211e-01,-2.328512370586395264e-01,1.140895411372184753e-01,-2.419625967741012573e-01,5.089194774627685547e-01,6.691071204841136932e-03,5.641216039657592773e-02,-2.824346125125885010e-01,6.643805503845214844e-01,9.466826319694519043e-01,-1.453482955694198608e-01,-6.521424055099487305e-01,1.569656580686569214e-01,2.674366831779479980e-01,-1.865971684455871582e-01
-4.253179728984832764e-01,-1.595511287450790405e-01,-9.929077625274658203e-01,-1.705330908298492432e-01,8.172001689672470093e-02,1.017587333917617798e-01,3.548085987567901611e-01,5.292004942893981934e-01,-8.951045274734497070e-01,8.162826299667358398e-01,1.716324090957641602e+00,5.078779458999633789e-01,6.146791204810142517e-02,7.304126620292663574e-01,7.421284914016723633e-01,1.352505326271057129e+00,-1.947965174913406372e-01,5.970440432429313660e-02,3.958609104156494141e-01,7.557529807090759277e-01,4.642355144023895264e-01,-5.904445052146911621e-01,9.857151508331298828e-01,-1.220993772149085999e-01,5.156728029251098633e-01,-7.965776920318603516e-01,-8.698947429656982422e-01,-1.272890269756317139e-01,6.751527786254882812e-01,5.011906474828720093e-02,6.645467877388000488e-01,-7.765177637338638306e-02,-8.010942339897155762e-01,-7.716799974441528320e-01,-6.318274140357971191e-01,-1.084201574325561523e+00,-1.553188823163509369e-02,-5.491940975189208984e-01,-1.624665707349777222e-01,1.788945645093917847e-01,-3.893520236015319824e-01,4.456250071525573730e-01,-4.377629160881042480e-01,3.544237017631530762e-01,-6.200801134109497070e-01,3.738746643066406250e-01,2.241955399513244629e-01,9.275071620941162109e-01,-8.630479574203491211e-01,5.619078874588012695e-01,-2.352884560823440552e-01,1.283500194549560547e-01,-2.464958876371383667e-01,5.212374329566955566e-01,8.492189459502696991e-03,5.983282253146171570e-02,-2.741057872772216797e-01,6.708387136459350586e-01,9.740110039710998535e-01,-1.672475039958953857e-01,-6.674948930740356445e-01,1.532231271266937256e-01,2.776637375354766846e-01,-2.019242793321609497e-01
-4.310654699802398682e-01,-1.544603705406188965e-01,-1.011957526206970215e+00,-1.683761030435562134e-01,9.549691528081893921e-02,1.176674887537956238e-01,3.407772481441497803e-01,5.146071314811706543e-01,-9.249044656753540039e-01,8.197382688522338867e-01,1.715645790100097656e+00,5.076745748519897461e-01,2.924660965800285339e-02,7.294552326202392578e-01,7.422226071357727051e-01,1.343173146247863770e+00,-1.949883252382278442e-01,6.250033527612686157e-02,3.590467870235443115e-01,7.741541266441345215e-01,4.509748518466949463e-01,-5.681191086769104004e-01,9.681730270385742188e-01,-1.226270273327827454e-01,5.082457065582275391e-01,-7.581848502159118652e-01,-8.815072178840637207e-01,-1.361737698316574097e-01,7.073525786399841309e-01,3.386121988296508789e-02,6.782817840576171875e-01,-4.361300170421600342e-02,-7.916341423988342285e-01,-7.666322588920593262e-01,-6.326661109924316406e-01,-1.083447575569152832e+00,-3.259237855672836304e-02,-5.323336124420166016e-01,-1.458628326654434204e-01,1.705663651227951050e-01,-3.930878937244415283e-01,4.259971976280212402e-01,-4.028882384300231934e-01,3.373871147632598877e-01,-6.280129551887512207e-01,3.809470534324645996e-01,2.036942839622497559e-01,9.138856530189514160e-01,-8.433970808982849121e-01,5.605056285858154297e-01,-2.391055673360824585e-01,1.218445897102355957e-01,-2.583759725093841553e-01,5.122344493865966797e-01,2.883395925164222717e-02,4.866245761513710022e-02,-2.689970135688781738e-01,6.867739558219909668e-01,9.689550399780273438e-01,-1.719514131546020508e-01,-6.768956184387207031e-01,1.429481059312820435e-01,2.835150659084320068e-01,-1.992666423320770264e-01
-4.129595756530761719e-01,-1.587054282426834106e-01,-1.008185982704162598e+00,-1.757293343544006348e-01,9.315485507249832153e-02,1.174145266413688660e-01,3.645305335521697998e-01,5.251032710075378418e-01,-9.132241606712341309e-01,8.194783329963684082e-01,1.741286158561706543e+00,5.055063366889953613e-01,3.577289730310440063e-02,7.162306308746337891e-01,7.143925428390502930e-01,1.338197350502014160e+00,-1.894649863243103027e-01,6.260751187801361084e-02,3.748384416103363037e-01,7.478320002555847168e-01,4.605965912342071533e-01,-5.717678666114807129e-01,9.784204959869384766e-01,-1.196022629737854004e-01,5.156239867210388184e-01,-7.592589855194091797e-01,-8.832136392593383789e-01,-1.254882663488388062e-01,6.932532787322998047e-01,4.819572716951370239e-02,6.910176277160644531e-01,-7.068818062543869019e-02,-7.958225011825561523e-01,-7.762239575386047363e-01,-6.433741450309753418e-01,-1.095684409141540527e+00,-4.742221161723136902e-02,-5.318809747695922852e-01,-1.492126733064651489e-01,1.624554842710494995e-01,-3.833154439926147461e-01,4.211201667785644531e-01,-4.061493575572967529e-01,3.243753015995025635e-01,-6.244404315948486328e-01,3.849005699157714844e-01,2.002746015787124634e-01,9.327219128608703613e-01,-8.203929066658020020e-01,5.631424784660339355e-01,-2.482187598943710327e-01,1.133761554956436157e-01,-2.576689422130584717e-01,5.142606496810913086e-01,2.705655619502067566e-02,6.953024119138717651e-02,-2.726466953754425049e-01,6.767333149909973145e-01,9.675603508949279785e-01,-1.538648158311843872e-01,-6.687254905700683594e-01,1.536453813314437866e-01,2.917823493480682373e-01,-2.096480876207351685e-01
-4.074941873550415039e-01,-1.483297049999237061e-01,-1.020448565483093262e+00,-1.607288122177124023e-01,7.789506763219833374e-02,9.731155633926391602e-02,3.548738956451416016e-01,5.398065447807312012e-01,-9.013946652412414551e-01,7.973397970199584961e-01,1.700069904327392578e+00,5.285699367523193359e-01,5.880950763821601868e-02,7.200394868850708008e-01,7.529175877571105957e-01,1.352184534072875977e+00,-1.975632756948471069e-01,6.451630592346191406e-02,3.773723542690277100e-01,7.571548819541931152e-01,4.714494943618774414e-01,-5.649999380111694336e-01,9.613016247749328613e-01,-1.116597130894660950e-01,5.142985582351684570e-01,-7.581774592399597168e-01,-8.708068132400512695e-01,-9.697812795639038086e-02,7.195250391960144043e-01,3.613039106130599976e-02,6.499550938606262207e-01,-6.879562139511108398e-02,-7.986181974411010742e-01,-7.665300369262695312e-01,-6.521561741828918457e-01,-1.078363656997680664e+00,-2.796933054924011230e-02,-5.464795231819152832e-01,-1.460619866847991943e-01,1.798115968704223633e-01,-3.714564144611358643e-01,4.157012701034545898e-01,-4.244772493839263916e-01,3.490138351917266846e-01,-6.500637531280517578e-01,3.860316872596740723e-01,2.300273030996322632e-01,9.142970442771911621e-01,-8.317292332649230957e-01,5.549783110618591309e-01,-2.377380728721618652e-01,1.368758976459503174e-01,-2.751934528350830078e-01,5.073624253273010254e-01,4.490985348820686340e-02,6.482464820146560669e-02,-2.799242436885833740e-01,6.923357844352722168e-01,9.775181412696838379e-01,-1.612520664930343628e-01,-6.673329472541809082e-01,1.647429019212722778e-01,2.901585996150970459e-01,-2.026247233152389526e-01
-4.483469724655151367e-01,-1.583826690912246704e-01,-1.025802493095397949e+00,-1.648513823747634888e-01,1.106818020343780518e-01,9.326947480440139771e-02,3.548989295959472656e-01,5.171058177947998047e-01,-9.362570643424987793e-01,8.240830898284912109e-01,1.730109810829162598e+00,5.235467553138732910e-01,2.642726525664329529e-02,7.318270802497863770e-01,7.638771533966064453e-01,1.359160065650939941e+00,-1.952143460512161255e-01,8.290188014507293701e-02,3.750614225864410400e-01,7.908548116683959961e-01,4.562736153602600098e-01,-5.782970190048217773e-01,9.824017882347106934e-01,-1.073627397418022156e-01,4.995475113391876221e-01,-7.823711633682250977e-01,-9.025365710258483887e-01,-1.323650777339935303e-01,7.039829492568969727e-01,2.435234189033508301e-02,6.650557518005371094e-01,-4.145230725407600403e-02,-8.116957545280456543e-01,-7.885743975639343262e-01,-6.324905753135681152e-01,-1.113699555397033691e+00,-2.101234346628189087e-02,-5.291451811790466309e-01,-1.445636004209518433e-01,1.566710770130157471e-01,-4.155572056770324707e-01,4.574280381202697754e-01,-4.334235489368438721e-01,3.538775146007537842e-01,-6.180007457733154297e-01,3.770682513713836670e-01,2.224562168121337891e-01,9.294616580009460449e-01,-8.433725833892822266e-01,5.498865842819213867e-01,-2.482774704694747925e-01,1.232686862349510193e-01,-2.665762603282928467e-01,4.880287647247314453e-01,1.325711235404014587e-02,5.728228017687797546e-02,-2.714028656482696533e-01,6.819519400596618652e-01,9.805716872215270996e-01,-1.552124023437500000e-01,-6.759488582611083984e-01,1.489659845829010010e-01,3.036772012710571289e-01,-1.833230108022689819e-01
-4.233902692794799805e-01,-1.622455269098281860e-01,-1.009781241416931152e+00,-1.755215674638748169e-01,1.008454039692878723e-01,8.893143385648727417e-02,3.513296544551849365e-01,5.497137308120727539e-01,-9.285544157028198242e-01,8.310545086860656738e-01,1.727355837821960449e+00,5.251360535621643066e-01,3.119404986500740051e-02,7.260801196098327637e-01,7.546737194061279297e-01,1.375976085662841797e+00,-2.266809940338134766e-01,3.800330311059951782e-02,3.682703673839569092e-01,7.944850325584411621e-01,4.630294144153594971e-01,-6.030396819114685059e-01,9.882866740226745605e-01,-1.023640707135200500e-01,5.328751802444458008e-01,-7.660003304481506348e-01,-8.847790360450744629e-01,-1.074171736836433411e-01,7.063936591148376465e-01,5.526702105998992920e-02,6.611023545265197754e-01,-4.040953516960144043e-02,-7.828319072723388672e-01,-7.801657319068908691e-01,-6.425727605819702148e-01,-1.106862664222717285e+00,-3.452312573790550232e-02,-5.199431777000427246e-01,-1.508084386587142944e-01,1.779950410127639771e-01,-3.859621584415435791e-01,4.432973265647888184e-01,-4.038081467151641846e-01,3.437580466270446777e-01,-6.389231085777282715e-01,3.711412549018859863e-01,2.211436033248901367e-01,9.060771465301513672e-01,-8.778757452964782715e-01,5.726075172424316406e-01,-2.482059895992279053e-01,1.363943368196487427e-01,-2.662939131259918213e-01,5.194784998893737793e-01,2.753686532378196716e-02,4.699780046939849854e-02,-2.626585364341735840e-01,6.803044676780700684e-01,9.706109166145324707e-01,-1.433649808168411255e-01,-6.414890289306640625e-01,1.562864929437637329e-01,2.877169549465179443e-01,-1.918693184852600098e-01
-4.190028905868530273e-01,-1.652832776308059692e-01,-1.006969928741455078e+00,-1.663634628057479858e-01,7.933861017227172852e-02,1.036901101469993591e-01,3.380829691886901855e-01,5.139356851577758789e-01,-9.197670221328735352e-01,8.281822800636291504e-01,1.739190816879272461e+00,4.990778267383575439e-01,6.118005141615867615e-02,7.047757506370544434e-01,7.354273796081542969e-01,1.337391376495361328e+00,-2.277012467384338379e-01,6.267315149307250977e-02,3.632775247097015381e-01,7.708960175514221191e-01,4.597341418266296387e-01,-5.588238239288330078e-01,9.737468957901000977e-01,-1.305998563766479492e-01,4.946461617946624756e-01,-7.563777565956115723e-01,-8.942704796791076660e-01,-1.242656558752059937e-01,7.093276977539062500e-01,4.315323382616043091e-02,6.581404805183410645e-01,-6.474646180868148804e-02,-7.898260354995727539e-01,-7.444099783897399902e-01,-6.416561603546142578e-01,-1.117004513740539551e+00,-1.191610097885131836e-02,-5.672955513000488281e-01,-1.289417594671249390e-01,2.070153504610061646e-01,-3.783827424049377441e-01,4.596620500087738037e-01,-4.103328287601470947e-01,3.134075701236724854e-01,-6.539615392684936523e-01,3.844703137874603271e-01,2.039858251810073853e-01,8.736020326614379883e-01,-8.347559571266174316e-01,5.869670510292053223e-01,-2.796785533428192139e-01,1.469260901212692261e-01,-2.577195167541503906e-01,5.366647243499755859e-01,2.571691200137138367e-02,3.877151757478713989e-02,-2.311700284481048584e-01,6.779166460037231445e-01,9.624704122543334961e-01,-1.741948425769805908e-01,-6.448795795440673828e-01,1.516416668891906738e-01,2.915241122245788574e-01,-1.937389373779296875e-01
-4.231382906436920166e-01,-1.687726378440856934e-01,-1.017447352409362793e+00,-1.743153333663940430e-01,8.381561934947967529e-02,9.466037899255752563e-02,3.503806293010711670e-01,5.430279970169067383e-01,-9.091576933860778809e-01,8.062780499458312988e-01,1.710145831108093262e+00,5.090498328208923340e-01,5.274354293942451477e-02,7.290135025978088379e-01,7.425385117530822754e-01,1.340157032012939453e+00,-1.867446005344390869e-01,6.422661244869232178e-02,3.621947169303894043e-01,7.614815235137939453e-01,4.558328986167907715e-01,-5.899304747581481934e-01,9.847699999809265137e-01,-1.163334473967552185e-01,5.047655105590820312e-01,-7.929357290267944336e-01,-8.567062020301818848e-01,-1.379394531250000000e-01,6.850879192352294922e-01,5.297963321208953857e-02,6.457841992378234863e-01,-6.120164692401885986e-02,-8.031911849975585938e-01,-7.637917399406433105e-01,-6.376898884773254395e-01,-1.085385084152221680e+00,-3.626003861427307129e-02,-5.334309935569763184e-01,-1.767720431089401245e-01,1.718949675559997559e-01,-3.631184101104736328e-01,4.381327927112579346e-01,-4.254957437515258789e-01,3.468134105205535889e-01,-6.099987626075744629e-01,3.603456020355224609e-01,2.044484764337539673e-01,9.151390790939331055e-01,-8.477265834808349609e-01,5.830397009849548340e-01,-2.452137172222137451e-01,1.246892511844635010e-01,-2.696729302406311035e-01,5.018333792686462402e-01,1.731318794190883636e-02,6.539276242256164551e-02,-2.857625186443328857e-01,6.523095369338989258e-01,9.414579272270202637e-01,-1.529479920864105225e-01,-6.607521772384643555e-01,1.558077782392501831e-01,2.900037467479705811e-01,-1.976868659257888794e-01
-4.187536537647247314e-01,-1.692134439945220947e-01,-1.006107449531555176e+00,-1.701809763908386230e-01,9.742826968431472778e-02,9.277872741222381592e-02,3.480390608310699463e-01,5.380961894989013672e-01,-9.033908843994140625e-01,7.996209263801574707e-01,1.713657379150390625e+00,5.135261416435241699e-01,4.009170085191726685e-02,7.173791527748107910e-01,7.376734614372253418e-01,1.349491000175476074e+00,-2.003112584352493286e-01,5.589125305414199829e-02,3.711501061916351318e-01,7.673014402389526367e-01,4.601464867591857910e-01,-5.820568799972534180e-01,9.820855259895324707e-01,-1.069170311093330383e-01,5.039216279983520508e-01,-7.748274207115173340e-01,-8.582763671875000000e-01,-1.140406802296638489e-01,7.040224671363830566e-01,3.766611963510513306e-02,6.437871456146240234e-01,-5.246323719620704651e-02,-7.900432348251342773e-01,-7.584884166717529297e-01,-6.350274682044982910e-01,-1.084153532981872559e+00,-3.893670067191123962e-02,-5.336084961891174316e-01,-1.570857614278793335e-01,1.662515252828598022e-01,-3.918987810611724854e-01,4.202210307121276855e-01,-4.138758778572082520e-01,3.407333493232727051e-01,-6.208478212356567383e-01,3.614670038223266602e-01,2.030797004699707031e-01,9.020531773567199707e-01,-8.454811573028564453e-01,5.520746111869812012e-01,-2.493768483400344849e-01,1.246940419077873230e-01,-2.570223510265350342e-01,5.150458216667175293e-01,1.238462701439857483e-02,5.689910054206848145e-02,-2.758643627166748047e-01,6.801493763923645020e-01,9.613378643989562988e-01,-1.554700583219528198e-01,-6.641099452972412109e-01,1.578454971313476562e-01,2.805492281913757324e-01,-1.848507374525070190e-01
-4.401032924652099609e-01,-1.614239513874053955e-01,-1.009666919708251953e+00,-1.563105136156082153e-01,9.562314301729202271e-02,9.709413349628448486e-02,3.314745724201202393e-01,5.244033932685852051e-01,-9.292891621589660645e-01,8.063556551933288574e-01,1.716562747955322266e+00,5.279237627983093262e-01,4.568085074424743652e-02,7.257369756698608398e-01,7.519173026084899902e-01,1.360472321510314941e+00,-1.910973340272903442e-01,8.528555929660797119e-02,3.901579678058624268e-01,7.706795930862426758e-01,4.576539397239685059e-01,-5.838913917541503906e-01,9.736779332160949707e-01,-1.142809614539146423e-01,4.952310621738433838e-01,-7.844907641410827637e-01,-8.967322707176208496e-01,-1.309557408094406128e-01,7.144289016723632812e-01,3.500072658061981201e-02,6.582735776901245117e-01,-6.763646006584167480e-02,-8.161789178848266602e-01,-7.949422597885131836e-01,-6.316830515861511230e-01,-1.103147625923156738e+00,-2.297098375856876373e-02,-5.622623562812805176e-01,-1.516386717557907104e-01,1.810275763273239136e-01,-4.090350568294525146e-01,4.529021978378295898e-01,-4.245946407318115234e-01,3.404214084148406982e-01,-6.365085244178771973e-01,3.784108161926269531e-01,2.019529640674591064e-01,9.182614684104919434e-01,-8.352250456809997559e-01,5.650828480720520020e-01,-2.599583864212036133e-01,1.264582574367523193e-01,-2.646808922290802002e-01,5.174674391746520996e-01,1.431315019726753235e-02,5.259458348155021667e-02,-2.852804362773895264e-01,6.863527297973632812e-01,9.775961637496948242e-01,-1.519371420145034790e-01,-6.760872602462768555e-01,1.463379710912704468e-01,3.000244498252868652e-01,-1.795792728662490845e-01
-4.318189024925231934e-01,-1.518316864967346191e-01,-9.851238727569580078e-01,-1.992150843143463135e-01,8.054124563932418823e-02,1.283001601696014404e-01,3.765828013420104980e-01,5.435889959335327148e-01,-9.141149520874023438e-01,8.094163537025451660e-01,1.725656986236572266e+00,5.347830653190612793e-01,4.631891846656799316e-02,7.289242744445800781e-01,7.698003053665161133e-01,1.392565608024597168e+00,-1.791240721940994263e-01,8.260004222393035889e-02,3.934704959392547607e-01,7.736009955406188965e-01,4.561906754970550537e-01,-5.942152738571166992e-01,9.858260750770568848e-01,-9.997911006212234497e-02,5.483174920082092285e-01,-8.032833337783813477e-01,-8.772411346435546875e-01,-1.194984540343284607e-01,6.880282759666442871e-01,7.160816341638565063e-02,6.739721894264221191e-01,-6.111979857087135315e-02,-8.038766980171203613e-01,-7.878752350807189941e-01,-6.427503824234008789e-01,-1.097886800765991211e+00,-4.392983019351959229e-02,-5.354698300361633301e-01,-1.569123864173889160e-01,1.715523302555084229e-01,-3.637777864933013916e-01,4.406302273273468018e-01,-4.193333387374877930e-01,3.435445129871368408e-01,-6.238273382186889648e-01,3.619295358657836914e-01,2.451683878898620605e-01,9.343625903129577637e-01,-8.674459457397460938e-01,5.777022838592529297e-01,-2.436474412679672241e-01,1.292079985141754150e-01,-2.758448123931884766e-01,4.817921221256256104e-01,5.231671407818794250e-02,9.442238509654998779e-02,-2.880719304084777832e-01,6.720383167266845703e-01,9.660582542419433594e-01,-1.745756268501281738e-01,-6.630918383598327637e-01,1.466734409332275391e-01,2.995502948760986328e-01,-2.062570452690124512e-01
-3.864492774009704590e-01,-1.225146204233169556e-01,-9.517687559127807617e-01,-1.683923900127410889e-01,1.010373756289482117e-01,1.030510589480400085e-01,3.533211350440979004e-01,5.184894800186157227e-01,-8.662362694740295410e-01,8.152706623077392578e-01,1.646825432777404785e+00,5.188969373703002930e-01,9.534582495689392090e-03,6.950132250785827637e-01,7.363327741622924805e-01,1.300663828849792480e+00,-2.086017578840255737e-01,6.252705305814743042e-02,3.763663768768310547e-01,7.562461495399475098e-01,4.537191390991210938e-01,-5.349090695381164551e-01,9.263203144073486328e-01,-1.089374423027038574e-01,5.175432562828063965e-01,-7.575996518135070801e-01,-8.716267943382263184e-01,-1.232560351490974426e-01,6.783004999160766602e-01,4.012581706047058105e-02,6.781010627746582031e-01,-4.094572737812995911e-02,-7.612769603729248047e-01,-7.509148716926574707e-01,-6.029899716377258301e-01,-1.065773129463195801e+00,-1.421465072780847549e-02,-5.058515667915344238e-01,-1.222844496369361877e-01,1.747276484966278076e-01,-4.182323813438415527e-01,4.455669522285461426e-01,-4.191484451293945312e-01,3.202269375324249268e-01,-5.961200594902038574e-01,3.948867022991180420e-01,2.625282704830169678e-01,9.080542325973510742e-01,-8.107387423515319824e-01,5.247424244880676270e-01,-2.439408898353576660e-01,1.343766003847122192e-01,-2.311431467533111572e-01,4.854080975055694580e-01,3.748739138245582581e-02,4.796272143721580505e-02,-2.502271533012390137e-01,6.755865812301635742e-01,9.466635584831237793e-01,-1.440095007419586182e-01,-6.619009971618652344e-01,1.608064323663711548e-01,2.940612733364105225e-01,-2.053807526826858521e-01
-4.570041000843048096e-01,-1.392422169446945190e-01,-1.015191555023193359e+00,-1.679433286190032959e-01,1.149055734276771545e-01,1.286274045705795288e-01,3.922438323497772217e-01,5.003498196601867676e-01,-9.483966827392578125e-01,8.143423199653625488e-01,1.744789719581604004e+00,5.700272321701049805e-01,9.304082021117210388e-03,7.201530337333679199e-01,7.579070329666137695e-01,1.391414880752563477e+00,-1.253412514925003052e-01,1.587139219045639038e-01,3.991084694862365723e-01,7.483258843421936035e-01,4.414524435997009277e-01,-5.815207362174987793e-01,9.866921901702880859e-01,-1.021827608346939087e-01,5.430630445480346680e-01,-8.435789346694946289e-01,-8.902474641799926758e-01,-1.730053573846817017e-01,6.900755167007446289e-01,4.197406023740768433e-02,7.358775138854980469e-01,-2.847185358405113220e-02,-8.889266848564147949e-01,-8.010013103485107422e-01,-7.014774680137634277e-01,-1.142669796943664551e+00,-2.480168268084526062e-02,-5.219360589981079102e-01,-1.489161401987075806e-01,1.722562462091445923e-01,-4.250784516334533691e-01,4.751721620559692383e-01,-4.134981036186218262e-01,3.414386510848999023e-01,-6.497377753257751465e-01,3.879710733890533447e-01,2.177074253559112549e-01,9.991534948348999023e-01,-7.816310524940490723e-01,5.445169806480407715e-01,-3.035607337951660156e-01,1.193078458309173584e-01,-3.397232294082641602e-01,4.911260902881622314e-01,7.978349179029464722e-02,9.084412455558776855e-02,-3.146585822105407715e-01,7.197168469429016113e-01,9.949674010276794434e-01,-1.513619869947433472e-01,-7.495369911193847656e-01,1.937646120786666870e-01,3.132519125938415527e-01,-2.103038728237152100e-01
-4.520668685436248779e-01,-1.746336221694946289e-01,-1.055239677429199219e+00,-1.866930723190307617e-01,1.068005189299583435e-01,1.033555641770362854e-01,3.682078123092651367e-01,5.572209358215332031e-01,-9.674555659294128418e-01,8.745828270912170410e-01,1.821931958198547363e+00,5.424067974090576172e-01,2.005287259817123413e-02,7.733140587806701660e-01,7.778069972991943359e-01,1.417564988136291504e+00,-2.159376889467239380e-01,7.537968456745147705e-02,3.860213756561279297e-01,8.199323415756225586e-01,4.650951623916625977e-01,-6.004528999328613281e-01,1.026869058609008789e+00,-1.134544461965560913e-01,5.247147679328918457e-01,-8.257235288619995117e-01,-9.295535087585449219e-01,-1.343275308609008789e-01,7.421987056732177734e-01,2.636284008622169495e-02,6.984645128250122070e-01,-6.242486834526062012e-02,-8.486367464065551758e-01,-8.259912729263305664e-01,-6.775218248367309570e-01,-1.164417147636413574e+00,-4.721155017614364624e-02,-5.697817802429199219e-01,-1.549566835165023804e-01,1.755465567111968994e-01,-4.173341691493988037e-01,4.427683055400848389e-01,-4.470195770263671875e-01,3.702037930488586426e-01,-6.538947224617004395e-01,4.003770649433135986e-01,2.223856449127197266e-01,9.590722918510437012e-01,-9.011411070823669434e-01,5.856159329414367676e-01,-2.699069380760192871e-01,1.195937097072601318e-01,-2.698144316673278809e-01,5.444791913032531738e-01,2.398742549121379852e-02,6.047898530960083008e-02,-2.698459625244140625e-01,7.161438465118408203e-01,1.031506061553955078e+00,-1.726343333721160889e-01,-6.985554695129394531e-01,1.597287654876708984e-01,3.187903165817260742e-01,-1.987580060958862305e-01
-4.313844740390777588e-01,-1.824417710304260254e-01,-1.037932157516479492e+00,-2.135517895221710205e-01,8.677585422992706299e-02,9.880835562944412231e-02,3.658725619316101074e-01,5.721952915191650391e-01,-9.258885383605957031e-01,8.299512267112731934e-01,1.791694283485412598e+00,4.991513788700103760e-01,7.598938792943954468e-02,7.321990728378295898e-01,7.713164091110229492e-01,1.405631542205810547e+00,-2.408379167318344116e-01,4.849315062165260315e-02,3.609224259853363037e-01,8.046543002128601074e-01,4.754644334316253662e-01,-5.970259308815002441e-01,1.037480115890502930e+00,-1.131887882947921753e-01,5.461214780807495117e-01,-7.884742021560668945e-01,-8.843328952789306641e-01,-1.071462258696556091e-01,7.362347245216369629e-01,5.282127112150192261e-02,6.571760773658752441e-01,-5.431994795799255371e-02,-7.912058234214782715e-01,-7.577109932899475098e-01,-6.673011779785156250e-01,-1.139264345169067383e+00,-3.282540291547775269e-02,-5.659104585647583008e-01,-1.579839140176773071e-01,2.035547494888305664e-01,-3.628648221492767334e-01,4.359495937824249268e-01,-4.078033268451690674e-01,3.557796776294708252e-01,-6.622635722160339355e-01,3.687933981418609619e-01,2.177773416042327881e-01,9.090349674224853516e-01,-9.053874611854553223e-01,6.035099625587463379e-01,-2.680046558380126953e-01,1.449159234762191772e-01,-2.626146078109741211e-01,5.218275785446166992e-01,7.467242889106273651e-03,7.194894552230834961e-02,-2.527366280555725098e-01,6.806178689002990723e-01,9.908812046051025391e-01,-1.778291016817092896e-01,-6.375151872634887695e-01,1.496597379446029663e-01,2.846076786518096924e-01,-2.028280347585678101e-01
-4.085510969161987305e-01,-1.551195681095123291e-01,-9.950732588768005371e-01,-1.518739163875579834e-01,1.192271783947944641e-01,1.083363890647888184e-01,3.306627571582794189e-01,5.367125272750854492e-01,-9.171981215476989746e-01,8.098142147064208984e-01,1.711083054542541504e+00,5.127971172332763672e-01,2.099042385816574097e-02,7.203990817070007324e-01,7.273138761520385742e-01,1.337629199028015137e+00,-2.198053002357482910e-01,6.399391591548919678e-02,3.711614906787872314e-01,7.893601655960083008e-01,4.687578678131103516e-01,-5.527342557907104492e-01,9.825558662414550781e-01,-1.139681488275527954e-01,5.114100575447082520e-01,-7.506604194641113281e-01,-8.810064196586608887e-01,-9.824399650096893311e-02,7.203788161277770996e-01,3.655830025672912598e-02,6.582602858543395996e-01,-2.182620018720626831e-02,-7.818402647972106934e-01,-7.669155597686767578e-01,-6.253900527954101562e-01,-1.087769746780395508e+00,-3.405050933361053467e-02,-5.304473042488098145e-01,-1.575540900230407715e-01,1.731162518262863159e-01,-4.071191549301147461e-01,4.381092488765716553e-01,-4.042245149612426758e-01,3.400124013423919678e-01,-6.379315257072448730e-01,3.688042163848876953e-01,2.138350009918212891e-01,8.967912197113037109e-01,-8.236883282661437988e-01,5.384463667869567871e-01,-2.469262033700942993e-01,1.201773062348365784e-01,-2.585242688655853271e-01,5.263767838478088379e-01,3.317274525761604309e-02,6.320708990097045898e-02,-2.880705893039703369e-01,7.021012306213378906e-01,9.794888496398925781e-01,-1.531025320291519165e-01,-6.732601523399353027e-01,1.723217368125915527e-01,2.741138339042663574e-01,-1.938923448324203491e-01
-4.130480289459228516e-01,-1.609708666801452637e-01,-9.872002601623535156e-01,-1.917278319597244263e-01,7.562389224767684937e-02,9.482373297214508057e-02,3.505341708660125732e-01,5.660288929939270020e-01,-8.964159488677978516e-01,8.038973212242126465e-01,1.695274829864501953e+00,5.193468928337097168e-01,4.504753276705741882e-02,7.139908671379089355e-01,7.425652742385864258e-01,1.345220446586608887e+00,-2.044021487236022949e-01,4.592381790280342102e-02,3.840506374835968018e-01,7.604449391365051270e-01,4.644030034542083740e-01,-5.924279689788818359e-01,9.749753475189208984e-01,-8.986487239599227905e-02,5.140464901924133301e-01,-7.787348628044128418e-01,-8.536556959152221680e-01,-1.084578931331634521e-01,6.872513890266418457e-01,6.046736240386962891e-02,6.428990960121154785e-01,-6.629031896591186523e-02,-7.764256000518798828e-01,-7.557819485664367676e-01,-6.242118477821350098e-01,-1.079114079475402832e+00,-4.804568365216255188e-02,-5.553531646728515625e-01,-1.718712747097015381e-01,1.968977302312850952e-01,-3.640986680984497070e-01,4.350642561912536621e-01,-4.234923422336578369e-01,3.274675309658050537e-01,-6.190176606178283691e-01,3.591001927852630615e-01,2.209743410348892212e-01,9.005744457244873047e-01,-8.571350574493408203e-01,5.881252288818359375e-01,-2.513745427131652832e-01,1.306231468915939331e-01,-2.570846378803253174e-01,5.136358737945556641e-01,8.098119869828224182e-03,6.857237964868545532e-02,-2.735451757907867432e-01,6.567648649215698242e-01,9.555534124374389648e-01,-1.419520229101181030e-01,-6.393505334854125977e-01,1.738360077142715454e-01,2.873832285404205322e-01,-1.886884123086929321e-01
-4.305534660816192627e-01,-1.543152928352355957e-01,-9.546122550964355469e-01,-1.628831475973129272e-01,8.287144452333450317e-02,1.082907393574714661e-01,3.354772031307220459e-01,4.868153333663940430e-01,-8.659014701843261719e-01,8.012108802795410156e-01,1.649292945861816406e+00,4.935501515865325928e-01,4.639174044132232666e-02,6.987602114677429199e-01,7.155826687812805176e-01,1.292203307151794434e+00,-1.866650879383087158e-01,7.368785887956619263e-02,3.686558306217193604e-01,7.426876425743103027e-01,4.428138732910156250e-01,-5.642718672752380371e-01,9.273796081542968750e-01,-1.207311376929283142e-01,4.752980172634124756e-01,-7.433461546897888184e-01,-8.358564972877502441e-01,-1.254769563674926758e-01,6.635730862617492676e-01,2.953954041004180908e-02,6.520283222198486328e-01,-6.205705553293228149e-02,-7.587792873382568359e-01,-7.332043051719665527e-01,-6.141459345817565918e-01,-1.059340596199035645e+00,-1.392323523759841919e-02,-5.227420330047607422e-01,-1.351977884769439697e-01,1.741374135017395020e-01,-4.039160609245300293e-01,4.035706520080566406e-01,-4.109893739223480225e-01,3.298976719379425049e-01,-5.958935618400573730e-01,3.752228915691375732e-01,2.224777042865753174e-01,8.901205658912658691e-01,-8.005101084709167480e-01,5.342397689819335938e-01,-2.361472547054290771e-01,1.136741191148757935e-01,-2.239687740802764893e-01,4.965281784534454346e-01,-4.003575071692466736e-03,5.569863319396972656e-02,-2.363178879022598267e-01,6.460044384002685547e-01,9.592034220695495605e-01,-1.523330658674240112e-01,-6.480015516281127930e-01,1.375073492527008057e-01,2.544787526130676270e-01,-1.918834894895553589e-01
-4.014809727668762207e-01,-1.726758033037185669e-01,-9.490888118743896484e-01,-1.689765006303787231e-01,9.635262191295623779e-02,7.736960053443908691e-02,3.443419337272644043e-01,5.119464993476867676e-01,-8.635209202766418457e-01,7.852292060852050781e-01,1.679188966751098633e+00,4.809631407260894775e-01,6.110915541648864746e-02,6.962628960609436035e-01,7.081479430198669434e-01,1.314203977584838867e+00,-2.218656837940216064e-01,1.765330322086811066e-02,3.601964414119720459e-01,7.355921268463134766e-01,4.653566479682922363e-01,-5.729537606239318848e-01,9.753031134605407715e-01,-1.043863445520401001e-01,4.839830398559570312e-01,-7.598383426666259766e-01,-8.539860844612121582e-01,-1.073955595493316650e-01,6.702271699905395508e-01,5.861108750104904175e-02,6.218217015266418457e-01,-7.108944654464721680e-02,-7.377271652221679688e-01,-7.300052642822265625e-01,-6.036639809608459473e-01,-1.076516032218933105e+00,-1.533318124711513519e-02,-5.308844447135925293e-01,-1.532249301671981812e-01,2.005773484706878662e-01,-3.748332858085632324e-01,4.373179972171783447e-01,-3.974648416042327881e-01,3.317193388938903809e-01,-6.143101453781127930e-01,3.532303869724273682e-01,2.200074493885040283e-01,8.700374364852905273e-01,-8.515920042991638184e-01,5.640906095504760742e-01,-2.486574053764343262e-01,1.374969333410263062e-01,-2.325403392314910889e-01,5.178793072700500488e-01,1.733178272843360901e-03,3.189311549067497253e-02,-2.338003218173980713e-01,6.550633907318115234e-01,9.267235994338989258e-01,-1.572185456752777100e-01,-6.152954697608947754e-01,1.522455662488937378e-01,2.638057768344879150e-01,-1.996282935142517090e-01
-4.188411235809326172e-01,-1.239977777004241943e-01,-9.788858890533447266e-01,-1.637885868549346924e-01,8.018981665372848511e-02,9.281838685274124146e-02,3.514239788055419922e-01,5.097833275794982910e-01,-8.534845113754272461e-01,7.772755622863769531e-01,1.638626337051391602e+00,4.823173880577087402e-01,5.160100385546684265e-02,6.955569386482238770e-01,7.263208627700805664e-01,1.324456334114074707e+00,-1.959811151027679443e-01,3.667329624295234680e-02,3.552619814872741699e-01,7.483958601951599121e-01,4.683098793029785156e-01,-5.592992901802062988e-01,9.551049470901489258e-01,-1.077725142240524292e-01,4.973832964897155762e-01,-7.601839900016784668e-01,-8.350743651390075684e-01,-1.074615642428398132e-01,6.791753768920898438e-01,6.515087187290191650e-02,6.248713135719299316e-01,-4.505994915962219238e-02,-7.336769104003906250e-01,-7.140526771545410156e-01,-6.362344026565551758e-01,-1.054994940757751465e+00,-1.600761711597442627e-02,-4.919553995132446289e-01,-1.704318523406982422e-01,1.979427337646484375e-01,-3.638404309749603271e-01,4.180049300193786621e-01,-3.960446119308471680e-01,3.270552158355712891e-01,-6.118002533912658691e-01,3.419320583343505859e-01,1.919181197881698608e-01,8.895736336708068848e-01,-8.440003991127014160e-01,5.406944751739501953e-01,-2.425582408905029297e-01,1.327987611293792725e-01,-2.620673477649688721e-01,4.953694641590118408e-01,2.431482262909412384e-02,6.359935551881790161e-02,-2.856052815914154053e-01,6.751195788383483887e-01,9.231283068656921387e-01,-1.311397850513458252e-01,-6.365649104118347168e-01,1.275779157876968384e-01,2.539648413658142090e-01,-2.032101005315780640e-01
-4.355660676956176758e-01,-1.491180658340454102e-01,-1.029787063598632812e+00,-1.123356223106384277e-01,9.550540894269943237e-02,1.348211616277694702e-01,3.291587233543395996e-01,4.799679517745971680e-01,-9.584592580795288086e-01,8.233898282051086426e-01,1.718899965286254883e+00,5.710463523864746094e-01,2.795880287885665894e-02,7.427386045455932617e-01,7.550969123840332031e-01,1.339408874511718750e+00,-2.125396579504013062e-01,8.389953523874282837e-02,3.686134815216064453e-01,7.887278199195861816e-01,4.624138176441192627e-01,-5.947609543800354004e-01,9.355586171150207520e-01,-1.214265599846839905e-01,5.037781000137329102e-01,-7.328779101371765137e-01,-9.360173940658569336e-01,-1.409922987222671509e-01,7.060630321502685547e-01,2.710312977433204651e-02,6.590306162834167480e-01,-6.046686321496963501e-02,-7.978629469871520996e-01,-7.841000556945800781e-01,-5.996545553207397461e-01,-1.111617922782897949e+00,9.947263170033693314e-04,-5.106052756309509277e-01,-1.308960318565368652e-01,1.400662660598754883e-01,-4.148223996162414551e-01,4.469473063945770264e-01,-4.082381427288055420e-01,3.461266756057739258e-01,-6.242922544479370117e-01,4.008238613605499268e-01,2.040098905563354492e-01,9.186074137687683105e-01,-7.974040508270263672e-01,5.226429700851440430e-01,-1.908688545227050781e-01,1.605834513902664185e-01,-2.757301330566406250e-01,4.856466650962829590e-01,2.367674373090267181e-02,2.413980849087238312e-02,-2.521659731864929199e-01,6.828099489212036133e-01,1.012454032897949219e+00,-1.411673575639724731e-01,-6.804156303405761719e-01,1.567745953798294067e-01,3.035039603710174561e-01,-1.948004812002182007e-01
-4.404045939445495605e-01,-1.494208127260208130e-01,-1.025664091110229492e+00,-1.580092310905456543e-01,8.407296985387802124e-02,9.987838566303253174e-02,3.369579017162322998e-01,5.098038911819458008e-01,-9.306035041809082031e-01,8.230000734329223633e-01,1.725920200347900391e+00,5.166366100311279297e-01,5.582763999700546265e-02,7.479482293128967285e-01,7.635352611541748047e-01,1.368866562843322754e+00,-2.233999371528625488e-01,4.624305292963981628e-02,3.564549088478088379e-01,7.791038155555725098e-01,4.772322773933410645e-01,-5.951309800148010254e-01,9.818958640098571777e-01,-1.572166979312896729e-01,5.296064019203186035e-01,-7.689062952995300293e-01,-9.124354720115661621e-01,-1.322870552539825439e-01,6.957054734230041504e-01,7.428708672523498535e-02,6.827555894851684570e-01,-6.883133947849273682e-02,-7.727428674697875977e-01,-7.741739153861999512e-01,-6.225445270538330078e-01,-1.121335268020629883e+00,-1.670630648732185364e-02,-5.576255917549133301e-01,-1.433168053627014160e-01,1.572670638561248779e-01,-3.954000771045684814e-01,4.744809269905090332e-01,-4.318211972713470459e-01,3.333342075347900391e-01,-6.389693617820739746e-01,3.752764463424682617e-01,2.185452133417129517e-01,9.190468788146972656e-01,-8.593397736549377441e-01,5.958172082901000977e-01,-2.416763901710510254e-01,1.229457408189773560e-01,-2.720226645469665527e-01,4.936346709728240967e-01,-3.161964006721973419e-03,1.428393833339214325e-02,-2.784432172775268555e-01,6.958400607109069824e-01,9.310194849967956543e-01,-1.496213972568511963e-01,-6.727293133735656738e-01,1.236985474824905396e-01,2.896539866924285889e-01,-1.851595193147659302e-01
