1.995732933282852173e-01,5.396506190299987793e-02,2.506154179573059082e-01,-1.403836011886596680e-01,-2.649534642696380615e-01,1.570761501789093018e-01,-3.370873332023620605e-01,2.592623829841613770e-01,2.433182895183563232e-01,1.755153238773345947e-01,1.429711878299713135e-01,1.688823699951171875e-01,-1.992668360471725464e-01,-4.108740389347076416e-02,-2.290163934230804443e-01,7.684542238712310791e-02,6.553809344768524170e-02,7.131426036357879639e-02,-1.365990936756134033e-01,-2.155609428882598877e-01,-4.391125589609146118e-02,-4.598165303468704224e-02,2.678580284118652344e-01,-8.774618804454803467e-02,-2.926903665065765381e-01,-2.236185818910598755e-01,4.323121905326843262e-01,-2.628306448459625244e-01,1.024484634399414062e-02,-1.813418418169021606e-02,-4.903030395507812500e-02,-1.219066977500915527e-02,-6.119261682033538818e-02,1.986801326274871826e-01,-6.426870822906494141e-05,4.803383350372314453e-02,-2.467819452285766602e-01,4.099500775337219238e-01,-1.600500047206878662e-01,2.817111313343048096e-01,1.536607742309570312e-04,-1.074220165610313416e-01,1.216127052903175354e-01,-1.340678334236145020e-02,1.528832502663135529e-02,-2.242458760738372803e-01,-1.570340692996978760e-01,2.155701220035552979e-01,4.375802874565124512e-01,-2.905192971229553223e-01,8.307418227195739746e-02,-1.324294060468673706e-01,2.812866270542144775e-01,-1.066379994153976440e-01,1.140922233462333679e-01,-7.981032878160476685e-02,-9.133338928222656250e-02,4.346240162849426270e-01,2.724586427211761475e-01,-2.815515398979187012e-01,-3.950998187065124512e-03,9.856406599283218384e-02,-3.871452510356903076e-01,1.160534843802452087e-01
-4.181838035583496094e-01,-3.059085011482238770e-01,-1.191920757293701172e+00,-1.831917613744735718e-01,2.231225073337554932e-01,1.021352335810661316e-01,2.523307800292968750e-01,3.608867526054382324e-01,-8.807770013809204102e-01,7.354952096939086914e-01,1.516304492950439453e+00,6.199444532394409180e-01,1.802792102098464966e-01,6.091983318328857422e-01,6.523238420486450195e-01,1.517601013183593750e+00,-1.942203938961029053e-01,3.580797091126441956e-02,5.596641302108764648e-01,8.215033411979675293e-01,6.321552395820617676e-01,-6.083775758743286133e-01,9.233387708663940430e-01,-1.740370094776153564e-01,4.124373495578765869e-01,-6.527198553085327148e-01,-1.075152635574340820e+00,-1.200774610042572021e-01,5.515766143798828125e-01,-1.427685469388961792e-02,7.773844003677368164e-01,9.023599326610565186e-02,-8.214540481567382812e-01,-6.955686807632446289e-01,-4.984221458435058594e-01,-9.883368611335754395e-01,-6.480676680803298950e-02,-4.643430709838867188e-01,-1.826383918523788452e-01,-1.081058382987976074e-02,-5.971192121505737305e-01,4.444760680198669434e-01,-3.227852582931518555e-01,3.871996998786926270e-01,-8.183535337448120117e-01,5.072739720344543457e-01,5.718347430229187012e-02,9.935842156410217285e-01,-7.848933339118957520e-01,5.471777915954589844e-01,-4.258137941360473633e-01,3.571419417858123779e-01,-1.489060223102569580e-01,5.054627060890197754e-01,-1.368503123521804810e-01,-3.684648498892784119e-02,-2.995578646659851074e-01,5.613647699356079102e-01,7.476476430892944336e-01,-2.059617340564727783e-01,-4.643148779869079590e-01,2.140612900257110596e-02,4.414142966270446777e-01,-6.783291697502136230e-02
-2.624592185020446777e-01,-1.877600103616714478e-01,-9.362889528274536133e-01,-1.019908487796783447e-02,2.125360965728759766e-01,5.543807521462440491e-02,1.678921878337860107e-01,7.369328141212463379e-01,-9.891705513000488281e-01,7.530218362808227539e-01,1.923923730850219727e+00,5.413447022438049316e-01,-8.230264484882354736e-02,8.789559602737426758e-01,8.238468170166015625e-01,1.397592782974243164e+00,-1.597327440977096558e-01,6.839680671691894531e-02,5.396474003791809082e-01,7.686606645584106445e-01,5.900238156318664551e-01,-5.861872434616088867e-01,9.270333051681518555e-01,-9.796498715877532959e-02,6.097246408462524414e-01,-9.588898420333862305e-01,-9.243341088294982910e-01,-2.524838447570800781e-01,6.731576323509216309e-01,9.379121661186218262e-02,8.782685995101928711e-01,1.030878573656082153e-01,-6.817988157272338867e-01,-6.577085256576538086e-01,-7.877986431121826172e-01,-9.574711918830871582e-01,1.778791397809982300e-01,-7.034288644790649414e-01,-2.244626730680465698e-01,2.403374612331390381e-01,-4.207458794116973877e-01,3.795096278190612793e-01,-3.608450889587402344e-01,4.429637789726257324e-01,-5.839004516601562500e-01,5.943794250488281250e-01,1.833467781543731689e-01,7.253029346466064453e-01,-1.068015694618225098e+00,5.260479450225830078e-01,-3.634260594844818115e-02,1.953709870576858521e-02,-3.736332654953002930e-01,3.786962032318115234e-01,-8.155606687068939209e-02,7.572449743747711182e-03,-3.067549467086791992e-01,5.114285349845886230e-01,8.565450310707092285e-01,-3.511787652969360352e-01,-8.486741781234741211e-01,3.129002153873443604e-01,3.797795474529266357e-01,-3.404957354068756104e-01
-3.769183754920959473e-01,-1.516110301017761230e-01,-1.016982436180114746e+00,-9.597263485193252563e-02,2.117536365985870361e-01,3.091688156127929688e-01,5.666972994804382324e-01,5.464097857475280762e-01,-1.049992680549621582e+00,9.515802860260009766e-01,1.680681824684143066e+00,3.034819960594177246e-01,-9.097981452941894531e-02,7.244472503662109375e-01,8.189706206321716309e-01,1.533804535865783691e+00,-1.882610768079757690e-01,1.344667077064514160e-01,4.578374922275543213e-01,6.089736819267272949e-01,4.215570688247680664e-01,-7.910711765289306641e-01,1.159190177917480469e+00,5.137422680854797363e-02,3.607589900493621826e-01,-7.069510817527770996e-01,-9.538756608963012695e-01,-3.228688836097717285e-01,7.619399428367614746e-01,-2.792343497276306152e-03,4.539123177528381348e-01,1.254673600196838379e-01,-9.356564879417419434e-01,-6.492466330528259277e-01,-5.100680589675903320e-01,-1.239406228065490723e+00,1.905699223279953003e-01,-7.176183462142944336e-01,-2.603341937065124512e-01,7.116124033927917480e-02,-2.547241747379302979e-01,5.583376884460449219e-01,-3.509131669998168945e-01,3.462260067462921143e-01,-5.357294082641601562e-01,5.835486650466918945e-01,3.406561911106109619e-02,8.677219152450561523e-01,-9.574593305587768555e-01,4.621675014495849609e-01,-1.388952136039733887e-01,1.176166981458663940e-01,-9.908115863800048828e-02,7.089942693710327148e-01,-1.704664081335067749e-01,2.056989669799804688e-01,-3.349453806877136230e-01,6.380674242973327637e-01,7.800638675689697266e-01,-3.130126595497131348e-01,-5.439767241477966309e-01,2.347963154315948486e-01,3.385011553764343262e-01,-1.565378755331039429e-01
-3.317749500274658203e-01,-2.726027667522430420e-01,-1.225990891456604004e+00,2.475853264331817627e-02,-3.270912170410156250e-02,2.294346392154693604e-01,3.400378227233886719e-01,4.172173738479614258e-01,-9.165909886360168457e-01,7.124750614166259766e-01,1.879700899124145508e+00,4.179983735084533691e-01,-1.300941109657287598e-01,7.341503500938415527e-01,6.995750665664672852e-01,1.396831035614013672e+00,-3.705701828002929688e-01,2.227351963520050049e-01,3.341419100761413574e-01,6.674990653991699219e-01,6.188707351684570312e-01,-5.321028828620910645e-01,7.999510169029235840e-01,-2.283666133880615234e-01,4.930369257926940918e-01,-7.716832756996154785e-01,-8.919641375541687012e-01,-3.291147649288177490e-01,6.601352691650390625e-01,1.815740317106246948e-01,7.161102890968322754e-01,-1.194597929716110229e-01,-6.765782237052917480e-01,-7.769866585731506348e-01,-5.196148157119750977e-01,-9.049066305160522461e-01,1.066063940525054932e-01,-3.793950080871582031e-01,-7.010856270790100098e-02,7.361768186092376709e-02,-2.945279479026794434e-01,2.474093288183212280e-01,-5.123527646064758301e-01,4.980846345424652100e-01,-7.517695426940917969e-01,1.899590790271759033e-01,3.673727512359619141e-01,8.339363932609558105e-01,-7.353268861770629883e-01,7.300653457641601562e-01,-4.722320735454559326e-01,2.286107540130615234e-01,-1.082763373851776123e-01,3.470108211040496826e-01,-1.020502746105194092e-01,1.809713393449783325e-01,-3.940676450729370117e-01,7.737841606140136719e-01,8.039279580116271973e-01,-2.738484144210815430e-01,-7.461329698562622070e-01,6.683439761400222778e-02,2.238623797893524170e-01,-4.711483418941497803e-02
-4.079798460006713867e-01,-2.244447171688079834e-01,-1.144381999969482422e+00,-6.016678363084793091e-02,1.170360967516899109e-01,-5.195982754230499268e-03,5.215940475463867188e-01,4.833345413208007812e-01,-9.369601607322692871e-01,8.688945770263671875e-01,1.683620214462280273e+00,4.777699708938598633e-01,-1.440383940935134888e-01,7.922058701515197754e-01,8.352180123329162598e-01,1.446452975273132324e+00,-3.772309422492980957e-01,-1.204462423920631409e-01,1.820288598537445068e-01,6.569388508796691895e-01,5.518142580986022949e-01,-4.591884613037109375e-01,8.544579148292541504e-01,-1.568228006362915039e-01,4.989964663982391357e-01,-8.324953913688659668e-01,-1.071424961090087891e+00,-4.008519649505615234e-02,8.713176250457763672e-01,-5.379026383161544800e-02,4.937137365341186523e-01,-2.484036535024642944e-01,-7.205267548561096191e-01,-5.519368648529052734e-01,-7.123097777366638184e-01,-1.269474267959594727e+00,5.145510286092758179e-02,-5.400408506393432617e-01,-3.588199615478515625e-01,-2.874085307121276855e-02,-2.443333268165588379e-01,5.334515571594238281e-01,-3.466048240661621094e-01,3.935867846012115479e-01,-4.498270452022552490e-01,5.339836478233337402e-01,3.473473787307739258e-01,9.990600347518920898e-01,-9.976419210433959961e-01,6.752630472183227539e-01,-3.883985877037048340e-01,-9.802713990211486816e-03,-4.351674020290374756e-01,4.570014476776123047e-01,1.751640997827053070e-02,2.212457358837127686e-01,-4.053916037082672119e-01,6.401097178459167480e-01,1.113670110702514648e+00,-2.188941538333892822e-01,-8.578439354896545410e-01,1.507727950811386108e-01,3.322751224040985107e-01,-3.212739527225494385e-02
-5.313284993171691895e-01,-4.750522226095199585e-02,-1.158831357955932617e+00,-1.755788773298263550e-01,2.258392125368118286e-01,-4.654873907566070557e-02,3.453713357448577881e-01,7.218406200408935547e-01,-7.646552324295043945e-01,6.801188588142395020e-01,1.641005992889404297e+00,5.166828632354736328e-01,-1.313985586166381836e-01,9.360045790672302246e-01,6.238510012626647949e-01,1.376160502433776855e+00,-3.625817298889160156e-01,-7.590091228485107422e-02,2.426763921976089478e-01,7.503263354301452637e-01,5.432780981063842773e-01,-5.637450218200683594e-01,1.073171377182006836e+00,9.106792509555816650e-03,3.472201526165008545e-01,-8.735496401786804199e-01,-7.899940609931945801e-01,-1.913834810256958008e-01,5.077522993087768555e-01,1.677358299493789673e-01,5.219217538833618164e-01,-2.943679690361022949e-01,-8.794683218002319336e-01,-6.164886951446533203e-01,-7.715549468994140625e-01,-1.234385609626770020e+00,-2.017180770635604858e-01,-3.549181222915649414e-01,2.859403192996978760e-02,2.918650507926940918e-01,-3.286790847778320312e-01,2.429701089859008789e-01,-4.469536840915679932e-01,3.277975916862487793e-01,-7.610768675804138184e-01,2.137302011251449585e-01,3.436915278434753418e-01,1.138434767723083496e+00,-6.746000051498413086e-01,4.949218034744262695e-01,-1.687268316745758057e-01,2.400256097316741943e-01,-9.036307036876678467e-02,3.340622782707214355e-01,-8.738955482840538025e-03,2.571104839444160461e-02,-3.901187181472778320e-01,7.008997797966003418e-01,9.704186320304870605e-01,-1.324835717678070068e-01,-7.791166305541992188e-01,-4.152218997478485107e-02,3.588471114635467529e-01,-3.794783949851989746e-01
-3.371748626232147217e-01,-1.673844754695892334e-01,-1.019522666931152344e+00,5.819316208362579346e-02,5.762815847992897034e-02,2.370032966136932373e-01,3.106709718704223633e-01,7.038294076919555664e-01,-9.869417548179626465e-01,9.798923134803771973e-01,1.730765938758850098e+00,4.449710249900817871e-01,-1.489065587520599365e-01,6.618725657463073730e-01,9.393727779388427734e-01,1.165447711944580078e+00,-6.433162093162536621e-02,2.786323428153991699e-01,3.715093135833740234e-01,8.218961954116821289e-01,4.148815572261810303e-01,-5.298919677734375000e-01,7.729378938674926758e-01,-3.043369054794311523e-01,6.943312883377075195e-01,-9.998008012771606445e-01,-9.490181803703308105e-01,-2.801066637039184570e-01,5.223892331123352051e-01,-1.063178479671478271e-01,4.983877539634704590e-01,-4.934469237923622131e-02,-6.707006692886352539e-01,-8.175162076950073242e-01,-7.120460867881774902e-01,-1.170377969741821289e+00,-9.072837978601455688e-02,-6.341307163238525391e-01,3.396591544151306152e-02,2.204343676567077637e-02,-5.518675446510314941e-01,3.226140141487121582e-01,-5.142641067504882812e-01,1.882835328578948975e-01,-6.952387690544128418e-01,3.287596702575683594e-01,2.190290838479995728e-01,9.773523807525634766e-01,-9.383553266525268555e-01,7.549096345901489258e-01,-2.903555929660797119e-01,8.086152374744415283e-03,-3.992464244365692139e-01,6.814701557159423828e-01,1.229880377650260925e-03,7.475224137306213379e-02,-2.205376327037811279e-01,5.530977249145507812e-01,1.065174221992492676e+00,-6.148286163806915283e-02,-8.486402034759521484e-01,9.469435364007949829e-02,8.150365948677062988e-02,-1.934756338596343994e-02
-6.385570764541625977e-01,-2.116298079490661621e-01,-1.079206466674804688e+00,-3.675565421581268311e-01,1.334009170532226562e-01,-2.917520701885223389e-03,3.129431903362274170e-01,3.788157105445861816e-01,-9.779668450355529785e-01,7.761270403861999512e-01,1.797406077384948730e+00,5.452231168746948242e-01,-5.449473112821578979e-02,8.922227621078491211e-01,5.791074633598327637e-01,1.223959565162658691e+00,-2.393514364957809448e-01,-1.229269504547119141e-01,5.802299976348876953e-01,6.180723905563354492e-01,4.078350067138671875e-01,-6.829072237014770508e-01,1.037629961967468262e+00,-1.030100136995315552e-02,5.419549942016601562e-01,-8.270299434661865234e-01,-8.026993870735168457e-01,-7.937589287757873535e-02,5.565360188484191895e-01,-4.309045523405075073e-02,8.333883881568908691e-01,1.404276341199874878e-01,-9.541053771972656250e-01,-9.229809045791625977e-01,-6.832451224327087402e-01,-1.027114033699035645e+00,-1.993188709020614624e-01,-5.670329928398132324e-01,-2.408353388309478760e-01,8.939269185066223145e-02,-3.660576939582824707e-01,3.834978938102722168e-01,-4.158458113670349121e-01,3.170501887798309326e-01,-4.430912733078002930e-01,3.985780775547027588e-01,3.240295648574829102e-01,8.409011363983154297e-01,-7.128618359565734863e-01,7.346719503402709961e-01,-3.471311926841735840e-02,1.616242527961730957e-01,-3.686405420303344727e-01,5.924121737480163574e-01,-6.162451580166816711e-02,2.377521097660064697e-01,-1.532585471868515015e-01,8.161333203315734863e-01,1.063381075859069824e+00,-2.316187322139739990e-01,-7.286575436592102051e-01,6.450070440769195557e-02,1.336948573589324951e-01,-2.920078933238983154e-01
-6.205949783325195312e-01,-1.660262495279312134e-01,-8.621884584426879883e-01,-2.600971460342407227e-01,-7.212103158235549927e-02,1.335440576076507568e-01,1.726861745119094849e-01,4.547985494136810303e-01,-1.057790040969848633e+00,6.634376049041748047e-01,1.804692625999450684e+00,5.522717833518981934e-01,9.330718964338302612e-02,7.726284861564636230e-01,8.791546225547790527e-01,1.558197736740112305e+00,-2.831141650676727295e-01,-1.176601126790046692e-01,5.651913881301879883e-01,9.575467109680175781e-01,4.859654605388641357e-01,-4.164213538169860840e-01,1.010167956352233887e+00,-9.431674331426620483e-02,6.193326711654663086e-01,-8.098404407501220703e-01,-1.028363227844238281e+00,-2.864199578762054443e-01,8.927030563354492188e-01,-1.711133122444152832e-02,5.271191000938415527e-01,-9.435269981622695923e-03,-9.067493677139282227e-01,-5.773609280586242676e-01,-5.518399477005004883e-01,-1.287216067314147949e+00,9.957136213779449463e-02,-6.159842014312744141e-01,-3.270350098609924316e-01,1.587662845849990845e-01,-2.930210530757904053e-01,6.737638115882873535e-01,-5.694057941436767578e-01,2.778922021389007568e-01,-5.768197774887084961e-01,5.041589140892028809e-01,2.180433869361877441e-01,7.162210345268249512e-01,-7.537297606468200684e-01,5.225530862808227539e-01,-8.818928897380828857e-02,-2.805845439434051514e-02,-3.636274933815002441e-01,3.017297983169555664e-01,-8.092749118804931641e-02,-8.171582967042922974e-02,-7.839645445346832275e-02,7.507854104042053223e-01,1.139503121376037598e+00,-4.151761531829833984e-03,-5.163758993148803711e-01,2.537534534931182861e-01,1.436384171247482300e-01,-1.500361263751983643e-01
-4.550004303455352783e-01,-2.108943462371826172e-01,-8.892326354980468750e-01,-1.683492511510848999e-01,1.030787825584411621e-01,2.018578648567199707e-01,4.878053665161132812e-01,3.669800758361816406e-01,-7.820803523063659668e-01,6.044549345970153809e-01,1.864477276802062988e+00,3.326039314270019531e-01,-1.441523730754852295e-01,8.538308739662170410e-01,8.401105999946594238e-01,1.165695548057556152e+00,-2.510369420051574707e-01,8.690541237592697144e-02,3.678928911685943604e-01,5.964807271957397461e-01,4.923518300056457520e-01,-6.190761923789978027e-01,1.071171402931213379e+00,-4.066347330808639526e-02,4.270059764385223389e-01,-7.211734652519226074e-01,-7.972564697265625000e-01,5.571083724498748779e-02,7.582898139953613281e-01,9.862565249204635620e-02,6.634365916252136230e-01,1.308477222919464111e-01,-7.850817441940307617e-01,-9.608770608901977539e-01,-5.069816708564758301e-01,-1.247675895690917969e+00,-1.233092509210109711e-02,-4.414734244346618652e-01,-3.344959616661071777e-01,3.053901493549346924e-01,-2.024144083261489868e-01,5.541352033615112305e-01,-4.462558329105377197e-01,5.414984226226806641e-01,-7.970860004425048828e-01,5.811717510223388672e-01,1.879783421754837036e-01,1.076924085617065430e+00,-1.044175267219543457e+00,6.927520036697387695e-01,-3.955057859420776367e-01,-3.669025003910064697e-02,-3.203671276569366455e-01,3.652212619781494141e-01,1.113034188747406006e-01,2.407312542200088501e-01,-8.654363453388214111e-02,8.000175952911376953e-01,1.065133213996887207e+00,-3.005922436714172363e-01,-6.087092161178588867e-01,2.090972661972045898e-02,3.591365814208984375e-01,-1.312123835086822510e-01
-4.484185278415679932e-01,-7.084653526544570923e-02,-1.050008535385131836e+00,-3.973666727542877197e-01,1.800907552242279053e-01,-1.256365031003952026e-01,3.013575673103332520e-01,4.855933785438537598e-01,-8.276555538177490234e-01,6.924836635589599609e-01,1.754606246948242188e+00,6.597435474395751953e-01,9.433423727750778198e-02,7.646166682243347168e-01,7.381845116615295410e-01,1.155836462974548340e+00,-3.747290372848510742e-01,-6.763044744729995728e-03,1.515166610479354858e-01,7.739755511283874512e-01,3.931767046451568604e-01,-6.039494276046752930e-01,9.757787585258483887e-01,-2.277068197727203369e-01,3.662545680999755859e-01,-6.796784400939941406e-01,-8.125068545341491699e-01,-2.725179493427276611e-01,8.758189082145690918e-01,-8.241993933916091919e-02,5.512417554855346680e-01,1.371120214462280273e-01,-7.995304465293884277e-01,-7.592834830284118652e-01,-5.894036293029785156e-01,-8.840643167495727539e-01,-1.373474299907684326e-01,-4.275339841842651367e-01,5.256986618041992188e-02,3.136977255344390869e-01,-4.615361690521240234e-01,2.598703503608703613e-01,-4.213829934597015381e-01,1.812227666378021240e-01,-8.178890943527221680e-01,1.864586919546127319e-01,1.993369758129119873e-01,8.065493702888488770e-01,-1.065506219863891602e+00,5.252128839492797852e-01,-2.185741662979125977e-01,-3.682588040828704834e-02,-4.272747039794921875e-01,6.926711201667785645e-01,3.234553709626197815e-02,2.208358794450759888e-01,-4.548211097717285156e-01,8.128437995910644531e-01,9.803938865661621094e-01,8.405655622482299805e-03,-4.778487086296081543e-01,-6.588891148567199707e-03,1.232938468456268311e-01,-8.722067624330520630e-02
-5.594883561134338379e-01,-1.594206839799880981e-01,-9.357023835182189941e-01,-1.709126979112625122e-01,2.031350135803222656e-02,3.520361334085464478e-02,5.444748401641845703e-01,4.700442850589752197e-01,-1.029178738594055176e+00,9.522858262062072754e-01,1.721415638923645020e+00,3.833613395690917969e-01,-9.705121815204620361e-02,7.331326007843017578e-01,9.268012046813964844e-01,1.192490935325622559e+00,-3.625513315200805664e-01,2.208099961280822754e-01,5.648574233055114746e-01,9.003447294235229492e-01,2.569273710250854492e-01,-5.666432976722717285e-01,1.047569155693054199e+00,2.431248873472213745e-02,6.600766181945800781e-01,-9.714338779449462891e-01,-8.979679942131042480e-01,5.617775022983551025e-02,5.756654739379882812e-01,-9.167686849832534790e-02,6.860522627830505371e-01,1.410985440015792847e-01,-8.419981002807617188e-01,-6.824697256088256836e-01,-4.533722698688507080e-01,-1.246174454689025879e+00,1.497992575168609619e-01,-4.613283872604370117e-01,3.039559721946716309e-02,2.153046727180480957e-01,-4.605907797813415527e-01,3.519805669784545898e-01,-2.737720012664794922e-01,2.116636484861373901e-01,-7.379511594772338867e-01,4.044752717018127441e-01,1.508994102478027344e-01,1.107864737510681152e+00,-1.057195067405700684e+00,5.131148099899291992e-01,-4.562845230102539062e-01,1.920496076345443726e-01,-4.290246367454528809e-01,5.260395407676696777e-01,-2.544389292597770691e-02,5.115491524338722229e-02,-4.409896731376647949e-01,5.363922119140625000e-01,9.357911944389343262e-01,-1.904345005750656128e-01,-5.423107743263244629e-01,5.237635225057601929e-02,4.429960250854492188e-01,-3.734036982059478760e-01
-2.320837974548339844e-01,-3.380126655101776123e-01,-8.304842710494995117e-01,-4.009141027927398682e-01,-2.715797722339630127e-02,2.311632782220840454e-01,3.218936920166015625e-01,4.670648574829101562e-01,-8.190175294876098633e-01,9.138464927673339844e-01,1.920861005783081055e+00,3.981987833976745605e-01,8.656592667102813721e-02,8.056272268295288086e-01,8.814091086387634277e-01,1.340346813201904297e+00,-1.635356247425079346e-02,-7.674108445644378662e-02,2.915653586387634277e-01,5.829719901084899902e-01,4.049147665500640869e-01,-6.862440109252929688e-01,9.128058552742004395e-01,-1.713127493858337402e-01,3.863935470581054688e-01,-9.052437543869018555e-01,-9.674428105354309082e-01,-3.019724190235137939e-01,5.169364213943481445e-01,-4.027958959341049194e-02,7.523880004882812500e-01,-6.750996410846710205e-02,-6.702865958213806152e-01,-9.365978837013244629e-01,-6.473167538642883301e-01,-9.947312474250793457e-01,7.201993465423583984e-02,-4.164896607398986816e-01,-2.822469472885131836e-01,2.634042799472808838e-01,-2.707642614841461182e-01,4.353168010711669922e-01,-2.889885008335113525e-01,4.022201597690582275e-01,-8.175595402717590332e-01,3.065375685691833496e-01,3.424586653709411621e-01,7.440708279609680176e-01,-7.831440567970275879e-01,7.349609732627868652e-01,-3.064324259757995605e-01,7.535563409328460693e-02,-3.066543340682983398e-01,6.206110715866088867e-01,1.036073490977287292e-01,7.028520107269287109e-02,-1.565798223018646240e-01,5.559617280960083008e-01,9.816551208496093750e-01,-2.996234297752380371e-01,-7.093435525894165039e-01,2.960567176342010498e-01,4.709864556789398193e-01,-3.373512923717498779e-01
-2.768716216087341309e-01,-3.589586019515991211e-01,-1.014326453208923340e+00,-2.036953419446945190e-01,2.913721501827239990e-01,6.552568823099136353e-02,4.974879026412963867e-01,5.858893990516662598e-01,-7.108936309814453125e-01,1.024217844009399414e+00,1.763256430625915527e+00,3.739793300628662109e-01,-4.997162148356437683e-02,6.750242114067077637e-01,6.032158136367797852e-01,1.456783890724182129e+00,-3.129763603210449219e-01,7.534556090831756592e-02,5.449329018592834473e-01,9.755275845527648926e-01,3.160374760627746582e-01,-5.139811038970947266e-01,7.885217070579528809e-01,-2.644289433956146240e-01,4.237810969352722168e-01,-6.776654720306396484e-01,-8.560632467269897461e-01,-1.275493949651718140e-01,6.142438650131225586e-01,1.269018799066543579e-01,8.242425918579101562e-01,-2.319744825363159180e-01,-9.584189653396606445e-01,-8.613737821578979492e-01,-8.557901978492736816e-01,-1.301009058952331543e+00,-3.128129616379737854e-02,-6.087533831596374512e-01,-1.181940734386444092e-01,3.198441863059997559e-02,-1.584510505199432373e-01,4.322613179683685303e-01,-5.415810942649841309e-01,4.507324397563934326e-01,-7.472121119499206543e-01,5.767160058021545410e-01,3.555750846862792969e-01,8.459744453430175781e-01,-9.131181240081787109e-01,7.855305075645446777e-01,-3.903637826442718506e-01,7.470716536045074463e-02,-4.511675238609313965e-01,4.759703278541564941e-01,-2.186998128890991211e-01,6.820717453956604004e-02,-1.608047783374786377e-01,4.690983891487121582e-01,9.711687564849853516e-01,-1.716047376394271851e-01,-4.638962745666503906e-01,2.683813273906707764e-01,1.866325289011001587e-01,-2.073134481906890869e-01
-5.229797363281250000e-01,-2.301880717277526855e-02,-1.086449742317199707e+00,-3.482357263565063477e-01,2.703846693038940430e-01,1.474803686141967773e-02,1.659629493951797485e-01,6.086886525154113770e-01,-9.563658237457275391e-01,9.469034671783447266e-01,1.565671086311340332e+00,3.469164967536926270e-01,-3.292187303304672241e-02,7.769457101821899414e-01,8.950700759887695312e-01,1.437820672988891602e+00,-1.152905821800231934e-01,7.438892126083374023e-02,4.855064153671264648e-01,5.990579128265380859e-01,5.401870012283325195e-01,-4.635542631149291992e-01,9.321986436843872070e-01,1.173502951860427856e-02,4.432052969932556152e-01,-9.779207706451416016e-01,-9.611861109733581543e-01,-9.977401793003082275e-02,6.088939309120178223e-01,2.403685152530670166e-01,4.645476341247558594e-01,9.113310277462005615e-02,-7.775884866714477539e-01,-8.298387527465820312e-01,-7.622377872467041016e-01,-1.303815603256225586e+00,1.761254817247390747e-01,-4.284138083457946777e-01,-1.877274811267852783e-01,3.794727921485900879e-01,-4.001201391220092773e-01,2.948751151561737061e-01,-2.309432625770568848e-01,3.718548417091369629e-01,-7.747212052345275879e-01,2.735598087310791016e-01,1.266700774431228638e-01,9.578098058700561523e-01,-1.070051789283752441e+00,4.952642321586608887e-01,-4.022691249847412109e-01,2.118224799633026123e-01,-8.643248677253723145e-02,5.551625490188598633e-01,-1.620514690876007080e-01,5.170034617185592651e-02,-1.032176762819290161e-01,8.691689372062683105e-01,1.133171916007995605e+00,-4.405026137828826904e-02,-5.185027122497558594e-01,3.806070983409881592e-02,4.699603319168090820e-01,-2.162204682826995850e-01
-6.365300416946411133e-01,-1.313687860965728760e-02,-8.561946153640747070e-01,1.956321299076080322e-02,1.822667121887207031e-01,2.045122534036636353e-01,3.539041280746459961e-01,4.418085217475891113e-01,-1.048621535301208496e+00,7.340100407600402832e-01,1.773264646530151367e+00,5.741438865661621094e-01,-1.010512560606002808e-02,5.258387327194213867e-01,9.123915433883666992e-01,1.220767974853515625e+00,-3.960718512535095215e-01,1.438348740339279175e-01,3.146051764488220215e-01,6.008408069610595703e-01,3.259234130382537842e-01,-6.517202258110046387e-01,9.009741544723510742e-01,-1.533610522747039795e-01,3.139589726924896240e-01,-5.934246778488159180e-01,-9.074806571006774902e-01,-3.011380434036254883e-01,7.261439561843872070e-01,1.316126808524131775e-02,6.569423675537109375e-01,-5.452095717191696167e-02,-9.939666986465454102e-01,-7.791457176208496094e-01,-4.849992990493774414e-01,-1.094030737876892090e+00,1.117655336856842041e-01,-3.587166965007781982e-01,-8.730742335319519043e-02,1.527460813522338867e-01,-5.231202840805053711e-01,4.084952473640441895e-01,-2.214816510677337646e-01,4.959709048271179199e-01,-5.918160676956176758e-01,3.347557783126831055e-01,2.295228987932205200e-01,1.101537585258483887e+00,-9.570780992507934570e-01,5.531023144721984863e-01,-1.742333471775054932e-01,1.325014978647232056e-02,-3.227469623088836670e-01,3.642003238201141357e-01,7.698339223861694336e-02,-1.076076775789260864e-01,-1.444695740938186646e-01,6.223556995391845703e-01,8.413747549057006836e-01,-1.892499327659606934e-01,-6.480859518051147461e-01,2.036264985799789429e-01,2.430244088172912598e-01,-3.412489891052246094e-01
-3.176050782203674316e-01,-1.452698409557342529e-01,-8.523008823394775391e-01,-3.080601990222930908e-02,2.531678974628448486e-01,1.216858625411987305e-02,5.194817781448364258e-01,5.985972881317138672e-01,-8.453482985496520996e-01,8.223450183868408203e-01,1.820159792900085449e+00,3.679776787757873535e-01,1.417842358350753784e-01,6.291446089744567871e-01,8.506451249122619629e-01,1.392283082008361816e+00,-7.180517911911010742e-02,-6.174978613853454590e-02,2.766165137290954590e-01,7.783260941505432129e-01,5.082735419273376465e-01,-5.895925164222717285e-01,8.928713798522949219e-01,-4.336533695459365845e-02,4.305162429809570312e-01,-7.037807106971740723e-01,-9.666010141372680664e-01,-1.691907942295074463e-01,5.041469931602478027e-01,9.969684481620788574e-02,4.862221777439117432e-01,1.121274679899215698e-01,-9.659809470176696777e-01,-8.225619792938232422e-01,-7.932263612747192383e-01,-1.216597199440002441e+00,1.514990031719207764e-01,-5.942307114601135254e-01,-2.156856060028076172e-01,2.262350320816040039e-01,-2.187381982803344727e-01,6.403847932815551758e-01,-6.112793087959289551e-01,2.395975887775421143e-01,-6.976640224456787109e-01,5.829178690910339355e-01,3.757568299770355225e-01,9.394717812538146973e-01,-6.688879132270812988e-01,6.255899667739868164e-01,-1.506812572479248047e-01,2.620076239109039307e-01,-1.610258221626281738e-01,3.404000997543334961e-01,1.950695179402828217e-02,9.203141927719116211e-02,-3.635106980800628662e-01,7.262396216392517090e-01,7.873849868774414062e-01,-1.117907911539077759e-01,-4.779106080532073975e-01,1.150080859661102295e-01,2.441493123769760132e-01,-9.279264509677886963e-02
-5.517657399177551270e-01,-2.027922123670578003e-01,-1.185494184494018555e+00,-5.154894292354583740e-02,-6.832624226808547974e-02,2.478674799203872681e-02,2.292616069316864014e-01,5.976945161819458008e-01,-1.065176010131835938e+00,7.736196517944335938e-01,1.819489479064941406e+00,4.950029551982879639e-01,3.874272480607032776e-02,7.354821562767028809e-01,7.979232668876647949e-01,1.255005598068237305e+00,-4.188733994960784912e-01,2.387450188398361206e-01,1.464501470327377319e-01,6.986004114151000977e-01,3.774240016937255859e-01,-4.218815863132476807e-01,1.217541217803955078e+00,-4.663621634244918823e-02,3.009798824787139893e-01,-7.492002844810485840e-01,-7.471963167190551758e-01,6.452128291130065918e-03,4.921365678310394287e-01,-3.215254843235015869e-02,4.655361771583557129e-01,7.432077825069427490e-02,-6.649906635284423828e-01,-6.328833103179931641e-01,-6.946461796760559082e-01,-1.124356865882873535e+00,-1.826102733612060547e-01,-4.020900130271911621e-01,-3.506060540676116943e-01,8.733312785625457764e-02,-5.084999799728393555e-01,5.825063586235046387e-01,-3.513888716697692871e-01,1.568352878093719482e-01,-7.541367411613464355e-01,5.058999061584472656e-01,3.372083306312561035e-01,9.741809368133544922e-01,-7.750899791717529297e-01,3.809605538845062256e-01,-4.420560598373413086e-01,2.998891174793243408e-01,-1.796301305294036865e-01,3.238761425018310547e-01,1.258371770381927490e-01,2.474501281976699829e-01,-3.403964638710021973e-01,4.998188018798828125e-01,1.139924645423889160e+00,-1.308135390281677246e-01,-6.769926548004150391e-01,1.575850546360015869e-01,3.524908721446990967e-01,-1.050782874226570129e-01
-6.094551682472229004e-01,-4.227607697248458862e-02,-9.297028779983520508e-01,-1.156023815274238586e-01,-2.697818726301193237e-02,-3.426976501941680908e-02,4.016590714454650879e-01,6.026049256324768066e-01,-9.435433745384216309e-01,7.967376708984375000e-01,1.540468931198120117e+00,4.055579900741577148e-01,2.565720379352569580e-01,6.935451030731201172e-01,5.827580094337463379e-01,1.293923974037170410e+00,-1.034535169601440430e-01,-5.348223447799682617e-02,1.986203342676162720e-01,9.509469270706176758e-01,3.911497592926025391e-01,-7.717311978340148926e-01,1.034705042839050293e+00,9.534446895122528076e-02,4.248319864273071289e-01,-6.124382019042968750e-01,-8.416347503662109375e-01,-6.403123587369918823e-02,6.743791103363037109e-01,2.431041598320007324e-01,7.163968682289123535e-01,5.137749761343002319e-02,-9.678501486778259277e-01,-8.854683637619018555e-01,-7.819862961769104004e-01,-1.268725395202636719e+00,-1.759215742349624634e-01,-6.528019905090332031e-01,7.693172991275787354e-02,1.593068838119506836e-01,-5.874578952789306641e-01,2.704639434814453125e-01,-5.844129323959350586e-01,5.016568899154663086e-01,-8.249457478523254395e-01,3.744124174118041992e-01,1.275324523448944092e-01,9.143180251121520996e-01,-6.850006580352783203e-01,6.424219608306884766e-01,-3.912182748317718506e-01,8.351713418960571289e-03,-4.120261967182159424e-01,4.477043151855468750e-01,1.562445908784866333e-01,1.419979929924011230e-01,-2.672151327133178711e-01,8.871482014656066895e-01,8.547777533531188965e-01,-3.419150710105895996e-01,-4.655954241752624512e-01,6.300470232963562012e-02,4.824891686439514160e-01,-3.390582203865051270e-01
-3.979063332080841064e-01,-1.024215817451477051e-01,-1.181704163551330566e+00,-1.989021897315979004e-01,-4.765766859054565430e-02,-3.891170024871826172e-02,4.402087628841400146e-01,4.150670170783996582e-01,-9.971970915794372559e-01,8.963733911514282227e-01,1.732472777366638184e+00,6.251725554466247559e-01,-1.169145405292510986e-01,8.750323057174682617e-01,8.778838515281677246e-01,1.345737218856811523e+00,-4.018798470497131348e-01,2.257466018199920654e-01,2.776753306388854980e-01,7.478641867637634277e-01,5.766793489456176758e-01,-4.322758316993713379e-01,1.047714829444885254e+00,-2.958677411079406738e-01,6.049228906631469727e-01,-9.112120866775512695e-01,-8.290792107582092285e-01,-9.245631098747253418e-02,7.684237957000732422e-01,-2.682823687791824341e-02,5.244418382644653320e-01,5.252336710691452026e-02,-5.841584205627441406e-01,-9.807623028755187988e-01,-7.981327176094055176e-01,-1.104102969169616699e+00,-3.296618163585662842e-02,-5.070490837097167969e-01,-1.026618331670761108e-01,2.430492043495178223e-01,-4.429934620857238770e-01,6.089440584182739258e-01,-4.237340986728668213e-01,4.681451618671417236e-01,-6.082230806350708008e-01,1.865520030260086060e-01,2.734727561473846436e-01,1.122837185859680176e+00,-7.329847216606140137e-01,4.736353754997253418e-01,-3.532817959785461426e-01,3.260268867015838623e-01,-1.803049892187118530e-01,4.857514202594757080e-01,-5.648906156420707703e-02,-2.551756054162979126e-02,-1.649489104747772217e-01,4.888908565044403076e-01,1.048030376434326172e+00,2.346959710121154785e-02,-7.013998031616210938e-01,3.495474457740783691e-01,4.997447729110717773e-01,-2.440224289894104004e-01
-6.033571362495422363e-01,-1.783648729324340820e-01,-1.092609047889709473e+00,-2.007400095462799072e-01,-4.093119502067565918e-02,3.254336863756179810e-02,5.059280991554260254e-01,3.499580025672912598e-01,-8.910335302352905273e-01,8.717378973960876465e-01,1.548222780227661133e+00,3.382533788681030273e-01,9.201394021511077881e-02,6.247376203536987305e-01,5.848310589790344238e-01,1.534306287765502930e+00,-3.590164780616760254e-01,-1.573159545660018921e-02,4.228423237800598145e-01,9.509015679359436035e-01,6.866190433502197266e-01,-7.102273702621459961e-01,9.097732901573181152e-01,-3.175215125083923340e-01,4.884179532527923584e-01,-8.659219741821289062e-01,-7.814567089080810547e-01,-3.455658257007598877e-02,6.259286999702453613e-01,2.216645330190658569e-02,5.925189852714538574e-01,-1.004399210214614868e-01,-8.141174912452697754e-01,-6.875341534614562988e-01,-6.035485267639160156e-01,-1.078579068183898926e+00,-1.808259189128875732e-01,-4.411811232566833496e-01,-3.146272599697113037e-01,3.381127417087554932e-01,-5.409042835235595703e-01,6.459218859672546387e-01,-5.133723020553588867e-01,5.364923477172851562e-01,-7.686730623245239258e-01,2.826775014400482178e-01,2.662498354911804199e-01,9.058449268341064453e-01,-6.850422024726867676e-01,6.787978410720825195e-01,-4.284511208534240723e-01,1.299244314432144165e-01,-1.432791352272033691e-01,5.229199528694152832e-01,-9.166114032268524170e-02,-8.716914802789688110e-02,-3.554738163948059082e-01,5.712896585464477539e-01,9.195828437805175781e-01,-1.851389110088348389e-01,-7.144539356231689453e-01,3.011673986911773682e-01,4.476391077041625977e-01,-3.749614953994750977e-01
-6.291463375091552734e-01,-1.998273283243179321e-01,-8.373786211013793945e-01,-3.145307302474975586e-01,1.786085516214370728e-01,-1.620730012655258179e-02,1.658918410539627075e-01,5.405650734901428223e-01,-8.083598017692565918e-01,6.313001513481140137e-01,1.940477967262268066e+00,4.034455418586730957e-01,2.075982093811035156e-01,7.610717415809631348e-01,9.684240818023681641e-01,1.438636779785156250e+00,-3.756135106086730957e-01,1.753003597259521484e-01,3.757027983665466309e-01,5.941528081893920898e-01,3.904610276222229004e-01,-4.506893455982208252e-01,1.079683899879455566e+00,-5.779847502708435059e-02,4.221290349960327148e-01,-7.461869716644287109e-01,-9.749473929405212402e-01,-2.930779755115509033e-01,5.589274168014526367e-01,-8.134385198354721069e-02,8.043702840805053711e-01,-3.384482115507125854e-03,-9.023440480232238770e-01,-7.202907204627990723e-01,-7.186242938041687012e-01,-1.045097589492797852e+00,4.243099689483642578e-02,-4.363019466400146484e-01,-1.626656651496887207e-01,7.183620333671569824e-02,-2.943083047866821289e-01,4.158509671688079834e-01,-6.368656754493713379e-01,2.508982717990875244e-01,-4.575077295303344727e-01,5.202335119247436523e-01,2.688685953617095947e-01,8.737141489982604980e-01,-8.809571266174316406e-01,7.103924751281738281e-01,-1.325819939374923706e-01,1.921370923519134521e-01,-1.897294521331787109e-01,5.321848988533020020e-01,-1.370554417371749878e-01,1.000201106071472168e-01,-2.179747521877288818e-01,8.787380456924438477e-01,1.063224673271179199e+00,-1.258592009544372559e-01,-6.843393445014953613e-01,1.624611467123031616e-01,4.593601822853088379e-01,-8.351402729749679565e-02
-4.272509813308715820e-01,-3.554286807775497437e-02,-9.993295073509216309e-01,-1.812744289636611938e-01,-7.971802353858947754e-02,1.635754406452178955e-01,2.003920376300811768e-01,7.327538132667541504e-01,-8.950546383857727051e-01,9.166664481163024902e-01,1.936690926551818848e+00,4.879595637321472168e-01,-8.699926733970642090e-02,8.241837024688720703e-01,7.286495566368103027e-01,1.452869296073913574e+00,-3.080303668975830078e-01,-1.002981290221214294e-01,2.289076745510101318e-01,5.599080920219421387e-01,5.156379938125610352e-01,-7.490123510360717773e-01,1.068852901458740234e+00,-2.002592384815216064e-01,6.335422396659851074e-01,-9.380072951316833496e-01,-7.302705645561218262e-01,-1.919550001621246338e-01,7.317464947700500488e-01,2.074507474899291992e-01,7.660647630691528320e-01,-1.449601650238037109e-01,-7.725921273231506348e-01,-8.910940289497375488e-01,-5.146849155426025391e-01,-1.224779129028320312e+00,-2.455097585916519165e-01,-4.043129086494445801e-01,-6.872063875198364258e-02,1.224633157253265381e-01,-4.056828320026397705e-01,3.199585676193237305e-01,-3.773138225078582764e-01,4.637916088104248047e-01,-7.624978423118591309e-01,2.938809990882873535e-01,4.051908850669860840e-01,9.830181002616882324e-01,-1.056768417358398438e+00,6.903893351554870605e-01,-2.398210018873214722e-01,3.232631087303161621e-02,-1.317730098962783813e-01,6.324476003646850586e-01,1.447733342647552490e-01,4.432339593768119812e-02,-1.326423734426498413e-01,7.805140614509582520e-01,9.536847472190856934e-01,-6.375998258590698242e-03,-8.636629581451416016e-01,1.861306130886077881e-01,3.092637062072753906e-01,-3.745058774948120117e-01
-4.210765659809112549e-01,-2.026882767677307129e-02,-1.164450287818908691e+00,-3.123764991760253906e-01,2.591584622859954834e-02,5.929518491029739380e-02,5.023341774940490723e-01,6.012718677520751953e-01,-1.096493124961853027e+00,9.470190405845642090e-01,1.589138269424438477e+00,3.202925622463226318e-01,5.923109874129295349e-02,6.208678483963012695e-01,5.896498560905456543e-01,1.362675428390502930e+00,-1.443650126457214355e-01,6.985412538051605225e-02,4.199911355972290039e-01,6.624306440353393555e-01,2.778458595275878906e-01,-4.367961287498474121e-01,1.183719754219055176e+00,-2.880731225013732910e-01,6.122865080833435059e-01,-7.546311616897583008e-01,-1.067301154136657715e+00,6.091009080410003662e-02,7.175647616386413574e-01,1.849470585584640503e-01,7.104175090789794922e-01,-1.120426133275032043e-01,-6.299402117729187012e-01,-6.414696574211120605e-01,-6.202880740165710449e-01,-1.161797761917114258e+00,1.105812638998031616e-01,-4.296314716339111328e-01,-6.314080208539962769e-02,1.125444471836090088e-01,-4.116972684860229492e-01,2.439472824335098267e-01,-4.322072565555572510e-01,3.775699436664581299e-01,-4.487209022045135498e-01,5.788455009460449219e-01,3.048803806304931641e-01,9.537896513938903809e-01,-7.441000938415527344e-01,5.934836268424987793e-01,-2.171538770198822021e-01,4.159487783908843994e-02,-7.692201435565948486e-02,6.854234933853149414e-01,1.383180618286132812e-01,9.149871766567230225e-02,-3.499526083469390869e-01,4.883729815483093262e-01,1.084794878959655762e+00,-2.704451084136962891e-01,-7.476682066917419434e-01,-7.008861005306243896e-02,4.201217293739318848e-01,-1.152427420020103455e-01
-3.380839228630065918e-01,-2.051500976085662842e-01,-1.036708593368530273e+00,-5.658880621194839478e-02,6.255962699651718140e-02,9.265239536762237549e-02,4.836182296276092529e-01,3.349701762199401855e-01,-7.721961140632629395e-01,9.693712592124938965e-01,1.844705820083618164e+00,3.205635547637939453e-01,1.742436587810516357e-01,9.011219143867492676e-01,6.912047863006591797e-01,1.208962440490722656e+00,-3.541603684425354004e-01,-1.244606077671051025e-02,5.436316728591918945e-01,7.352079153060913086e-01,2.814211845397949219e-01,-5.097100138664245605e-01,1.010245323181152344e+00,-1.347094178199768066e-01,5.141633749008178711e-01,-8.533679842948913574e-01,-6.723466515541076660e-01,-2.955294251441955566e-01,6.689519882202148438e-01,1.564745008945465088e-01,8.229222297668457031e-01,1.232926771044731140e-01,-5.935655832290649414e-01,-7.108013033866882324e-01,-6.833943128585815430e-01,-1.190519928932189941e+00,8.151392638683319092e-02,-7.242522239685058594e-01,-1.847788989543914795e-01,3.052927255630493164e-01,-2.263613343238830566e-01,3.545179367065429688e-01,-4.281273484230041504e-01,2.722842693328857422e-01,-6.909306645393371582e-01,3.970994651317596436e-01,3.886357545852661133e-01,9.330394268035888672e-01,-8.113783001899719238e-01,6.988067626953125000e-01,-4.608034491539001465e-01,1.183422803878784180e-01,-4.459539055824279785e-01,7.156174778938293457e-01,-1.763017028570175171e-01,-5.941473692655563354e-02,-3.533376455307006836e-01,6.244064569473266602e-01,1.153176188468933105e+00,-8.733843266963958740e-02,-5.495871305465698242e-01,2.602475285530090332e-01,4.782633781433105469e-01,-1.623629331588745117e-01
-4.379863142967224121e-01,-1.824355125427246094e-01,-9.440397024154663086e-01,1.549439132213592529e-02,1.882435679435729980e-01,2.559626698493957520e-01,2.301066219806671143e-01,3.299139738082885742e-01,-1.064594388008117676e+00,7.680517435073852539e-01,1.772786855697631836e+00,4.305782914161682129e-01,5.550692975521087646e-02,9.447562098503112793e-01,5.573990345001220703e-01,1.239999175071716309e+00,-3.235397040843963623e-01,2.624737024307250977e-01,1.499366313219070435e-01,7.710393071174621582e-01,2.639091312885284424e-01,-7.077218294143676758e-01,9.217579364776611328e-01,-3.732877969741821289e-02,4.538308084011077881e-01,-5.729991793632507324e-01,-9.512841701507568359e-01,-1.930041313171386719e-01,5.440135002136230469e-01,4.817249625921249390e-02,7.285970449447631836e-01,-1.994190663099288940e-01,-7.071784734725952148e-01,-6.274629235267639160e-01,-7.800750732421875000e-01,-1.230756163597106934e+00,-8.515819907188415527e-02,-7.370725870132446289e-01,-2.808357477188110352e-01,-5.033081769943237305e-02,-2.098641991615295410e-01,4.411846995353698730e-01,-4.840841591358184814e-01,2.725131511688232422e-01,-8.344703316688537598e-01,5.617525577545166016e-01,4.140634536743164062e-01,8.818921446800231934e-01,-8.958007097244262695e-01,5.365567803382873535e-01,-3.657899200916290283e-01,4.190699756145477295e-02,-5.939608812332153320e-02,5.263739228248596191e-01,-3.624679893255233765e-02,-4.551549255847930908e-02,-2.692285776138305664e-01,7.894594669342041016e-01,8.954265713691711426e-01,-3.695940971374511719e-01,-7.486809492111206055e-01,5.544522404670715332e-02,4.715997576713562012e-01,-3.597325682640075684e-01
-3.435309529304504395e-01,-7.196798920631408691e-03,-1.174934625625610352e+00,-1.951695084571838379e-01,1.533538475632667542e-02,-7.668936252593994141e-02,1.424937695264816284e-01,7.062363028526306152e-01,-8.138974308967590332e-01,6.279205083847045898e-01,1.914693832397460938e+00,6.446295380592346191e-01,8.071088790893554688e-02,6.043418645858764648e-01,7.158937454223632812e-01,1.311578631401062012e+00,-3.512049615383148193e-01,9.311975538730621338e-02,3.045465052127838135e-01,5.735890865325927734e-01,3.843384385108947754e-01,-7.230073213577270508e-01,8.113144636154174805e-01,-2.747264504432678223e-01,5.428537130355834961e-01,-6.973289847373962402e-01,-1.073112249374389648e+00,-1.119477152824401855e-01,8.115267157554626465e-01,-1.298457682132720947e-01,8.591198325157165527e-01,-1.043769270181655884e-01,-9.924565553665161133e-01,-7.593533396720886230e-01,-4.766927957534790039e-01,-8.903661370277404785e-01,-1.970295608043670654e-01,-3.294979929924011230e-01,-6.676834821701049805e-02,-3.618179261684417725e-02,-5.394589900970458984e-01,4.618875682353973389e-01,-2.201077044010162354e-01,4.084843397140502930e-01,-5.391062498092651367e-01,3.403992652893066406e-01,4.201293885707855225e-01,8.525364995002746582e-01,-6.731410622596740723e-01,3.816194534301757812e-01,-2.390496581792831421e-01,1.101936921477317810e-01,-4.196566343307495117e-01,5.872328281402587891e-01,-9.296501427888870239e-02,3.611666709184646606e-02,-3.142446279525756836e-01,7.716661095619201660e-01,8.400904536247253418e-01,4.201859235763549805e-02,-6.845948100090026855e-01,1.586529612541198730e-01,2.665050923824310303e-01,-1.452411413192749023e-01
-2.421141862869262695e-01,-8.338166773319244385e-02,-1.235587120056152344e+00,-1.672055125236511230e-01,8.999238908290863037e-02,2.799890637397766113e-01,3.720769882202148438e-01,4.905030131340026855e-01,-8.295738101005554199e-01,7.080554962158203125e-01,1.855239629745483398e+00,3.962576091289520264e-01,5.439047142863273621e-02,6.622521281242370605e-01,9.363745450973510742e-01,1.498444557189941406e+00,-2.201230823993682861e-01,2.806962281465530396e-02,4.007098972797393799e-01,9.552086591720581055e-01,3.349995017051696777e-01,-4.028687477111816406e-01,8.199552297592163086e-01,6.382604688405990601e-02,6.620105504989624023e-01,-5.825886726379394531e-01,-7.215733528137207031e-01,-2.908312082290649414e-01,7.900835275650024414e-01,-1.056365445256233215e-01,4.731352627277374268e-01,-1.704461127519607544e-01,-9.571645259857177734e-01,-8.897907137870788574e-01,-6.316376328468322754e-01,-9.948878884315490723e-01,-7.181950658559799194e-02,-7.363566160202026367e-01,-2.321731746196746826e-01,3.543528616428375244e-01,-2.366700768470764160e-01,6.566896438598632812e-01,-2.828906178474426270e-01,2.617663145065307617e-01,-8.276086449623107910e-01,5.664350390434265137e-01,-1.346379518508911133e-03,1.059548258781433105e+00,-9.870015978813171387e-01,6.687154769897460938e-01,-4.578012228012084961e-01,5.168750137090682983e-02,-1.309479475021362305e-01,3.181626498699188232e-01,1.547162532806396484e-01,-4.785024747252464294e-02,-3.513852357864379883e-01,5.412498712539672852e-01,1.050076127052307129e+00,-1.272364705801010132e-01,-8.576976060867309570e-01,2.107350379228591919e-01,1.381799131631851196e-01,-3.576438426971435547e-01
-5.513721704483032227e-01,-4.860216379165649414e-02,-1.070772171020507812e+00,-2.262890785932540894e-01,-7.695572078227996826e-02,2.936464250087738037e-01,4.885229468345642090e-01,6.426850557327270508e-01,-9.265378117561340332e-01,7.756626009941101074e-01,1.598396778106689453e+00,3.573617339134216309e-01,6.672544032335281372e-02,6.690405607223510742e-01,6.305277347564697266e-01,1.453013181686401367e+00,-3.652942478656768799e-01,1.377022862434387207e-01,2.455436438322067261e-01,7.149599790573120117e-01,5.643187761306762695e-01,-6.099260449409484863e-01,1.068497896194458008e+00,-2.558199167251586914e-01,4.912355840206146240e-01,-8.456830978393554688e-01,-8.910690546035766602e-01,-3.024796247482299805e-01,8.979622125625610352e-01,-1.705354750156402588e-01,4.708936810493469238e-01,-1.018058955669403076e-01,-9.523164033889770508e-01,-7.241531610488891602e-01,-5.195344686508178711e-01,-1.299715876579284668e+00,-2.366862893104553223e-01,-4.807365536689758301e-01,-6.899482756853103638e-02,1.783461123704910278e-01,-5.882160663604736328e-01,5.528662204742431641e-01,-4.635211825370788574e-01,2.978374958038330078e-01,-5.401070117950439453e-01,5.784376859664916992e-01,2.320080995559692383e-03,9.791721701622009277e-01,-7.631599903106689453e-01,4.141212701797485352e-01,-1.744963824748992920e-01,9.788972884416580200e-02,-2.358254045248031616e-01,3.330644369125366211e-01,1.685384064912796021e-01,2.211560159921646118e-01,-2.027087509632110596e-01,5.192002058029174805e-01,9.469476342201232910e-01,-3.376605510711669922e-01,-6.248216032981872559e-01,3.233005702495574951e-01,2.303554266691207886e-01,-2.744563817977905273e-01
-4.672895967960357666e-01,-1.963645368814468384e-01,-1.101738929748535156e+00,-2.355453073978424072e-01,-6.471277028322219849e-02,4.166612774133682251e-02,3.801605999469757080e-01,6.341872215270996094e-01,-8.102446794509887695e-01,7.434523105621337891e-01,1.880843162536621094e+00,7.132173776626586914e-01,-5.974177271127700806e-02,6.114217042922973633e-01,8.522009849548339844e-01,1.204328536987304688e+00,-1.974176615476608276e-01,-7.453009486198425293e-02,3.068303465843200684e-01,6.176085472106933594e-01,3.608043491840362549e-01,-6.482970118522644043e-01,1.197230219841003418e+00,-2.440382242202758789e-01,3.283509314060211182e-01,-5.972910523414611816e-01,-1.110671639442443848e+00,-2.467231750488281250e-01,8.748823404312133789e-01,-1.789197325706481934e-02,8.662284612655639648e-01,-9.347470104694366455e-02,-9.983898401260375977e-01,-9.791902303695678711e-01,-4.402763247489929199e-01,-9.713754653930664062e-01,-2.148181796073913574e-01,-6.497833728790283203e-01,-2.426043897867202759e-01,1.259699165821075439e-01,-6.116572618484497070e-01,3.940995633602142334e-01,-6.142926216125488281e-01,2.480281889438629150e-01,-4.388648867607116699e-01,4.319899976253509521e-01,3.901385962963104248e-01,9.331319332122802734e-01,-1.020171880722045898e+00,6.195852756500244141e-01,-2.322298884391784668e-01,6.887429207563400269e-02,-2.301241606473922729e-01,5.199277400970458984e-01,1.758915632963180542e-01,1.021354049444198608e-01,-1.949531435966491699e-01,7.724040746688842773e-01,1.024387240409851074e+00,4.223066568374633789e-02,-7.630932331085205078e-01,3.231492638587951660e-01,3.360562026500701904e-01,-3.430181145668029785e-01
-5.877693891525268555e-01,-2.423733472824096680e-01,-1.195565819740295410e+00,-2.332692295312881470e-01,1.005335152149200439e-01,-4.608348011970520020e-02,4.196985960006713867e-01,5.762554407119750977e-01,-1.042632579803466797e+00,8.406535983085632324e-01,1.777944803237915039e+00,5.938172936439514160e-01,1.255498826503753662e-02,9.258796572685241699e-01,5.672714710235595703e-01,1.195407152175903320e+00,-2.957800328731536865e-01,8.145967125892639160e-02,2.264756560325622559e-01,6.748576760292053223e-01,4.865565598011016846e-01,-7.255790233612060547e-01,8.801349997520446777e-01,7.377034425735473633e-02,4.350219070911407471e-01,-9.518511295318603516e-01,-9.650893211364746094e-01,1.685959100723266602e-02,8.925210237503051758e-01,4.197131842374801636e-02,6.067564487457275391e-01,-2.392864972352981567e-01,-6.090620756149291992e-01,-6.103063821792602539e-01,-4.396328032016754150e-01,-1.161930441856384277e+00,-1.030005812644958496e-01,-5.604767203330993652e-01,-3.267737627029418945e-01,2.517265081405639648e-01,-3.392928838729858398e-01,5.710210800170898438e-01,-3.098747730255126953e-01,3.043521940708160400e-01,-5.148196220397949219e-01,4.774996340274810791e-01,3.881360292434692383e-01,1.106831550598144531e+00,-9.679746031761169434e-01,5.384737253189086914e-01,-3.378812968730926514e-01,3.471955657005310059e-01,-1.131215095520019531e-01,3.167475461959838867e-01,-1.354487985372543335e-01,2.133898138999938965e-01,-4.194745719432830811e-01,8.130274415016174316e-01,8.259290456771850586e-01,-2.259655296802520752e-02,-8.462677597999572754e-01,1.101864576339721680e-01,2.165835648775100708e-01,-1.823620200157165527e-01
-6.030132174491882324e-01,5.180543661117553711e-02,-1.138580203056335449e+00,-2.552661299705505371e-02,1.162960827350616455e-01,7.394766807556152344e-02,4.890241026878356934e-01,4.293442964553833008e-01,-1.142810225486755371e+00,7.003302574157714844e-01,1.578246116638183594e+00,4.567421972751617432e-01,-1.416017562150955200e-01,7.124558091163635254e-01,7.918527722358703613e-01,1.554088711738586426e+00,-5.130714178085327148e-02,5.412363260984420776e-02,3.924052715301513672e-01,7.423053383827209473e-01,4.152542352676391602e-01,-7.585455179214477539e-01,1.123955488204956055e+00,-7.955931127071380615e-02,6.029129028320312500e-01,-8.488685488700866699e-01,-1.099414587020874023e+00,5.501583218574523926e-02,9.278549551963806152e-01,8.431179821491241455e-02,8.593484163284301758e-01,6.047092005610466003e-02,-9.852927923202514648e-01,-8.297209739685058594e-01,-8.124256134033203125e-01,-9.102776646614074707e-01,-1.432676911354064941e-01,-5.216714739799499512e-01,-2.987670004367828369e-01,2.819474339485168457e-01,-5.235353708267211914e-01,2.600387334823608398e-01,-3.748455345630645752e-01,5.104135274887084961e-01,-7.029181122779846191e-01,1.693239361047744751e-01,3.879444301128387451e-01,7.485657334327697754e-01,-8.252628445625305176e-01,7.523186206817626953e-01,-4.091709852218627930e-01,1.009331420063972473e-01,-3.352813124656677246e-01,5.787156820297241211e-01,-1.291603595018386841e-01,4.221211001276969910e-02,-3.394410014152526855e-01,8.555917739868164062e-01,8.455102443695068359e-01,-1.945133507251739502e-01,-8.434513807296752930e-01,1.980082690715789795e-02,2.198899239301681519e-01,-3.186679780483245850e-01
-3.211800456047058105e-01,-8.734347671270370483e-02,-8.872926235198974609e-01,-2.556299269199371338e-01,2.736780643463134766e-01,4.315967485308647156e-02,2.526011168956756592e-01,6.136023402214050293e-01,-8.456788063049316406e-01,9.428027868270874023e-01,1.617950320243835449e+00,7.096215486526489258e-01,6.644144654273986816e-02,7.765321731567382812e-01,9.682508707046508789e-01,1.390045285224914551e+00,-7.254393398761749268e-02,-1.879368722438812256e-02,3.760218918323516846e-01,9.623330831527709961e-01,3.726190030574798584e-01,-4.668560028076171875e-01,1.072304487228393555e+00,-1.199944764375686646e-01,3.590698242187500000e-01,-8.573158979415893555e-01,-1.098473191261291504e+00,-2.121520787477493286e-01,5.630084276199340820e-01,1.376729011535644531e-01,8.094098567962646484e-01,6.964864581823348999e-02,-6.764188408851623535e-01,-8.887466192245483398e-01,-7.888133525848388672e-01,-9.407895207405090332e-01,3.624203056097030640e-02,-5.147700309753417969e-01,-1.459738016128540039e-01,2.824591100215911865e-01,-5.624176859855651855e-01,2.451077997684478760e-01,-4.503103494644165039e-01,3.881138563156127930e-01,-4.470126628875732422e-01,3.561997711658477783e-01,4.497686028480529785e-02,1.054968118667602539e+00,-8.047092556953430176e-01,7.488353252410888672e-01,-3.505329489707946777e-01,2.265571951866149902e-01,-3.665001988410949707e-01,3.978598415851593018e-01,2.217036038637161255e-01,-1.637781262397766113e-01,-1.415928155183792114e-01,7.721397280693054199e-01,9.118275642395019531e-01,6.235499680042266846e-02,-7.516180276870727539e-01,3.418098688125610352e-01,3.688749670982360840e-01,-3.238125145435333252e-02
-4.852331578731536865e-01,-2.079922556877136230e-01,-9.052219390869140625e-01,-1.400191634893417358e-01,1.453358680009841919e-01,2.649120986461639404e-02,4.932642877101898193e-01,4.821142852306365967e-01,-7.950953841209411621e-01,9.923079013824462891e-01,1.641873478889465332e+00,7.062885165214538574e-01,8.523481339216232300e-02,6.236670613288879395e-01,5.757564306259155273e-01,1.551993489265441895e+00,-3.653838038444519043e-01,1.342281550168991089e-01,3.116010725498199463e-01,9.254224300384521484e-01,2.970970273017883301e-01,-6.977552771568298340e-01,8.143610358238220215e-01,-2.864050269126892090e-01,3.778766393661499023e-01,-7.650166749954223633e-01,-6.906478404998779297e-01,-3.274365663528442383e-01,6.378579735755920410e-01,1.981564164161682129e-01,6.607258319854736328e-01,6.669263541698455811e-02,-7.479804754257202148e-01,-1.016627788543701172e+00,-5.987070798873901367e-01,-9.288019537925720215e-01,4.100583866238594055e-02,-3.581382632255554199e-01,-6.369937211275100708e-02,2.923206090927124023e-01,-1.838762015104293823e-01,4.071983993053436279e-01,-3.259923458099365234e-01,5.516531467437744141e-01,-6.147601008415222168e-01,1.766822636127471924e-01,2.380352616310119629e-01,7.210044264793395996e-01,-1.059310555458068848e+00,5.127001404762268066e-01,-4.548679292201995850e-02,9.281955659389495850e-03,-6.457391381263732910e-02,7.301553487777709961e-01,8.352512493729591370e-03,-5.122949555516242981e-02,-1.684840768575668335e-01,5.520492196083068848e-01,7.923995852470397949e-01,-3.880985826253890991e-02,-7.474105954170227051e-01,3.910212218761444092e-02,4.360630214214324951e-01,-3.573284745216369629e-01
-4.962905943393707275e-01,-2.546791434288024902e-01,-9.357686042785644531e-01,7.820159196853637695e-03,-1.239446029067039490e-01,1.492366939783096313e-02,2.754635214805603027e-01,3.373383879661560059e-01,-9.590260982513427734e-01,8.961562514305114746e-01,1.779027700424194336e+00,6.436257362365722656e-01,-8.427817374467849731e-03,6.436154246330261230e-01,5.767220854759216309e-01,1.293183088302612305e+00,-1.744685769081115723e-01,-1.499463021755218506e-01,2.861653864383697510e-01,6.021456718444824219e-01,6.158773303031921387e-01,-7.122050523757934570e-01,9.715021848678588867e-01,-2.576083838939666748e-01,6.528179645538330078e-01,-5.704915523529052734e-01,-6.747674345970153809e-01,-1.980280280113220215e-01,8.390324115753173828e-01,2.700413018465042114e-02,6.646035909652709961e-01,-2.286970764398574829e-01,-7.275812029838562012e-01,-7.662931680679321289e-01,-6.514108777046203613e-01,-1.062054514884948730e+00,-2.600444108247756958e-02,-5.414153337478637695e-01,-9.692950546741485596e-02,2.643349766731262207e-02,-2.613434791564941406e-01,2.469704598188400269e-01,-2.862166762351989746e-01,2.553588449954986572e-01,-6.276124715805053711e-01,4.803249239921569824e-01,8.546876907348632812e-02,7.482317686080932617e-01,-1.033121705055236816e+00,7.264263629913330078e-01,-2.952071130275726318e-01,2.817592620849609375e-01,-1.569555401802062988e-01,6.597171425819396973e-01,-7.222500443458557129e-02,2.060237675905227661e-01,-4.134512543678283691e-01,7.197612524032592773e-01,8.328225016593933105e-01,-3.233407139778137207e-01,-8.019503355026245117e-01,1.690811216831207275e-01,2.042270898818969727e-01,-2.034259140491485596e-01
-2.368857413530349731e-01,-1.903996318578720093e-01,-1.096997976303100586e+00,-1.065906584262847900e-01,-1.236292719841003418e-01,2.239269614219665527e-01,3.024967908859252930e-01,7.281226515769958496e-01,-7.493315339088439941e-01,8.367760181427001953e-01,1.769889950752258301e+00,2.900493144989013672e-01,8.827041834592819214e-02,8.905292153358459473e-01,9.759671688079833984e-01,1.445563673973083496e+00,-5.594108998775482178e-02,-1.544332057237625122e-01,3.498458862304687500e-01,9.207311272621154785e-01,2.796730995178222656e-01,-5.166185498237609863e-01,8.039779663085937500e-01,3.738640248775482178e-02,4.686881899833679199e-01,-9.510499835014343262e-01,-9.434916377067565918e-01,-8.445977419614791870e-02,7.152841091156005859e-01,-5.278687924146652222e-02,6.077772378921508789e-01,-4.230700433254241943e-04,-7.882080078125000000e-01,-9.904110431671142578e-01,-5.137327313423156738e-01,-1.269433379173278809e+00,9.102748706936836243e-03,-4.672582149505615234e-01,-8.146913349628448486e-02,3.713705539703369141e-01,-3.974148035049438477e-01,3.780280351638793945e-01,-2.286451160907745361e-01,4.340519905090332031e-01,-7.711871862411499023e-01,5.381160974502563477e-01,5.120930075645446777e-02,7.729545235633850098e-01,-7.546786665916442871e-01,4.113276600837707520e-01,-2.496007531881332397e-01,-3.121742606163024902e-02,-4.726284146308898926e-01,4.970346391201019287e-01,1.280747801065444946e-01,2.347156405448913574e-02,-3.778972029685974121e-01,7.589631676673889160e-01,7.995434999465942383e-01,-3.144462108612060547e-01,-4.723172485828399658e-01,1.984703093767166138e-01,3.147260844707489014e-01,-3.047616481781005859e-01
-3.851520419120788574e-01,-3.805581331253051758e-01,-9.321274757385253906e-01,-2.246280610561370850e-01,8.653458207845687866e-02,1.038700640201568604e-01,3.165922760963439941e-01,6.063500642776489258e-01,-1.055832386016845703e+00,1.002227306365966797e+00,1.795698165893554688e+00,3.299157917499542236e-01,1.635854691267013550e-01,5.695272684097290039e-01,5.277854204177856445e-01,1.481698513031005859e+00,-3.512515425682067871e-01,1.027572154998779297e-01,2.271939069032669067e-01,8.275219798088073730e-01,4.794074296951293945e-01,-6.421959996223449707e-01,8.755716085433959961e-01,3.963413834571838379e-02,6.156894564628601074e-01,-6.554728746414184570e-01,-8.501136898994445801e-01,9.215231984853744507e-02,5.685704946517944336e-01,2.107688486576080322e-01,5.319885015487670898e-01,-2.186784148216247559e-02,-6.921656727790832520e-01,-7.298931479454040527e-01,-8.283339738845825195e-01,-9.877453446388244629e-01,1.903672516345977783e-01,-6.285829544067382812e-01,-1.319572031497955322e-01,9.558609127998352051e-02,-3.571763634681701660e-01,5.670830607414245605e-01,-2.887099981307983398e-01,4.126280248165130615e-01,-6.227564215660095215e-01,3.996645808219909668e-01,1.173177883028984070e-01,9.029364585876464844e-01,-1.025120615959167480e+00,5.963909029960632324e-01,-2.740863561630249023e-01,2.640014588832855225e-01,-3.653078377246856689e-01,3.876816332340240479e-01,-1.145099774003028870e-01,-1.037307456135749817e-02,-4.599922895431518555e-02,4.776477217674255371e-01,8.532181978225708008e-01,4.063446819782257080e-02,-8.179335594177246094e-01,3.078423738479614258e-01,7.189834117889404297e-02,-3.597193360328674316e-01
-3.959798514842987061e-01,-2.851032018661499023e-01,-1.021525263786315918e+00,1.757457852363586426e-03,2.587112188339233398e-01,2.060268521308898926e-01,5.424177646636962891e-01,3.728358447551727295e-01,-8.911516666412353516e-01,6.308825612068176270e-01,1.622470021247863770e+00,3.676828145980834961e-01,1.592396050691604614e-01,8.975872993469238281e-01,8.693305253982543945e-01,1.247631669044494629e+00,-1.487781107425689697e-01,-6.713461130857467651e-02,2.680144309997558594e-01,6.466146707534790039e-01,4.453084766864776611e-01,-5.269735455513000488e-01,8.464159965515136719e-01,-2.530852705240249634e-02,6.730277538299560547e-01,-9.299090504646301270e-01,-9.312428236007690430e-01,-8.818046748638153076e-02,5.495522618293762207e-01,-1.249246299266815186e-01,6.815509796142578125e-01,-2.570083737373352051e-01,-9.128390550613403320e-01,-6.030542850494384766e-01,-5.155427455902099609e-01,-8.589788675308227539e-01,-1.722253262996673584e-01,-6.577432751655578613e-01,1.462480425834655762e-02,9.607943892478942871e-02,-5.606473684310913086e-01,3.342199027538299561e-01,-6.379796862602233887e-01,3.143723011016845703e-01,-5.813410282135009766e-01,4.286387860774993896e-01,1.701582074165344238e-01,9.982425570487976074e-01,-8.425417542457580566e-01,6.527210474014282227e-01,-9.809082746505737305e-02,-8.012340217828750610e-02,-3.103870153427124023e-02,3.217037022113800049e-01,-9.178545325994491577e-02,-1.411838084459304810e-01,-3.289637863636016846e-01,8.630654811859130859e-01,1.055033445358276367e+00,-2.454832792282104492e-01,-7.485197186470031738e-01,3.271495103836059570e-01,6.107665598392486572e-02,-1.618037223815917969e-01
-3.130988478660583496e-01,3.841568529605865479e-02,-1.037133574485778809e+00,-5.332089215517044067e-02,1.063361987471580505e-01,-3.314279019832611084e-02,5.322086811065673828e-01,3.888542354106903076e-01,-8.069083094596862793e-01,8.627917170524597168e-01,1.870903849601745605e+00,3.355466127395629883e-01,1.037069559097290039e-01,7.175899744033813477e-01,6.048128604888916016e-01,1.245772004127502441e+00,-2.731729745864868164e-01,2.678780853748321533e-01,5.461772084236145020e-01,9.628653526306152344e-01,3.917552530765533447e-01,-5.614985227584838867e-01,1.082599163055419922e+00,5.398767441511154175e-02,5.174356698989868164e-01,-7.449179291725158691e-01,-6.702175736427307129e-01,-3.173839449882507324e-01,6.388961076736450195e-01,-5.868137627840042114e-02,6.533858776092529297e-01,-4.290729761123657227e-03,-9.814295172691345215e-01,-8.262293934822082520e-01,-7.680888772010803223e-01,-9.099597930908203125e-01,1.688005775213241577e-01,-6.090741157531738281e-01,-5.041538178920745850e-02,-6.890252232551574707e-03,-5.466421842575073242e-01,5.430800318717956543e-01,-4.085524678230285645e-01,3.027801513671875000e-01,-6.779345273971557617e-01,2.682117819786071777e-01,4.109891653060913086e-01,8.292888998985290527e-01,-7.474960684776306152e-01,4.714728593826293945e-01,-2.864700853824615479e-01,-6.395514309406280518e-02,-8.848504722118377686e-02,6.686602830886840820e-01,-1.405639499425888062e-01,-1.423246562480926514e-01,-1.124307364225387573e-01,6.111611127853393555e-01,7.583273053169250488e-01,-3.655570745468139648e-01,-5.153886079788208008e-01,-2.725942432880401611e-02,3.553462922573089600e-01,-3.591164946556091309e-01
-3.669570684432983398e-01,-1.476658880710601807e-02,-1.226435661315917969e+00,-2.858673632144927979e-01,1.387339532375335693e-01,2.010094821453094482e-01,4.919106662273406982e-01,7.228152751922607422e-01,-1.030876398086547852e+00,9.787467122077941895e-01,1.790739655494689941e+00,5.105704069137573242e-01,-9.465421736240386963e-02,8.705974817276000977e-01,8.523921370506286621e-01,1.335492968559265137e+00,-2.221022546291351318e-01,2.297049164772033691e-01,3.602776229381561279e-01,7.594544887542724609e-01,3.304790854454040527e-01,-3.916523456573486328e-01,1.008779525756835938e+00,-2.968641221523284912e-01,6.725498437881469727e-01,-6.007793545722961426e-01,-1.082676529884338379e+00,-1.359616667032241821e-01,6.704978942871093750e-01,1.957146078348159790e-01,5.948702096939086914e-01,-2.666597366333007812e-01,-9.109439849853515625e-01,-7.779397368431091309e-01,-5.842386484146118164e-01,-1.133846640586853027e+00,-2.353669106960296631e-01,-6.603899598121643066e-01,6.695900857448577881e-02,3.826394081115722656e-01,-3.161288499832153320e-01,3.393223881721496582e-01,-4.079917073249816895e-01,4.637301564216613770e-01,-5.197503566741943359e-01,6.041775941848754883e-01,9.763088822364807129e-02,8.099382519721984863e-01,-8.770547509193420410e-01,6.339414119720458984e-01,-6.687207520008087158e-02,2.205759584903717041e-01,-3.568135201930999756e-01,6.081379652023315430e-01,9.560115635395050049e-02,5.188822746276855469e-02,-3.490645885467529297e-01,7.554433345794677734e-01,8.360941410064697266e-01,-1.495914608240127563e-01,-6.295314431190490723e-01,2.574488520622253418e-03,1.331333369016647339e-01,-5.427941679954528809e-02
-5.287500619888305664e-01,-3.701561689376831055e-01,-9.728674292564392090e-01,-3.070219457149505615e-01,4.272418469190597534e-02,-6.411083787679672241e-02,2.270446270704269409e-01,6.207910180091857910e-01,-1.039327740669250488e+00,7.789698243141174316e-01,1.892491340637207031e+00,5.841664075851440430e-01,2.000612616539001465e-01,5.246195197105407715e-01,5.479061603546142578e-01,1.191934585571289062e+00,-1.544365435838699341e-01,1.015926897525787354e-01,2.170044481754302979e-01,9.335361719131469727e-01,3.926642239093780518e-01,-4.724743664264678955e-01,9.381073713302612305e-01,-1.674499660730361938e-01,4.399716854095458984e-01,-7.809044718742370605e-01,-1.086631059646606445e+00,4.522550106048583984e-02,5.153319239616394043e-01,1.025300025939941406e-01,5.129460096359252930e-01,1.210453435778617859e-01,-8.444097638130187988e-01,-9.910488128662109375e-01,-7.244318127632141113e-01,-1.143662571907043457e+00,-7.615483552217483521e-02,-5.142347812652587891e-01,-1.112619191408157349e-01,3.549950718879699707e-01,-5.107992887496948242e-01,3.707776963710784912e-01,-2.774333953857421875e-01,3.947010040283203125e-01,-6.709203720092773438e-01,1.787728071212768555e-01,3.522384464740753174e-01,7.348727583885192871e-01,-9.870251417160034180e-01,6.116306781768798828e-01,-2.195078432559967041e-01,2.886826395988464355e-01,-4.583252668380737305e-01,3.611673116683959961e-01,1.111395508050918579e-01,-2.237804234027862549e-03,-3.232475817203521729e-01,6.060097813606262207e-01,9.194921851158142090e-01,-1.948805898427963257e-01,-7.915145158767700195e-01,2.290661931037902832e-01,2.642510235309600830e-01,-6.246642768383026123e-02
-2.130103409290313721e-01,-8.842542767524719238e-03,-8.908643126487731934e-01,-2.300706505775451660e-02,1.071418225765228271e-01,4.253286495804786682e-02,2.171959578990936279e-01,6.589454412460327148e-01,-7.143083810806274414e-01,9.287471771240234375e-01,1.849766135215759277e+00,6.524664163589477539e-01,2.561727538704872131e-02,5.346850156784057617e-01,6.758156418800354004e-01,1.359161138534545898e+00,-2.502741515636444092e-01,1.741377115249633789e-01,3.796329200267791748e-01,9.701635241508483887e-01,3.451733291149139404e-01,-3.830800056457519531e-01,9.714230298995971680e-01,-1.768165826797485352e-01,6.081956624984741211e-01,-9.572498798370361328e-01,-8.453628420829772949e-01,-1.565469056367874146e-02,6.713545918464660645e-01,5.810705572366714478e-02,5.359573364257812500e-01,-2.114419937133789062e-01,-7.265266180038452148e-01,-8.995758295059204102e-01,-6.410796642303466797e-01,-1.213590621948242188e+00,-3.353721275925636292e-02,-7.275906801223754883e-01,-8.452951908111572266e-03,7.397188246250152588e-02,-2.675625085830688477e-01,5.005793571472167969e-01,-4.716388881206512451e-01,1.599272042512893677e-01,-4.360615015029907227e-01,4.776016771793365479e-01,3.232987821102142334e-01,8.037754297256469727e-01,-6.499215364456176758e-01,5.976835489273071289e-01,-2.551056444644927979e-01,1.060884445905685425e-01,-1.877318322658538818e-01,7.037211656570434570e-01,1.696912199258804321e-01,-1.288290619850158691e-01,-3.558278977870941162e-01,6.146442294120788574e-01,1.135571002960205078e+00,-1.899418979883193970e-01,-8.737946152687072754e-01,3.777556121349334717e-02,1.507591307163238525e-01,-2.440566122531890869e-01
-3.849615752696990967e-01,-1.471703946590423584e-01,-8.463191986083984375e-01,-2.155167907476425171e-01,1.675403416156768799e-01,-6.314643472433090210e-02,1.736648976802825928e-01,5.836344957351684570e-01,-9.530696868896484375e-01,9.677109122276306152e-01,1.574546217918395996e+00,7.060433626174926758e-01,1.108641624450683594e-01,8.943855762481689453e-01,5.605034828186035156e-01,1.508437395095825195e+00,-2.564960420131683350e-01,3.611266240477561951e-02,4.236435294151306152e-01,1.008491277694702148e+00,2.797817587852478027e-01,-6.179615855216979980e-01,9.622058868408203125e-01,-1.342610418796539307e-01,5.029907226562500000e-01,-8.616985678672790527e-01,-8.392937779426574707e-01,-1.034389510750770569e-01,6.196277141571044922e-01,2.341076135635375977e-01,8.214276432991027832e-01,-2.508800923824310303e-01,-1.016324758529663086e+00,-1.005616307258605957e+00,-5.366504192352294922e-01,-9.679771661758422852e-01,8.704768121242523193e-02,-5.641809701919555664e-01,-1.154157221317291260e-01,3.702496290206909180e-01,-4.584633409976959229e-01,5.671209096908569336e-01,-6.463248729705810547e-01,4.484864175319671631e-01,-7.663080692291259766e-01,5.584290027618408203e-01,2.655950486660003662e-01,7.772396802902221680e-01,-8.865988850593566895e-01,5.518510937690734863e-01,-1.223472207784652710e-01,-1.175067573785781860e-02,-4.057799875736236572e-01,4.745582044124603271e-01,-1.174525320529937744e-01,-1.042474061250686646e-01,-1.973265409469604492e-01,6.738811731338500977e-01,8.426484465599060059e-01,-3.883093595504760742e-04,-6.060020327568054199e-01,1.824435591697692871e-01,3.726618885993957520e-01,-1.315309703350067139e-01
-4.089231789112091064e-01,-5.877535790205001831e-02,-1.222213745117187500e+00,-3.790721297264099121e-03,4.799805209040641785e-02,1.617337167263031006e-01,3.484633266925811768e-01,4.927998483180999756e-01,-1.055866599082946777e+00,7.882105708122253418e-01,1.524318456649780273e+00,3.752456605434417725e-01,7.664520293474197388e-03,8.979042768478393555e-01,8.717138171195983887e-01,1.355086326599121094e+00,-3.405052721500396729e-01,-6.807620823383331299e-02,5.377066731452941895e-01,8.944420814514160156e-01,3.943668901920318604e-01,-4.895402193069458008e-01,8.604326248168945312e-01,-2.025360316038131714e-01,7.080584764480590820e-01,-8.550499081611633301e-01,-7.733066082000732422e-01,-1.705116033554077148e-02,6.953322887420654297e-01,1.419889628887176514e-01,7.675100564956665039e-01,-1.562819778919219971e-01,-9.183109402656555176e-01,-9.409516453742980957e-01,-6.306068301200866699e-01,-1.256172537803649902e+00,1.517191976308822632e-01,-4.948112666606903076e-01,-2.844000160694122314e-01,3.270238637924194336e-01,-5.921993851661682129e-01,3.990402221679687500e-01,-4.617845118045806885e-01,1.746233105659484863e-01,-7.834578752517700195e-01,1.970820724964141846e-01,1.102105826139450073e-01,7.394261360168457031e-01,-1.061123847961425781e+00,7.387619614601135254e-01,-1.186135262250900269e-01,-2.513509988784790039e-02,-3.874050974845886230e-01,6.730828285217285156e-01,1.366082876920700073e-01,1.604039669036865234e-01,-1.892531812191009521e-01,8.500558137893676758e-01,1.068302750587463379e+00,2.331875264644622803e-02,-5.699428915977478027e-01,2.831006646156311035e-01,2.306680381298065186e-01,-2.696799635887145996e-01
-4.527506530284881592e-01,-2.423458397388458252e-01,-8.347020149230957031e-01,-3.447880446910858154e-01,2.652217075228691101e-02,5.301231518387794495e-02,2.210019528865814209e-01,5.360862016677856445e-01,-7.265393733978271484e-01,1.044573545455932617e+00,1.529219031333923340e+00,5.224863290786743164e-01,8.038392663002014160e-02,6.977953314781188965e-01,6.213993430137634277e-01,1.332389712333679199e+00,-7.937714457511901855e-02,-1.558697223663330078e-02,4.016736447811126709e-01,8.338382840156555176e-01,3.924516439437866211e-01,-6.473156809806823730e-01,1.108686208724975586e+00,-8.744366466999053955e-02,4.985950589179992676e-01,-6.589122414588928223e-01,-1.006342887878417969e+00,-2.273557335138320923e-01,7.344566583633422852e-01,-1.493908762931823730e-01,4.445710182189941406e-01,1.404433548450469971e-01,-7.674675583839416504e-01,-8.857092857360839844e-01,-7.637037038803100586e-01,-1.167834281921386719e+00,-1.967913359403610229e-01,-5.758208036422729492e-01,-3.209579735994338989e-02,1.023006662726402283e-01,-3.082094192504882812e-01,2.705040872097015381e-01,-4.051481485366821289e-01,2.834467887878417969e-01,-5.013917684555053711e-01,4.363212883472442627e-01,3.790260851383209229e-01,6.737889647483825684e-01,-6.575459837913513184e-01,7.243608832359313965e-01,-9.359480440616607666e-02,-5.232080817222595215e-03,-1.628797799348831177e-01,4.873057305812835693e-01,-4.450679942965507507e-02,-1.037404462695121765e-01,-3.040577769279479980e-01,8.109028339385986328e-01,7.978127002716064453e-01,-1.237810403108596802e-01,-7.812291383743286133e-01,5.901642888784408569e-02,4.260595142841339111e-01,-6.896065920591354370e-02
-5.525742769241333008e-01,-2.265235632658004761e-01,-1.042242765426635742e+00,-1.985700726509094238e-01,-7.210642099380493164e-02,2.567639946937561035e-01,3.298439383506774902e-01,4.499965906143188477e-01,-7.602893114089965820e-01,7.784599661827087402e-01,1.668666362762451172e+00,3.739399909973144531e-01,1.654776632785797119e-01,5.608995556831359863e-01,5.542054772377014160e-01,1.184807538986206055e+00,-3.988196253776550293e-01,-1.499957442283630371e-01,3.001431822776794434e-01,9.773792624473571777e-01,4.450823962688446045e-01,-7.401194572448730469e-01,1.051704764366149902e+00,-1.638974249362945557e-01,4.807357192039489746e-01,-8.498839139938354492e-01,-9.953278899192810059e-01,-1.542458385229110718e-01,7.613930702209472656e-01,2.588037252426147461e-01,4.472113847732543945e-01,-3.982798755168914795e-02,-6.614932417869567871e-01,-9.546184539794921875e-01,-6.454076766967773438e-01,-1.055705666542053223e+00,3.875515609979629517e-02,-7.143812179565429688e-01,2.495792508125305176e-02,1.910819858312606812e-01,-3.844494819641113281e-01,3.501706123352050781e-01,-2.513887882232666016e-01,4.302126467227935791e-01,-4.984044730663299561e-01,3.948430120944976807e-01,3.401982486248016357e-01,1.069074749946594238e+00,-7.316758036613464355e-01,7.438318729400634766e-01,-3.656027317047119141e-01,1.131735742092132568e-02,-1.502477675676345825e-01,6.811776757240295410e-01,-5.248413980007171631e-02,1.969966739416122437e-01,-1.655364632606506348e-01,6.949312686920166016e-01,1.088091135025024414e+00,-1.075087934732437134e-01,-7.326231598854064941e-01,3.345370888710021973e-01,2.900629639625549316e-01,-2.502618730068206787e-02
-5.977069735527038574e-01,1.515343785285949707e-02,-1.043412685394287109e+00,-2.094478011131286621e-01,2.584851682186126709e-01,2.432516068220138550e-01,2.027497440576553345e-01,3.706711530685424805e-01,-9.763431549072265625e-01,6.376185417175292969e-01,1.851627469062805176e+00,3.000776171684265137e-01,1.555768847465515137e-01,6.746991872787475586e-01,8.505252003669738770e-01,1.243552803993225098e+00,-3.307923972606658936e-01,8.645303547382354736e-03,4.728744626045227051e-01,8.544486761093139648e-01,3.363747894763946533e-01,-5.506911873817443848e-01,1.132822394371032715e+00,-2.283889651298522949e-01,5.597081184387207031e-01,-8.551543951034545898e-01,-7.277335524559020996e-01,-2.183320820331573486e-01,6.004968285560607910e-01,1.686705052852630615e-01,6.992912888526916504e-01,2.977490425109863281e-03,-6.482659578323364258e-01,-6.586374044418334961e-01,-7.621127367019653320e-01,-1.163505196571350098e+00,1.444316059350967407e-01,-5.564392209053039551e-01,-8.829711377620697021e-02,1.667076796293258667e-01,-4.950493276119232178e-01,4.989630579948425293e-01,-2.867254316806793213e-01,2.527892291545867920e-01,-4.933635294437408447e-01,2.337215095758438110e-01,3.945934474468231201e-01,7.485292553901672363e-01,-8.363573551177978516e-01,4.648152887821197510e-01,-4.298415184020996094e-01,-4.988879710435867310e-02,-3.655937314033508301e-01,5.443044900894165039e-01,3.867807611823081970e-02,1.079020202159881592e-01,-3.310340046882629395e-01,6.967576146125793457e-01,1.088731169700622559e+00,-7.946163415908813477e-03,-5.577914714813232422e-01,1.664921641349792480e-01,3.809321224689483643e-01,-3.657853603363037109e-01
-5.854531526565551758e-01,-2.425545454025268555e-01,-1.107670426368713379e+00,2.865993976593017578e-02,-8.647491782903671265e-02,2.773880362510681152e-01,2.131461352109909058e-01,6.634333729743957520e-01,-1.131999731063842773e+00,8.707600831985473633e-01,1.573800086975097656e+00,4.016337394714355469e-01,-1.232263445854187012e-02,9.517412185668945312e-01,8.349429965019226074e-01,1.530001044273376465e+00,-1.088678836822509766e-02,-1.084554493427276611e-01,1.850168853998184204e-01,7.985405921936035156e-01,3.349898159503936768e-01,-8.000732660293579102e-01,1.156775116920471191e+00,5.746595561504364014e-03,5.240842700004577637e-01,-5.912566184997558594e-01,-8.804443478584289551e-01,-2.675609290599822998e-01,9.304258823394775391e-01,3.170912712812423706e-02,8.618438243865966797e-01,1.343503296375274658e-01,-7.580043673515319824e-01,-9.146267175674438477e-01,-6.346454620361328125e-01,-1.206739664077758789e+00,-4.141869023442268372e-02,-5.528735518455505371e-01,2.570831775665283203e-02,1.029793769121170044e-01,-4.909245073795318604e-01,4.848977029323577881e-01,-4.132165014743804932e-01,2.870638668537139893e-01,-6.721335053443908691e-01,1.859630346298217773e-01,4.090469479560852051e-01,8.410754799842834473e-01,-1.005404710769653320e+00,4.158701896667480469e-01,-2.733156085014343262e-01,2.567681074142456055e-01,-1.901836842298507690e-01,6.948352456092834473e-01,-1.341925114393234253e-01,1.751566827297210693e-01,-1.059971749782562256e-01,6.762124896049499512e-01,1.052944779396057129e+00,-9.096992015838623047e-02,-5.056974887847900391e-01,8.225985616445541382e-02,1.853074133396148682e-01,-2.742534577846527100e-01
-5.452311635017395020e-01,-1.221869215369224548e-01,-1.092352390289306641e+00,-2.894411683082580566e-01,1.065796092152595520e-01,1.985585987567901611e-01,5.316489934921264648e-01,3.372811079025268555e-01,-1.081735014915466309e+00,8.465892672538757324e-01,1.841218829154968262e+00,5.894846320152282715e-01,-1.626123487949371338e-01,8.878264427185058594e-01,6.200743913650512695e-01,1.574338674545288086e+00,-8.090347051620483398e-02,4.168218374252319336e-02,3.294856548309326172e-01,8.606770038604736328e-01,5.114624500274658203e-01,-5.250393748283386230e-01,9.116326570510864258e-01,1.732710748910903931e-02,5.962394475936889648e-01,-7.952927947044372559e-01,-8.716320395469665527e-01,-9.694523364305496216e-02,6.630846261978149414e-01,2.665218412876129150e-01,7.555762529373168945e-01,-2.487341314554214478e-01,-6.569319367408752441e-01,-8.264804482460021973e-01,-5.892246961593627930e-01,-1.181360363960266113e+00,1.085488200187683105e-01,-3.436533510684967041e-01,-1.258415132761001587e-01,1.971440762281417847e-01,-4.923615455627441406e-01,2.921782732009887695e-01,-4.905376434326171875e-01,2.093708962202072144e-01,-8.350126743316650391e-01,2.759094238281250000e-01,3.292357325553894043e-01,9.761021733283996582e-01,-1.090993642807006836e+00,5.593730807304382324e-01,-1.396409571170806885e-01,2.324714809656143188e-01,-2.574671804904937744e-01,5.953525304794311523e-01,1.921310424804687500e-01,-6.368754804134368896e-02,-3.379256129264831543e-01,7.088801860809326172e-01,7.512465715408325195e-01,-1.561324894428253174e-01,-7.110189795494079590e-01,-1.414811611175537109e-02,4.229199886322021484e-01,-2.563350796699523926e-01
-3.356333971023559570e-01,8.568763732910156250e-03,-7.864116430282592773e-01,-1.176785826683044434e-01,1.177948415279388428e-01,7.741390168666839600e-02,1.587079316377639771e-01,7.388889789581298828e-01,-7.772266268730163574e-01,6.189345717430114746e-01,1.756508350372314453e+00,6.701731085777282715e-01,-4.348293319344520569e-02,7.526338100433349609e-01,8.564473390579223633e-01,1.279373645782470703e+00,-3.341732919216156006e-01,-1.005656346678733826e-01,4.054690301418304443e-01,8.474302887916564941e-01,6.382980942726135254e-01,-3.896592259407043457e-01,1.050242781639099121e+00,8.649028837680816650e-02,5.613404512405395508e-01,-7.029376029968261719e-01,-1.084757566452026367e+00,-1.642109006643295288e-01,5.039592981338500977e-01,1.200204342603683472e-01,8.274146318435668945e-01,-1.108987815678119659e-02,-8.495327234268188477e-01,-6.099696159362792969e-01,-4.218890070915222168e-01,-9.798255562782287598e-01,6.852116435766220093e-02,-3.637575507164001465e-01,-3.830475360155105591e-02,2.356248497962951660e-01,-2.694940268993377686e-01,5.705956220626831055e-01,-5.593688488006591797e-01,1.368242353200912476e-01,-6.417762637138366699e-01,2.253168523311614990e-01,4.007803201675415039e-01,1.008695840835571289e+00,-6.021039485931396484e-01,4.015086591243743896e-01,-2.626462876796722412e-01,3.331996500492095947e-02,-3.918573856353759766e-01,3.211987018585205078e-01,-1.366614699363708496e-01,-1.594850122928619385e-01,-2.307465374469757080e-01,7.672586441040039062e-01,9.349042773246765137e-01,-2.629442214965820312e-01,-4.825776219367980957e-01,3.085623681545257568e-02,3.537059426307678223e-01,-2.080834209918975830e-01
-3.559507727622985840e-01,-1.670048683881759644e-01,-1.045784235000610352e+00,-1.144573688507080078e-01,3.435587137937545776e-02,-2.402190864086151123e-02,2.623624503612518311e-01,4.304487109184265137e-01,-9.356772303581237793e-01,9.848044514656066895e-01,1.935355663299560547e+00,6.649371981620788574e-01,5.085881799459457397e-02,5.698511600494384766e-01,7.962653040885925293e-01,1.430743336677551270e+00,-1.978020668029785156e-01,3.071115911006927490e-02,4.147854447364807129e-01,7.397350072860717773e-01,3.591222763061523438e-01,-6.208385825157165527e-01,8.855352997779846191e-01,-2.782855927944183350e-01,6.092682480812072754e-01,-6.454602479934692383e-01,-9.809391498565673828e-01,-1.767289638519287109e-01,9.044077396392822266e-01,1.783546805381774902e-01,8.727290630340576172e-01,-2.344224601984024048e-01,-6.982102990150451660e-01,-8.379361629486083984e-01,-7.968465089797973633e-01,-1.083811640739440918e+00,-1.161157339811325073e-01,-3.841643929481506348e-01,-2.531637549400329590e-01,2.267827987670898438e-01,-4.343385696411132812e-01,4.744304716587066650e-01,-2.944220304489135742e-01,3.002775609493255615e-01,-8.022373318672180176e-01,4.944206476211547852e-01,7.575473189353942871e-02,9.741690158843994141e-01,-7.618951201438903809e-01,6.360063552856445312e-01,-1.072409451007843018e-01,2.860565185546875000e-01,-4.919880032539367676e-01,6.018286943435668945e-01,2.271646261215209961e-01,1.363242268562316895e-01,-2.428928911685943604e-01,5.836974382400512695e-01,8.330516815185546875e-01,-2.019658386707305908e-01,-8.053092956542968750e-01,1.059556752443313599e-01,2.071253359317779541e-01,-1.376925408840179443e-01
-4.886976480484008789e-01,-3.442047238349914551e-01,-1.259660124778747559e+00,-2.569246292114257812e-01,5.970068275928497314e-03,7.834064215421676636e-02,5.594621300697326660e-01,7.074880599975585938e-01,-8.146280646324157715e-01,7.714219093322753906e-01,1.639809846878051758e+00,5.992680788040161133e-01,-1.700530350208282471e-01,6.097893118858337402e-01,9.159021973609924316e-01,1.231624007225036621e+00,-6.029309332370758057e-02,1.195448040962219238e-01,4.319210648536682129e-01,7.229479551315307617e-01,3.422867059707641602e-01,-8.133886456489562988e-01,8.931241035461425781e-01,-2.780257761478424072e-01,4.760028421878814697e-01,-6.275207400321960449e-01,-9.465742707252502441e-01,-1.771971136331558228e-01,6.801545619964599609e-01,2.277494408190250397e-02,6.134124994277954102e-01,-1.256324350833892822e-01,-7.202779054641723633e-01,-9.901497960090637207e-01,-7.302787303924560547e-01,-1.061494112014770508e+00,-2.022689282894134521e-01,-5.887855887413024902e-01,-9.149387478828430176e-02,3.107146322727203369e-01,-3.063915371894836426e-01,3.262361884117126465e-01,-6.018379926681518555e-01,3.098517656326293945e-01,-7.108510732650756836e-01,5.818698406219482422e-01,3.587048649787902832e-01,1.067873001098632812e+00,-9.325004220008850098e-01,6.019512414932250977e-01,-4.778036475181579590e-01,2.358350008726119995e-01,-1.491587311029434204e-01,4.662587046623229980e-01,1.719575673341751099e-01,-4.223586618900299072e-02,-2.956782877445220947e-01,5.200967788696289062e-01,8.782190084457397461e-01,-3.205708861351013184e-01,-7.582339048385620117e-01,2.591332793235778809e-01,5.168370008468627930e-01,-1.468126326799392700e-01
-4.744762182235717773e-01,-3.835540711879730225e-01,-8.192582130432128906e-01,-2.851100265979766846e-02,-9.887196123600006104e-03,1.916032731533050537e-01,5.895702242851257324e-01,7.126770019531250000e-01,-7.670533657073974609e-01,9.157940745353698730e-01,1.785564541816711426e+00,3.507375717163085938e-01,2.331027090549468994e-01,5.716331601142883301e-01,8.297313451766967773e-01,1.489157915115356445e+00,-4.208703637123107910e-01,1.780424416065216064e-01,3.339059948921203613e-01,9.288653135299682617e-01,3.703326582908630371e-01,-8.239345550537109375e-01,1.240298509597778320e+00,8.841429650783538818e-02,6.572367548942565918e-01,-6.960778236389160156e-01,-9.302240610122680664e-01,-2.813602983951568604e-01,5.401277542114257812e-01,2.537031173706054688e-01,8.503257036209106445e-01,4.176566749811172485e-02,-9.976031780242919922e-01,-8.525474071502685547e-01,-7.170755863189697266e-01,-1.040097117424011230e+00,1.569524407386779785e-01,-7.278401851654052734e-01,-1.403209567070007324e-01,2.355114072561264038e-01,-5.364251732826232910e-01,5.955169200897216797e-01,-2.880692481994628906e-01,2.011924535036087036e-01,-8.757287859916687012e-01,5.039428472518920898e-01,2.009048163890838623e-01,1.063947200775146484e+00,-7.901240587234497070e-01,7.587751150131225586e-01,-3.064753115177154541e-01,3.269712924957275391e-01,-2.184838205575942993e-01,3.484091162681579590e-01,-1.364596933126449585e-01,-5.414023995399475098e-03,-5.384548008441925049e-02,8.226297497749328613e-01,1.141161799430847168e+00,-2.503578662872314453e-01,-7.103223204612731934e-01,2.904694676399230957e-01,4.776580929756164551e-01,-3.752754330635070801e-01
-4.383294284343719482e-01,-2.510054707527160645e-01,-1.115261793136596680e+00,-3.598389774560928345e-02,1.111417412757873535e-01,1.054848060011863708e-01,2.385683357715606689e-01,4.162875413894653320e-01,-1.021042346954345703e+00,9.229165315628051758e-01,1.926100611686706543e+00,4.829098880290985107e-01,6.254992634057998657e-02,7.409660220146179199e-01,6.307089328765869141e-01,1.329381704330444336e+00,-3.456227481365203857e-02,1.951101422309875488e-02,2.441052347421646118e-01,5.823358297348022461e-01,5.861333608627319336e-01,-6.236981153488159180e-01,1.145124554634094238e+00,-1.655549854040145874e-01,5.878347158432006836e-01,-8.874826431274414062e-01,-9.135909080505371094e-01,-5.309628695249557495e-02,9.305588006973266602e-01,2.369073629379272461e-01,5.810309648513793945e-01,-2.033907771110534668e-01,-9.430444240570068359e-01,-9.493421316146850586e-01,-5.770530700683593750e-01,-8.737520575523376465e-01,-1.471069753170013428e-01,-6.637409925460815430e-01,-2.102322876453399658e-02,3.493799269199371338e-02,-4.149240255355834961e-01,3.313032686710357666e-01,-5.564570426940917969e-01,3.336216509342193604e-01,-6.645832061767578125e-01,4.751478433609008789e-01,2.584669291973114014e-01,9.901957511901855469e-01,-6.827940940856933594e-01,5.481351017951965332e-01,-2.144346088171005249e-01,9.302057325839996338e-03,-4.681234359741210938e-01,5.838332772254943848e-01,-1.416179835796356201e-01,-6.245574355125427246e-02,-4.127942025661468506e-01,7.439619898796081543e-01,9.220087528228759766e-01,2.205564081668853760e-02,-7.059574723243713379e-01,3.287947177886962891e-01,3.370012640953063965e-01,-6.353139877319335938e-03
-2.577911019325256348e-01,-2.527689039707183838e-01,-1.078330516815185547e+00,-3.778879046440124512e-01,1.481711864471435547e-01,-5.107863247394561768e-02,1.923403143882751465e-01,6.893883347511291504e-01,-9.912779331207275391e-01,8.139196634292602539e-01,1.524378299713134766e+00,7.326949834823608398e-01,7.363145053386688232e-02,5.455559492111206055e-01,9.174579381942749023e-01,1.184737563133239746e+00,-2.855942249298095703e-01,1.350738108158111572e-01,4.424812793731689453e-01,8.483832478523254395e-01,6.295350193977355957e-01,-7.656152248382568359e-01,7.778816223144531250e-01,-1.146150231361389160e-01,4.207376837730407715e-01,-6.132718324661254883e-01,-7.691848874092102051e-01,-6.731657683849334717e-02,5.675760507583618164e-01,2.067480236291885376e-03,6.495283246040344238e-01,-2.340719997882843018e-01,-9.598684310913085938e-01,-6.362162828445434570e-01,-5.799979567527770996e-01,-9.462584257125854492e-01,9.997025132179260254e-02,-4.801070094108581543e-01,-1.344202309846878052e-01,-2.914652228355407715e-02,-2.397647053003311157e-01,3.785873949527740479e-01,-5.276985168457031250e-01,3.455545008182525635e-01,-7.203510999679565430e-01,5.475461483001708984e-01,2.376563251018524170e-01,7.209768891334533691e-01,-7.799336910247802734e-01,4.040719270706176758e-01,-3.092688024044036865e-01,-6.797710061073303223e-02,-4.193133711814880371e-01,7.207576632499694824e-01,-1.906964778900146484e-01,6.166261807084083557e-02,-1.371733695268630981e-01,6.959739923477172852e-01,8.535284996032714844e-01,-2.124451696872711182e-01,-5.241554379463195801e-01,2.518911063671112061e-01,1.081212013959884644e-01,-3.699097931385040283e-01
-2.817765474319458008e-01,4.707115888595581055e-02,-8.539551496505737305e-01,-1.987926661968231201e-02,-2.471011877059936523e-02,2.594988644123077393e-01,1.790150701999664307e-01,4.544430971145629883e-01,-8.425197005271911621e-01,7.751776576042175293e-01,1.573159098625183105e+00,6.192733049392700195e-01,-9.659700095653533936e-02,8.042692542076110840e-01,8.383880853652954102e-01,1.314254164695739746e+00,-3.614640235900878906e-02,1.957122981548309326e-01,4.808974266052246094e-01,9.150532484054565430e-01,6.154035329818725586e-01,-3.657754659652709961e-01,8.926543593406677246e-01,-2.711243927478790283e-01,6.650246381759643555e-01,-7.400889992713928223e-01,-8.162112236022949219e-01,-1.735201925039291382e-01,6.242906451225280762e-01,8.590736985206604004e-02,5.233470797538757324e-01,8.287855237722396851e-02,-5.915737748146057129e-01,-9.171839952468872070e-01,-5.841588973999023438e-01,-9.868947267532348633e-01,1.209745034575462341e-01,-4.518835544586181641e-01,-2.977131307125091553e-02,3.007560968399047852e-03,-5.738680362701416016e-01,2.000081241130828857e-01,-4.509093165397644043e-01,4.147509932518005371e-01,-7.015386819839477539e-01,5.918236374855041504e-01,2.392278760671615601e-01,8.869721889495849609e-01,-5.979726910591125488e-01,5.985878109931945801e-01,-2.105882912874221802e-01,-2.709722518920898438e-02,-1.617791652679443359e-01,3.610187768936157227e-01,-1.403310149908065796e-01,8.909979462623596191e-02,-3.880020081996917725e-01,7.215750813484191895e-01,1.148393630981445312e+00,-3.676515221595764160e-01,-7.987166047096252441e-01,2.302667945623397827e-01,4.041970372200012207e-01,-2.352659404277801514e-01
-5.757564306259155273e-01,-8.637651801109313965e-03,-7.607258558273315430e-01,-1.951577812433242798e-01,2.923691272735595703e-01,4.151892289519309998e-02,5.575063228607177734e-01,5.800276994705200195e-01,-9.147603511810302734e-01,7.450231313705444336e-01,1.670782804489135742e+00,3.236385285854339600e-01,2.421771883964538574e-01,5.406064987182617188e-01,4.943763613700866699e-01,1.339366197586059570e+00,-7.647667825222015381e-02,7.562797516584396362e-02,3.089776039123535156e-01,5.739558339118957520e-01,4.402718544006347656e-01,-6.264386177062988281e-01,8.373823165893554688e-01,-2.058094143867492676e-01,4.539833962917327881e-01,-6.815432906150817871e-01,-9.930251240730285645e-01,-2.611695230007171631e-01,6.343005299568176270e-01,2.642127573490142822e-01,7.200332880020141602e-01,5.979909002780914307e-02,-6.791939139366149902e-01,-7.127509713172912598e-01,-4.098666906356811523e-01,-1.134613871574401855e+00,1.819760203361511230e-01,-6.360712647438049316e-01,4.930633306503295898e-02,1.843521744012832642e-01,-4.082856178283691406e-01,5.445559024810791016e-01,-3.594558537006378174e-01,4.898682534694671631e-01,-6.385599374771118164e-01,4.211531579494476318e-01,8.349466323852539062e-02,7.567985653877258301e-01,-9.773217439651489258e-01,5.332053303718566895e-01,-4.507333338260650635e-01,8.389909565448760986e-02,-4.448617696762084961e-01,3.633855581283569336e-01,-2.141804695129394531e-01,8.029164373874664307e-02,-4.941931366920471191e-02,8.524947166442871094e-01,1.000447154045104980e+00,-1.854772865772247314e-02,-5.978481173515319824e-01,-7.170830667018890381e-02,4.222857356071472168e-01,-1.189188435673713684e-01
-5.949807167053222656e-01,-9.805130213499069214e-02,-1.154558777809143066e+00,-7.897529006004333496e-02,2.966155409812927246e-01,-1.021318063139915466e-01,2.347061634063720703e-01,3.681190609931945801e-01,-8.353256583213806152e-01,6.553997993469238281e-01,1.523244976997375488e+00,4.301420748233795166e-01,-3.088836744427680969e-02,4.915503263473510742e-01,5.913038849830627441e-01,1.496698260307312012e+00,-3.970935940742492676e-01,1.331187486648559570e-01,1.818814277648925781e-01,7.903383970260620117e-01,2.673313021659851074e-01,-6.308094859123229980e-01,8.776131272315979004e-01,-3.211742639541625977e-01,6.603296995162963867e-01,-6.273930668830871582e-01,-7.310782670974731445e-01,-2.670517861843109131e-01,7.339215278625488281e-01,1.855757534503936768e-01,4.841135144233703613e-01,5.881543457508087158e-02,-6.488831043243408203e-01,-8.726442456245422363e-01,-8.523272871971130371e-01,-8.320366740226745605e-01,-3.357141464948654175e-02,-3.096786737442016602e-01,-6.930931657552719116e-02,1.628063172101974487e-01,-1.753636449575424194e-01,3.430876135826110840e-01,-4.856635928153991699e-01,4.671055972576141357e-01,-6.434174180030822754e-01,5.315273404121398926e-01,3.918215036392211914e-01,9.791128635406494141e-01,-8.976208567619323730e-01,5.658647418022155762e-01,-4.189315438270568848e-02,-3.437088429927825928e-02,-1.618521064519882202e-01,6.683551073074340820e-01,-1.894964873790740967e-01,-3.840985894203186035e-02,-1.978743374347686768e-01,5.328248739242553711e-01,1.024541258811950684e+00,4.075759649276733398e-02,-6.324685811996459961e-01,1.706180125474929810e-01,1.045851260423660278e-01,-1.068167909979820251e-01
-4.994265437126159668e-01,-1.086118146777153015e-01,-8.843139410018920898e-01,-1.628254801034927368e-01,2.530305683612823486e-01,2.192539870738983154e-01,1.547406762838363647e-01,6.588426828384399414e-01,-8.081645965576171875e-01,7.246273159980773926e-01,1.735166549682617188e+00,7.463520765304565430e-01,6.177507713437080383e-02,9.563819169998168945e-01,8.638581037521362305e-01,1.454620599746704102e+00,-5.843335390090942383e-02,1.599407196044921875e-01,4.683967232704162598e-01,7.979939579963684082e-01,6.079477667808532715e-01,-4.226372241973876953e-01,9.966990351676940918e-01,-1.257145851850509644e-01,3.986063301563262939e-01,-5.264756679534912109e-01,-9.447184801101684570e-01,-2.280901074409484863e-01,6.119647026062011719e-01,2.182590365409851074e-01,7.362505197525024414e-01,1.445057392120361328e-01,-6.814373731613159180e-01,-7.009464502334594727e-01,-6.139358878135681152e-01,-9.146280288696289062e-01,-1.753569096326828003e-01,-5.926435589790344238e-01,5.453824996948242188e-06,8.376042544841766357e-02,-5.922504663467407227e-01,5.880706310272216797e-01,-5.833013057708740234e-01,1.776551902294158936e-01,-6.989289522171020508e-01,6.135661602020263672e-01,7.080857455730438232e-02,9.818103313446044922e-01,-6.146632432937622070e-01,5.124233961105346680e-01,-3.065813779830932617e-01,5.721461772918701172e-02,-4.672578573226928711e-01,3.456870615482330322e-01,8.215710520744323730e-02,1.648443490266799927e-01,-4.522827267646789551e-01,5.814238190650939941e-01,1.181598424911499023e+00,-1.215936839580535889e-01,-6.558377146720886230e-01,1.006444245576858521e-01,3.759642243385314941e-01,-2.966804802417755127e-01
-6.277303099632263184e-01,-2.678517699241638184e-01,-9.895741343498229980e-01,-9.739220142364501953e-02,-1.278956532478332520e-01,1.712748408317565918e-02,4.805390238761901855e-01,3.265898823738098145e-01,-1.120007157325744629e+00,9.049996733665466309e-01,1.532296895980834961e+00,3.229006230831146240e-01,1.244661211967468262e-02,6.511753797531127930e-01,9.397234916687011719e-01,1.251488208770751953e+00,-1.206001192331314087e-01,3.745675459504127502e-02,4.854531288146972656e-01,9.946094751358032227e-01,3.583369851112365723e-01,-7.453014850616455078e-01,8.980197310447692871e-01,-2.459107786417007446e-01,3.956975638866424561e-01,-9.407740235328674316e-01,-7.169672250747680664e-01,-2.934011518955230713e-01,8.033072352409362793e-01,8.766756951808929443e-02,6.326147913932800293e-01,-2.480986267328262329e-01,-9.812855720520019531e-01,-9.203175306320190430e-01,-4.534907937049865723e-01,-9.362681508064270020e-01,1.956696957349777222e-01,-5.671277046203613281e-01,-2.614978253841400146e-01,2.050762176513671875e-01,-2.149305492639541626e-01,6.508135795593261719e-01,-2.783846259117126465e-01,2.686368525028228760e-01,-8.232076764106750488e-01,3.800781667232513428e-01,8.358858525753021240e-02,1.094288945198059082e+00,-7.350563406944274902e-01,6.169802546501159668e-01,-1.429093778133392334e-01,1.938487291336059570e-01,-1.960915327072143555e-01,6.978513002395629883e-01,-9.072829782962799072e-02,7.130517810583114624e-02,-2.955288589000701904e-01,5.996932387351989746e-01,7.848317027091979980e-01,1.101583242416381836e-03,-8.465963006019592285e-01,8.907048404216766357e-02,3.658692538738250732e-01,-4.066981375217437744e-02
